stock_id,date,open,high,low,close,volume
1187,2016-05-02,2356.666700,2374.333300,2320.333300,2368.333300,4072500
1187,2016-05-06,2389.000000,2410.333300,2350.333300,2371.666700,2900700
1187,2016-05-09,2402.333300,2405.333300,2364.333300,2382.000000,2102700
1187,2016-05-10,2391.666700,2406.333300,2362.333300,2383.333300,2920500
1187,2016-05-11,2433.333300,2478.666700,2415.000000,2425.000000,2537400
1187,2016-05-12,2391.000000,2436.666700,2375.000000,2433.333300,2251500
1187,2016-05-13,2560.000000,2560.000000,2402.666700,2418.333300,4897800
1187,2016-05-16,2433.000000,2492.333300,2421.000000,2463.333300,2329500
1187,2016-05-17,2480.000000,2493.666700,2448.000000,2480.000000,2550000
1187,2016-05-18,2533.333300,2559.666700,2490.666700,2519.000000,3906300
1187,2016-05-19,2569.000000,2586.666700,2536.000000,2552.666700,2614200
1187,2016-05-20,2599.333300,2630.000000,2567.333300,2599.666700,3910800
1187,2016-05-23,2616.666700,2665.000000,2599.333300,2635.333300,3387000
1187,2016-05-24,2630.000000,2642.666700,2583.000000,2586.666700,3504300
1187,2016-05-25,2673.333300,2678.333300,2634.333300,2660.000000,3893400
1187,2016-05-26,2657.000000,2678.000000,2616.666700,2620.333300,3743700
1187,2016-05-27,2663.333300,2663.333300,2630.000000,2655.333300,2549400
1187,2016-05-30,2676.666700,2723.333300,2676.666700,2722.333300,3255600
1187,2016-05-31,2725.000000,2750.000000,2708.666700,2740.666700,5694000
1187,2016-06-01,2749.666700,2759.333300,2705.666700,2716.333300,2759100
1187,2016-06-02,2686.666700,2689.333300,2617.333300,2634.666700,3607200
1187,2016-06-03,2636.666700,2660.333300,2611.666700,2629.666700,1953900
1187,2016-06-06,2564.666700,2653.333300,2551.666700,2649.666700,3020100
1187,2016-06-07,2633.666700,2656.666700,2618.333300,2640.000000,2401800
1187,2016-06-08,2644.333300,2686.666700,2640.000000,2684.666700,2475900
1187,2016-06-09,2670.666700,2685.000000,2637.000000,2663.000000,1694400
1187,2016-06-10,2668.000000,2724.666700,2657.666700,2719.666700,5572800
1187,2016-06-13,2685.333300,2685.333300,2583.333300,2583.333300,3369000
1187,2016-06-14,2604.000000,2622.333300,2554.333300,2575.666700,3254700
1187,2016-06-15,2563.000000,2610.333300,2544.000000,2595.000000,2741400
1187,2016-06-16,2593.000000,2615.000000,2517.666700,2530.333300,3274200
1187,2016-06-17,2566.000000,2613.000000,2551.666700,2593.333300,4285200
1187,2016-06-20,2643.333300,2660.000000,2627.000000,2637.000000,4327500
1187,2016-06-21,2616.666700,2686.333300,2582.000000,2679.333300,3690900
1187,2016-06-22,2638.000000,2671.000000,2636.000000,2658.000000,2671800
1187,2016-06-23,2632.333300,2699.333300,2624.333300,2694.000000,3056100
1187,2016-06-24,2718.333300,2730.000000,2500.000000,2526.666700,5498700
1187,2016-06-27,2560.000000,2708.000000,2547.333300,2691.000000,5945700
1187,2016-06-28,2633.000000,2708.666700,2624.333300,2693.000000,3596400
1187,2016-06-29,2773.666700,2837.333300,2755.333300,2809.000000,6104400
1187,2016-06-30,2836.000000,2906.333300,2832.000000,2858.333300,5598000
1187,2016-07-01,2899.000000,2932.666700,2885.000000,2893.000000,3201000
1187,2016-07-04,2880.000000,2884.666700,2844.333300,2850.666700,2796900
1187,2016-07-05,2835.333300,2865.666700,2823.666700,2850.000000,2276400
1187,2016-07-06,2793.333300,2810.000000,2713.666700,2808.666700,4901700
1187,2016-07-07,2803.333300,2803.333300,2744.333300,2777.333300,2793900
1187,2016-07-08,2819.000000,2889.333300,2817.000000,2830.000000,5526600
1187,2016-07-11,2830.000000,2830.000000,2830.000000,2830.000000,0
1187,2016-07-12,2977.666700,2998.000000,2930.000000,2964.000000,4349100
1187,2016-07-13,2999.666700,3010.000000,2902.000000,2910.000000,5209500
1187,2016-07-14,2918.000000,2989.333300,2880.666700,2988.333300,3262500
1187,2016-07-15,3002.000000,3008.000000,2913.666700,2920.666700,3508200
1187,2016-07-19,2946.333300,3062.666700,2945.666700,3061.333300,4353000
1187,2016-07-20,3011.333300,3107.666700,3011.333300,3082.333300,4236600
1187,2016-07-21,3084.666700,3104.000000,3048.333300,3065.333300,2520000
1187,2016-07-22,3054.000000,3085.333300,3050.333300,3065.000000,1900200
1187,2016-07-25,3051.666700,3072.666700,3016.000000,3028.000000,2846700
1187,2016-07-26,2984.333300,3027.333300,2962.000000,3000.000000,3468300
1187,2016-07-27,3001.333300,3032.333300,2978.666700,3003.333300,4287600
1187,2016-07-28,3007.000000,3037.333300,2981.666700,3000.333300,2925000
1187,2016-07-29,3003.333300,3026.666700,2910.666700,3009.666700,3876300
1187,2016-08-01,2983.333300,2983.333300,2886.000000,2896.666700,5022900
1187,2016-08-02,2892.666700,2925.333300,2861.000000,2900.333300,2781000
1187,2016-08-03,2837.000000,2858.333300,2812.333300,2818.333300,3806100
1187,2016-08-04,2850.000000,2851.666700,2751.666700,2812.333300,4465800
1187,2016-08-05,2782.000000,2820.666700,2679.000000,2737.666700,5422500
1187,2016-08-08,2850.000000,2912.000000,2844.333300,2873.333300,4438200
1187,2016-08-09,2899.666700,2904.333300,2832.666700,2880.666700,2731500
1187,2016-08-10,2880.666700,2906.666700,2854.000000,2888.333300,2341500
1187,2016-08-12,2970.000000,3010.000000,2961.666700,2992.666700,5748000
1187,2016-08-15,2975.000000,2998.333300,2966.000000,2988.666700,2414400
1187,2016-08-16,2980.333300,2998.000000,2962.000000,2962.333300,3311400
1187,2016-08-17,2955.000000,2961.666700,2905.333300,2927.000000,2601900
1187,2016-08-18,2996.666700,3009.333300,2956.666700,2965.666700,4680000
1187,2016-08-19,3020.000000,3024.000000,2968.333300,2985.333300,3057600
1187,2016-08-22,3026.000000,3041.000000,3001.000000,3034.333300,2421300
1187,2016-08-23,3016.000000,3047.333300,2996.333300,2999.333300,2472000
1187,2016-08-24,2982.666700,3071.333300,2982.666700,3066.333300,3251100
1187,2016-08-25,3063.000000,3082.333300,3025.000000,3028.000000,4256700
1187,2016-08-26,3066.666700,3081.666700,3008.666700,3057.000000,4151700
1187,2016-08-29,3110.000000,3136.666700,3103.333300,3103.333300,3373800
1187,2016-08-30,3092.666700,3116.000000,3076.666700,3113.333300,2085000
1187,2016-08-31,3173.333300,3193.333300,3159.000000,3169.333300,3339600
1187,2016-09-01,3164.666700,3168.000000,3119.333300,3149.333300,3296400
1187,2016-09-02,3152.333300,3177.666700,3139.333300,3156.000000,3445800
1187,2016-09-05,3156.333300,3165.666700,3089.000000,3091.000000,2707800
1187,2016-09-06,3052.666700,3104.666700,3030.333300,3095.666700,4032600
1187,2016-09-07,3096.000000,3132.333300,3079.333300,3099.333300,3640500
1187,2016-09-08,3089.666700,3113.000000,3057.333300,3094.000000,3116700
1187,2016-09-09,3121.666700,3121.666700,3052.000000,3068.333300,4724700
1187,2016-09-12,3026.000000,3058.666700,3012.333300,3023.666700,2357400
1187,2016-09-13,3043.666700,3049.000000,3015.000000,3033.333300,1718100
1187,2016-09-14,3014.666700,3080.000000,3012.666700,3041.000000,2537400
1187,2016-09-15,3030.333300,3073.333300,3018.333300,3029.333300,2961000
1187,2016-09-16,3079.333300,3079.333300,3007.333300,3018.333300,2973900
1187,2016-09-20,3066.666700,3110.000000,3040.000000,3058.000000,3870600
1187,2016-09-21,3048.333300,3063.666700,2986.000000,3026.000000,4583700
1187,2016-09-23,3076.000000,3109.333300,3044.000000,3062.000000,4143600
1187,2016-09-26,3030.000000,3049.666700,3010.666700,3010.666700,2726100
1187,2016-09-27,2996.000000,3041.666700,2960.666700,3040.000000,3277200
1187,2016-09-28,2998.333300,3011.333300,2967.000000,3008.000000,3063000
1187,2016-09-29,3017.666700,3048.000000,3014.333300,3025.333300,2517000
1187,2016-09-30,2983.333300,3001.000000,2949.000000,2959.000000,3594900
1187,2016-10-03,2988.333300,2995.000000,2964.000000,2966.000000,2617200
1187,2016-10-04,3000.000000,3069.666700,2975.333300,3069.666700,5079000
1187,2016-10-05,3084.000000,3085.000000,3042.666700,3045.000000,2662500
1187,2016-10-06,3058.000000,3093.333300,3046.333300,3054.333300,2818800
1187,2016-10-07,3033.333300,3075.333300,3033.333300,3072.333300,3023100
1187,2016-10-11,3045.333300,3069.333300,3035.333300,3048.000000,3396000
1187,2016-10-12,3001.333300,3021.333300,2946.666700,2952.333300,4720800
1187,2016-10-13,2953.666700,2988.666700,2949.333300,2961.333300,3432000
1187,2016-10-14,2949.333300,2955.333300,2842.333300,2917.000000,6825300
1187,2016-10-17,2917.000000,2933.000000,2901.666700,2913.666700,3017700
1187,2016-10-18,2902.000000,2924.000000,2897.333300,2922.666700,3366000
1187,2016-10-19,2933.333300,2957.333300,2922.333300,2956.000000,3438600
1187,2016-10-20,2956.000000,2971.666700,2933.000000,2952.333300,3607200
1187,2016-10-21,2981.666700,3000.000000,2952.666700,2961.000000,3612300
1187,2016-10-24,2955.666700,2957.666700,2911.000000,2937.666700,2876700
1187,2016-10-25,2966.333300,2993.666700,2943.000000,2992.333300,3687300
1187,2016-10-26,3000.000000,3032.000000,2993.333300,3010.333300,2665800
1187,2016-10-27,2991.000000,2993.000000,2963.333300,2972.000000,3275100
1187,2016-10-28,3000.000000,3023.666700,2980.666700,3018.000000,7620000
1187,2016-10-31,3096.666700,3162.666700,3089.666700,3162.666700,7074000
1187,2016-11-01,3184.333300,3251.666700,3168.333300,3250.333300,5330700
1187,2016-11-02,3223.000000,3246.666700,3197.666700,3213.666700,4389000
1187,2016-11-04,3188.333300,3195.000000,3147.333300,3191.666700,3343500
1187,2016-11-07,3230.666700,3237.000000,3157.333300,3196.666700,3320400
1187,2016-11-08,3202.000000,3224.666700,3187.666700,3194.333300,2201400
1187,2016-11-09,3227.666700,3243.333300,3020.000000,3053.333300,5465400
1187,2016-11-10,3249.333300,3276.000000,3229.333300,3262.333300,6028200
1187,2016-11-11,3326.333300,3326.333300,3246.666700,3267.333300,5906100
1187,2016-11-14,3313.333300,3383.333300,3291.000000,3351.666700,3881100
1187,2016-11-15,3361.666700,3363.333300,3298.333300,3310.333300,3262500
1187,2016-11-16,3346.666700,3365.000000,3315.666700,3324.000000,4427700
1187,2016-11-17,3300.000000,3326.666700,3270.333300,3311.333300,3848400
1187,2016-11-18,3390.000000,3470.000000,3383.333300,3405.000000,5746200
1187,2016-11-21,3386.666700,3396.666700,3341.666700,3373.333300,2925300
1187,2016-11-22,3380.000000,3385.000000,3356.666700,3366.666700,1740600
1187,2016-11-24,3433.333300,3440.000000,3388.333300,3390.000000,2365500
1187,2016-11-25,3345.000000,3420.000000,3343.333300,3385.000000,2385900
1187,2016-11-28,3365.000000,3401.666700,3341.666700,3400.000000,2019600
1187,2016-11-29,3436.666700,3455.000000,3411.666700,3450.000000,2926800
1187,2016-11-30,3463.333300,3496.666700,3460.000000,3491.666700,3617700
1187,2016-12-01,3548.333300,3550.000000,3490.000000,3495.000000,3411000
1187,2016-12-02,3398.333300,3418.333300,3333.333300,3341.666700,4519200
1187,2016-12-05,3329.666700,3358.333300,3313.666700,3333.333300,2533800
1187,2016-12-06,3366.666700,3383.333300,3315.000000,3317.666700,3037800
1187,2016-12-07,3340.000000,3346.666700,3317.000000,3324.000000,2314200
1187,2016-12-08,3381.666700,3416.666700,3336.666700,3356.666700,3610500
1187,2016-12-09,3443.333300,3446.666700,3388.333300,3401.666700,5890500
1187,2016-12-12,3421.666700,3421.666700,3345.000000,3353.333300,3122700
1187,2016-12-13,3320.333300,3391.666700,3310.333300,3391.666700,2236500
1187,2016-12-14,3398.333300,3441.666700,3380.000000,3430.000000,2103600
1187,2016-12-15,3456.666700,3475.000000,3435.000000,3460.000000,2356800
1187,2016-12-16,3498.333300,3566.666700,3490.000000,3560.000000,3778500
1187,2016-12-19,3566.666700,3573.333300,3521.666700,3566.666700,2256000
1187,2016-12-20,3563.333300,3651.666700,3553.333300,3646.666700,3018000
1187,2016-12-21,3646.666700,3713.333300,3618.333300,3648.333300,3318600
1187,2016-12-22,3600.000000,3650.000000,3598.333300,3650.000000,2457600
1187,2016-12-26,3666.666700,3708.333300,3666.666700,3686.666700,1916700
1187,2016-12-27,3720.000000,3748.333300,3695.000000,3721.666700,2379600
1187,2016-12-28,3716.666700,3773.333300,3710.000000,3753.333300,1733400
1187,2016-12-29,3726.666700,3726.666700,3638.333300,3655.000000,2466300
1187,2016-12-30,3615.000000,3693.333300,3608.333300,3681.666700,1579500
1187,2017-01-04,3726.666700,3755.000000,3691.666700,3753.333300,2501700
1187,2017-01-05,3733.333300,3733.333300,3651.666700,3671.666700,2279100
1187,2017-01-06,3635.000000,3676.666700,3611.666700,3650.000000,1730100
1187,2017-01-10,3685.000000,3761.666700,3671.666700,3708.333300,3005400
1187,2017-01-11,3718.333300,3733.333300,3701.666700,3718.333300,1580400
1187,2017-01-12,3736.666700,3770.000000,3711.666700,3750.000000,3147300
1187,2017-01-13,3731.666700,3771.666700,3716.666700,3758.333300,3048000
1187,2017-01-16,3785.000000,3793.333300,3733.333300,3750.000000,2208000
1187,2017-01-17,3756.666700,3756.666700,3676.666700,3676.666700,2041200
1187,2017-01-18,3635.000000,3710.000000,3620.000000,3695.000000,2274000
1187,2017-01-19,3743.333300,3775.000000,3716.666700,3736.666700,2129400
1187,2017-01-20,3723.333300,3745.000000,3713.333300,3733.333300,1619400
1187,2017-01-23,3703.333300,3755.000000,3696.666700,3720.000000,2096400
1187,2017-01-24,3700.000000,3728.333300,3688.333300,3691.666700,2544900
1187,2017-01-25,3725.000000,3781.666700,3725.000000,3780.000000,2366100
1187,2017-01-26,3916.666700,4000.000000,3906.666700,3995.000000,5683200
1187,2017-01-27,3993.333300,3995.000000,3936.666700,3961.666700,3390900
1187,2017-01-30,3953.333300,3988.333300,3941.666700,3968.333300,2369100
1187,2017-01-31,3916.666700,3936.666700,3890.000000,3903.333300,2982000
1187,2017-02-01,3833.333300,3866.666700,3786.666700,3850.000000,3776100
1187,2017-02-02,3918.333300,3926.666700,3796.666700,3813.333300,3363600
1187,2017-02-03,3826.666700,3835.000000,3741.666700,3746.666700,2833800
1187,2017-02-06,3771.666700,3776.666700,3670.000000,3715.000000,2613000
1187,2017-02-07,3688.333300,3780.000000,3678.333300,3763.333300,2185200
1187,2017-02-08,3761.666700,3775.000000,3726.666700,3773.333300,1778100
1187,2017-02-09,3770.000000,3798.333300,3731.666700,3733.333300,2504100
1187,2017-02-10,3816.666700,3833.333300,3790.000000,3830.000000,3117300
1187,2017-02-13,3860.000000,3873.333300,3838.333300,3868.333300,2214000
1187,2017-02-14,3886.666700,3928.333300,3878.333300,3886.666700,2319300
1187,2017-02-15,3933.333300,3936.666700,3850.000000,3850.000000,2317200
1187,2017-02-16,3800.000000,3801.666700,3715.000000,3766.666700,3351900
1187,2017-02-17,3731.666700,3760.000000,3718.333300,3741.666700,1832700
1187,2017-02-20,3741.666700,3756.666700,3721.666700,3726.666700,1544400
1187,2017-02-21,3716.666700,3733.333300,3695.000000,3723.333300,1694400
1187,2017-02-22,3765.000000,3833.333300,3751.666700,3771.666700,3315000
1187,2017-02-23,3758.333300,3821.666700,3756.666700,3785.000000,1937100
1187,2017-02-24,3758.333300,3781.666700,3731.666700,3755.000000,1806000
1187,2017-02-27,3720.000000,3745.000000,3703.333300,3725.000000,2047200
1187,2017-02-28,3736.666700,3755.000000,3720.000000,3736.666700,2411700
1187,2017-03-01,3741.666700,3815.000000,3736.666700,3803.333300,2994900
1187,2017-03-02,3883.333300,3916.666700,3858.333300,3911.666700,3216600
1187,2017-03-03,3896.666700,3906.666700,3845.000000,3858.333300,2560800
1187,2017-03-06,3836.666700,3843.333300,3811.666700,3821.666700,1324200
1187,2017-03-07,3800.000000,3820.000000,3770.000000,3783.333300,1998900
1187,2017-03-08,3783.333300,3786.666700,3760.000000,3771.666700,1461000
1187,2017-03-09,3825.000000,3876.666700,3810.000000,3871.666700,2056500
1187,2017-03-10,3915.000000,3976.666700,3885.000000,3970.000000,4751100
1187,2017-03-13,3928.333300,3961.666700,3910.000000,3916.666700,2204100
1187,2017-03-14,3931.666700,3950.000000,3908.333300,3945.000000,1626600
1187,2017-03-15,3900.000000,3910.000000,3880.000000,3903.333300,1917300
1187,2017-03-16,3866.666700,3930.000000,3838.333300,3908.333300,2693400
1187,2017-03-17,3851.666700,3895.000000,3835.000000,3865.000000,3418800
1187,2017-03-21,3865.000000,3883.333300,3826.666700,3870.000000,2138400
1187,2017-03-22,3813.333300,3840.000000,3775.000000,3788.333300,2513700
1187,2017-03-23,3805.000000,3823.333300,3790.000000,3793.333300,1899900
1187,2017-03-24,3816.666700,3873.333300,3815.000000,3860.000000,2829900
1187,2017-03-27,3833.333300,3890.000000,3826.666700,3883.333300,2736600
1187,2017-03-28,3955.000000,4010.000000,3940.000000,3996.666700,4416000
1187,2017-03-29,4015.000000,4046.666700,3986.666700,4018.333300,4504800
1187,2017-03-30,4016.666700,4093.333300,4000.000000,4061.666700,3671400
1187,2017-03-31,4068.333300,4095.000000,4018.333300,4051.666700,4389300
1187,2017-04-03,4120.000000,4166.666500,4111.666500,4148.333500,5173500
1187,2017-04-04,4213.333500,4260.000000,4101.666500,4121.666500,5319000
1187,2017-04-05,4138.333500,4151.666500,4063.333300,4100.000000,2848800
1187,2017-04-06,4038.333300,4071.666700,4025.000000,4046.666700,4094100
1187,2017-04-07,4090.000000,4103.333500,3991.666700,4033.333300,3758400
1187,2017-04-10,4068.333300,4136.666500,4035.000000,4135.000000,2591700
1187,2017-04-11,4075.000000,4095.000000,4035.000000,4061.666700,2299200
1187,2017-04-12,4020.000000,4045.000000,3946.666700,3983.333300,3297000
1187,2017-04-13,3871.666700,3928.333300,3825.000000,3920.000000,4834200
1187,2017-04-14,3946.666700,3950.000000,3851.666700,3871.666700,4477200
1187,2017-04-17,3826.666700,3885.000000,3818.333300,3841.666700,2227800
1187,2017-04-18,3915.000000,3940.000000,3835.000000,3855.000000,2406000
1187,2017-04-19,3855.000000,3921.666700,3843.333300,3906.666700,3425100
1187,2017-04-20,3940.000000,3991.666700,3930.000000,3938.333300,3085800
1187,2017-04-21,4000.000000,4108.333500,3950.000000,4100.000000,5117400
1187,2017-04-24,4198.333500,4213.333500,4133.333500,4141.666500,4533900
1187,2017-04-25,4143.333500,4256.666500,4143.333500,4233.333500,3919500
1187,2017-04-26,4333.333500,4371.666500,4305.000000,4340.000000,3719100
1187,2017-04-27,4300.000000,4356.666500,4283.333500,4338.333500,2611500
1187,2017-04-28,4363.333500,4363.333500,4286.666500,4321.666500,3661200
1187,2017-05-01,4821.666500,4920.000000,4725.000000,4898.333500,9841800
1187,2017-05-02,4798.333500,4986.666500,4798.333500,4931.666500,6631200
1187,2017-05-08,4955.000000,5050.000000,4908.333500,5031.666500,5703000
1187,2017-05-09,4966.666500,4985.000000,4903.333500,4910.000000,5561100
1187,2017-05-10,4900.000000,4946.666500,4860.000000,4923.333500,4607100
1187,2017-05-11,4998.333500,5081.666500,4991.666500,5038.333500,4830300
1187,2017-05-12,5053.333500,5093.333500,5001.666500,5028.333500,5432400
1187,2017-05-15,4953.333500,5053.333500,4951.666500,5010.000000,2675100
1187,2017-05-16,5090.000000,5103.333500,5041.666500,5098.333500,2962200
1187,2017-05-17,5133.333500,5255.000000,5118.333500,5230.000000,5646300
1187,2017-05-18,5081.666500,5173.333500,5055.000000,5148.333500,5084700
1187,2017-05-19,5203.333500,5291.666500,5195.000000,5256.666500,5068500
1187,2017-05-22,5253.333500,5281.666500,5191.666500,5226.666500,3157200
1187,2017-05-23,5166.666500,5190.000000,5096.666500,5118.333500,4393500
1187,2017-05-24,5183.333500,5235.000000,5170.000000,5233.333500,3667800
1187,2017-05-25,5225.000000,5331.666500,5221.666500,5313.333500,4235700
1187,2017-05-26,5283.333500,5285.000000,5245.000000,5268.333500,2962200
1187,2017-05-29,5301.666500,5301.666500,5240.000000,5271.666500,2240700
1187,2017-05-30,5283.333500,5283.333500,5176.666500,5216.666500,3565200
1187,2017-05-31,5228.333500,5291.666500,5176.666500,5230.000000,6538800
1187,2017-06-01,5333.333500,5491.666500,5308.333500,5458.333500,8309700
1187,2017-06-02,5468.333500,5526.666500,5448.333500,5458.333500,5475600
1187,2017-06-05,5470.000000,5615.000000,5465.000000,5585.000000,3896100
1187,2017-06-06,5633.333500,5638.333500,5541.666500,5563.333500,4557000
1187,2017-06-07,5535.000000,5626.666500,5521.666500,5605.000000,3232500
1187,2017-06-08,5626.666500,5628.333500,5551.666500,5560.000000,3735300
1187,2017-06-09,5605.000000,5666.666500,5570.000000,5635.000000,5470200
1187,2017-06-12,5446.666500,5508.333500,5381.666500,5465.000000,4894500
1187,2017-06-13,5388.333500,5453.333500,5376.666500,5453.333500,3052500
1187,2017-06-14,5533.333500,5541.666500,5383.333500,5388.333500,3209400
1187,2017-06-15,5326.666500,5370.000000,5290.000000,5311.666500,3923700
1187,2017-06-16,5295.000000,5316.666500,5235.000000,5255.000000,5725800
1187,2017-06-19,5253.333500,5351.666500,5245.000000,5341.666500,2946000
1187,2017-06-20,5460.000000,5478.333500,5438.333500,5456.666500,3791100
1187,2017-06-21,5421.666500,5460.000000,5405.000000,5405.000000,2252400
1187,2017-06-22,5433.333500,5440.000000,5353.333500,5375.000000,2693100
1187,2017-06-23,5368.333500,5373.333500,5313.333500,5323.333500,2479500
1187,2017-06-26,5323.333500,5430.000000,5323.333500,5425.000000,2266200
1187,2017-06-27,5433.333500,5438.333500,5315.000000,5365.000000,3257400
1187,2017-06-28,5266.666500,5280.000000,5131.666500,5136.666500,5850000
1187,2017-06-29,5200.000000,5203.333500,5085.000000,5100.000000,6156300
1187,2017-06-30,4900.000000,5053.333500,4853.333500,5053.333500,6377700
1187,2017-07-03,4986.666500,5050.000000,4983.333500,5040.000000,3257100
1187,2017-07-04,5040.000000,5045.000000,4906.666500,4928.333500,4056000
1187,2017-07-05,4876.666500,5060.000000,4873.333500,5055.000000,4208700
1187,2017-07-06,5116.666500,5148.333500,4988.333500,5013.333500,4228200
1187,2017-07-07,4966.666500,5098.333500,4958.333500,5076.666500,3479700
1187,2017-07-10,5208.333500,5251.666500,5153.333500,5193.333500,4132200
1187,2017-07-11,5233.333500,5233.333500,5185.000000,5223.333500,2912100
1187,2017-07-12,5200.000000,5216.666500,5143.333500,5208.333500,3902100
1187,2017-07-13,5250.000000,5380.000000,5246.666500,5366.666500,5480100
1187,2017-07-14,5368.333500,5383.333500,5285.000000,5296.666500,3986400
1187,2017-07-17,5296.666500,5296.666500,5296.666500,5296.666500,0
1187,2017-07-18,5280.000000,5361.666500,5228.333500,5346.666500,3510000
1187,2017-07-19,5340.000000,5385.000000,5326.666500,5378.333500,3336300
1187,2017-07-20,5436.666500,5485.000000,5430.000000,5465.000000,3656700
1187,2017-07-21,5465.000000,5513.333500,5455.000000,5480.000000,3105300
1187,2017-07-24,5458.333500,5485.000000,5420.000000,5426.666500,2742900
1187,2017-07-25,5480.000000,5528.333500,5460.000000,5485.000000,3400500
1187,2017-07-26,5510.000000,5525.000000,5460.000000,5491.666500,3503700
1187,2017-07-27,5503.333500,5643.333500,5490.000000,5638.333500,5835900
1187,2017-07-28,5416.666500,5465.000000,5233.333500,5235.000000,11236800
1187,2017-07-31,5250.000000,5300.000000,5151.666500,5191.666500,5136600
1187,2017-08-01,5100.000000,5126.666500,5023.333500,5061.666500,5684100
1187,2017-08-02,5091.666500,5198.333500,5088.333500,5191.666500,3465300
1187,2017-08-03,5116.666500,5125.000000,5061.666500,5068.333500,3393900
1187,2017-08-04,5000.000000,5023.333500,4943.333500,4946.666500,5895300
1187,2017-08-07,4991.666500,5046.666500,4975.000000,5010.000000,2636100
1187,2017-08-08,5110.000000,5110.000000,5021.666500,5031.666500,2776800
1187,2017-08-09,4966.666500,4998.333500,4905.000000,4923.333500,4758900
1187,2017-08-10,4971.666500,4990.000000,4930.000000,4951.666500,3072300
1187,2017-08-11,4951.666500,4951.666500,4951.666500,4951.666500,0
1187,2017-08-14,4900.000000,4988.333500,4871.666500,4965.000000,3776400
1187,2017-08-15,5061.666500,5090.000000,5021.666500,5060.000000,3624000
1187,2017-08-16,5060.000000,5076.666500,5000.000000,5001.666500,2444100
1187,2017-08-17,5000.000000,5041.666500,4980.000000,5006.666500,2204700
1187,2017-08-18,4950.000000,5070.000000,4938.333500,5050.000000,3594000
1187,2017-08-21,5061.666500,5061.666500,4963.333500,4968.333500,2460900
1187,2017-08-22,4976.666500,5048.333500,4968.333500,5035.000000,2123400
1187,2017-08-23,5095.000000,5115.000000,5055.000000,5081.666500,2669400
1187,2017-08-24,5061.666500,5093.333500,5023.333500,5026.666500,1871700
1187,2017-08-25,5033.333500,5050.000000,5010.000000,5043.333500,1481100
1187,2017-08-28,5058.333500,5071.666500,5006.666500,5023.333500,1726500
1187,2017-08-29,5003.333500,5055.000000,4990.000000,5048.333500,2348700
1187,2017-08-30,5065.000000,5078.333500,5038.333500,5056.666500,1864800
1187,2017-08-31,5120.000000,5160.000000,5105.000000,5153.333500,3954600
1187,2017-09-01,5170.000000,5186.666500,5125.000000,5163.333500,2591700
1187,2017-09-04,5151.666500,5156.666500,5100.000000,5135.000000,2226600
1187,2017-09-05,5176.666500,5188.333500,5085.000000,5125.000000,2274900
1187,2017-09-06,5040.000000,5095.000000,5025.000000,5026.666500,4104000
1187,2017-09-07,5050.000000,5120.000000,5016.666500,5078.333500,3454200
1187,2017-09-08,5063.333500,5118.333500,5060.000000,5081.666500,4383300
1187,2017-09-11,5090.000000,5138.333500,5083.333500,5138.333500,1986000
1187,2017-09-12,5216.666500,5266.666500,5215.000000,5256.666500,3614400
1187,2017-09-13,5285.000000,5295.000000,5250.000000,5270.000000,2157600
1187,2017-09-14,5296.666500,5413.333500,5296.666500,5406.666500,4854900
1187,2017-09-15,5416.666500,5548.333500,5413.333500,5548.333500,6243000
1187,2017-09-18,5548.333500,5548.333500,5548.333500,5548.333500,0
1187,2017-09-19,5710.000000,5746.666500,5660.000000,5743.333500,6678300
1187,2017-09-20,5746.666500,5765.000000,5701.666500,5736.666500,3774300
1187,2017-09-21,5750.000000,5750.000000,5643.333500,5665.000000,3552900
1187,2017-09-22,5678.333500,5713.333500,5653.333500,5680.000000,3246300
1187,2017-09-25,5746.666500,5791.666500,5741.666500,5763.333500,2655300
1187,2017-09-26,5693.333500,5718.333500,5563.333500,5608.333500,5321100
1187,2017-09-27,5578.333500,5648.333500,5520.000000,5620.000000,2964000
1187,2017-09-28,5783.333500,5846.666500,5706.666500,5718.333500,6104100
1187,2017-09-29,5716.666500,5793.333500,5706.666500,5760.000000,3848700
1187,2017-10-02,5820.000000,5826.666500,5783.333500,5810.000000,2778300
1187,2017-10-03,5823.333500,5833.333500,5790.000000,5808.333500,3003900
1187,2017-10-04,5811.666500,5816.666500,5768.333500,5783.333500,3055200
1187,2017-10-05,5783.333500,5811.666500,5748.333500,5760.000000,1821600
1187,2017-10-06,5786.666500,5786.666500,5668.333500,5675.000000,3477600
1187,2017-10-09,5675.000000,5675.000000,5675.000000,5675.000000,0
1187,2017-10-10,5750.000000,5790.000000,5736.666500,5783.333500,2715900
1187,2017-10-11,5773.333500,5818.333500,5765.000000,5786.666500,2861700
1187,2017-10-12,5835.000000,5938.333500,5835.000000,5900.000000,4786200
1187,2017-10-13,5966.666500,6000.000000,5913.333500,6000.000000,7433400
1187,2017-10-16,6016.666500,6066.666500,5981.666500,5986.666500,3848100
1187,2017-10-17,6003.333500,6060.000000,5991.666500,6051.666500,3685800
1187,2017-10-18,6066.666500,6095.000000,5988.333500,6071.666500,3952200
1187,2017-10-19,6101.666500,6210.000000,6080.000000,6200.000000,4626600
1187,2017-10-20,6231.666500,6288.333500,6215.000000,6238.333500,4396200
1187,2017-10-23,6351.666500,6405.000000,6305.000000,6393.333500,4963500
1187,2017-10-24,6393.333500,6416.666500,6306.666500,6415.000000,4015500
1187,2017-10-25,6436.666500,6496.666500,6335.000000,6356.666500,5262600
1187,2017-10-26,6306.666500,6430.000000,6295.000000,6416.666500,3469200
1187,2017-10-27,6496.666500,6500.000000,6431.666500,6498.333500,3156900
1187,2017-10-30,6523.333500,6555.000000,6503.333500,6543.333500,2914500
1187,2017-10-31,6536.666500,6595.000000,6495.000000,6585.000000,3854400
1187,2017-11-01,7016.666500,7505.000000,7003.333500,7468.333500,8777400
1187,2017-11-02,7401.666500,7543.333500,7280.000000,7511.666500,7740600
1187,2017-11-03,7511.666500,7511.666500,7511.666500,7511.666500,0
1187,2017-11-06,7566.666500,7590.000000,7381.666500,7438.333500,4653000
1187,2017-11-07,7431.666500,7503.333500,7426.666500,7496.666500,4956000
1187,2017-11-08,7500.000000,7580.000000,7450.000000,7545.000000,3558600
1187,2017-11-09,7616.666500,7958.333500,7408.333500,7656.666500,8954700
1187,2017-11-10,7503.333500,7648.333500,7443.333500,7536.666500,7379400
1187,2017-11-13,7598.333500,7600.000000,7423.333500,7428.333500,3557400
1187,2017-11-14,7441.666500,7673.333500,7430.000000,7518.333500,4786200
1187,2017-11-15,7523.333500,7651.666500,7450.000000,7510.000000,5324100
1187,2017-11-16,7408.333500,7678.333500,7398.333500,7646.666500,4858800
1187,2017-11-17,7800.000000,7956.666500,7690.000000,7721.666500,6948600
1187,2017-11-20,7583.333500,7695.000000,7536.666500,7570.000000,3763800
1187,2017-11-21,7733.333500,7766.666500,7583.333500,7591.666500,3430800
1187,2017-11-22,7726.666500,7731.666500,7596.666500,7615.000000,3934800
1187,2017-11-23,7615.000000,7615.000000,7615.000000,7615.000000,0
1187,2017-11-24,7583.333500,7785.000000,7553.333500,7781.666500,3252900
1187,2017-11-27,7798.333500,7813.333500,7610.000000,7643.333500,4595700
1187,2017-11-28,7515.000000,7518.333500,7240.000000,7426.666500,8430300
1187,2017-11-29,7236.666500,7293.333500,6928.333500,6998.333500,10965600
1187,2017-11-30,6653.333500,6966.666500,6645.000000,6920.000000,10096800
1187,2017-12-01,7046.666500,7090.000000,6806.666500,6931.666500,6712500
1187,2017-12-04,6875.000000,6948.333500,6866.666500,6900.000000,3620700
1187,2017-12-05,6666.666500,6801.666500,6655.000000,6705.000000,5433000
1187,2017-12-06,6706.666500,6816.666500,6658.333500,6680.000000,5140500
1187,2017-12-07,6800.000000,7013.333500,6773.333500,7006.666500,5697000
1187,2017-12-08,7173.333500,7261.666500,7085.000000,7205.000000,9128400
1187,2017-12-11,7198.333500,7198.333500,7015.000000,7076.666500,3990600
1187,2017-12-12,7118.333500,7190.000000,7053.333500,7068.333500,3275400
1187,2017-12-13,6950.000000,6983.333500,6858.333500,6868.333500,4393500
1187,2017-12-14,6850.000000,6995.000000,6835.000000,6891.666500,4351800
1187,2017-12-15,6861.666500,7065.000000,6840.000000,6985.000000,4069500
1187,2017-12-18,7113.333500,7146.666500,7070.000000,7106.666500,2997300
1187,2017-12-19,7233.333500,7263.333500,7068.333500,7091.666500,3880800
1187,2017-12-20,7091.666500,7125.000000,6995.000000,7060.000000,2978700
1187,2017-12-21,7041.666500,7103.333500,6995.000000,7095.000000,2235600
1187,2017-12-22,6966.666500,7001.666500,6853.333500,6933.333500,4472400
1187,2017-12-25,6915.000000,6956.666500,6878.333500,6933.333500,1867800
1187,2017-12-26,6900.000000,6915.000000,6845.000000,6850.000000,2111100
1187,2017-12-27,6833.333500,6905.000000,6805.000000,6886.666500,1956900
1187,2017-12-28,6916.666500,6940.000000,6833.333500,6853.333500,2048100
1187,2017-12-29,6863.333500,6898.333500,6791.666500,6800.000000,2143200
1187,2018-01-01,6800.000000,6800.000000,6800.000000,6800.000000,0
1187,2018-01-02,6800.000000,6800.000000,6800.000000,6800.000000,0
1187,2018-01-03,6800.000000,6800.000000,6800.000000,6800.000000,0
1187,2018-01-04,7100.000000,7221.666500,7050.000000,7220.000000,6111300
1187,2018-01-05,7330.000000,7353.333500,7210.000000,7291.666500,4217400
1187,2018-01-08,7291.666500,7291.666500,7291.666500,7291.666500,0
1187,2018-01-09,7500.000000,7501.666500,7390.000000,7416.666500,4004700
1187,2018-01-10,7383.333500,7383.333500,7233.333500,7290.000000,3943200
1187,2018-01-11,7216.666500,7370.000000,7216.666500,7288.333500,3804000
1187,2018-01-12,7330.000000,7346.666500,7221.666500,7256.666500,3939300
1187,2018-01-15,7300.000000,7311.666500,7208.333500,7231.666500,2726700
1187,2018-01-16,7233.333500,7350.000000,7176.666500,7350.000000,2808900
1187,2018-01-17,7326.666500,7446.666500,7301.666500,7411.666500,4014600
1187,2018-01-18,7666.666500,7795.000000,7580.000000,7616.666500,9458700
1187,2018-01-19,7700.000000,7700.000000,7596.666500,7646.666500,3200400
1187,2018-01-22,7601.666500,7633.333500,7540.000000,7595.000000,2283900
1187,2018-01-23,7613.333500,7653.333500,7578.333500,7641.666500,2817600
1187,2018-01-24,7666.666500,7673.333500,7485.000000,7510.000000,3295800
1187,2018-01-25,7343.333500,7485.000000,7343.333500,7428.333500,3515400
1187,2018-01-26,7333.333500,7371.666500,7220.000000,7275.000000,5259300
1187,2018-01-29,7368.333500,7446.666500,7305.000000,7370.000000,3802800
1187,2018-01-30,7305.000000,7305.000000,7115.000000,7158.333500,5024700
1187,2018-01-31,6825.000000,6986.666500,6800.000000,6820.000000,9168600
1187,2018-02-01,6895.000000,6905.000000,6741.666500,6845.000000,4866300
1187,2018-02-02,6753.333500,6811.666500,6683.333500,6696.666500,4533000
1187,2018-02-05,6533.333500,6613.333500,6493.333500,6565.000000,5749500
1187,2018-02-06,6298.333500,6421.666500,6066.666500,6261.666500,10667100
1187,2018-02-07,6565.000000,6570.000000,6245.000000,6253.333500,7145700
1187,2018-02-08,6276.666500,6388.333500,6245.000000,6340.000000,4812600
1187,2018-02-09,6118.333500,6200.000000,6073.333500,6156.666500,6869100
1187,2018-02-12,6156.666500,6156.666500,6156.666500,6156.666500,0
1187,2018-02-13,6373.333500,6393.333500,6126.666500,6136.666500,5092500
1187,2018-02-14,6200.000000,6410.000000,6193.333500,6391.666500,7391100
1187,2018-02-15,6520.000000,6763.333500,6498.333500,6686.666500,7359300
1187,2018-02-16,6761.666500,6886.666500,6723.333500,6808.333500,5508900
1187,2018-02-19,6876.666500,6895.000000,6770.000000,6885.000000,3652500
1187,2018-02-20,6858.333500,6868.333500,6720.000000,6753.333500,3593100
1187,2018-02-21,6820.000000,6946.666500,6786.666500,6878.333500,4713300
1187,2018-02-22,6786.666500,6848.333500,6730.000000,6816.666500,3631200
1187,2018-02-23,6795.000000,6825.000000,6741.666500,6791.666500,2644800
1187,2018-02-26,6910.000000,6945.000000,6833.333500,6883.333500,2770800
1187,2018-02-27,7000.000000,7153.333500,6986.666500,7080.000000,5229300
1187,2018-02-28,7083.333500,7113.333500,7020.000000,7020.000000,3637800
1187,2018-03-01,6933.333500,7010.000000,6880.000000,6936.666500,3366900
1187,2018-03-02,6703.333500,6888.333500,6700.000000,6820.000000,4770600
1187,2018-03-05,6833.333500,6936.666500,6670.000000,6718.333500,4188600
1187,2018-03-06,6885.000000,6973.333500,6885.000000,6910.000000,4220100
1187,2018-03-07,6828.333500,6925.000000,6753.333500,6763.333500,4987500
1187,2018-03-08,6933.333500,7135.000000,6931.666500,7091.666500,7172700
1187,2018-03-09,7208.333500,7311.666500,7106.666500,7176.666500,7920000
1187,2018-03-12,7443.333500,7475.000000,7305.000000,7401.666500,5330100
1187,2018-03-13,7343.333500,7570.000000,7318.333500,7570.000000,5201700
1187,2018-03-14,7450.000000,7550.000000,7361.666500,7428.333500,4523100
1187,2018-03-15,7366.666500,7448.333500,7340.000000,7398.333500,3054900
1187,2018-03-16,7396.666500,7413.333500,7250.000000,7295.000000,3680700
1187,2018-03-19,7193.333500,7278.333500,7151.666500,7213.333500,2763000
1187,2018-03-20,7115.000000,7141.666500,7058.333500,7130.000000,3294600
1187,2018-03-21,7130.000000,7130.000000,7130.000000,7130.000000,0
1187,2018-03-22,7060.000000,7165.000000,7018.333500,7115.000000,4271400
1187,2018-03-23,6766.666500,6880.000000,6688.333500,6708.333500,6905700
1187,2018-03-26,6541.666500,6645.000000,6386.666500,6641.666500,5485500
1187,2018-03-27,6886.666500,6893.333500,6763.333500,6833.333500,4832700
1187,2018-03-28,6505.000000,6581.666500,6460.000000,6530.000000,5778600
1187,2018-03-29,6573.333500,6588.333500,6353.333500,6405.000000,5080500
1187,2018-03-30,6550.000000,6690.000000,6533.333500,6671.666500,4160100
1187,2018-04-02,6678.333500,6788.333500,6661.666500,6721.666500,3148200
1187,2018-04-03,6533.333500,6665.000000,6493.333500,6633.333500,4272300
1187,2018-04-04,6665.000000,6686.666500,6396.666500,6451.666500,4534500
1187,2018-04-05,6543.333500,6586.666500,6456.666500,6523.333500,3413100
1187,2018-04-06,6473.333500,6568.333500,6458.333500,6533.333500,4276200
1187,2018-04-09,6453.333500,6568.333500,6423.333500,6546.666500,2620500
1187,2018-04-10,6546.666500,6748.333500,6478.333500,6713.333500,4374600
1187,2018-04-11,6793.333500,6841.666500,6676.666500,6681.666500,3104700
1187,2018-04-12,6681.666500,6725.000000,6610.000000,6621.666500,2162100
1187,2018-04-13,6698.333500,6795.000000,6683.333500,6755.000000,2970000
1187,2018-04-16,6758.333500,6811.666500,6741.666500,6761.666500,1966800
1187,2018-04-17,6745.000000,6790.000000,6725.000000,6761.666500,2334900
1187,2018-04-18,6761.666500,6775.000000,6590.000000,6728.333500,5231700
1187,2018-04-19,6631.666500,6755.000000,6615.000000,6673.333500,3821100
1187,2018-04-20,6493.333500,6541.666500,6375.000000,6536.666500,4768200
1187,2018-04-23,6501.666500,6560.000000,6480.000000,6550.000000,2318100
1187,2018-04-24,6566.666500,6673.333500,6546.666500,6605.000000,3222900
1187,2018-04-25,6543.333500,6618.333500,6455.000000,6471.666500,4497000
1187,2018-04-26,6940.000000,7203.333500,6930.000000,7016.666500,13144800
1187,2018-04-27,7123.333500,7155.000000,6943.333500,7018.333500,5084400
1187,2018-04-30,7018.333500,7018.333500,7018.333500,7018.333500,0
1187,2018-05-01,7110.000000,7115.000000,6880.000000,6926.666500,3800100
1187,2018-05-02,7020.000000,7036.666500,6890.000000,6913.333500,3057000
1187,2018-05-03,6913.333500,6913.333500,6913.333500,6913.333500,0
1187,2018-05-04,6913.333500,6913.333500,6913.333500,6913.333500,0
1187,2018-05-07,6975.000000,7046.666500,6936.666500,7005.000000,3097500
1187,2018-05-08,6995.000000,7063.333500,6986.666500,7018.333500,2590500
1187,2018-05-09,7000.000000,7096.666500,6993.333500,7033.333500,2236200
1187,2018-05-10,7083.333500,7093.333500,7016.666500,7081.666500,2184900
1187,2018-05-11,7163.333500,7291.666500,7126.666500,7256.666500,4428600
1187,2018-05-14,7225.000000,7248.333500,7188.333500,7230.000000,2187900
1187,2018-05-15,7273.333500,7311.666500,7163.333500,7216.666500,2272200
1187,2018-05-16,7175.000000,7191.666500,7121.666500,7165.000000,2271300
1187,2018-05-17,7230.000000,7250.000000,7191.666500,7233.333500,2118000
1187,2018-05-18,7110.000000,7151.666500,7080.000000,7093.333500,3394500
1187,2018-05-21,7066.666500,7066.666500,6883.333500,6955.000000,4390800
1187,2018-05-22,7046.666500,7075.000000,6945.000000,6966.666500,2789100
1187,2018-05-23,6993.333500,7070.000000,6943.333500,6990.000000,3367800
1187,2018-05-24,6961.666500,7013.333500,6923.333500,6990.000000,2563800
1187,2018-05-25,6983.333500,7143.333500,6921.666500,7110.000000,4062600
1187,2018-05-28,7210.000000,7248.333500,7095.000000,7135.000000,3208800
1187,2018-05-29,7175.000000,7203.333500,7001.666500,7058.333500,4557600
1187,2018-05-30,6933.333500,6946.666500,6793.333500,6828.333500,6622500
1187,2018-05-31,6893.333500,6893.333500,6776.666500,6800.000000,5877000
1187,2018-06-01,6795.000000,6863.333500,6763.333500,6795.000000,4305600
1187,2018-06-04,6893.333500,6961.666500,6848.333500,6955.000000,2887500
1187,2018-06-05,6998.333500,7095.000000,6983.333500,7041.666500,3032400
1187,2018-06-06,7083.333500,7086.666500,6958.333500,6988.333500,2380800
1187,2018-06-07,7051.666500,7058.333500,7001.666500,7050.000000,3111000
1187,2018-06-08,7050.000000,7075.000000,6875.000000,6903.333500,6147900
1187,2018-06-11,6885.000000,6960.000000,6835.000000,6848.333500,2616900
1187,2018-06-12,6851.666500,6885.000000,6753.333500,6795.000000,4592700
1187,2018-06-13,6815.000000,6831.666500,6768.333500,6803.333500,2798100
1187,2018-06-14,6758.333500,6796.666500,6685.000000,6685.000000,3814500
1187,2018-06-15,6535.000000,6536.666500,6341.666500,6360.000000,8052900
1187,2018-06-18,6363.333500,6366.666500,6161.666500,6243.333500,5228100
1187,2018-06-19,6246.666500,6300.000000,6133.333500,6185.000000,4065000
1187,2018-06-20,6206.666500,6333.333500,6151.666500,6326.666500,3804600
1187,2018-06-21,6475.000000,6480.000000,6235.000000,6300.000000,4850100
1187,2018-06-22,6253.333500,6326.666500,6191.666500,6318.333500,4103700
1187,2018-06-25,6293.333500,6310.000000,6196.666500,6211.666500,3126900
1187,2018-06-26,6066.666500,6298.333500,6040.000000,6295.000000,5048400
1187,2018-06-27,6340.000000,6376.666500,6271.666500,6278.333500,3675900
1187,2018-06-28,6231.666500,6365.000000,6116.666500,6333.333500,4933500
1187,2018-06-29,6361.666500,6441.666500,6258.333500,6340.000000,4580700
1187,2018-07-02,6350.000000,6436.666500,6233.333500,6245.000000,3457800
1187,2018-07-03,6233.333500,6243.333500,6088.333500,6188.333500,5951100
1187,2018-07-04,5950.000000,6028.333500,5861.666500,5913.333500,6445200
1187,2018-07-05,5843.333500,6035.000000,5840.000000,5940.000000,4786500
1187,2018-07-06,5856.666500,6065.000000,5840.000000,6038.333500,5070600
1187,2018-07-09,6053.333500,6193.333500,6011.666500,6156.666500,3187500
1187,2018-07-10,6236.666500,6305.000000,6205.000000,6270.000000,3550200
1187,2018-07-11,6200.000000,6241.666500,6098.333500,6235.000000,4580100
1187,2018-07-12,6170.000000,6191.666500,6070.000000,6155.000000,4146300
1187,2018-07-13,6210.000000,6306.666500,6186.666500,6235.000000,4019700
1187,2018-07-16,6235.000000,6235.000000,6235.000000,6235.000000,0
1187,2018-07-17,6250.000000,6328.333500,6201.666500,6285.000000,3473100
1187,2018-07-18,6398.333500,6410.000000,6276.666500,6278.333500,2881800
1187,2018-07-19,6405.000000,6505.000000,6383.333500,6443.333500,4375800
1187,2018-07-20,6343.333500,6385.000000,6220.000000,6251.666500,5138400
1187,2018-07-23,6190.000000,6225.000000,6126.666500,6215.000000,3342300
1187,2018-07-24,6231.666500,6291.666500,6150.000000,6263.333500,2402400
1187,2018-07-25,6135.000000,6233.333500,6088.333500,6225.000000,2769300
1187,2018-07-26,6315.000000,6378.333500,6276.666500,6335.000000,4103700
1187,2018-07-27,6500.000000,6523.333500,6248.333500,6325.000000,7112400
1187,2018-07-30,6325.000000,6355.000000,6286.666500,6345.000000,4078200
1187,2018-07-31,6321.666500,6445.000000,6318.333500,6385.000000,3564900
1187,2018-08-01,6446.666500,6591.666500,6440.000000,6581.666500,5390100
1187,2018-08-02,6560.000000,6651.666500,6548.333500,6586.666500,3996000
1187,2018-08-03,6661.666500,6731.666500,6611.666500,6656.666500,3984300
1187,2018-08-06,6633.333500,6643.333500,6506.666500,6528.333500,2718300
1187,2018-08-07,6570.000000,6586.666500,6483.333500,6505.000000,2292300
1187,2018-08-08,6491.666500,6555.000000,6475.000000,6548.333500,3283500
1187,2018-08-09,6575.000000,6575.000000,6478.333500,6483.333500,2648400
1187,2018-08-10,6311.666500,6360.000000,6225.000000,6253.333500,6087300
1187,2018-08-13,6138.333500,6158.333500,6051.666500,6061.666500,4296900
1187,2018-08-14,6136.666500,6200.000000,6108.333500,6196.666500,2793600
1187,2018-08-15,6176.666500,6198.333500,6123.333500,6166.666500,2201100
1187,2018-08-16,5996.666500,6221.666500,5955.000000,6176.666500,4116300
1187,2018-08-17,6151.666500,6163.333500,6048.333500,6091.666500,3641100
1187,2018-08-20,6053.333500,6078.333500,5996.666500,6028.333500,2596500
1187,2018-08-21,5966.666500,6106.666500,5955.000000,6086.666500,2847600
1187,2018-08-22,6091.666500,6260.000000,6091.666500,6230.000000,3119700
1187,2018-08-23,6261.666500,6291.666500,6230.000000,6251.666500,2195100
1187,2018-08-24,6273.333500,6276.666500,6181.666500,6255.000000,2074800
1187,2018-08-27,6303.333500,6388.333500,6266.666500,6381.666500,2917800
1187,2018-08-28,6466.666500,6490.000000,6335.000000,6340.000000,3387000
1187,2018-08-29,6366.666500,6431.666500,6346.666500,6395.000000,2482200
1187,2018-08-30,6435.000000,6458.333500,6371.666500,6391.666500,2571000
1187,2018-08-31,6258.333500,6315.000000,6208.333500,6291.666500,3644700
1187,2018-09-03,6301.666500,6303.333500,6158.333500,6170.000000,3280200
1187,2018-09-04,6176.666500,6235.000000,6168.333500,6171.666500,2286300
1187,2018-09-05,6191.666500,6213.333500,6070.000000,6070.000000,3474900
1187,2018-09-06,6000.000000,6053.333500,5955.000000,5995.000000,3237600
1187,2018-09-07,5666.666500,5673.333500,5551.666500,5638.333500,9516900
1187,2018-09-10,5660.000000,5720.000000,5616.666500,5633.333500,3438600
1187,2018-09-11,5698.333500,5743.333500,5658.333500,5698.333500,2791500
1187,2018-09-12,5678.333500,5688.333500,5461.666500,5511.666500,5946300
1187,2018-09-13,5313.333500,5525.000000,5303.333500,5346.666500,7419900
1187,2018-09-14,5363.333500,5476.666500,5355.000000,5430.000000,7923900
1187,2018-09-17,5430.000000,5430.000000,5430.000000,5430.000000,0
1187,2018-09-18,5333.333500,5441.666500,5293.333500,5413.333500,6069900
1187,2018-09-19,5500.000000,5508.333500,5418.333500,5456.666500,6477300
1187,2018-09-20,5410.000000,5411.666500,5300.000000,5303.333500,8739000
1187,2018-09-21,5300.000000,5345.000000,5211.666500,5310.000000,9781500
1187,2018-09-24,5310.000000,5310.000000,5310.000000,5310.000000,0
1187,2018-09-25,5375.000000,5486.666500,5335.000000,5438.333500,7780500
1187,2018-09-26,5336.666500,5368.333500,5253.333500,5340.000000,6633000
1187,2018-09-27,5285.000000,5298.333500,5150.000000,5151.666500,7359600
1187,2018-09-28,5206.666500,5230.000000,5163.333500,5203.333500,5310300
1187,2018-10-01,5260.000000,5390.000000,5258.333500,5318.333500,5982000
1187,2018-10-02,5295.000000,5326.666500,5240.000000,5283.333500,5830500
1187,2018-10-03,5310.000000,5313.333500,5235.000000,5263.333500,3985500
1187,2018-10-04,5281.666500,5293.333500,5170.000000,5203.333500,4425300
1187,2018-10-05,5141.666500,5150.000000,5026.666500,5066.666500,6030000
1187,2018-10-08,5066.666500,5066.666500,5066.666500,5066.666500,0
1187,2018-10-09,4835.000000,4910.000000,4801.666500,4840.000000,6490200
1187,2018-10-10,4916.666500,4925.000000,4828.333500,4896.666500,4375500
1187,2018-10-11,4636.666500,4760.000000,4600.000000,4706.666500,7618500
1187,2018-10-12,4606.666500,4935.000000,4603.333500,4910.000000,9203400
1187,2018-10-15,4861.666500,4960.000000,4778.333500,4840.000000,5315100
1187,2018-10-16,4833.333500,4868.333500,4730.000000,4856.666500,4548300
1187,2018-10-17,5006.666500,5053.333500,4960.000000,5003.333500,5655300
1187,2018-10-18,4986.666500,4996.666500,4915.000000,4918.333500,3649500
1187,2018-10-19,4843.333500,4996.666500,4836.666500,4995.000000,4647000
1187,2018-10-22,4921.666500,5133.333500,4908.333500,5103.333500,4885500
1187,2018-10-23,5083.333500,5098.333500,4918.333500,4933.333500,5028000
1187,2018-10-24,4983.333500,4985.000000,4813.333500,4881.666500,5784300
1187,2018-10-25,4633.333500,4711.666500,4610.000000,4673.333500,5927700
1187,2018-10-26,4750.000000,4846.666500,4613.333500,4693.333500,5690100
1187,2018-10-29,4693.333500,4783.333500,4691.666500,4738.333500,4088400
1187,2018-10-30,4751.666500,5056.666500,4750.000000,5048.333500,7495800
1187,2018-10-31,5300.000000,5303.333500,5061.666500,5228.333500,7696800
1187,2018-11-01,5066.666500,5088.333500,4886.666500,4900.000000,9196500
1187,2018-11-02,5000.000000,5245.000000,4980.000000,5236.666500,10213500
1187,2018-11-05,5141.666500,5290.000000,5120.000000,5261.666500,4906200
1187,2018-11-06,5233.333500,5270.000000,5163.333500,5201.666500,3639300
1187,2018-11-07,5206.666500,5261.666500,5120.000000,5148.333500,4439400
1187,2018-11-08,5275.000000,5283.333500,5168.333500,5171.666500,4146900
1187,2018-11-09,5151.666500,5200.000000,5020.000000,5040.000000,4166700
1187,2018-11-12,4993.333500,5130.000000,4951.666500,5098.333500,3223800
1187,2018-11-13,4903.333500,5028.333500,4876.666500,5006.666500,4356600
1187,2018-11-14,5060.000000,5106.666500,5015.000000,5070.000000,3211500
1187,2018-11-15,5020.000000,5071.666500,4970.000000,5013.333500,2980500
1187,2018-11-16,4905.000000,4921.666500,4768.333500,4800.000000,6339600
1187,2018-11-19,4860.000000,5013.333500,4828.333500,4973.333500,3819600
1187,2018-11-20,4826.666500,4918.333500,4810.000000,4881.666500,2996400
1187,2018-11-21,4843.333500,5155.000000,4843.333500,5118.333500,6198000
1187,2018-11-22,5118.333500,5206.666500,5040.000000,5176.666500,4797600
1187,2018-11-23,5176.666500,5176.666500,5176.666500,5176.666500,0
1187,2018-11-26,5183.333500,5230.000000,5133.333500,5163.333500,3569100
1187,2018-11-27,5233.333500,5276.666500,5116.666500,5256.666500,4534200
1187,2018-11-28,5211.666500,5293.333500,5158.333500,5280.000000,4073700
1187,2018-11-29,5333.333500,5348.333500,5265.000000,5281.666500,3257400
1187,2018-11-30,5283.333500,5301.666500,5236.666500,5291.666500,4251600
1187,2018-12-03,5381.666500,5398.333500,5333.333500,5338.333500,3943200
1187,2018-12-04,5325.000000,5366.666500,5186.666500,5200.000000,4310100
1187,2018-12-05,5078.333500,5168.333500,5058.333500,5106.666500,3329400
1187,2018-12-06,5033.333500,5033.333500,4798.333500,4875.000000,5888400
1187,2018-12-07,4946.666500,4998.333500,4768.333500,4841.666500,4484100
1187,2018-12-10,4711.666500,4783.333500,4680.000000,4688.333500,4303200
1187,2018-12-11,4675.000000,4710.000000,4590.000000,4628.333500,5069100
1187,2018-12-12,4650.000000,4760.000000,4605.000000,4693.333500,4812300
1187,2018-12-13,4693.333500,4738.333500,4645.000000,4705.000000,2973000
1187,2018-12-14,4623.333500,4651.666500,4448.333500,4448.333500,8304900
1187,2018-12-17,4445.000000,4590.000000,4433.333500,4528.333500,3578100
1187,2018-12-18,4461.666500,4563.333500,4411.666500,4503.333500,3641100
1187,2018-12-19,4371.666500,4413.333500,4293.333500,4305.000000,5507100
1187,2018-12-20,4211.666500,4300.000000,4108.333500,4120.000000,7299300
1187,2018-12-21,4078.333300,4233.333500,4073.333300,4190.000000,6613800
1187,2018-12-24,4190.000000,4190.000000,4190.000000,4190.000000,0
1187,2018-12-25,3980.000000,4058.333300,3910.000000,3911.666700,5874000
1187,2018-12-26,4000.000000,4065.000000,3931.666700,4028.333300,5514300
1187,2018-12-27,4261.666500,4273.333500,4116.666500,4156.666500,5266800
1187,2018-12-28,4105.000000,4203.333500,4100.000000,4171.666500,4176900
1187,2018-12-31,4171.666500,4171.666500,4171.666500,4171.666500,0
1187,2019-01-04,4006.666700,4016.666700,3865.000000,3961.666700,5653800
1187,2019-01-07,4146.666500,4248.333500,4133.333500,4213.333500,5167500
1187,2019-01-08,4233.333500,4301.666500,4181.666500,4280.000000,5411100
1187,2019-01-09,4261.666500,4351.666500,4251.666500,4350.000000,3606900
1187,2019-01-10,4360.000000,4470.000000,4346.666500,4463.333500,5907000
1187,2019-01-11,4516.666500,4541.666500,4473.333500,4508.333500,5156400
1187,2019-01-15,4475.000000,4686.666500,4466.666500,4653.333500,6122100
1187,2019-01-16,4640.000000,4668.333500,4556.666500,4636.666500,4177500
1187,2019-01-17,4656.666500,4670.000000,4530.000000,4545.000000,4458300
1187,2019-01-18,4600.000000,4745.000000,4590.000000,4718.333500,4768800
1187,2019-01-21,4825.000000,4881.666500,4733.333500,4838.333500,4400700
1187,2019-01-22,4811.666500,4835.000000,4730.000000,4753.333500,3255300
1187,2019-01-23,4670.000000,4745.000000,4633.333500,4696.666500,3462600
1187,2019-01-24,4736.666500,4930.000000,4720.000000,4910.000000,6172800
1187,2019-01-25,4961.666500,5176.666500,4961.666500,5140.000000,7505700
1187,2019-01-28,5180.000000,5201.666500,5120.000000,5173.333500,4020300
1187,2019-01-29,5031.666500,5098.333500,4956.666500,5048.333500,4947900
1187,2019-01-30,5120.000000,5151.666500,5055.000000,5100.000000,3260400
1187,2019-01-31,5233.333500,5238.333500,5141.666500,5211.666500,4323600
1187,2019-02-01,5265.000000,5346.666500,5105.000000,5135.000000,5021100
1187,2019-02-04,5160.000000,5243.333500,5143.333500,5243.333500,3114300
1187,2019-02-05,5205.000000,5243.333500,5175.000000,5210.000000,2592300
1187,2019-02-06,5216.666500,5236.666500,5166.666500,5198.333500,2251500
1187,2019-02-07,5290.000000,5340.000000,5240.000000,5286.666500,3614700
1187,2019-02-08,5133.333500,5150.000000,4990.000000,5006.666500,5264700
1187,2019-02-12,5053.333500,5240.000000,5053.333500,5226.666500,4115700
1187,2019-02-13,5356.666500,5400.000000,5295.000000,5393.333500,5988900
1187,2019-02-14,5393.333500,5473.333500,5338.333500,5371.666500,4748400
1187,2019-02-15,5338.333500,5365.000000,5280.000000,5301.666500,3167100
1187,2019-02-18,5433.333500,5435.000000,5293.333500,5298.333500,3234600
1187,2019-02-19,5260.000000,5291.666500,5188.333500,5273.333500,2810400
1187,2019-02-20,5265.000000,5293.333500,5193.333500,5221.666500,2753100
1187,2019-02-21,5206.666500,5303.333500,5188.333500,5268.333500,3288900
1187,2019-02-22,5208.333500,5211.666500,5133.333500,5163.333500,3544200
1187,2019-02-25,5255.000000,5276.666500,5203.333500,5203.333500,2265300
1187,2019-02-26,5240.000000,5240.000000,5125.000000,5160.000000,2703600
1187,2019-02-27,5183.333500,5196.666500,5121.666500,5130.000000,2412300
1187,2019-02-28,5083.333500,5098.333500,4996.666500,5050.000000,3381300
1187,2019-03-01,5071.666500,5135.000000,5061.666500,5128.333500,2055600
1187,2019-03-04,5210.000000,5316.666500,5210.000000,5301.666500,4056300
1187,2019-03-05,5218.333500,5263.333500,5153.333500,5178.333500,3158100
1187,2019-03-06,5131.666500,5168.333500,5110.000000,5136.666500,2548200
1187,2019-03-07,4983.333500,5010.000000,4920.000000,4985.000000,5406000
1187,2019-03-08,4910.000000,4921.666500,4783.333500,4803.333500,6608100
1187,2019-03-11,4850.000000,4911.666500,4733.333500,4875.000000,2862300
1187,2019-03-12,5003.333500,5035.000000,4948.333500,5011.666500,2309700
1187,2019-03-13,4950.000000,4996.666500,4891.666500,4913.333500,2034600
1187,2019-03-14,4991.666500,5015.000000,4916.666500,4948.333500,2415000
1187,2019-03-15,5006.666500,5143.333500,5001.666500,5073.333500,5476800
1187,2019-03-18,5263.333500,5295.000000,5205.000000,5233.333500,3463500
1187,2019-03-19,5166.666500,5216.666500,5115.000000,5191.666500,3841200
1187,2019-03-20,5223.333500,5268.333500,5220.000000,5233.333500,3392100
1187,2019-03-22,5473.333500,5593.333500,5441.666500,5505.000000,9256500
1187,2019-03-25,5311.666500,5395.000000,5303.333500,5391.666500,4978800
1187,2019-03-26,5433.333500,5458.333500,5366.666500,5443.333500,3859200
1187,2019-03-27,5418.333500,5448.333500,5368.333500,5416.666500,3444900
1187,2019-03-28,5316.666500,5363.333500,5250.000000,5335.000000,3513600
1187,2019-03-29,5410.000000,5421.666500,5313.333500,5333.333500,3455700
1187,2019-04-01,5446.666500,5493.333500,5403.333500,5456.666500,3873900
1187,2019-04-02,5600.000000,5650.000000,5565.000000,5638.333500,5879700
1187,2019-04-03,5650.000000,5821.666500,5626.666500,5790.000000,6095400
1187,2019-04-04,5850.000000,5976.666500,5786.666500,5836.666500,6096300
1187,2019-04-05,5835.000000,5920.000000,5813.333500,5895.000000,4265400
1187,2019-04-08,5973.333500,6001.666500,5773.333500,5801.666500,3467400
1187,2019-04-09,5793.333500,5888.333500,5790.000000,5838.333500,2590800
1187,2019-04-10,5715.000000,5813.333500,5690.000000,5805.000000,2873400
1187,2019-04-11,5781.666500,5840.000000,5741.666500,5830.000000,2128800
1187,2019-04-12,5845.000000,5851.666500,5756.666500,5828.333500,3494700
1187,2019-04-15,5925.000000,5935.000000,5851.666500,5855.000000,3141600
1187,2019-04-16,5833.333500,5885.000000,5796.666500,5870.000000,2552400
1187,2019-04-17,5933.333500,6020.000000,5916.666500,5916.666500,4164600
1187,2019-04-18,5990.000000,6038.333500,5905.000000,5915.000000,4665000
1187,2019-04-19,5993.333500,6071.666500,5963.333500,6051.666500,4300500
1187,2019-04-22,6051.666500,6056.666500,5950.000000,5981.666500,2987700
1187,2019-04-23,6033.333500,6033.333500,5915.000000,5966.666500,2751300
1187,2019-04-24,5993.333500,5993.333500,5878.333500,5891.666500,3935400
1187,2019-04-25,5958.333500,6006.666500,5903.333500,5950.000000,4766700
1187,2019-04-26,5833.333500,5885.000000,5711.666500,5881.666500,4684800
1187,2019-05-07,5791.666500,5840.000000,5718.333500,5731.666500,4791000
1187,2019-05-08,5570.000000,5660.000000,5540.000000,5593.333500,4163100
1187,2019-05-09,5518.333500,5626.666500,5505.000000,5593.333500,3690300
1187,2019-05-10,5593.333500,5701.666500,5515.000000,5568.333500,4685700
1187,2019-05-13,5495.000000,5500.000000,5411.666500,5423.333500,3926100
1187,2019-05-14,5256.666500,5475.000000,5238.333500,5425.000000,3739200
1187,2019-05-15,5483.333500,5568.333500,5435.000000,5563.333500,3282900
1187,2019-05-16,5548.333500,5561.666500,5326.666500,5385.000000,3699000
1187,2019-05-17,5505.000000,5586.666500,5406.666500,5408.333500,4696800
1187,2019-05-20,5326.666500,5403.333500,5220.000000,5238.333500,4320300
1187,2019-05-21,5165.000000,5200.000000,5016.666500,5140.000000,4852200
1187,2019-05-22,5263.333500,5278.333500,5091.666500,5095.000000,3711000
1187,2019-05-23,5020.000000,5023.333500,4950.000000,4970.000000,4089600
1187,2019-05-24,4871.666500,4908.333500,4823.333500,4846.666500,5616000
1187,2019-05-27,4825.000000,4905.000000,4816.666500,4871.666500,3017700
1187,2019-05-28,5170.000000,5190.000000,4971.666500,5003.333500,11250900
1187,2019-05-29,4933.333500,4933.333500,4845.000000,4895.000000,5719800
1187,2019-05-30,4938.333500,5060.000000,4933.333500,5056.666500,5663400
1187,2019-05-31,5001.666500,5041.666500,4920.000000,4930.000000,5225100
1187,2019-06-03,4826.666500,4868.333500,4783.333500,4828.333500,4969800
1187,2019-06-04,4860.000000,4985.000000,4858.333500,4985.000000,4934100
1187,2019-06-05,5133.333500,5155.000000,5080.000000,5103.333500,4871100
1187,2019-06-06,5083.333500,5098.333500,4980.000000,4988.333500,3019200
1187,2019-06-07,5051.666500,5143.333500,5051.666500,5128.333500,3378000
1187,2019-06-10,5218.333500,5230.000000,5153.333500,5198.333500,4006500
1187,2019-06-11,5243.333500,5333.333500,5238.333500,5325.000000,3961200
1187,2019-06-12,5283.333500,5313.333500,5185.000000,5188.333500,3915000
1187,2019-06-13,5065.000000,5083.333500,4943.333500,4970.000000,6382200
1187,2019-06-14,4920.000000,4935.000000,4823.333500,4876.666500,7413000
1187,2019-06-17,4600.000000,4775.000000,4586.666500,4755.000000,5945100
1187,2019-06-18,4690.000000,4736.666500,4670.000000,4706.666500,3639300
1187,2019-06-19,4878.333500,4916.666500,4840.000000,4903.333500,5145300
1187,2019-06-20,4903.333500,4955.000000,4808.333500,4948.333500,3729900
1187,2019-06-21,4950.000000,5025.000000,4950.000000,5020.000000,6165900
1187,2019-06-24,4931.666500,4966.666500,4873.333500,4936.666500,3097800
1187,2019-06-25,4883.333500,4906.666500,4766.666500,4773.333500,4743900
1187,2019-06-26,4798.333500,4905.000000,4786.666500,4880.000000,4197900
1187,2019-06-27,4998.333500,5093.333500,4988.333500,5025.000000,5003400
1187,2019-06-28,5016.666500,5045.000000,4965.000000,5040.000000,4001100
1187,2019-07-01,5333.333500,5340.000000,5175.000000,5280.000000,6541800
1187,2019-07-02,5283.333500,5448.333500,5271.666500,5436.666500,6552600
1187,2019-07-03,5366.666500,5416.666500,5330.000000,5390.000000,5549400
1187,2019-07-04,5408.333500,5450.000000,5363.333500,5436.666500,3476400
1187,2019-07-05,5460.000000,5593.333500,5446.666500,5593.333500,5922300
1187,2019-07-08,5576.666500,5615.000000,5560.000000,5598.333500,4404000
1187,2019-07-09,5566.666500,5573.333500,5435.000000,5480.000000,4839300
1187,2019-07-10,5480.000000,5533.333500,5443.333500,5468.333500,3868500
1187,2019-07-11,5478.333500,5565.000000,5478.333500,5553.333500,3817800
1187,2019-07-12,5598.333500,5601.666500,5491.666500,5543.333500,3084000
1187,2019-07-16,5565.000000,5605.000000,5515.000000,5538.333500,2266200
1187,2019-07-17,5445.000000,5538.333500,5390.000000,5525.000000,3081600
1187,2019-07-18,5470.000000,5550.000000,5456.666500,5500.000000,3561600
1187,2019-07-19,5633.333500,5773.333500,5626.666500,5691.666500,6345000
1187,2019-07-22,5703.333500,5773.333500,5698.333500,5756.666500,4454100
1187,2019-07-23,5885.000000,5941.666500,5851.666500,5931.666500,6374100
1187,2019-07-24,6031.666500,6065.000000,5960.000000,5966.666500,6713100
1187,2019-07-25,6063.333500,6183.333500,5931.666500,6183.333500,9216300
1187,2019-07-26,6066.666500,6120.000000,6030.000000,6098.333500,5308200
1187,2019-07-29,5973.333500,6098.333500,5911.666500,6050.000000,5539800
1187,2019-07-30,6138.333500,6288.333500,6123.333500,6233.333500,5121300
1187,2019-07-31,6203.333500,6288.333500,6181.666500,6231.666500,4746900
1187,2019-08-01,6096.666500,6216.666500,6081.666500,6193.333500,3918000
1187,2019-08-02,5983.333500,6165.000000,5966.666500,6150.000000,5887500
1187,2019-08-05,6018.333500,6061.666500,5906.666500,6003.333500,5454600
1187,2019-08-06,5736.666500,6091.666500,5723.333500,6066.666500,6188700
1187,2019-08-07,6058.333500,6065.000000,5956.666500,6056.666500,4635300
1187,2019-08-08,6076.666500,6161.666500,6060.000000,6123.333500,3576000
1187,2019-08-09,6168.333500,6213.333500,6106.666500,6123.333500,3469500
1187,2019-08-13,6033.333500,6105.000000,6016.666500,6086.666500,3270600
1187,2019-08-14,6233.333500,6248.333500,6140.000000,6153.333500,4097100
1187,2019-08-15,6020.000000,6145.000000,6000.000000,6145.000000,4274700
1187,2019-08-16,6240.000000,6306.666500,6195.000000,6266.666500,4614000
1187,2019-08-19,6323.333500,6368.333500,6216.666500,6225.000000,2943900
1187,2019-08-20,6253.333500,6323.333500,6230.000000,6310.000000,2544900
1187,2019-08-21,6325.000000,6391.666500,6313.333500,6368.333500,3181800
1187,2019-08-22,6435.000000,6520.000000,6418.333500,6433.333500,4395900
1187,2019-08-23,6435.000000,6505.000000,6350.000000,6498.333500,4193700
1187,2019-08-26,6333.333500,6360.000000,6281.666500,6305.000000,5395500
1187,2019-08-27,6366.666500,6433.333500,6366.666500,6370.000000,2927100
1187,2019-08-28,6366.666500,6370.000000,6285.000000,6285.000000,2709900
1187,2019-08-29,6316.666500,6328.333500,6193.333500,6226.666500,3203100
1187,2019-08-30,6321.666500,6365.000000,6271.666500,6335.000000,4014600
1187,2019-09-02,6291.666500,6443.333500,6278.333500,6413.333500,2980200
1187,2019-09-03,6436.666500,6463.333500,6338.333500,6338.333500,3380700
1187,2019-09-04,6331.666500,6428.333500,6296.666500,6416.666500,3305100
1187,2019-09-05,6500.000000,6715.000000,6496.666500,6683.333500,8358000
1187,2019-09-06,6753.333500,6816.666500,6626.666500,6668.333500,4607700
1187,2019-09-09,6668.333500,6820.000000,6668.333500,6795.000000,4671000
1187,2019-09-10,6826.666500,6833.333500,6750.000000,6791.666500,4158600
1187,2019-09-11,6791.666500,6808.333500,6710.000000,6800.000000,4216500
1187,2019-09-12,6933.333500,7050.000000,6913.333500,6983.333500,6027900
1187,2019-09-13,7033.333500,7033.333500,6916.666500,6975.000000,6438900
1187,2019-09-17,6950.000000,7010.000000,6911.666500,6971.666500,3274200
1187,2019-09-18,6983.333500,7011.666500,6918.333500,6925.000000,2610900
1187,2019-09-19,7000.000000,7023.333500,6883.333500,6926.666500,3123900
1187,2019-09-20,6903.333500,6975.000000,6845.000000,6923.333500,3738300
1187,2019-09-24,6966.666500,7038.333500,6958.333500,7003.333500,3900000
1187,2019-09-25,6943.333500,6993.333500,6936.666500,6983.333500,2509800
1187,2019-09-26,7066.666500,7110.000000,7020.000000,7051.666500,3412200
1187,2019-09-27,6908.333500,6941.666500,6788.333500,6918.333500,4296900
1187,2019-09-30,6828.333500,6885.000000,6800.000000,6855.000000,3714900
1187,2019-10-01,6936.666500,7028.333500,6925.000000,7015.000000,3635400
1187,2019-10-02,6951.666500,7001.666500,6900.000000,6938.333500,3284400
1187,2019-10-03,6878.333500,7006.666500,6858.333500,6951.666500,3838500
1187,2019-10-04,7031.666500,7070.000000,6978.333500,7010.000000,3507600
1187,2019-10-07,7025.000000,7040.000000,6906.666500,6948.333500,2123700
1187,2019-10-08,7000.000000,7065.000000,6976.666500,7043.333500,2558400
1187,2019-10-09,6968.333500,7081.666500,6941.666500,7075.000000,2966100
1187,2019-10-10,7073.333500,7140.000000,7028.333500,7125.000000,3029400
1187,2019-10-11,7170.000000,7186.666500,7098.333500,7168.333500,3671400
1187,2019-10-15,7256.666500,7286.666500,7208.333500,7268.333500,3622800
1187,2019-10-16,7350.000000,7421.666500,7348.333500,7366.666500,4157400
1187,2019-10-17,7266.666500,7345.000000,7223.333500,7321.666500,3893400
1187,2019-10-18,7321.666500,7335.000000,7223.333500,7250.000000,4323300
1187,2019-10-21,7258.333500,7328.333500,7250.000000,7258.333500,2405700
1187,2019-10-23,7165.000000,7170.000000,6936.666500,6960.000000,7357200
1187,2019-10-24,7068.333500,7133.333500,7038.333500,7111.666500,4512000
1187,2019-10-25,7266.666500,7341.666500,7251.666500,7293.333500,5993700
1187,2019-10-28,7376.666500,7526.666500,7373.333500,7505.000000,4015800
1187,2019-10-29,7593.333500,7626.666500,7461.666500,7500.000000,3412200
1187,2019-10-30,7375.000000,7403.333500,7273.333500,7326.666500,4200600
1187,2019-10-31,7390.000000,7416.666500,7233.333500,7358.333500,4080000
1187,2019-11-01,7146.666500,7428.333500,7123.333500,7415.000000,3550500
1187,2019-11-05,7578.333500,7620.000000,7390.000000,7401.666500,4923000
1187,2019-11-06,7453.333500,7540.000000,7326.666500,7343.333500,3896700
1187,2019-11-07,7343.333500,7431.666500,7335.000000,7386.666500,2598600
1187,2019-11-08,7460.000000,7460.000000,7235.000000,7260.000000,5116500
1187,2019-11-11,7285.000000,7333.333500,7256.666500,7288.333500,1818900
1187,2019-11-12,7298.333500,7373.333500,7290.000000,7358.333500,2109600
1187,2019-11-13,7360.000000,7423.333500,7316.666500,7376.666500,2647500
1187,2019-11-14,7398.333500,7476.666500,7381.666500,7413.333500,2817000
1187,2019-11-15,7423.333500,7583.333500,7351.666500,7581.666500,4378800
1187,2019-11-18,7598.333500,7756.666500,7588.333500,7720.000000,3803400
1187,2019-11-19,7683.333500,7686.666500,7580.000000,7623.333500,2900400
1187,2019-11-20,7566.666500,7621.666500,7476.666500,7503.333500,2967900
1187,2019-11-21,7366.666500,7366.666500,7145.000000,7245.000000,6121200
1187,2019-11-22,7150.000000,7360.000000,7133.333500,7301.666500,3398700
1187,2019-11-25,7400.000000,7441.666500,7341.666500,7400.000000,2512200
1187,2019-11-26,7563.333500,7601.666500,7455.000000,7601.666500,6792000
1187,2019-11-27,7540.000000,7606.666500,7536.666500,7586.666500,2619600
1187,2019-11-28,7616.666500,7635.000000,7536.666500,7548.333500,2315100
1187,2019-11-29,7578.333500,7603.333500,7503.333500,7533.333500,2718300
1187,2019-12-02,7595.000000,7638.333500,7513.333500,7523.333500,2889300
1187,2019-12-03,7418.333500,7538.333500,7381.666500,7538.333500,2397000
1187,2019-12-04,7463.333500,7510.000000,7413.333500,7458.333500,2525400
1187,2019-12-05,7513.333500,7525.000000,7410.000000,7478.333500,2458500
1187,2019-12-06,7500.000000,7571.666500,7481.666500,7493.333500,2242200
1187,2019-12-09,7553.333500,7563.333500,7468.333500,7468.333500,2003400
1187,2019-12-10,7450.000000,7458.333500,7370.000000,7416.666500,2611500
1187,2019-12-11,7466.666500,7523.333500,7445.000000,7475.000000,2368200
1187,2019-12-12,7566.666500,7840.000000,7561.666500,7838.333500,7213500
1187,2019-12-13,8125.000000,8320.000000,8111.666500,8298.333000,8146200
1187,2019-12-16,8273.333000,8360.000000,8223.333000,8303.333000,3236100
1187,2019-12-17,8333.333000,8356.667000,8206.667000,8211.667000,3690900
1187,2019-12-18,8211.667000,8296.667000,8110.000000,8136.666500,3565800
1187,2019-12-19,8123.333500,8125.000000,7966.666500,7970.000000,3417000
1187,2019-12-20,7991.666500,8075.000000,7973.333500,7983.333500,3637500
1187,2019-12-23,8078.333500,8113.333500,7971.666500,7973.333500,2271900
1187,2019-12-24,7966.666500,7970.000000,7881.666500,7920.000000,2136600
1187,2019-12-25,7886.666500,7910.000000,7836.666500,7893.333500,1406100
1187,2019-12-26,7933.333500,8006.666500,7910.000000,7985.000000,1831200
1187,2019-12-27,8033.333500,8050.000000,7956.666500,7958.333500,1827000
1187,2019-12-30,7956.666500,7995.000000,7845.000000,7975.000000,1989300
1187,2020-01-06,7868.333500,7895.000000,7776.666500,7785.000000,3440400
1187,2020-01-07,7830.000000,7861.666500,7755.000000,7838.333500,2783700
1187,2020-01-08,7691.666500,7823.333500,7625.000000,7763.333500,4708200
1187,2020-01-09,7918.333500,8170.000000,7918.333500,8161.666500,4565400
1187,2020-01-10,8231.667000,8366.667000,8185.000000,8280.000000,4650600
1187,2020-01-14,8481.667000,8521.667000,8376.667000,8433.333000,3821700
1187,2020-01-15,8423.333000,8468.333000,8296.667000,8333.333000,2682000
1187,2020-01-16,8193.333000,8356.667000,8166.666500,8350.000000,3046500
1187,2020-01-17,8540.000000,8560.000000,8326.667000,8341.667000,4128000
1187,2020-01-20,8303.333000,8415.000000,8300.000000,8393.333000,1698300
1187,2020-01-21,8360.000000,8373.333000,8186.666500,8200.000000,3614700
1187,2020-01-22,8266.667000,8383.333000,8218.333000,8373.333000,3161700
1187,2020-01-23,8328.333000,8420.000000,8301.667000,8335.000000,2423700
1187,2020-01-24,8438.333000,8488.333000,8333.333000,8403.333000,2781000
1187,2020-01-27,8188.333500,8276.667000,8151.666500,8163.333500,3169800
1187,2020-01-28,7996.666500,8100.000000,7968.333500,8090.000000,3444300
1187,2020-01-29,8166.666500,8285.000000,8105.000000,8260.000000,3638700
1187,2020-01-30,8331.667000,8351.667000,7950.000000,7983.333500,4901400
1187,2020-01-31,8200.000000,8220.000000,7908.333500,8166.666500,4792800
1187,2020-02-03,7875.000000,8048.333500,7823.333500,8023.333500,4205400
1187,2020-02-04,8020.000000,8193.333000,7958.333500,8161.666500,3953100
1187,2020-02-05,8328.333000,8333.333000,8196.667000,8196.667000,3820800
1187,2020-02-06,8248.333000,8273.333000,8153.333500,8183.333500,5080200
1187,2020-02-07,8193.333000,8240.000000,8086.666500,8116.666500,4099200
1187,2020-02-10,8000.000000,8163.333500,7986.666500,8108.333500,2804100
1187,2020-02-12,8220.000000,8391.667000,8186.666500,8391.667000,4702500
1187,2020-02-13,8466.667000,8625.000000,8430.000000,8568.333000,4485600
1187,2020-02-14,8548.333000,8598.333000,8496.667000,8561.667000,2885400
1187,2020-02-17,8488.333000,8538.333000,8401.667000,8471.667000,2159400
1187,2020-02-18,8366.667000,8366.667000,8036.666500,8068.333500,5211900
1187,2020-02-19,8258.333000,8391.667000,8153.333500,8380.000000,4832700
1187,2020-02-20,8515.000000,8553.333000,8316.667000,8388.333000,3095400
1187,2020-02-21,8353.333000,8440.000000,8275.000000,8281.667000,2495700
1187,2020-02-25,7866.666500,8161.666500,7863.333500,8095.000000,4276800
1187,2020-02-26,8053.333500,8085.000000,7908.333500,8050.000000,4312500
1187,2020-02-27,8090.000000,8111.666500,7843.333500,7876.666500,4672500
1187,2020-02-28,7641.666500,7675.000000,7346.666500,7441.666500,7269000
1187,2020-03-02,7383.333500,7850.000000,7353.333500,7776.666500,6366000
1187,2020-03-03,7943.333500,7946.666500,7618.333500,7626.666500,4483800
1187,2020-03-04,7460.000000,7713.333500,7443.333500,7616.666500,3880800
1187,2020-03-05,7710.000000,7775.000000,7571.666500,7653.333500,3937200
1187,2020-03-06,7566.666500,7620.000000,7433.333500,7478.333500,4412700
1187,2020-03-09,7200.000000,7218.333500,7010.000000,7073.333500,5479800
1187,2020-03-10,7016.666500,7378.333500,6736.666500,7348.333500,6444900
1187,2020-03-11,7273.333500,7340.000000,6936.666500,6945.000000,6350100
1187,2020-03-12,6740.000000,6990.000000,6626.666500,6708.333500,6694200
1187,2020-03-13,6133.333500,6708.333500,5916.666500,6280.000000,10557300
1187,2020-03-16,6333.333500,6458.333500,5981.666500,6063.333500,6859800
1187,2020-03-17,5951.666500,6293.333500,5736.666500,5985.000000,9071700
1187,2020-03-18,6251.666500,6255.000000,5945.000000,5976.666500,8327700
1187,2020-03-19,6110.000000,6130.000000,5460.000000,5503.333500,9137400
1187,2020-03-23,5520.000000,5771.666500,5456.666500,5703.333500,6937200
1187,2020-03-24,6333.333500,6731.666500,6245.000000,6731.666500,11838000
1187,2020-03-25,7216.666500,7233.333500,6675.000000,7056.666500,8663400
1187,2020-03-26,6920.000000,7156.666500,6716.666500,6773.333500,5927100
1187,2020-03-27,7066.666500,7141.666500,6911.666500,7116.666500,7440600
1187,2020-03-30,6685.000000,6913.333500,6660.000000,6765.000000,8146500
1187,2020-03-31,6931.666500,6960.000000,6695.000000,6785.000000,6141900
1187,2020-04-01,6718.333500,6795.000000,6450.000000,6520.000000,4740000
1187,2020-04-02,6480.000000,6641.666500,6308.333500,6476.666500,5915400
1187,2020-04-03,6716.666500,6795.000000,6410.000000,6535.000000,5202900
1187,2020-04-06,6548.333500,6981.666500,6460.000000,6971.666500,6103200
1187,2020-04-07,7458.333500,7496.666500,7133.333500,7368.333500,7206000
1187,2020-04-08,7373.333500,7596.666500,7268.333500,7540.000000,6053100
1187,2020-04-09,7615.000000,7646.666500,7470.000000,7646.666500,4139400
1187,2020-04-10,7761.666500,7761.666500,7460.000000,7548.333500,4993200
1187,2020-04-13,7448.333500,7558.333500,7260.000000,7263.333500,4143300
1187,2020-04-14,7383.333500,7603.333500,7303.333500,7551.666500,4753200
1187,2020-04-15,7571.666500,7638.333500,7425.000000,7451.666500,4646100
1187,2020-04-16,7365.000000,7538.333500,7283.333500,7523.333500,4140000
1187,2020-04-17,7733.333500,7850.000000,7673.333500,7813.333500,5572500
1187,2020-04-20,7730.000000,7866.666500,7700.000000,7748.333500,3883500
1187,2020-04-21,7643.333500,7663.333500,7446.666500,7498.333500,4855800
1187,2020-04-22,7470.000000,7505.000000,7295.000000,7385.000000,4767600
1187,2020-04-23,7410.000000,7465.000000,7301.666500,7333.333500,4023300
1187,2020-04-24,7196.666500,7258.333500,7088.333500,7103.333500,4095300
1187,2020-04-27,7133.333500,7316.666500,7131.666500,7295.000000,3729600
1187,2020-04-28,7228.333500,7391.666500,7228.333500,7361.666500,2885100
1187,2020-04-30,7600.000000,7705.000000,7456.666500,7646.666500,5404500
1187,2020-05-01,7368.333500,7453.333500,7201.666500,7225.000000,6363600
1187,2020-05-07,7193.333500,7491.666500,7186.666500,7453.333500,4635900
1187,2020-05-08,7500.000000,7575.000000,7386.666500,7496.666500,4275000
1187,2020-05-11,7580.000000,7693.333500,7506.666500,7573.333500,3340800
1187,2020-05-12,7623.333500,7710.000000,7588.333500,7651.666500,3004800
1187,2020-05-13,7533.333500,7593.333500,7458.333500,7585.000000,3190200
1187,2020-05-14,7530.000000,7531.666500,7341.666500,7358.333500,4103400
1187,2020-05-15,7586.666500,7646.666500,7411.666500,7508.333500,4403400
1187,2020-05-18,7311.666500,7365.000000,7200.000000,7233.333500,4110300
1187,2020-05-19,7435.000000,7448.333500,7270.000000,7270.000000,3334800
1187,2020-05-20,7303.333500,7463.333500,7296.666500,7423.333500,3074700
1187,2020-05-21,7466.666500,7505.000000,7326.666500,7361.666500,2747700
1187,2020-05-22,7403.333500,7416.666500,7300.000000,7375.000000,2610300
1187,2020-05-25,7475.000000,7491.666500,7403.333500,7480.000000,2526300
1187,2020-05-26,7616.666500,7656.666500,7543.333500,7565.000000,3667500
1187,2020-05-27,7398.333500,7441.666500,7241.666500,7296.666500,7470900
1187,2020-05-28,7363.333500,7363.333500,7255.000000,7361.666500,5241600
1187,2020-05-29,7296.666500,7340.000000,7166.666500,7166.666500,8201400
1187,2020-06-01,7273.333500,7490.000000,7226.666500,7485.000000,5459700
1187,2020-06-02,7466.666500,7566.666500,7420.000000,7558.333500,3402000
1187,2020-06-03,7656.666500,7756.666500,7563.333500,7635.000000,4179900
1187,2020-06-04,7766.666500,7808.333500,7695.000000,7728.333500,3639300
1187,2020-06-05,7743.333500,7960.000000,7716.666500,7946.666500,3888000
1187,2020-06-08,8090.000000,8120.000000,8020.000000,8063.333500,3555300
1187,2020-06-09,8013.333500,8026.666500,7816.666500,7845.000000,3744300
1187,2020-06-10,7833.333500,8036.666500,7813.333500,7960.000000,3698400
1187,2020-06-11,7891.666500,8005.000000,7828.333500,7836.666500,3239400
1187,2020-06-12,7605.000000,7740.000000,7446.666500,7721.666500,6090600
1187,2020-06-15,7633.333500,7660.000000,7293.333500,7293.333500,4636500
1187,2020-06-16,7533.333500,7711.666500,7513.333500,7690.000000,4384200
1187,2020-06-17,7646.666500,7756.666500,7600.000000,7686.666500,2564700
1187,2020-06-18,7726.666500,7758.333500,7641.666500,7735.000000,2855400
1187,2020-06-19,8036.666500,8311.667000,7990.000000,8286.667000,9129900
1187,2020-06-22,8366.667000,8485.000000,8233.333000,8361.667000,4555800
1187,2020-06-23,8500.000000,8573.333000,8353.333000,8513.333000,4832400
1187,2020-06-24,8468.333000,8543.333000,8443.333000,8498.333000,2695500
1187,2020-06-25,8450.000000,8548.333000,8421.667000,8515.000000,3311100
1187,2020-06-26,8583.333000,8856.667000,8550.000000,8795.000000,5370600
1187,2020-06-29,8666.667000,8848.333000,8643.333000,8691.667000,3475800
1187,2020-06-30,8893.333000,8900.000000,8780.000000,8813.333000,4281900
1187,2020-07-01,8933.333000,9253.333000,8920.000000,9245.000000,6691800
1187,2020-07-02,9400.000000,9400.000000,9161.667000,9310.000000,5524200
1187,2020-07-03,9318.333000,9603.333000,9260.000000,9573.333000,4573800
1187,2020-07-06,9600.000000,9855.000000,9600.000000,9833.333000,4844400
1187,2020-07-07,9936.667000,10113.333000,9881.667000,9980.000000,5795700
1187,2020-07-08,9901.667000,10016.667000,9885.000000,9936.667000,4442400
1187,2020-07-09,9966.667000,10043.333000,9915.000000,9945.000000,3322800
1187,2020-07-10,9945.000000,10140.000000,9865.000000,9870.000000,4560300
1187,2020-07-13,9935.000000,9941.667000,9678.333000,9756.667000,3839400
1187,2020-07-14,9590.000000,9708.333000,9533.333000,9615.000000,3504600
1187,2020-07-15,9666.667000,9750.000000,9576.667000,9728.333000,3638400
1187,2020-07-16,9500.000000,9531.667000,9393.333000,9480.000000,3903600
1187,2020-07-17,9533.333000,9656.667000,9441.667000,9481.667000,3880500
1187,2020-07-20,9593.333000,9778.333000,9561.667000,9706.667000,4021500
1187,2020-07-21,9886.667000,9970.000000,9773.333000,9933.333000,4837800
1187,2020-07-22,9841.667000,9938.333000,9796.667000,9886.667000,2996400
1187,2020-07-27,9666.667000,9711.667000,9538.333000,9623.333000,3698700
1187,2020-07-28,9731.667000,9790.000000,9600.000000,9653.333000,2823300
1187,2020-07-29,9866.667000,9995.000000,9533.333000,9635.000000,5482500
1187,2020-07-30,9696.667000,9751.667000,9578.333000,9578.333000,2902500
1187,2020-07-31,9615.000000,9635.000000,9406.667000,9600.000000,4049700
1187,2020-08-03,9666.667000,9716.667000,9536.667000,9653.333000,3241800
1187,2020-08-04,9800.000000,9910.000000,9701.667000,9708.333000,3514500
1187,2020-08-05,9701.667000,9740.000000,9620.000000,9728.333000,2263200
1187,2020-08-06,9638.333000,9638.333000,9511.667000,9521.667000,2921700
1187,2020-08-07,9406.667000,9423.333000,9186.667000,9313.333000,3762900
1187,2020-08-11,9271.667000,9356.667000,9161.667000,9336.667000,3164700
1187,2020-08-12,9233.333000,9288.333000,9168.333000,9280.000000,3071100
1187,2020-08-13,9513.333000,9676.667000,9485.000000,9568.333000,3919200
1187,2020-08-14,9596.667000,9606.667000,9458.333000,9563.333000,2770500
1187,2020-08-17,9526.667000,9608.333000,9496.667000,9550.000000,1796400
1187,2020-08-18,9641.667000,9753.333000,9588.333000,9660.000000,2844300
1187,2020-08-19,9590.000000,9628.333000,9461.667000,9575.000000,2835000
1187,2020-08-20,9503.333000,9520.000000,9246.667000,9256.667000,3683400
1187,2020-08-21,9348.333000,9453.333000,9283.333000,9325.000000,2347200
1187,2020-08-24,9183.333000,9316.667000,9166.667000,9280.000000,2082300
1187,2020-08-25,9396.667000,9396.667000,9276.667000,9296.667000,1986000
1187,2020-08-26,9323.333000,9363.333000,9286.667000,9318.333000,1425900
1187,2020-08-27,9318.333000,9378.333000,9238.333000,9378.333000,2273400
1187,2020-08-28,9243.333000,9271.667000,8973.333000,9051.667000,5255400
1187,2020-08-31,9218.333000,9221.667000,9048.333000,9050.000000,2739000
1187,2020-09-01,9200.000000,9245.000000,9120.000000,9171.667000,2878800
1187,2020-09-02,9248.333000,9305.000000,9163.333000,9301.667000,2345100
1187,2020-09-03,9468.333000,9540.000000,9375.000000,9393.333000,3241500
1187,2020-09-04,9110.000000,9198.333000,9073.333000,9136.667000,2793600
1187,2020-09-07,8970.000000,8991.667000,8793.333000,8800.000000,4065600
1187,2020-09-08,8841.667000,8866.667000,8683.333000,8856.667000,2937300
1187,2020-09-09,8590.000000,8685.000000,8575.000000,8675.000000,3462900
1187,2020-09-10,8800.000000,8801.667000,8508.333000,8530.000000,3705000
1187,2020-09-11,8525.000000,8593.333000,8421.667000,8530.000000,4618200
1187,2020-09-14,8495.000000,8551.667000,8421.667000,8515.000000,2644800
1187,2020-09-15,8646.667000,8740.000000,8588.333000,8613.333000,3017700
1187,2020-09-16,8661.667000,8720.000000,8620.000000,8720.000000,2371500
1187,2020-09-17,8786.667000,8791.667000,8665.000000,8723.333000,2768100
1187,2020-09-18,8733.333000,8790.000000,8710.000000,8751.667000,2261700
1187,2020-09-23,8778.333000,8988.333000,8778.333000,8973.333000,3156600
1187,2020-09-24,9015.000000,9191.667000,8960.000000,9153.333000,3826800
1187,2020-09-25,9233.333000,9243.333000,9116.667000,9168.333000,2651100
1187,2020-09-28,9230.000000,9235.000000,8935.000000,9008.333000,3288900
1187,2020-09-29,8978.333000,9308.333000,8960.000000,9266.667000,3300300
1187,2020-09-30,9216.667000,9313.333000,9096.667000,9110.000000,3638700
1187,2020-10-02,9160.000000,9360.000000,9160.000000,9188.333000,2885400
1187,2020-10-05,9188.333000,9231.667000,8981.667000,9041.667000,2528100
1187,2020-10-06,9091.667000,9095.000000,8981.667000,9016.667000,2061600
1187,2020-10-07,8978.333000,9228.333000,8973.333000,9186.667000,3052800
1187,2020-10-08,9216.667000,9533.333000,9216.667000,9526.667000,4014600
1187,2020-10-09,9625.000000,9628.333000,9426.667000,9476.667000,3234300
1187,2020-10-12,9485.000000,9566.667000,9453.333000,9470.000000,1638600
1187,2020-10-13,9520.000000,9581.667000,9476.667000,9581.667000,1834200
1187,2020-10-14,9616.667000,9850.000000,9613.333000,9826.667000,4202100
1187,2020-10-15,9681.667000,9841.667000,9643.333000,9815.000000,2789700
1187,2020-10-16,9795.000000,9850.000000,9616.667000,9671.667000,2094900
1187,2020-10-19,9643.333000,9750.000000,9643.333000,9685.000000,1371000
1187,2020-10-20,9733.333000,9871.667000,9701.667000,9771.667000,2181900
1187,2020-10-21,9773.333000,9806.667000,9698.333000,9700.000000,1577400
1187,2020-10-22,9640.000000,9750.000000,9631.667000,9750.000000,1582200
1187,2020-10-23,9678.333000,9695.000000,9481.667000,9483.333000,2248800
1187,2020-10-26,9548.333000,9566.667000,9416.667000,9471.667000,1180200
1187,2020-10-27,9388.333000,9510.000000,9348.333000,9496.667000,1793400
1187,2020-10-28,9393.333000,9596.667000,9393.333000,9593.333000,2160900
1187,2020-10-29,9473.333000,9680.000000,9450.000000,9665.000000,2023200
1187,2020-10-30,9765.000000,9766.667000,9295.000000,9300.000000,3624300
1187,2020-11-02,9348.333000,9361.667000,9125.000000,9293.333000,2333700
1187,2020-11-04,9416.667000,9466.667000,9280.000000,9303.333000,2830500
1187,2020-11-05,9500.000000,9808.333000,9500.000000,9683.333000,5062200
1187,2020-11-06,9543.333000,9733.333000,9535.000000,9676.667000,2599500
1187,2020-11-09,9771.667000,10040.000000,9766.667000,9978.333000,3621600
1187,2020-11-10,9968.333000,10040.000000,9773.333000,9823.333000,3194100
1187,2020-11-11,9765.000000,10013.333000,9735.000000,9946.667000,2890500
1187,2020-11-12,10086.667000,10133.333000,9980.000000,10073.333000,3633900
1187,2020-11-13,10083.333000,10383.333000,10040.000000,10343.333000,5063400
1187,2020-11-16,10576.667000,10923.333000,10546.667000,10856.667000,3925800
1187,2020-11-17,10893.333000,11146.667000,10870.000000,11000.000000,3425400
1187,2020-11-18,10786.667000,10936.667000,10716.667000,10790.000000,2580300
1187,2020-11-19,10663.333000,10700.000000,10523.333000,10600.000000,2786700
1187,2020-11-20,10616.667000,10763.333000,10600.000000,10713.333000,1824900
1187,2020-11-24,11063.333000,11366.667000,11033.333000,11313.333000,3362400
1187,2020-11-25,11350.000000,11480.000000,11260.000000,11296.667000,3314100
1187,2020-11-26,11333.333000,11666.667000,11316.667000,11666.667000,2693400
1187,2020-11-27,11650.000000,11746.667000,11506.667000,11736.667000,2631600
1187,2020-11-30,11933.333000,11986.667000,11736.667000,11823.333000,3081900
1187,2020-12-01,11926.667000,12286.667000,11916.667000,12240.000000,2952300
1187,2020-12-02,12440.000000,12456.667000,12183.333000,12283.333000,2939700
1187,2020-12-03,12283.333000,12580.000000,12266.667000,12516.667000,2703000
1187,2020-12-04,12340.000000,12376.667000,12043.333000,12126.667000,3744900
1187,2020-12-07,12290.000000,12406.667000,12170.000000,12296.667000,2526300
1187,2020-12-08,12286.667000,12546.667000,12186.667000,12450.000000,2284500
1187,2020-12-09,12410.000000,12526.667000,12293.333000,12390.000000,2261400
1187,2020-12-10,12196.667000,12226.667000,12060.000000,12140.000000,2238300
1187,2020-12-11,12026.667000,12193.333000,12026.667000,12116.667000,2636700
1187,2020-12-14,12153.333000,12293.333000,12090.000000,12233.333000,1608000
1187,2020-12-15,12063.333000,12186.667000,12016.667000,12150.000000,1710600
1187,2020-12-16,12253.333000,12266.667000,12080.000000,12100.000000,1630200
1187,2020-12-17,12150.000000,12426.667000,12133.333000,12416.667000,2277900
1187,2020-12-18,12170.000000,12276.667000,12026.667000,12083.333000,3364200
1187,2020-12-21,12163.333000,12230.000000,12030.000000,12146.667000,1889100
1187,2020-12-22,12100.000000,12193.333000,11993.333000,12016.667000,1723500
1187,2020-12-23,12113.333000,12186.667000,12020.000000,12186.667000,1355100
1187,2020-12-24,12150.000000,12183.333000,12106.667000,12166.667000,887100
1187,2020-12-25,12200.000000,12200.000000,12126.667000,12130.000000,587700
1187,2020-12-28,12110.000000,12473.333000,12106.667000,12460.000000,1891200
1187,2020-12-29,12500.000000,12933.333000,12470.000000,12886.667000,2843400
1187,2020-12-30,12833.333000,12960.000000,12726.667000,12800.000000,2285100
1187,2021-01-04,12700.000000,12770.000000,12506.667000,12636.667000,2264100
1187,2021-01-05,12636.667000,13016.667000,12630.000000,12960.000000,3134700
1187,2021-01-06,12970.000000,13030.000000,12716.667000,12756.667000,2601900
1187,2021-01-07,12890.000000,13050.000000,12806.667000,13050.000000,2885400
1187,2021-01-08,13333.333000,13643.333000,13296.667000,13560.000000,3724200
1187,2021-01-12,13553.333000,13800.000000,13483.333000,13600.000000,2804100
1187,2021-01-13,13820.000000,14433.333000,13770.000000,14316.667000,4389600
1187,2021-01-14,14170.000000,14560.000000,13840.000000,14083.333000,5135100
1187,2021-01-15,14676.667000,14886.667000,14436.667000,14633.333000,5219700
1187,2021-01-18,14273.333000,14560.000000,14116.667000,14406.667000,2787900
1187,2021-01-19,14473.333000,14750.000000,14460.000000,14710.000000,2711100
1187,2021-01-20,14933.333000,15026.667000,14740.000000,14843.333000,2970300
1187,2021-01-21,14866.667000,14916.667000,14530.000000,14736.667000,2989800
1187,2021-01-22,14646.667000,14730.000000,14503.333000,14503.333000,2733300
1187,2021-01-25,14613.333000,14660.000000,14473.333000,14656.667000,2280600
1187,2021-01-26,14666.667000,15056.667000,14650.000000,14803.333000,3763500
1187,2021-01-27,14540.000000,14850.000000,14316.667000,14633.333000,3671100
1187,2021-01-28,14066.667000,14353.333000,13956.667000,13956.667000,6055500
1187,2021-01-29,14190.000000,14290.000000,13210.000000,13270.000000,6451500
1187,2021-02-01,13043.333000,13600.000000,13000.000000,13430.000000,2906700
1187,2021-02-02,13666.667000,13826.667000,13436.667000,13716.667000,2636100
1187,2021-02-03,13920.000000,13923.333000,13533.333000,13610.000000,2270400
1187,2021-02-04,13270.000000,13446.667000,13190.000000,13256.667000,2482200
1187,2021-02-05,13470.000000,13556.667000,13283.333000,13506.667000,2535000
1187,2021-02-08,13463.333000,13813.333000,13296.667000,13716.667000,2544300
1187,2021-02-09,13963.333000,14033.333000,13820.000000,13976.667000,2757900
1187,2021-02-10,13936.667000,14013.333000,13750.000000,13823.333000,2507100
1187,2021-02-12,14203.333000,14523.333000,14080.000000,14330.000000,4614600
1187,2021-02-15,14503.333000,14550.000000,14373.333000,14520.000000,2097300
1187,2021-02-16,14626.667000,14896.667000,14570.000000,14703.333000,3395700
1187,2021-02-17,14553.333000,14563.333000,14220.000000,14380.000000,3306900
1187,2021-02-18,14230.000000,14433.333000,14190.000000,14293.333000,2297700
1187,2021-02-19,14143.333000,14600.000000,14136.667000,14513.333000,2886300
1187,2021-02-22,14716.667000,15493.333000,14703.333000,15433.333000,6275400
1187,2021-02-24,15043.333000,15380.000000,14920.000000,15010.000000,4765800
1187,2021-02-25,15400.000000,15606.667000,15070.000000,15233.333000,3109800
1187,2021-02-26,14623.333000,14900.000000,14500.000000,14516.667000,5043000
1187,2021-03-01,14983.333000,15086.667000,14756.667000,14820.000000,2543400
1187,2021-03-02,15053.333000,15163.333000,14673.333000,14710.000000,2592600
1187,2021-03-03,14526.667000,14660.000000,14363.333000,14530.000000,2196600
1187,2021-03-04,14170.000000,14400.000000,14093.333000,14176.667000,2856600
1187,2021-03-05,13803.333000,13896.667000,13460.000000,13826.667000,4247400
1187,2021-03-08,14100.000000,14163.333000,13660.000000,13670.000000,2765400
1187,2021-03-09,13253.333000,13806.667000,13076.667000,13626.667000,4273800
1187,2021-03-10,14000.000000,14126.667000,13536.667000,13550.000000,3538200
1187,2021-03-11,13360.000000,13493.333000,13156.667000,13470.000000,3579300
1187,2021-03-12,13703.333000,14103.333000,13646.667000,14073.333000,4814400
1187,2021-03-15,14043.333000,14060.000000,13720.000000,13853.333000,2289600
1187,2021-03-16,14020.000000,14260.000000,13993.333000,14066.667000,2414700
1187,2021-03-17,14170.000000,14366.667000,13953.333000,14033.333000,2410200
1187,2021-03-18,14353.333000,14690.000000,14333.333000,14416.667000,3245400
1187,2021-03-19,14000.000000,14140.000000,13893.333000,14043.333000,3778200
1187,2021-03-22,13933.333000,14003.333000,13810.000000,13833.333000,2748300
1187,2021-03-23,14166.667000,14360.000000,14010.000000,14040.000000,3299100
1187,2021-03-24,14343.333000,14946.667000,14320.000000,14750.000000,5829900
1187,2021-03-25,14516.667000,14660.000000,14156.667000,14530.000000,4190400
1187,2021-03-26,14763.333000,14923.333000,14560.000000,14756.667000,2912700
1187,2021-03-29,15223.333000,15393.333000,15150.000000,15246.667000,4374300
1187,2021-03-30,15333.333000,15550.000000,15300.000000,15516.667000,3442500
1187,2021-03-31,15750.000000,15773.333000,15476.667000,15596.667000,2999700
1187,2021-04-01,16000.000000,16400.000000,15980.000000,16326.667000,4743900
1187,2021-04-02,16850.000000,17043.334000,16740.000000,16816.666000,3600000
1187,2021-04-05,17100.000000,17100.000000,16840.000000,16876.666000,2812500
1187,2021-04-06,16816.666000,16856.666000,16466.666000,16493.334000,3867300
1187,2021-04-07,16260.000000,16613.334000,16243.333000,16416.666000,3831600
1187,2021-04-08,16293.333000,16640.000000,16203.333000,16616.666000,3034500
1187,2021-04-09,16686.666000,16806.666000,16526.666000,16576.666000,3520500
1187,2021-04-12,16640.000000,16660.000000,16433.334000,16483.334000,1641900
1187,2021-04-13,16370.000000,16653.334000,16206.667000,16483.334000,2497800
1187,2021-04-14,16450.000000,16660.000000,16436.666000,16636.666000,1786500
1187,2021-04-15,16300.000000,16423.334000,16210.000000,16313.333000,2359200
1187,2021-04-16,16523.334000,16543.334000,16353.333000,16373.333000,2219100
1187,2021-04-19,16433.334000,16706.666000,16400.000000,16683.334000,2055900
1187,2021-04-20,16366.667000,16460.000000,16300.000000,16300.000000,2927100
1187,2021-04-21,16050.000000,16176.667000,15790.000000,15810.000000,3255600
1187,2021-04-22,16276.667000,16533.334000,16220.000000,16533.334000,3249900
1187,2021-04-23,16266.667000,16293.333000,16016.667000,16293.333000,2542800
1187,2021-04-26,16303.333000,16406.666000,16270.000000,16353.333000,2029500
1187,2021-04-27,16563.334000,16683.334000,16343.333000,16363.333000,2560200
1187,2021-04-28,16283.333000,16556.666000,16243.333000,16453.334000,1866300
1187,2021-04-30,16400.000000,16446.666000,16006.667000,16106.667000,2916900
1187,2021-05-06,15886.667000,16283.333000,15636.667000,16250.000000,4283700
1187,2021-05-07,16400.000000,16716.666000,16263.333000,16636.666000,3405000
1187,2021-05-10,16743.334000,16900.000000,16660.000000,16686.666000,2263800
1187,2021-05-11,16223.333000,16300.000000,15916.667000,16000.000000,3785400
1187,2021-05-12,16160.000000,16290.000000,15306.667000,15493.333000,5118600
1187,2021-05-13,14950.000000,15093.333000,14740.000000,14766.667000,4267200
1187,2021-05-14,15133.333000,15493.333000,15126.667000,15470.000000,3633000
1187,2021-05-17,15700.000000,15710.000000,14790.000000,14900.000000,3789300
1187,2021-05-18,15010.000000,15140.000000,14800.000000,15093.333000,3063300
1187,2021-05-19,14773.333000,15076.667000,14666.667000,14983.333000,2751600
1187,2021-05-20,14966.667000,15330.000000,14900.000000,15290.000000,2754000
1187,2021-05-21,15593.333000,15626.667000,15326.667000,15490.000000,3056700
1187,2021-05-24,15380.000000,15563.333000,15323.333000,15353.333000,1978200
1187,2021-05-25,15586.667000,15703.333000,15436.667000,15623.333000,2726700
1187,2021-05-26,15603.333000,15773.333000,15580.000000,15653.333000,2402100
1187,2021-05-27,15570.000000,15740.000000,15516.667000,15706.667000,5277300
1187,2021-05-28,15833.333000,16123.333000,15733.333000,16096.667000,3193200
1187,2021-05-31,16110.000000,16223.333000,16090.000000,16220.000000,2102700
1187,2021-06-01,16333.333000,16380.000000,16053.333000,16226.667000,1891200
1187,2021-06-02,16190.000000,16203.333000,16010.000000,16113.333000,2327400
1187,2021-06-03,16030.000000,16433.334000,16010.000000,16413.334000,2403300
1187,2021-06-04,16266.667000,16346.667000,16110.000000,16150.000000,2159700
1187,2021-06-07,16476.666000,16510.000000,16140.000000,16183.333000,2273700
1187,2021-06-08,16333.333000,16370.000000,16073.333000,16090.000000,1960200
1187,2021-06-09,15843.333000,15850.000000,15536.667000,15606.667000,2840400
1187,2021-06-10,15533.333000,15923.333000,15500.000000,15856.667000,1954200
1187,2021-06-11,15933.333000,16130.000000,15856.667000,15960.000000,2309100
1187,2021-06-14,16083.333000,16226.667000,15980.000000,16226.667000,1357800
1187,2021-06-15,16370.000000,16500.000000,16303.333000,16500.000000,2743800
1187,2021-06-16,16366.667000,16396.666000,16220.000000,16326.667000,2124600
1187,2021-06-17,16160.000000,16413.334000,16056.667000,16410.000000,1891800
1187,2021-06-18,16580.000000,16703.334000,16466.666000,16520.000000,2414400
1187,2021-06-21,16053.333000,16196.667000,15733.333000,15856.667000,4189800
1187,2021-06-22,16033.333000,16133.333000,15913.333000,16106.667000,2825400
1187,2021-06-23,16183.333000,16283.333000,16056.667000,16250.000000,1838400
1187,2021-06-24,16296.667000,16343.333000,16150.000000,16210.000000,1289700
1187,2021-06-25,16373.333000,16453.334000,16303.333000,16323.333000,1595400
1187,2021-06-28,16246.667000,16266.667000,16050.000000,16056.667000,1739400
1187,2021-06-29,16233.333000,16270.000000,16013.333000,16023.333000,2007000
1187,2021-06-30,16020.000000,16110.000000,16006.667000,16026.667000,1434000
1187,2021-07-01,15950.000000,16046.667000,15820.000000,15980.000000,1852500
1187,2021-07-02,15766.667000,15823.333000,15583.333000,15643.333000,2620200
1187,2021-07-05,15703.333000,15710.000000,15573.333000,15643.333000,1118100
1187,2021-07-06,15623.333000,15710.000000,15560.000000,15643.333000,855900
1187,2021-07-07,15453.333000,15666.667000,15393.333000,15580.000000,1921200
1187,2021-07-08,15393.333000,15450.000000,15133.333000,15223.333000,2868900
1187,2021-07-09,14996.667000,15326.667000,14940.000000,15280.000000,3612600
1187,2021-07-12,15500.000000,15570.000000,15406.667000,15570.000000,1863000
1187,2021-07-13,15600.000000,15633.333000,15440.000000,15466.667000,1640100
1187,2021-07-14,15373.333000,15583.333000,15250.000000,15460.000000,1590900
1187,2021-07-15,15456.667000,15503.333000,15356.667000,15416.667000,1706100
1187,2021-07-16,15220.000000,15303.333000,14936.667000,15166.667000,3159600
1187,2021-07-19,14950.000000,15050.000000,14793.333000,14850.000000,2322900
1187,2021-07-20,14753.333000,15073.333000,14736.667000,14793.333000,2470500
1187,2021-07-21,14973.333000,15046.667000,14776.667000,14933.333000,2166000
1187,2021-07-26,15373.333000,15373.333000,15093.333000,15123.333000,1848900
1187,2021-07-27,15033.333000,15223.333000,14963.333000,15173.333000,1224600
1187,2021-07-28,14940.000000,14966.667000,14706.667000,14793.333000,2300400
1187,2021-07-29,14906.667000,15180.000000,14870.000000,15163.333000,2053800
1187,2021-07-30,15193.333000,15210.000000,14956.667000,14973.333000,1605300
1187,2021-08-02,15326.667000,15540.000000,15273.333000,15516.667000,2346300
1187,2021-08-03,15546.667000,15620.000000,15390.000000,15496.667000,1458000
1187,2021-08-04,15403.333000,15486.667000,15266.667000,15486.667000,1326900
1187,2021-08-05,15616.667000,15830.000000,15610.000000,15830.000000,1788600
1187,2021-08-06,15700.000000,15800.000000,15640.000000,15800.000000,1169700
1187,2021-08-10,15800.000000,15903.333000,15646.667000,15733.333000,1534800
1187,2021-08-11,15476.667000,15520.000000,15273.333000,15346.667000,2330700
1187,2021-08-12,15023.333000,15213.333000,14906.667000,15113.333000,2234400
1187,2021-08-13,14873.333000,14966.667000,14750.000000,14833.333000,3275400
1187,2021-08-16,15023.333000,15066.667000,14853.333000,14976.667000,2477400
1187,2021-08-17,15393.333000,15423.333000,14866.667000,14866.667000,3471900
1187,2021-08-18,14670.000000,14860.000000,14533.333000,14776.667000,3240900
1187,2021-08-19,14443.333000,14573.333000,14273.333000,14273.333000,3418200
1187,2021-08-20,14396.667000,14523.333000,14223.333000,14313.333000,2749800
1187,2021-08-23,14343.333000,14730.000000,14330.000000,14696.667000,3096300
1187,2021-08-24,15000.000000,15080.000000,14893.333000,14990.000000,2713500
1187,2021-08-25,14963.333000,15073.333000,14860.000000,14916.667000,1462200
1187,2021-08-26,15036.667000,15293.333000,15023.333000,15226.667000,2333400
1187,2021-08-27,15250.000000,15366.667000,15150.000000,15360.000000,2170500
1187,2021-08-30,15666.667000,15713.333000,15436.667000,15523.333000,2504400
1187,2021-08-31,15536.667000,15756.667000,15406.667000,15746.667000,3068700
1187,2021-09-01,15740.000000,15870.000000,15653.333000,15826.667000,2647800
1187,2021-09-02,15900.000000,16083.333000,15896.667000,16010.000000,2554800
1187,2021-09-03,16203.333000,16426.666000,16130.000000,16330.000000,3882900
1187,2021-09-06,16706.666000,16750.000000,16570.000000,16726.666000,3104400
1187,2021-09-07,16876.666000,17000.000000,16833.334000,16886.666000,3054900
1187,2021-09-08,16833.334000,17283.334000,16800.000000,17283.334000,3590700
1187,2021-09-09,17120.000000,17463.334000,17080.000000,17333.334000,2839500
1187,2021-09-10,17560.000000,18203.334000,17520.000000,18183.334000,5070300
1187,2021-09-13,18593.334000,18673.334000,18233.334000,18456.666000,2922300
1187,2021-09-14,18623.334000,18636.666000,18356.666000,18536.666000,2454000
1187,2021-09-15,18500.000000,18880.000000,18500.000000,18823.334000,2714700
1187,2021-09-16,18836.666000,18946.666000,18056.666000,18250.000000,3692700
1187,2021-09-17,18246.666000,18620.000000,18240.000000,18476.666000,3811200
1187,2021-09-21,17866.666000,18283.334000,17806.666000,18023.334000,3011100
1187,2021-09-22,18016.666000,18146.666000,17930.000000,17953.334000,1839000
1187,2021-09-24,18356.666000,18366.666000,18083.334000,18143.334000,2111100
1187,2021-09-27,18100.000000,18160.000000,17946.666000,18136.666000,1790100
1187,2021-09-28,18086.666000,18086.666000,17716.666000,17946.666000,2713800
1187,2021-09-29,17093.334000,17313.334000,16956.666000,17000.000000,4476900
1187,2021-09-30,16766.666000,16833.334000,16450.000000,16556.666000,4567500
1187,2021-10-01,16420.000000,16900.000000,16210.000000,16300.000000,3460800
1187,2021-10-04,16473.334000,16493.334000,15690.000000,15716.667000,2951400
1187,2021-10-05,15250.000000,15463.333000,14906.667000,15373.333000,4285800
1187,2021-10-06,15733.333000,15786.667000,15006.667000,15053.333000,4115400
1187,2021-10-07,15236.667000,15553.333000,15140.000000,15296.667000,2935800
1187,2021-10-08,15846.667000,15946.667000,15486.667000,15793.333000,5203800
1187,2021-10-11,15636.667000,15883.333000,15383.333000,15603.333000,3255000
1187,2021-10-12,15570.000000,15836.667000,15443.333000,15510.000000,2562000
1187,2021-10-13,15223.333000,15540.000000,15040.000000,15250.000000,2513700
1187,2021-10-14,15600.000000,16066.667000,15523.333000,16040.000000,4225800
1187,2021-10-15,16506.666000,16550.000000,16240.000000,16516.666000,3752400
1187,2021-10-18,16486.666000,16713.334000,16373.333000,16670.000000,2667600
1187,2021-10-19,16803.334000,17126.666000,16776.666000,16980.000000,2697300
1187,2021-10-20,17333.334000,17383.334000,16906.666000,16986.666000,2479800
1187,2021-10-21,16420.000000,16686.666000,16170.000000,16203.333000,3261600
1187,2021-10-22,16386.666000,17050.000000,16370.000000,16916.666000,4318800
1187,2021-10-25,16563.334000,16766.666000,16446.666000,16710.000000,2250000
1187,2021-10-26,17080.000000,17173.334000,16973.334000,17103.334000,2754900
1187,2021-10-27,16966.666000,17136.666000,16800.000000,17136.666000,2016600
1187,2021-10-28,17200.000000,17560.000000,17140.000000,17483.334000,6294300
1187,2021-10-29,17466.666000,17696.666000,17220.000000,17616.666000,3118200
1187,2021-11-01,17983.334000,18370.000000,17890.000000,18370.000000,3680100
1187,2021-11-02,18333.334000,18550.000000,18266.666000,18410.000000,2316900
1187,2021-11-04,18833.334000,18940.000000,18663.334000,18750.000000,2643900
1187,2021-11-05,19000.000000,19186.666000,18856.666000,18866.666000,2515800
1187,2021-11-08,19033.334000,19216.666000,18963.334000,19103.334000,1982700
1187,2021-11-09,19216.666000,19310.000000,19016.666000,19063.334000,2079600
1187,2021-11-10,18806.666000,18996.666000,18623.334000,18666.666000,2127900
1187,2021-11-11,18333.334000,18910.000000,18223.334000,18840.000000,2706000
1187,2021-11-12,18926.666000,19236.666000,18843.334000,19210.000000,2900700
1187,2021-11-15,19666.666000,19723.334000,19303.334000,19396.666000,3413700
1187,2021-11-16,19396.666000,19686.666000,19170.000000,19666.666000,2557200
1187,2021-11-17,19910.000000,20376.666000,19910.000000,20316.666000,3585900
1187,2021-11-18,20333.334000,20380.000000,20036.666000,20203.334000,2805000
1187,2021-11-19,20516.666000,21366.666000,20420.000000,20940.000000,5169600
1187,2021-11-22,20723.334000,21066.666000,20646.666000,21013.334000,3009000
1187,2021-11-24,20606.666000,20976.666000,20513.334000,20636.666000,2969700
1187,2021-11-25,20833.334000,20953.334000,20553.334000,20760.000000,2036700
1187,2021-11-26,20750.000000,20810.000000,20006.666000,20280.000000,3522000
1187,2021-11-29,20006.666000,20626.666000,20003.334000,20200.000000,4141800
1187,2021-11-30,20666.666000,20916.666000,19946.666000,19946.666000,6311400
1187,2021-12-01,20123.334000,20300.000000,19776.666000,19976.666000,3503700
1187,2021-12-02,19996.666000,20190.000000,19703.334000,19860.000000,3441600
1187,2021-12-03,19753.334000,19773.334000,19160.000000,19766.666000,3615900
1187,2021-12-06,19743.334000,20133.334000,19506.666000,20020.000000,2457900
1187,2021-12-07,20140.000000,20553.334000,19916.666000,20396.666000,3675000
1187,2021-12-08,21000.000000,21226.666000,20773.334000,20970.000000,3269100
1187,2021-12-09,20796.666000,21113.334000,20703.334000,20876.666000,2431800
1187,2021-12-10,20623.334000,20893.334000,20583.334000,20613.334000,3474300
1187,2021-12-13,20856.666000,20960.000000,20703.334000,20896.666000,2098800
1187,2021-12-14,20666.666000,20836.666000,20430.000000,20513.334000,2585100
1187,2021-12-15,20400.000000,20500.000000,20240.000000,20456.666000,1844400
1187,2021-12-16,21036.666000,21096.666000,20836.666000,21093.334000,2847900
1187,2021-12-17,20590.000000,20780.000000,20423.334000,20423.334000,3277800
1187,2021-12-20,20246.666000,20390.000000,19723.334000,19866.666000,3197100
1187,2021-12-21,20286.666000,20770.000000,20186.666000,20740.000000,3184200
1187,2021-12-22,20983.334000,20996.666000,20750.000000,20893.334000,2052000
1187,2021-12-23,21000.000000,21166.666000,20926.666000,21166.666000,1563600
1187,2021-12-24,21326.666000,21583.334000,21283.334000,21420.000000,1838100
1187,2021-12-27,21633.334000,21883.334000,21603.334000,21866.666000,2207400
1187,2021-12-28,22213.334000,22330.000000,22006.666000,22263.334000,2658600
1187,2021-12-29,22166.666000,22183.334000,21763.334000,22046.666000,2244900
1187,2021-12-30,22076.666000,22196.666000,21763.334000,22093.334000,2475300
1187,2022-01-04,22426.666000,23056.666000,22420.000000,22806.666000,3359400
1187,2022-01-05,22496.666000,22763.334000,22450.000000,22486.666000,2648700
1187,2022-01-06,22000.000000,22223.334000,21670.000000,21670.000000,3176100
1187,2022-01-07,22030.000000,22086.666000,21536.666000,21640.000000,2580900
1187,2022-01-11,21306.666000,21473.334000,20890.000000,20916.666000,3452400
1187,2022-01-12,21373.334000,21780.000000,21356.666000,21700.000000,2729400
1187,2022-01-13,21653.334000,21893.334000,21533.334000,21776.666000,2192100
1187,2022-01-14,21673.334000,21803.334000,21400.000000,21740.000000,3717900
1187,2022-01-17,21976.666000,22093.334000,21810.000000,21836.666000,1825500
1187,2022-01-18,21896.666000,22366.666000,21716.666000,21853.334000,2588700
1187,2022-01-19,21200.000000,21200.000000,20350.000000,20530.000000,4611000
1187,2022-01-20,20000.000000,20546.666000,19923.334000,20436.666000,3569700
1187,2022-01-21,19666.666000,19733.334000,18813.334000,19170.000000,5414700
1187,2022-01-24,18673.334000,19523.334000,18600.000000,19480.000000,4221000
1187,2022-01-25,19533.334000,19723.334000,18800.000000,18956.666000,4336500
1187,2022-01-26,18670.000000,18946.666000,18390.000000,18803.334000,3986100
1187,2022-01-27,19113.334000,19166.666000,17800.000000,17893.334000,6080100
1187,2022-01-28,17996.666000,18043.334000,17223.334000,17656.666000,5295000
1187,2022-01-31,17770.000000,18446.666000,17563.334000,18243.334000,3619200
1187,2022-02-01,19153.334000,19183.334000,18296.666000,18456.666000,3812400
1187,2022-02-02,18640.000000,19050.000000,18553.334000,18833.334000,3123600
1187,2022-02-03,18546.666000,18660.000000,18193.334000,18400.000000,2825100
1187,2022-02-04,18213.334000,18690.000000,18200.000000,18680.000000,2664600
1187,2022-02-07,18600.000000,18600.000000,18226.666000,18423.334000,2216100
1187,2022-02-08,18530.000000,18753.334000,18426.666000,18496.666000,2185500
1187,2022-02-09,18723.334000,18830.000000,18533.334000,18710.000000,3228000
1187,2022-02-10,19120.000000,19343.334000,18800.000000,19050.000000,4812900
1187,2022-02-14,18383.334000,19016.666000,18333.334000,18860.000000,4703400
1187,2022-02-15,18983.334000,19040.000000,18373.334000,18406.666000,3324900
1187,2022-02-16,19073.334000,19350.000000,18910.000000,19310.000000,3443700
1187,2022-02-17,19213.334000,19633.334000,19176.666000,19406.666000,3831300
1187,2022-02-18,19073.334000,19113.334000,18656.666000,18936.666000,4252200
1187,2022-02-21,18146.666000,18536.666000,17970.000000,18380.000000,3472500
1187,2022-02-22,17713.334000,17900.000000,17440.000000,17636.666000,4347300
1187,2022-02-24,17506.666000,17950.000000,17466.666000,17833.334000,5334000
1187,2022-02-25,18500.000000,18873.334000,18316.666000,18866.666000,4920000
1187,2022-02-28,18533.334000,18936.666000,18300.000000,18590.000000,4084200
1187,2022-03-01,18933.334000,19230.000000,18780.000000,19216.666000,3445200
1187,2022-03-02,18813.334000,19110.000000,18686.666000,18833.334000,3441000
1187,2022-03-03,19196.666000,19213.334000,18816.666000,18920.000000,2565600
1187,2022-03-04,18670.000000,18710.000000,17976.666000,18196.666000,4505700
1187,2022-03-07,17370.000000,17693.334000,17250.000000,17310.000000,3935400
1187,2022-03-08,16730.000000,17563.334000,16703.334000,17243.334000,4488600
1187,2022-03-09,17316.666000,17553.334000,17046.666000,17246.666000,3562200
1187,2022-03-10,17913.334000,18076.666000,17750.000000,18076.666000,3861600
1187,2022-03-11,18060.000000,18063.334000,17333.334000,17593.334000,4312200
1187,2022-03-14,17593.334000,18136.666000,17590.000000,17823.334000,2829000
1187,2022-03-15,17586.666000,17996.666000,17503.334000,17820.000000,2687700
1187,2022-03-16,18153.334000,18396.666000,17900.000000,18396.666000,3511500
1187,2022-03-17,19063.334000,19363.334000,18963.334000,19290.000000,3584700
1187,2022-03-18,19323.334000,19513.334000,19116.666000,19453.334000,3038700
1187,2022-03-22,19636.666000,19900.000000,19453.334000,19826.666000,3238500
1187,2022-03-23,20293.334000,20606.666000,20246.666000,20580.000000,3057900
1187,2022-03-24,20316.666000,21033.334000,20170.000000,21030.000000,3540300
1187,2022-03-25,21500.000000,21560.000000,20893.334000,21163.334000,3649500
1187,2022-03-28,20943.334000,21200.000000,20846.666000,20886.666000,2343300
1187,2022-03-29,21220.000000,21253.334000,20730.000000,20980.000000,2966400
1187,2022-03-30,20936.666000,21030.000000,20353.334000,20700.000000,3242400
1187,2022-03-31,20613.334000,21230.000000,20443.334000,21083.334000,4721400
1187,2022-04-01,20936.666000,20943.334000,20490.000000,20560.000000,3442500
1187,2022-04-04,20263.334000,20416.666000,19943.334000,20013.334000,3081300
1187,2022-04-05,20333.334000,20423.334000,20016.666000,20190.000000,2635500
1187,2022-04-06,19683.334000,19690.000000,19370.000000,19456.666000,3574500
1187,2022-04-07,18790.000000,18896.666000,18343.334000,18396.666000,4841400
1187,2022-04-08,18600.000000,18790.000000,18303.334000,18473.334000,4016100
1187,2022-04-11,18260.000000,18450.000000,17993.334000,18356.666000,2585700
1187,2022-04-12,18153.334000,18310.000000,17956.666000,17963.334000,2941800
1187,2022-04-13,18010.000000,18650.000000,17976.666000,18563.334000,3131400
1187,2022-04-14,18730.000000,19106.666000,18700.000000,18903.334000,3138900
1187,2022-04-15,18226.666000,18480.000000,17933.334000,17960.000000,3564900
1187,2022-04-18,17736.666000,18083.334000,17713.334000,18060.000000,2130300
1187,2022-04-19,18366.666000,18493.334000,18160.000000,18473.334000,2748900
1187,2022-04-20,18806.666000,18843.334000,18220.000000,18243.334000,2948700
1187,2022-04-21,18400.000000,18943.334000,18336.666000,18890.000000,3741000
1187,2022-04-22,18400.000000,18566.666000,18253.334000,18493.334000,2937900
1187,2022-04-25,18216.666000,18710.000000,18200.000000,18446.666000,3502200
1187,2022-04-26,18833.334000,18833.334000,18523.334000,18543.334000,2888100
1187,2022-04-27,18210.000000,18266.666000,17886.666000,18266.666000,4067100
1187,2022-04-28,18166.666000,18526.666000,18033.334000,18493.334000,2612100
1187,2022-05-02,18900.000000,18903.334000,18073.334000,18263.334000,3037800
1187,2022-05-06,18303.334000,18443.334000,17953.334000,18443.334000,2906700
1187,2022-05-09,18110.000000,18383.334000,18070.000000,18070.000000,2212800
1187,2022-05-10,17853.334000,17923.334000,17353.334000,17816.666000,3640200
1187,2022-05-11,17806.666000,18393.334000,17706.666000,18306.666000,3086100
1187,2022-05-12,17940.000000,18240.000000,17710.000000,18000.000000,3675900
1187,2022-05-13,18540.000000,19130.000000,18313.334000,18996.666000,5237700
1187,2022-05-16,19556.666000,19593.334000,18940.000000,19006.666000,3801300
1187,2022-05-17,19106.666000,19333.334000,18853.334000,19346.666000,2355300
1187,2022-05-18,19713.334000,20043.334000,19653.334000,19900.000000,4083900
1187,2022-05-19,19166.666000,19443.334000,19106.666000,19220.000000,3799500
1187,2022-05-20,19400.000000,19566.666000,19143.334000,19463.334000,3148200
1187,2022-05-23,19583.334000,19726.666000,19350.000000,19566.666000,3130800
1187,2022-05-24,19516.666000,19710.000000,19410.000000,19410.000000,2902800
1187,2022-05-25,19533.334000,19716.666000,19390.000000,19560.000000,3032100
1187,2022-05-26,19403.334000,19460.000000,19003.334000,19093.334000,3972300
1187,2022-05-27,19516.666000,19730.000000,19443.334000,19706.666000,3775800
1187,2022-05-30,20000.000000,20006.666000,19643.334000,19916.666000,4832100
1187,2022-05-31,19860.000000,19910.000000,19580.000000,19660.000000,3742800
1187,2022-06-01,19540.000000,19586.666000,19356.666000,19450.000000,2912700
1187,2022-06-02,19330.000000,19570.000000,19260.000000,19520.000000,2248800
1187,2022-06-03,19793.334000,19986.666000,19740.000000,19986.666000,3231300
1187,2022-06-06,19806.666000,20276.666000,19786.666000,20223.334000,2760000
1187,2022-06-07,20166.666000,20180.000000,19776.666000,19796.666000,3224700
1187,2022-06-08,19910.000000,20036.666000,19503.334000,19600.000000,3099300
1187,2022-06-09,19166.666000,19323.334000,18940.000000,19170.000000,4530000
1187,2022-06-10,18913.334000,18946.666000,18526.666000,18553.334000,4446600
1187,2022-06-13,17886.666000,18066.666000,17576.666000,17576.666000,4467000
1187,2022-06-14,17050.000000,17496.666000,16923.334000,17236.666000,5832300
1187,2022-06-15,17240.000000,17440.000000,17000.000000,17000.000000,3025800
1187,2022-06-16,17416.666000,17580.000000,16843.334000,16863.334000,3689100
1187,2022-06-17,16063.333000,16263.333000,15833.333000,16013.333000,6191100
1187,2022-06-20,15850.000000,15850.000000,14796.667000,15180.000000,8166000
1187,2022-06-21,15416.667000,15773.333000,15026.667000,15566.667000,6151800
1187,2022-06-22,15800.000000,15803.333000,14850.000000,14966.667000,5764800
1187,2022-06-23,14880.000000,15376.667000,14780.000000,14980.000000,5618400
1187,2022-06-24,14833.333000,15623.333000,14830.000000,15576.667000,5496000
1187,2022-06-27,15810.000000,15996.667000,15473.333000,15923.333000,5255100
1187,2022-06-28,15800.000000,15946.667000,15556.667000,15850.000000,4113900
1187,2022-06-29,15480.000000,15516.667000,15236.667000,15400.000000,6031500
1187,2022-06-30,15093.333000,15236.667000,14733.333000,14766.667000,6483600
1187,2022-07-01,14833.333000,14893.333000,14043.333000,14220.000000,7930500
1187,2022-07-04,13866.667000,14323.333000,13780.000000,14136.667000,5807100
1187,2022-07-05,14243.333000,14490.000000,14083.333000,14190.000000,4394100
1187,2022-07-06,14150.000000,14353.333000,14006.667000,14006.667000,4742100
1187,2022-07-07,14113.333000,14420.000000,13866.667000,14273.333000,5513700
1187,2022-07-08,14573.333000,14836.667000,14426.667000,14516.667000,7144200
1187,2022-07-11,14476.667000,14543.333000,14106.667000,14316.667000,5158500
1187,2022-07-12,14266.667000,14286.667000,13806.667000,13903.333000,4413300
1187,2022-07-13,13990.000000,14186.667000,13943.333000,14093.333000,3687600
1187,2022-07-14,14093.333000,14603.333000,14026.667000,14563.333000,5073900
1187,2022-07-15,14576.667000,14746.667000,14203.333000,14346.667000,5184600
1187,2022-07-19,14300.000000,14540.000000,14183.333000,14333.333000,3634200
1187,2022-07-20,14916.667000,15166.667000,14876.667000,15033.333000,5622600
1187,2022-07-21,15003.333000,15096.667000,14716.667000,14886.667000,4837200
1187,2022-07-22,14996.667000,15123.333000,14823.333000,15086.667000,3467700
1187,2022-07-25,14853.333000,15100.000000,14780.000000,15006.667000,2750400
1187,2022-07-26,14913.333000,15080.000000,14803.333000,14840.000000,2811000
1187,2022-07-27,14836.667000,15353.333000,14833.333000,15300.000000,3761700
1187,2022-07-28,15833.333000,15833.333000,15196.667000,15356.667000,4920600
1187,2022-07-29,15576.667000,15583.333000,15230.000000,15336.667000,3663300
1187,2022-08-01,15306.667000,15570.000000,15193.333000,15533.333000,3403500
1187,2022-08-02,15416.667000,15480.000000,15113.333000,15223.333000,3231600
1187,2022-08-03,15320.000000,15446.667000,15126.667000,15370.000000,3019500
1187,2022-08-04,15760.000000,16060.000000,15723.333000,15846.667000,4350000
1187,2022-08-05,16060.000000,16346.667000,15930.000000,16286.667000,3852600
1187,2022-08-08,16386.666000,16630.000000,16310.000000,16566.666000,4617900
1187,2022-08-09,15366.667000,15630.000000,15013.333000,15200.000000,8228100
1187,2022-08-10,14670.000000,14916.667000,14500.000000,14803.333000,5988300
1187,2022-08-12,15303.333000,15543.333000,15136.667000,15473.333000,7022100
1187,2022-08-15,15666.667000,15733.333000,15480.000000,15583.333000,2989200
1187,2022-08-16,15500.000000,15600.000000,15383.333000,15476.667000,2769000
1187,2022-08-17,15496.667000,15546.667000,15270.000000,15430.000000,3523500
1187,2022-08-18,15186.667000,15406.667000,15056.667000,15306.667000,3223800
1187,2022-08-19,15540.000000,15613.333000,15400.000000,15533.333000,3089400
1187,2022-08-22,15210.000000,15273.333000,15103.333000,15226.667000,2850300
1187,2022-08-23,15056.667000,15193.333000,15050.000000,15106.667000,2530500
1187,2022-08-24,15030.000000,15090.000000,14763.333000,14776.667000,3493200
1187,2022-08-25,14750.000000,15010.000000,14726.667000,14956.667000,2368500
1187,2022-08-26,15190.000000,15463.333000,15140.000000,15290.000000,3231000
1187,2022-08-29,14590.000000,14743.333000,14500.000000,14510.000000,4613700
1187,2022-08-30,14546.667000,14796.667000,14526.667000,14750.000000,3358800
1187,2022-08-31,14440.000000,14783.333000,14406.667000,14720.000000,3979500
1187,2022-09-01,14486.667000,14630.000000,14226.667000,14226.667000,4926000
1187,2022-09-02,14286.667000,14333.333000,14120.000000,14180.000000,3194700
1187,2022-09-05,14016.667000,14213.333000,13980.000000,14190.000000,2648400
1187,2022-09-06,14250.000000,14423.333000,14193.333000,14233.333000,2298600
1187,2022-09-07,14156.667000,14206.667000,13816.667000,13850.000000,4053000
1187,2022-09-08,14070.000000,14243.333000,13940.000000,14150.000000,3486000
1187,2022-09-09,14326.667000,14413.333000,14150.000000,14310.000000,4095900
1187,2022-09-12,14566.667000,14620.000000,14420.000000,14483.333000,2844900
1187,2022-09-13,14466.667000,14660.000000,14443.333000,14633.333000,3366600
1187,2022-09-14,13936.667000,14266.667000,13890.000000,14093.333000,5114400
1187,2022-09-15,14180.000000,14360.000000,14020.000000,14253.333000,4099500
1187,2022-09-16,14000.000000,14013.333000,13636.667000,13636.667000,5984700
1187,2022-09-20,13786.667000,13893.333000,13676.667000,13680.000000,3517800
1187,2022-09-21,13500.000000,13623.333000,13436.667000,13463.333000,3364500
1187,2022-09-22,13233.333000,13553.333000,13193.333000,13470.000000,3498300
1187,2022-09-26,13130.000000,13173.333000,12900.000000,12900.000000,4546800
1187,2022-09-27,12866.667000,12940.000000,12740.000000,12790.000000,4310100
1187,2022-09-28,12766.667000,13000.000000,12446.667000,12613.333000,5393400
1187,2022-09-29,12633.333000,12650.000000,12300.000000,12333.333000,4383600
1187,2022-09-30,12000.000000,12040.000000,11690.000000,11900.000000,7864500
1187,2022-10-03,11866.667000,12503.333000,11810.000000,12446.667000,5762700
1187,2022-10-04,12913.333000,12923.333000,12616.667000,12780.000000,6162600
1187,2022-10-05,12890.000000,12940.000000,12660.000000,12696.667000,5124900
1187,2022-10-06,12796.667000,13120.000000,12766.667000,13046.667000,4724400
1187,2022-10-07,12843.333000,13050.000000,12770.000000,12943.333000,5142900
1187,2022-10-11,12366.667000,12476.667000,12170.000000,12233.333000,6066000
1187,2022-10-12,12016.667000,12106.667000,11516.667000,11696.667000,9017100
1187,2022-10-13,11720.000000,12043.333000,11616.667000,11920.000000,5490600
1187,2022-10-14,12126.667000,12366.667000,12073.333000,12220.000000,6543000
1187,2022-10-17,11950.000000,12243.333000,11940.000000,12240.000000,3651000
1187,2022-10-18,12450.000000,12486.667000,12163.333000,12406.667000,5922600
1187,2022-10-19,12370.000000,12610.000000,12316.667000,12520.000000,5321700
1187,2022-10-20,12433.333000,12450.000000,12110.000000,12233.333000,5469000
1187,2022-10-21,12453.333000,12856.667000,12433.333000,12796.667000,6108900
1187,2022-10-24,13093.333000,13360.000000,13023.333000,13053.333000,5905800
1187,2022-10-25,12970.000000,13220.000000,12883.333000,13150.000000,5308800
1187,2022-10-26,13040.000000,13233.333000,12890.000000,13060.000000,5134500
1187,2022-10-27,13020.000000,13346.667000,12983.333000,13196.667000,4380600
1187,2022-10-28,12916.667000,13153.333000,12853.333000,12993.333000,4745400
1187,2022-10-31,13390.000000,13493.333000,13120.000000,13163.333000,4436700
1187,2022-11-01,13066.667000,13253.333000,13040.000000,13233.333000,3033300
1187,2022-11-02,13163.333000,13233.333000,12956.667000,12956.667000,3581100
1187,2022-11-04,12666.667000,12850.000000,12540.000000,12650.000000,4448400
1187,2022-11-07,12896.667000,13210.000000,12856.667000,13130.000000,4373400
1187,2022-11-08,13333.333000,13660.000000,13276.667000,13563.333000,4977000
1187,2022-11-09,13796.667000,13910.000000,13653.333000,13783.333000,4651200
1187,2022-11-10,13583.333000,13763.333000,13506.667000,13640.000000,3915300
1187,2022-11-11,14340.000000,14966.667000,14303.333000,14790.000000,12543300
1187,2022-11-14,15300.000000,15313.333000,14936.667000,15133.333000,6182100
1187,2022-11-15,15120.000000,15303.333000,14943.333000,15216.667000,4987200
1187,2022-11-16,15366.667000,15593.333000,15083.333000,15466.667000,5900100
1187,2022-11-17,14950.000000,15160.000000,14860.000000,15010.000000,4635600
1187,2022-11-18,15166.667000,15273.333000,14843.333000,14863.333000,4234200
1187,2022-11-21,15003.333000,15036.667000,14853.333000,14916.667000,2963100
1187,2022-11-22,14883.333000,14956.667000,14773.333000,14930.000000,2688000
1187,2022-11-24,15366.667000,15506.667000,15336.667000,15460.000000,4125600
1187,2022-11-25,15410.000000,15450.000000,15283.333000,15340.000000,2644800
1187,2022-11-28,15143.333000,15216.667000,15063.333000,15100.000000,2515800
1187,2022-11-29,14940.000000,15063.333000,14863.333000,14936.667000,2790600
1187,2022-11-30,14850.000000,15030.000000,14763.333000,15030.000000,4177800
1187,2022-12-01,15766.667000,15773.333000,15546.667000,15633.333000,5317800
1187,2022-12-02,15446.667000,15673.333000,15420.000000,15580.000000,3700800
1187,2022-12-05,15510.000000,15670.000000,15343.333000,15366.667000,3259200
1187,2022-12-06,15280.000000,15570.000000,15250.000000,15526.667000,2627400
1187,2022-12-07,15306.667000,15366.667000,14930.000000,14940.000000,4307700
1187,2022-12-08,14866.667000,14980.000000,14696.667000,14800.000000,3129000
1187,2022-12-09,14836.667000,15276.667000,14833.333000,15233.333000,4956600
1187,2022-12-12,15000.000000,15150.000000,14950.000000,15083.333000,2239500
1187,2022-12-13,15216.667000,15260.000000,14970.000000,15096.667000,3268500
1187,2022-12-14,15286.667000,15496.667000,15210.000000,15383.333000,3557100
1187,2022-12-15,15303.333000,15373.333000,15246.667000,15276.667000,2436600
1187,2022-12-16,14810.000000,14863.333000,14563.333000,14593.333000,5115000
1187,2022-12-19,14360.000000,14510.000000,14323.333000,14370.000000,2786700
1187,2022-12-20,14233.333000,14343.333000,13716.667000,13863.333000,6042300
1187,2022-12-21,13790.000000,13926.667000,13656.667000,13656.667000,3932700
1187,2022-12-22,13783.333000,13860.000000,13556.667000,13566.667000,3194400
1187,2022-12-23,13133.333000,13176.667000,12960.000000,13066.667000,4122300
1187,2022-12-26,13003.333000,13396.667000,13003.333000,13356.667000,2288100
1187,2022-12-27,13460.000000,13516.667000,13193.333000,13226.667000,2378100
1187,2022-12-28,13000.000000,13106.667000,12963.333000,13096.667000,2759700
1187,2022-12-29,12906.667000,13046.667000,12886.667000,13036.667000,2590800
1187,2022-12-30,13230.000000,13280.000000,12936.667000,12960.000000,3072600
1187,2023-01-04,12780.000000,12923.333000,12740.000000,12803.333000,2853600
1187,2023-01-05,13036.667000,13416.667000,12916.667000,13316.667000,4154400
1187,2023-01-06,13133.333000,13740.000000,13106.667000,13723.333000,4555500
1187,2023-01-10,14190.000000,14210.000000,13976.667000,14146.667000,4134600
1187,2023-01-11,14233.333000,14433.333000,14180.000000,14330.000000,3316200
1187,2023-01-12,14616.667000,14660.000000,14436.667000,14586.667000,4048200
1187,2023-01-13,14820.000000,15263.333000,14666.667000,15030.000000,6521700
1187,2023-01-16,14796.667000,14933.333000,14626.667000,14673.333000,3670500
1187,2023-01-17,14820.000000,15116.667000,14763.333000,14966.667000,3038100
1187,2023-01-18,15003.333000,15346.667000,14906.667000,15223.333000,3392100
1187,2023-01-19,15100.000000,15100.000000,14793.333000,14843.333000,2774700
1187,2023-01-20,14610.000000,14843.333000,14533.333000,14816.667000,2289300
1187,2023-01-23,15196.667000,15256.667000,15103.333000,15190.000000,2685300
1187,2023-01-24,15610.000000,15840.000000,15500.000000,15500.000000,4641600
1187,2023-01-25,15433.333000,15573.333000,15350.000000,15460.000000,2810400
1187,2023-01-26,15320.000000,15383.333000,15073.333000,15180.000000,3243900
1187,2023-01-27,15230.000000,15340.000000,15020.000000,15160.000000,2973300
1187,2023-01-30,15036.667000,15263.333000,14983.333000,15263.333000,2510700
1187,2023-01-31,15266.667000,15286.667000,15043.333000,15056.667000,2301900
1187,2023-02-01,15243.333000,15470.000000,15216.667000,15376.667000,3051000
1187,2023-02-02,15816.667000,15906.667000,15626.667000,15826.667000,4242000
1187,2023-02-03,15960.000000,16013.333000,15830.000000,15833.333000,3039300
1187,2023-02-06,15840.000000,15900.000000,15500.000000,15523.333000,2934300
1187,2023-02-07,15583.333000,15753.333000,15520.000000,15570.000000,2196000
1187,2023-02-08,15756.667000,15773.333000,15533.333000,15756.667000,2461200
1187,2023-02-09,15523.333000,15563.333000,15380.000000,15420.000000,2768400
1187,2023-02-10,15870.000000,16350.000000,15863.333000,16090.000000,9224700
1187,2023-02-13,15856.667000,15926.667000,15280.000000,15383.333000,5679900
1187,2023-02-14,15666.667000,15720.000000,15526.667000,15596.667000,3166500
1187,2023-02-15,15766.667000,15823.333000,15463.333000,15523.333000,3009300
1187,2023-02-16,15666.667000,15726.667000,15573.333000,15663.333000,2573100
1187,2023-02-17,15500.000000,15630.000000,15326.667000,15396.667000,3580500
1187,2023-02-20,15293.333000,15340.000000,15116.667000,15160.000000,3096900
1187,2023-02-21,15166.667000,15200.000000,15013.333000,15120.000000,2132700
1187,2023-02-22,14850.000000,14966.667000,14820.000000,14863.333000,3129300
1187,2023-02-24,15330.000000,15930.000000,15323.333000,15923.333000,6561900
1187,2023-02-27,15603.333000,15726.667000,15546.667000,15623.333000,3182700
1187,2023-02-28,15816.667000,15820.000000,15536.667000,15570.000000,3775500
1187,2023-03-01,15650.000000,15863.333000,15533.333000,15856.667000,3348000
1187,2023-03-02,15786.667000,15813.333000,15536.667000,15610.000000,3335100
1187,2023-03-03,15700.000000,15753.333000,15440.000000,15710.000000,4364400
1187,2023-03-06,15940.000000,16253.333000,15890.000000,16200.000000,4376700
1187,2023-03-07,16083.333000,16136.667000,16000.000000,16036.667000,2988900
1187,2023-03-08,15890.000000,16130.000000,15883.333000,16013.333000,2643000
1187,2023-03-09,16290.000000,16403.334000,16126.667000,16213.333000,3181500
1187,2023-03-10,16200.000000,16286.667000,16003.333000,16010.000000,4944000
1187,2023-03-13,15893.333000,15996.667000,15823.333000,15890.000000,2729100
1187,2023-03-14,15720.000000,15843.333000,15560.000000,15563.333000,4158300
1187,2023-03-15,15816.667000,15866.667000,15536.667000,15583.333000,3367500
1187,2023-03-16,15400.000000,16043.333000,15313.333000,15726.667000,4359900
1187,2023-03-17,16043.333000,16186.667000,15806.667000,16186.667000,4491000
1187,2023-03-20,16186.667000,16246.667000,15756.667000,15766.667000,3355500
1187,2023-03-22,15946.667000,16193.333000,15856.667000,16123.333000,3585000
1187,2023-03-23,16016.667000,16390.000000,15986.667000,16366.667000,3797100
1187,2023-03-24,16563.334000,16916.666000,16540.000000,16666.666000,5180700
1187,2023-03-27,16533.334000,16550.000000,16233.333000,16250.000000,3899400
1187,2023-03-28,16150.000000,16233.333000,16043.333000,16196.667000,2363400
1187,2023-03-29,16050.000000,16110.000000,15923.333000,16106.667000,3633300
1187,2023-03-30,16390.000000,16400.000000,15835.000000,16030.000000,3570000
1187,2023-03-31,16250.000000,16270.000000,15700.000000,16040.000000,5325300
1187,2023-04-03,16040.000000,16050.000000,15600.000000,15710.000000,3399600
1187,2023-04-04,15880.000000,15935.000000,15675.000000,15805.000000,3029900
1187,2023-04-05,15610.000000,15970.000000,15585.000000,15780.000000,3264600
1187,2023-04-06,15380.000000,15380.000000,14930.000000,15065.000000,4860200
1187,2023-04-07,15250.000000,15480.000000,15155.000000,15400.000000,3042700
1187,2023-04-10,15475.000000,15520.000000,15265.000000,15325.000000,1824500
1187,2023-04-11,15800.000000,16060.000000,15700.000000,15890.000000,4083200
1187,2023-04-12,15725.000000,15995.000000,15665.000000,15945.000000,2496300
1187,2023-04-13,15640.000000,15700.000000,15540.000000,15695.000000,2679900
1187,2023-04-14,15555.000000,15775.000000,15335.000000,15415.000000,4379000
1187,2023-04-17,15520.000000,15580.000000,15355.000000,15485.000000,2202300
1187,2023-04-18,15350.000000,15380.000000,15105.000000,15130.000000,3817300
1187,2023-04-19,15285.000000,15430.000000,14965.000000,15130.000000,3502300
1187,2023-04-20,14930.000000,15395.000000,14810.000000,15395.000000,3955300
1187,2023-04-21,15660.000000,15930.000000,15520.000000,15590.000000,4602100
1187,2023-04-24,15410.000000,15520.000000,15255.000000,15290.000000,2374800
1187,2023-04-25,15345.000000,15475.000000,15295.000000,15320.000000,1983300
1187,2023-04-26,15230.000000,15405.000000,15200.000000,15260.000000,2434400
1187,2023-04-27,15260.000000,15270.000000,14990.000000,15200.000000,2839900
1187,2023-04-28,15440.000000,15515.000000,15145.000000,15495.000000,3083800
1187,2023-05-01,15700.000000,15725.000000,15350.000000,15500.000000,2454800
1187,2023-05-02,15665.000000,15760.000000,15515.000000,15730.000000,2464800
1187,2023-05-08,15670.000000,15760.000000,15485.000000,15690.000000,2545400
1187,2023-05-09,15900.000000,15995.000000,15760.000000,15970.000000,2304600
1187,2023-05-10,15745.000000,15875.000000,15590.000000,15630.000000,2264400
1187,2023-05-11,15730.000000,15955.000000,15625.000000,15885.000000,2668800
1187,2023-05-12,15885.000000,16395.000000,15640.000000,16395.000000,6392100
1187,2023-05-15,16360.000000,16410.000000,16050.000000,16175.000000,3020700
1187,2023-05-16,16500.000000,16900.000000,16490.000000,16860.000000,4423800
1187,2023-05-17,17030.000000,17580.000000,17015.000000,17420.000000,4555600
1187,2023-05-18,18490.000000,18540.000000,17920.000000,18370.000000,5416000
1187,2023-05-19,18700.000000,18920.000000,18315.000000,18530.000000,5085200
1187,2023-05-22,18400.000000,18695.000000,18385.000000,18660.000000,3094000
1187,2023-05-23,18700.000000,18740.000000,18115.000000,18180.000000,5140300
1187,2023-05-24,17780.000000,18330.000000,17685.000000,18250.000000,4705800
1187,2023-05-25,18650.000000,18880.000000,18510.000000,18800.000000,4939700
1187,2023-05-26,19360.000000,19920.000000,19210.000000,19635.000000,6908700
1187,2023-05-29,20590.000000,20600.000000,19520.000000,19720.000000,5976900
1187,2023-05-30,19680.000000,19995.000000,19545.000000,19710.000000,3311400
1187,2023-05-31,19690.000000,19730.000000,19240.000000,19315.000000,6363100
1187,2023-06-01,19210.000000,19735.000000,19170.000000,19735.000000,4627200
1187,2023-06-02,19695.000000,19715.000000,19050.000000,19275.000000,4937300
1187,2023-06-05,19195.000000,19460.000000,18680.000000,19420.000000,4711700
1187,2023-06-06,19200.000000,19650.000000,19105.000000,19635.000000,3851700
1187,2023-06-07,19610.000000,19680.000000,18815.000000,18815.000000,5579900
1187,2023-06-08,18710.000000,19030.000000,18525.000000,18800.000000,4796800
1187,2023-06-09,18695.000000,18950.000000,18335.000000,18910.000000,6637700
1187,2023-06-12,19100.000000,19165.000000,18745.000000,18955.000000,3089400
1187,2023-06-13,19400.000000,19925.000000,19350.000000,19900.000000,5590900
1187,2023-06-14,20050.000000,20080.000000,19710.000000,19900.000000,5960500
1187,2023-06-15,20135.000000,20450.000000,19980.000000,20300.000000,5320500
1187,2023-06-16,20100.000000,20440.000000,19810.000000,20400.000000,4278600
1187,2023-06-19,19900.000000,20240.000000,19725.000000,19900.000000,4193200
1187,2023-06-20,19775.000000,20075.000000,19730.000000,20000.000000,3063800
1187,2023-06-21,19800.000000,20575.000000,19795.000000,20560.000000,4043800
1187,2023-06-22,20060.000000,20220.000000,19620.000000,19620.000000,4623300
1187,2023-06-23,19940.000000,20140.000000,19430.000000,19775.000000,4452600
1187,2023-06-26,19550.000000,19775.000000,19475.000000,19610.000000,2539700
1187,2023-06-27,19605.000000,19935.000000,19535.000000,19715.000000,2284300
1187,2023-06-28,20115.000000,20240.000000,19850.000000,20240.000000,3572000
1187,2023-06-29,20450.000000,21130.000000,20400.000000,20775.000000,4708100
1187,2023-06-30,20405.000000,20690.000000,20320.000000,20560.000000,3578000
1187,2023-07-03,21200.000000,21540.000000,21160.000000,21370.000000,3797300
1187,2023-07-04,21300.000000,21630.000000,21220.000000,21390.000000,2872800
1187,2023-07-05,21250.000000,21410.000000,21105.000000,21315.000000,2816800
1187,2023-07-06,20570.000000,20850.000000,20405.000000,20480.000000,3843200
1187,2023-07-07,20340.000000,20770.000000,20205.000000,20205.000000,4236200
1187,2023-07-10,20200.000000,20285.000000,19820.000000,19900.000000,3856500
1187,2023-07-11,20205.000000,20325.000000,19940.000000,20115.000000,3025200
1187,2023-07-12,20025.000000,20055.000000,19370.000000,19445.000000,3312300
1187,2023-07-13,19700.000000,19915.000000,19310.000000,19840.000000,3011700
1187,2023-07-14,20000.000000,20415.000000,19975.000000,20190.000000,4587500
1187,2023-07-18,20400.000000,20795.000000,20255.000000,20390.000000,3415200
1187,2023-07-19,20685.000000,20795.000000,20450.000000,20725.000000,3011900
1187,2023-07-20,20560.000000,20680.000000,20395.000000,20450.000000,2767100
1187,2023-07-21,19550.000000,19665.000000,19235.000000,19300.000000,5074800
1187,2023-07-24,19700.000000,19895.000000,19430.000000,19765.000000,2920100
1187,2023-07-25,20050.000000,20050.000000,19410.000000,19665.000000,3182700
1187,2023-07-26,19850.000000,19945.000000,19755.000000,19860.000000,1978700
1187,2023-07-27,19480.000000,20465.000000,19480.000000,20400.000000,3828400
1187,2023-07-28,20130.000000,20935.000000,20125.000000,20910.000000,5711200
1187,2023-07-31,21395.000000,21580.000000,21190.000000,21245.000000,4133400
1187,2023-08-01,21425.000000,21885.000000,21300.000000,21845.000000,3227600
1187,2023-08-02,21500.000000,21675.000000,21005.000000,21145.000000,3187200
1187,2023-08-03,20685.000000,21070.000000,20605.000000,20910.000000,3093200
1187,2023-08-04,21040.000000,21270.000000,20935.000000,21095.000000,2068700
1187,2023-08-07,20880.000000,20925.000000,20520.000000,20875.000000,2103700
1187,2023-08-08,21005.000000,21135.000000,20580.000000,20695.000000,2254700
1187,2023-08-09,20640.000000,21085.000000,20625.000000,20760.000000,2257200
1187,2023-08-10,20510.000000,20555.000000,20175.000000,20450.000000,3619800
1187,2023-08-14,20270.000000,20490.000000,19930.000000,20270.000000,3198000
1187,2023-08-15,20985.000000,21115.000000,20530.000000,20610.000000,3097600
1187,2023-08-16,20460.000000,20530.000000,20300.000000,20375.000000,1978400
1187,2023-08-17,20305.000000,20620.000000,20210.000000,20465.000000,2153900
1187,2023-08-18,20300.000000,20845.000000,20250.000000,20605.000000,2162200
1187,2023-08-21,20755.000000,20860.000000,20530.000000,20790.000000,1959400
1187,2023-08-22,21210.000000,21300.000000,20900.000000,21190.000000,2568300
1187,2023-08-23,21090.000000,21130.000000,20950.000000,21065.000000,1890500
1187,2023-08-24,21600.000000,21760.000000,21465.000000,21750.000000,2890800
1187,2023-08-25,20955.000000,20995.000000,20430.000000,20460.000000,3864100
1187,2023-08-28,20680.000000,20980.000000,20450.000000,20955.000000,2620000
1187,2023-08-29,21100.000000,21315.000000,20975.000000,21105.000000,2313200
1187,2023-08-30,21675.000000,21790.000000,21305.000000,21310.000000,2883400
1187,2023-08-31,21525.000000,21760.000000,21430.000000,21575.000000,5053900
1187,2023-09-01,21475.000000,21690.000000,21385.000000,21435.000000,2305400
1187,2023-09-04,21455.000000,21565.000000,21330.000000,21485.000000,1698700
1187,2023-09-05,21545.000000,21715.000000,21430.000000,21695.000000,2174800
1187,2023-09-06,21850.000000,22145.000000,21700.000000,22115.000000,2680900
1187,2023-09-07,21975.000000,22160.000000,21910.000000,21960.000000,3201200
1187,2023-09-08,21500.000000,21550.000000,20935.000000,21120.000000,5682300
1187,2023-09-11,21045.000000,21095.000000,20440.000000,20490.000000,3158800
1187,2023-09-12,20635.000000,20795.000000,20285.000000,20735.000000,3100500
1187,2023-09-13,20640.000000,20845.000000,20530.000000,20610.000000,2219900
1187,2023-09-14,20800.000000,21330.000000,20750.000000,21235.000000,3018800
1187,2023-09-15,21480.000000,21945.000000,21380.000000,21895.000000,4543200
1187,2023-09-19,21105.000000,21155.000000,20685.000000,20750.000000,4322200
1187,2023-09-20,20680.000000,20835.000000,20470.000000,20725.000000,3510100
1187,2023-09-21,20440.000000,20675.000000,20345.000000,20500.000000,2951500
1187,2023-09-22,20095.000000,20555.000000,19840.000000,20410.000000,4323600
1187,2023-09-25,20510.000000,20940.000000,20445.000000,20940.000000,2580500
1187,2023-09-26,20525.000000,20790.000000,20165.000000,20165.000000,3376200
1187,2023-09-27,19830.000000,20300.000000,19780.000000,20300.000000,3242900
1187,2023-09-28,20170.000000,20225.000000,19660.000000,19925.000000,4049600
1187,2023-09-29,20270.000000,20540.000000,20085.000000,20440.000000,4790600
1187,2023-10-02,20540.000000,20575.000000,20165.000000,20180.000000,3367200
1187,2023-10-03,20045.000000,20210.000000,19885.000000,19975.000000,3070300
1187,2023-10-04,19450.000000,19620.000000,19270.000000,19360.000000,3457700
1187,2023-10-05,19700.000000,19770.000000,19420.000000,19755.000000,3023100
1187,2023-10-06,19500.000000,19710.000000,19205.000000,19440.000000,3093500
1187,2023-10-10,19795.000000,20145.000000,19700.000000,20100.000000,2845000
1187,2023-10-11,20380.000000,20620.000000,20325.000000,20560.000000,3519600
1187,2023-10-12,20850.000000,21290.000000,20815.000000,21165.000000,4795600
1187,2023-10-13,21100.000000,21510.000000,21045.000000,21210.000000,4514100
1187,2023-10-16,20500.000000,20670.000000,20310.000000,20395.000000,2882100
1187,2023-10-17,20870.000000,21060.000000,20780.000000,20880.000000,2538200
1187,2023-10-18,20650.000000,21310.000000,20635.000000,21175.000000,2915300
1187,2023-10-19,20500.000000,20545.000000,20080.000000,20180.000000,4047500
1187,2023-10-20,19860.000000,20260.000000,19735.000000,20085.000000,3169600
1187,2023-10-23,20010.000000,20165.000000,19950.000000,20065.000000,2241500
1187,2023-10-24,20325.000000,20370.000000,19665.000000,20020.000000,3068600
1187,2023-10-25,20300.000000,20540.000000,20145.000000,20365.000000,2451500
1187,2023-10-26,19465.000000,19590.000000,19330.000000,19340.000000,4055900
1187,2023-10-27,19450.000000,19705.000000,19265.000000,19610.000000,3323800
1187,2023-10-30,19595.000000,19900.000000,19555.000000,19800.000000,2405100
1187,2023-10-31,19610.000000,19805.000000,19290.000000,19755.000000,3661700
1187,2023-11-01,20240.000000,20390.000000,20055.000000,20390.000000,3697400
1187,2023-11-02,21000.000000,21080.000000,20885.000000,21060.000000,3745200
1187,2023-11-06,21715.000000,21800.000000,21420.000000,21510.000000,3698100
1187,2023-11-07,21305.000000,21355.000000,21055.000000,21215.000000,2624000
1187,2023-11-08,21450.000000,21470.000000,21215.000000,21260.000000,2399600
1187,2023-11-09,21520.000000,21950.000000,21465.000000,21845.000000,3324600
1187,2023-11-10,21840.000000,22230.000000,21725.000000,22190.000000,3998600
1187,2023-11-13,23100.000000,23315.000000,22480.000000,22575.000000,4329100
1187,2023-11-14,22840.000000,23330.000000,22765.000000,23230.000000,3450100
1187,2023-11-15,23800.000000,24245.000000,23580.000000,24115.000000,4810100
1187,2023-11-16,24050.000000,24205.000000,23770.000000,24090.000000,3407700
1187,2023-11-17,23750.000000,24125.000000,23460.000000,24115.000000,3538800
1187,2023-11-20,24245.000000,24470.000000,23850.000000,23905.000000,3095300
1187,2023-11-21,24285.000000,24330.000000,24010.000000,24170.000000,2782600
1187,2023-11-22,23850.000000,24120.000000,23540.000000,23945.000000,2483700
1187,2023-11-24,24260.000000,24480.000000,24005.000000,24005.000000,2913800
1187,2023-11-27,24005.000000,24135.000000,23860.000000,23945.000000,2236100
1187,2023-11-28,23950.000000,24060.000000,23770.000000,23890.000000,2223300
1187,2023-11-29,23720.000000,24140.000000,23675.000000,23955.000000,2103000
1187,2023-11-30,24200.000000,24220.000000,23895.000000,24025.000000,3269600
1187,2023-12-01,23650.000000,23980.000000,23520.000000,23850.000000,2585600
1187,2023-12-04,23800.000000,23855.000000,23555.000000,23710.000000,2102300
1187,2023-12-05,23400.000000,23430.000000,22770.000000,22770.000000,3281900
1187,2023-12-06,22995.000000,23310.000000,22955.000000,23270.000000,2542400
1187,2023-12-07,22600.000000,22785.000000,22340.000000,22435.000000,3246700
1187,2023-12-08,22310.000000,22560.000000,22180.000000,22240.000000,3474800
1187,2023-12-11,22730.000000,23080.000000,22605.000000,23005.000000,2969700
1187,2023-12-12,23850.000000,24020.000000,23260.000000,23345.000000,2947300
1187,2023-12-13,23675.000000,24715.000000,23650.000000,24445.000000,5393200
1187,2023-12-14,24800.000000,25065.000000,23990.000000,24035.000000,4493500
1187,2023-12-15,24365.000000,24960.000000,24285.000000,24370.000000,4307400
1187,2023-12-18,24515.000000,24635.000000,24185.000000,24385.000000,2474200
1187,2023-12-19,24630.000000,25280.000000,24385.000000,25280.000000,3393600
1187,2023-12-20,25545.000000,25625.000000,24915.000000,25255.000000,3823000
1187,2023-12-21,24920.000000,25160.000000,24580.000000,24700.000000,3020500
1187,2023-12-22,25015.000000,25195.000000,24765.000000,24905.000000,2508000
1187,2023-12-25,25105.000000,25135.000000,24870.000000,25025.000000,1427100
1187,2023-12-26,25025.000000,25300.000000,24845.000000,25300.000000,1585300
1187,2023-12-27,25655.000000,25980.000000,25495.000000,25620.000000,2783200
1187,2023-12-28,25620.000000,25620.000000,25380.000000,25465.000000,1612500
1187,2023-12-29,25300.000000,25420.000000,25130.000000,25255.000000,2257900
1187,2024-01-04,24000.000000,24105.000000,23885.000000,24005.000000,4288300
1187,2024-01-05,24000.000000,24250.000000,23670.000000,24120.000000,4648300
1187,2024-01-09,25060.000000,25295.000000,24755.000000,24910.000000,3648900
1187,2024-01-10,25335.000000,25480.000000,25065.000000,25385.000000,3058100
1187,2024-01-11,25590.000000,26175.000000,25565.000000,26080.000000,4217900
1187,2024-01-12,27080.000000,27090.000000,25930.000000,26250.000000,5094100
1187,2024-01-15,26500.000000,26510.000000,26230.000000,26330.000000,754400
1187,2024-01-16,26500.000000,26510.000000,25780.000000,25920.000000,3002300
1187,2024-01-17,26520.000000,26815.000000,26240.000000,26390.000000,4249900
1187,2024-01-18,26210.000000,26820.000000,26200.000000,26625.000000,3100000
1187,2024-01-19,27685.000000,28265.000000,27335.000000,28230.000000,5666300
1187,2024-01-22,29230.000000,29290.000000,28465.000000,28700.000000,4363900
1187,2024-01-23,28790.000000,28995.000000,28200.000000,28200.000000,4649000
1187,2024-01-24,28295.000000,28575.000000,27925.000000,28375.000000,3385600
1187,2024-01-25,28890.000000,28960.000000,28280.000000,28655.000000,3688000
1187,2024-01-26,27920.000000,28405.000000,27815.000000,27970.000000,3631300
1187,2024-01-29,27640.000000,28210.000000,27525.000000,28010.000000,2868700
1187,2024-01-30,28320.000000,28320.000000,27860.000000,27985.000000,2830700
1187,2024-01-31,27340.000000,27865.000000,27280.000000,27865.000000,3148900
1187,2024-02-01,27480.000000,27815.000000,27480.000000,27640.000000,2684600
1187,2024-02-02,27900.000000,28140.000000,27735.000000,28100.000000,2721500
1187,2024-02-05,28365.000000,28455.000000,27825.000000,28205.000000,2393300
1187,2024-02-06,28260.000000,28835.000000,28225.000000,28630.000000,3046000
1187,2024-02-07,28225.000000,28480.000000,27865.000000,28480.000000,3003500
1187,2024-02-08,28700.000000,29610.000000,28590.000000,29435.000000,4873500
1187,2024-02-09,29795.000000,30160.000000,29475.000000,29755.000000,5298700
1187,2024-02-13,32500.000000,33720.000000,32400.000000,33720.000000,6993900
1187,2024-02-14,33070.000000,34310.000000,33050.000000,33530.000000,5830500
1187,2024-02-15,34050.000000,35220.000000,33850.000000,35210.000000,5595900
1187,2024-02-16,36610.000000,37080.000000,34770.000000,35350.000000,9247500
1187,2024-02-19,35350.000000,35740.000000,34620.000000,34800.000000,3492400
1187,2024-02-20,34800.000000,35400.000000,34510.000000,34650.000000,3460700
1187,2024-02-21,34190.000000,34530.000000,33790.000000,34520.000000,3272300
1187,2024-02-22,36800.000000,36800.000000,35350.000000,36580.000000,6299000
1187,2024-02-26,36810.000000,36810.000000,35920.000000,36000.000000,4275900
1187,2024-02-27,36200.000000,36540.000000,35680.000000,36260.000000,3413700
1187,2024-02-28,36040.000000,36850.000000,35970.000000,36490.000000,3251800
1187,2024-02-29,35900.000000,36890.000000,35700.000000,36870.000000,3891900
1187,2024-03-01,37200.000000,38710.000000,37050.000000,38380.000000,5757200
1187,2024-03-04,39780.000000,39990.000000,38990.000000,39290.000000,4910900
1187,2024-03-05,38900.000000,39700.000000,38710.000000,39450.000000,4869800
1187,2024-03-06,38750.000000,39660.000000,38750.000000,39600.000000,3740400
1187,2024-03-07,39970.000000,39980.000000,37830.000000,38060.000000,6648700
1187,2024-03-08,39000.000000,39260.000000,38220.000000,38360.000000,6401400
1187,2024-03-11,36030.000000,37170.000000,36020.000000,37150.000000,4616600
1187,2024-03-12,36450.000000,36770.000000,35960.000000,36510.000000,5013600
1187,2024-03-13,37850.000000,37850.000000,36660.000000,37390.000000,4525300
1187,2024-03-14,37000.000000,37260.000000,36260.000000,37220.000000,3760600
1187,2024-03-15,36260.000000,36450.000000,35410.000000,35410.000000,4965400
1187,2024-03-18,35410.000000,36750.000000,35410.000000,36740.000000,4635600
1187,2024-03-19,36810.000000,37390.000000,36370.000000,37300.000000,4654300
1187,2024-03-21,38410.000000,39340.000000,37720.000000,39340.000000,5961900
1187,2024-03-22,39900.000000,40160.000000,39010.000000,39330.000000,5083500
1187,2024-03-25,39490.000000,39610.000000,38700.000000,38720.000000,2867500
1187,2024-03-26,39190.000000,39360.000000,38640.000000,38930.000000,3037600
1187,2024-03-27,39000.000000,39720.000000,38770.000000,39510.000000,3638000
1187,2024-03-28,38760.000000,39590.000000,38640.000000,39260.000000,3358700
1187,2024-03-29,39200.000000,39590.000000,39000.000000,39580.000000,2065500
1187,2024-04-01,39840.000000,39880.000000,38110.000000,38300.000000,3646900
1187,2024-04-02,38890.000000,39680.000000,38730.000000,39610.000000,4404700
1187,2024-04-03,39210.000000,39920.000000,38930.000000,39620.000000,4169700
1187,2024-04-04,40200.000000,40860.000000,39480.000000,39480.000000,5215100
1187,2024-04-05,38500.000000,38670.000000,37170.000000,37270.000000,6204300
1187,2024-04-08,37970.000000,38050.000000,37450.000000,37660.000000,3978600
1187,2024-04-09,37900.000000,38990.000000,37700.000000,38990.000000,4527300
1187,2024-04-10,38900.000000,39490.000000,38630.000000,39290.000000,3280900
1187,2024-04-11,38590.000000,39100.000000,38470.000000,38920.000000,2854400
1187,2024-04-12,39830.000000,40050.000000,39300.000000,39500.000000,3846100
1187,2024-04-15,38800.000000,39290.000000,38570.000000,39290.000000,2515400
1187,2024-04-16,38310.000000,38360.000000,37510.000000,37660.000000,3824700
1187,2024-04-17,38100.000000,38540.000000,37270.000000,37290.000000,4104300
1187,2024-04-18,36850.000000,37090.000000,36090.000000,36740.000000,4400200
1187,2024-04-19,35340.000000,35530.000000,33530.000000,33530.000000,6769400
1187,2024-04-22,32830.000000,33500.000000,31990.000000,32450.000000,5692700
1187,2024-04-23,33480.000000,33480.000000,32130.000000,32500.000000,3682800
1187,2024-04-24,33590.000000,34810.000000,33340.000000,34810.000000,5081400
1187,2024-04-25,33530.000000,34360.000000,33400.000000,33600.000000,3712900
1187,2024-04-26,34250.000000,34780.000000,33730.000000,34230.000000,4399400
1187,2024-04-30,35000.000000,35520.000000,34810.000000,35120.000000,3262700
1187,2024-05-01,34950.000000,35310.000000,34530.000000,34940.000000,2677700
1187,2024-05-02,34500.000000,35330.000000,34330.000000,35010.000000,2426500
1187,2024-05-07,37000.000000,37010.000000,36090.000000,36840.000000,3882000
1187,2024-05-08,36950.000000,37040.000000,36280.000000,36280.000000,2742000
1187,2024-05-09,36120.000000,36230.000000,35100.000000,35210.000000,2979900
1187,2024-05-10,35530.000000,36060.000000,34830.000000,35000.000000,3403100
1187,2024-05-13,35000.000000,35640.000000,34250.000000,34640.000000,4193300
1187,2024-05-14,34690.000000,35030.000000,34280.000000,34590.000000,2421800
1187,2024-05-15,35180.000000,35800.000000,35060.000000,35230.000000,2933300
1187,2024-05-16,36600.000000,36990.000000,36060.000000,36820.000000,4076200
1187,2024-05-17,36150.000000,36440.000000,35800.000000,36090.000000,3125600
1187,2024-05-20,35800.000000,36590.000000,35650.000000,36340.000000,3148200
1187,2024-05-21,36640.000000,36910.000000,36510.000000,36630.000000,2797400
1187,2024-05-22,36180.000000,36320.000000,35870.000000,36180.000000,2673600
1187,2024-05-23,37470.000000,37550.000000,36430.000000,36830.000000,4309700
1187,2024-05-24,35900.000000,36130.000000,35650.000000,35790.000000,3199500
1187,2024-05-27,35920.000000,35970.000000,35480.000000,35630.000000,1947900
1187,2024-05-28,35500.000000,35550.000000,35010.000000,35500.000000,2359300
1187,2024-05-29,35900.000000,35930.000000,35270.000000,35380.000000,2285300
1187,2024-05-30,34840.000000,34970.000000,34150.000000,34500.000000,3295500
1187,2024-05-31,33950.000000,34090.000000,33230.000000,33630.000000,5360000
1187,2024-06-03,34050.000000,34350.000000,33570.000000,34210.000000,2634200
1187,2024-06-04,34210.000000,34570.000000,33960.000000,34460.000000,2918900
1187,2024-06-05,34280.000000,34380.000000,33360.000000,33540.000000,3067500
1187,2024-06-06,35000.000000,35250.000000,34500.000000,34700.000000,3512000
1187,2024-06-07,34600.000000,34760.000000,34270.000000,34460.000000,1866100
1187,2024-06-10,34350.000000,34790.000000,34230.000000,34780.000000,1740700
1187,2024-06-11,35340.000000,35680.000000,35270.000000,35560.000000,2254100
1187,2024-06-12,35230.000000,35570.000000,35170.000000,35500.000000,1675900
1187,2024-06-13,36020.000000,36300.000000,34870.000000,34910.000000,2848300
1187,2024-06-14,34870.000000,35250.000000,34720.000000,34950.000000,3795800
1187,2024-06-17,34400.000000,34420.000000,33790.000000,34080.000000,2238500
1187,2024-06-18,34600.000000,35040.000000,34420.000000,35000.000000,2033200
1187,2024-06-19,35270.000000,35540.000000,34520.000000,34730.000000,1680200
1187,2024-06-20,34530.000000,34890.000000,34310.000000,34890.000000,1438200
1187,2024-06-21,34850.000000,34940.000000,34390.000000,34920.000000,2170000
1187,2024-06-24,34470.000000,35120.000000,34170.000000,34990.000000,1980200
1187,2024-06-25,34430.000000,34640.000000,34080.000000,34400.000000,2333200
1187,2024-06-26,35090.000000,35800.000000,34800.000000,35650.000000,3055600
1187,2024-06-27,35300.000000,35850.000000,34670.000000,34800.000000,2909600
1187,2024-06-28,35140.000000,35480.000000,34900.000000,34900.000000,2793000
1187,2024-07-01,35260.000000,35350.000000,34650.000000,34820.000000,1922700
1187,2024-07-02,34660.000000,35080.000000,34270.000000,35050.000000,2217100
1187,2024-07-03,35500.000000,35990.000000,35360.000000,35960.000000,2566200
1187,2024-07-04,36200.000000,36320.000000,35840.000000,35850.000000,1805100
1187,2024-07-05,36010.000000,36570.000000,35660.000000,36370.000000,2793300
1187,2024-07-08,36240.000000,36550.000000,35960.000000,36040.000000,2187300
1187,2024-07-09,36660.000000,37790.000000,36550.000000,37400.000000,4006600
1187,2024-07-10,37230.000000,37870.000000,36850.000000,37820.000000,3358900
1187,2024-07-11,38890.000000,38930.000000,37850.000000,38050.000000,3550400
1187,2024-07-12,36650.000000,36910.000000,35430.000000,35700.000000,6256200
1187,2024-07-16,35940.000000,36230.000000,35680.000000,36080.000000,2325500
1187,2024-07-17,35700.000000,35740.000000,33100.000000,33390.000000,7158100
1187,2024-07-18,30100.000000,30820.000000,29755.000000,30470.000000,8745400
1187,2024-07-19,30200.000000,31420.000000,30200.000000,31170.000000,4908000
1187,2024-07-22,30750.000000,30980.000000,30230.000000,30370.000000,3191500
1187,2024-07-23,31070.000000,31500.000000,30420.000000,30770.000000,3562400
1187,2024-07-24,30500.000000,31300.000000,30400.000000,30480.000000,3371800
1187,2024-07-25,28960.000000,29370.000000,28600.000000,29010.000000,6087100
1187,2024-07-26,28510.000000,28635.000000,27550.000000,27625.000000,7893000
1187,2024-07-29,28600.000000,28945.000000,28290.000000,28640.000000,4298500
1187,2024-07-30,28570.000000,28925.000000,28035.000000,28880.000000,3723900
1187,2024-07-31,27880.000000,32200.000000,27720.000000,31020.000000,8043200
1187,2024-08-01,31720.000000,31760.000000,30380.000000,30740.000000,7102400
1187,2024-08-02,27340.000000,28070.000000,26750.000000,27055.000000,7673500
1187,2024-08-05,24830.000000,25500.000000,22055.000000,22055.000000,9564800
1187,2024-08-06,24555.000000,26220.000000,24075.000000,25715.000000,11516600
1187,2024-08-07,25060.000000,26955.000000,24885.000000,25640.000000,8790500
1187,2024-08-08,24980.000000,26305.000000,24265.000000,25630.000000,7814700
1187,2024-08-09,27970.000000,28270.000000,24890.000000,25810.000000,13506600
1187,2024-08-13,26810.000000,27620.000000,26710.000000,27400.000000,7447200
1187,2024-08-14,27900.000000,27990.000000,26615.000000,27225.000000,7507300
1187,2024-08-15,27060.000000,27890.000000,27010.000000,27620.000000,5210900
1187,2024-08-16,28620.000000,29190.000000,28410.000000,28955.000000,6459500
1187,2024-08-19,28780.000000,29135.000000,27880.000000,28055.000000,5805700
1187,2024-08-20,28645.000000,28755.000000,28200.000000,28405.000000,4225600
1187,2024-08-21,28080.000000,28195.000000,27610.000000,28000.000000,3676900
1187,2024-08-22,28195.000000,28315.000000,27620.000000,27805.000000,3925100
1187,2024-08-23,27665.000000,27765.000000,26935.000000,27105.000000,4205900
1187,2024-08-26,26850.000000,27085.000000,26405.000000,26445.000000,3864000
1187,2024-08-27,25975.000000,26280.000000,25640.000000,26200.000000,3878600
1187,2024-08-28,25940.000000,26190.000000,25640.000000,26190.000000,3626400
1187,2024-08-29,25325.000000,26170.000000,25275.000000,25730.000000,5087900
1187,2024-08-30,25760.000000,25980.000000,25450.000000,25805.000000,6278000
1187,2024-09-02,26445.000000,26445.000000,25320.000000,25525.000000,3813200
1187,2024-09-03,25850.000000,25850.000000,25040.000000,25145.000000,3121100
1187,2024-09-04,23590.000000,23825.000000,22745.000000,22995.000000,6774200
1187,2024-09-05,22550.000000,22960.000000,22110.000000,22425.000000,5567800
1187,2024-09-06,22615.000000,22795.000000,21810.000000,22000.000000,4987000
1187,2024-09-09,20500.000000,21500.000000,20450.000000,21500.000000,6414600
1187,2024-09-10,22000.000000,22470.000000,21140.000000,22260.000000,7054300
1187,2024-09-11,22230.000000,22800.000000,21705.000000,22210.000000,7219700
1187,2024-09-12,23640.000000,23925.000000,22910.000000,23280.000000,6420200
1187,2024-09-13,23770.000000,23790.000000,23005.000000,23680.000000,7084700
1187,2024-09-17,23350.000000,23470.000000,22025.000000,22440.000000,7135900
1187,2024-09-18,22960.000000,22960.000000,22270.000000,22465.000000,4196200
1187,2024-09-19,23050.000000,23260.000000,22660.000000,23020.000000,5570500
1187,2024-09-20,23940.000000,24380.000000,23740.000000,24245.000000,6722600
1187,2024-09-24,24680.000000,25035.000000,23920.000000,24020.000000,5644700
1187,2024-09-25,24015.000000,24340.000000,23850.000000,23850.000000,3624800
1187,2024-09-26,24915.000000,25770.000000,24840.000000,25760.000000,6521600
1187,2024-09-27,26500.000000,27475.000000,26180.000000,27475.000000,9281000
1187,2024-09-30,26000.000000,26170.000000,25250.000000,25290.000000,7688000
1187,2024-10-01,25730.000000,26245.000000,25660.000000,26040.000000,5055300
1187,2024-10-02,25045.000000,25440.000000,24890.000000,25080.000000,4878200
1187,2024-10-03,26000.000000,26165.000000,25700.000000,25760.000000,4628600
1187,2024-10-04,25630.000000,25700.000000,25200.000000,25355.000000,3659400
1187,2024-10-07,26010.000000,26175.000000,25470.000000,25650.000000,4220700
1187,2024-10-08,25770.000000,25960.000000,25100.000000,25460.000000,4181300
1187,2024-10-09,25870.000000,25980.000000,25635.000000,25770.000000,4062900
1187,2024-10-10,26085.000000,26145.000000,25455.000000,25515.000000,3769000
1187,2024-10-11,25735.000000,25740.000000,25475.000000,25620.000000,3234400
1187,2024-10-15,26210.000000,26950.000000,26140.000000,26770.000000,4443700
1187,2024-10-16,24270.000000,24680.000000,24005.000000,24310.000000,5928000
1187,2024-10-17,24110.000000,24160.000000,23500.000000,23530.000000,5294800
1187,2024-10-18,23525.000000,23690.000000,23125.000000,23500.000000,4363100
1187,2024-10-21,23550.000000,23930.000000,23250.000000,23720.000000,3295600
1187,2024-10-22,23705.000000,23905.000000,22970.000000,22990.000000,4336800
1187,2024-10-23,22905.000000,22980.000000,22610.000000,22770.000000,3272800
1187,2024-10-24,22530.000000,23480.000000,22520.000000,23025.000000,4464300
1187,2024-10-25,23055.000000,23360.000000,23015.000000,23220.000000,3311000
1187,2024-10-28,23215.000000,24075.000000,23090.000000,23860.000000,4064100
1187,2024-10-29,23505.000000,23985.000000,23435.000000,23985.000000,3236200
1187,2024-10-30,24355.000000,24445.000000,24010.000000,24010.000000,5344900
1187,2024-10-31,23610.000000,23965.000000,23400.000000,23400.000000,4154300
1187,2024-11-01,22630.000000,22770.000000,22385.000000,22485.000000,4405400
1187,2024-11-05,22870.000000,23285.000000,22640.000000,22930.000000,2999200
1187,2024-11-06,23200.000000,23730.000000,23130.000000,23460.000000,4002800
1187,2024-11-07,23605.000000,23670.000000,22595.000000,23055.000000,3888700
1187,2024-11-08,23595.000000,23680.000000,23100.000000,23250.000000,3183100
1187,2024-11-11,22990.000000,23315.000000,22880.000000,23260.000000,2325300
1187,2024-11-12,23220.000000,23245.000000,22385.000000,22605.000000,3612000
1187,2024-11-13,23900.000000,24190.000000,22800.000000,22805.000000,8384600
1187,2024-11-14,22830.000000,22970.000000,21900.000000,22010.000000,5347000
1187,2024-11-15,22000.000000,22795.000000,21980.000000,22300.000000,4772100
1187,2024-11-18,21880.000000,22145.000000,21680.000000,21945.000000,3632800
1187,2024-11-19,21800.000000,22075.000000,21795.000000,22000.000000,2619300
1187,2024-11-20,22000.000000,22090.000000,21645.000000,21870.000000,2517900
1187,2024-11-21,21970.000000,22040.000000,21505.000000,21780.000000,3223700
1187,2024-11-22,22110.000000,22395.000000,22005.000000,22250.000000,3043700
1187,2024-11-25,22575.000000,23320.000000,22565.000000,23135.000000,6050400
1187,2024-11-26,23125.000000,23150.000000,22265.000000,22650.000000,4547900
1187,2024-11-27,22280.000000,22515.000000,22145.000000,22240.000000,3397800
1187,2024-11-28,21900.000000,24540.000000,21855.000000,23740.000000,10056300
1187,2024-11-29,23300.000000,23575.000000,23120.000000,23310.000000,4680200
1187,2024-12-02,23415.000000,23900.000000,23345.000000,23640.000000,4230800
1187,2024-12-03,24280.000000,24790.000000,24220.000000,24650.000000,5934100
1187,2024-12-04,25005.000000,25260.000000,24425.000000,24655.000000,4230700
1187,2024-12-05,25290.000000,25290.000000,24450.000000,24585.000000,3705400
1187,2024-12-06,24240.000000,24390.000000,23730.000000,23950.000000,4056100
1187,2024-12-09,24200.000000,24235.000000,23600.000000,23760.000000,3359900
1187,2024-12-10,23900.000000,24600.000000,23820.000000,24600.000000,4541900
1187,2024-12-11,24200.000000,24545.000000,24065.000000,24480.000000,3236200
1187,2024-12-12,25010.000000,25020.000000,24560.000000,24625.000000,4238300
1187,2024-12-13,24260.000000,24575.000000,23815.000000,23860.000000,4186500
1187,2024-12-16,23890.000000,24225.000000,23630.000000,23655.000000,2598900
1187,2024-12-17,23775.000000,23965.000000,23585.000000,23840.000000,2747900
1187,2024-12-18,23700.000000,23990.000000,23620.000000,23785.000000,2495600
1187,2024-12-19,23150.000000,23555.000000,22905.000000,23450.000000,3341400
1187,2024-12-20,23280.000000,23705.000000,23195.000000,23300.000000,3449700
1187,2024-12-23,23620.000000,23720.000000,23335.000000,23605.000000,2275400
1187,2024-12-24,23980.000000,24185.000000,23565.000000,23640.000000,2244100
1187,2024-12-25,23735.000000,23805.000000,23490.000000,23700.000000,2164000
1187,2024-12-26,23625.000000,23930.000000,23590.000000,23830.000000,2436300
1187,2024-12-27,24000.000000,24415.000000,23860.000000,24380.000000,3129900
1187,2024-12-30,24420.000000,24490.000000,24115.000000,24185.000000,2586100
1187,2025-01-06,24480.000000,24635.000000,24135.000000,24360.000000,3147300
1187,2025-01-07,25340.000000,27265.000000,25255.000000,27100.000000,10258300
1187,2025-01-08,26790.000000,27670.000000,26690.000000,27540.000000,6154100
1187,2025-01-09,27305.000000,27620.000000,26900.000000,27035.000000,4369400
1187,2025-01-10,27030.000000,27595.000000,26980.000000,27025.000000,4977300
1187,2025-01-14,26700.000000,26820.000000,25840.000000,26020.000000,4567400
1187,2025-01-15,26345.000000,26435.000000,25550.000000,25655.000000,4222800
1187,2025-01-16,26155.000000,27150.000000,25565.000000,26650.000000,5085600
1187,2025-01-17,26600.000000,27030.000000,26325.000000,26655.000000,4021500
1187,2025-01-20,26950.000000,27150.000000,26440.000000,26650.000000,3110300
1187,2025-01-21,27040.000000,27345.000000,26610.000000,27035.000000,3889800
1187,2025-01-22,27525.000000,27825.000000,27240.000000,27490.000000,4631700
1187,2025-01-23,28000.000000,28395.000000,27160.000000,27430.000000,4186300
1187,2025-01-24,27150.000000,27485.000000,26970.000000,27135.000000,3296400
1187,2025-01-27,26800.000000,26895.000000,25735.000000,25805.000000,4537100
1187,2025-01-28,24440.000000,24895.000000,24235.000000,24325.000000,5508300
1187,2025-01-29,24800.000000,25040.000000,24185.000000,24895.000000,4633600
1187,2025-01-30,25190.000000,25495.000000,24610.000000,25360.000000,4121100
1187,2025-01-31,25860.000000,26320.000000,25860.000000,26205.000000,4175100
1187,2025-02-03,25560.000000,25965.000000,25480.000000,25750.000000,3239200
1187,2025-02-04,26295.000000,26680.000000,25740.000000,26025.000000,3495500
1187,2025-02-05,26220.000000,26220.000000,25890.000000,26070.000000,2242900
1187,2025-02-06,26280.000000,26695.000000,26090.000000,26580.000000,2942000
1187,2025-02-07,25850.000000,26230.000000,25360.000000,25500.000000,4736900
1187,2025-02-10,25675.000000,25970.000000,25265.000000,25635.000000,3122900
1187,2025-02-12,26070.000000,26180.000000,25435.000000,25650.000000,3070600
1187,2025-02-13,25700.000000,25790.000000,25350.000000,25350.000000,3027300
1187,2025-02-14,25130.000000,25360.000000,24745.000000,24825.000000,3719800
1187,2025-02-17,24505.000000,24930.000000,24430.000000,24790.000000,2675700
1187,2025-02-18,25070.000000,25470.000000,24870.000000,25130.000000,2601600
1187,2025-02-19,25100.000000,26100.000000,25010.000000,26015.000000,4084800
1187,2025-02-20,25940.000000,25965.000000,25125.000000,25200.000000,3740200
1187,2025-02-21,25000.000000,25470.000000,24985.000000,25455.000000,2734300
1187,2025-02-25,24680.000000,25545.000000,24200.000000,24200.000000,5001500
1187,2025-02-26,23100.000000,23105.000000,22480.000000,22945.000000,5996200
1187,2025-02-27,23350.000000,23395.000000,22970.000000,23155.000000,3757500
1187,2025-02-28,22300.000000,22465.000000,21785.000000,22125.000000,5111500
1187,2025-03-03,22465.000000,22515.000000,22075.000000,22380.000000,2698700
1187,2025-03-04,21730.000000,22565.000000,21605.000000,22450.000000,3782000
1187,2025-03-05,22440.000000,22640.000000,22035.000000,22035.000000,3107200
1187,2025-03-06,22190.000000,22310.000000,21550.000000,21780.000000,3485300
1187,2025-03-07,21140.000000,21265.000000,20985.000000,21115.000000,4349600
1187,2025-03-10,21000.000000,21680.000000,21000.000000,21475.000000,2848500
1187,2025-03-11,21005.000000,21370.000000,20635.000000,21370.000000,3772400
1187,2025-03-12,21250.000000,21535.000000,21130.000000,21335.000000,2519400
1187,2025-03-13,21695.000000,21835.000000,21290.000000,21320.000000,3219800
1187,2025-03-14,21015.000000,21555.000000,20965.000000,21480.000000,3667800
1187,2025-03-17,21850.000000,22220.000000,21760.000000,21955.000000,2734800
1187,2025-03-18,22410.000000,22460.000000,22170.000000,22330.000000,2372800
1187,2025-03-19,22290.000000,22665.000000,22200.000000,22200.000000,2852100
1187,2025-03-21,22070.000000,22600.000000,22070.000000,22365.000000,2918400
1187,2025-03-24,22390.000000,22390.000000,22150.000000,22190.000000,1957300
1187,2025-03-25,22770.000000,23010.000000,22250.000000,22310.000000,2724200
1187,2025-03-26,22810.000000,22875.000000,22500.000000,22670.000000,2932600
1187,2025-03-27,22410.000000,22590.000000,22170.000000,22290.000000,3317100
1187,2025-03-28,21810.000000,21840.000000,21285.000000,21525.000000,3180400
1187,2025-03-31,20560.000000,20650.000000,20100.000000,20110.000000,4453200
1187,2025-04-01,20190.000000,20440.000000,19950.000000,20250.000000,3003700
1187,2025-04-02,20350.000000,20850.000000,20315.000000,20640.000000,3538400
1187,2025-04-03,19240.000000,19930.000000,19170.000000,19880.000000,4719000
1187,2025-04-04,19540.000000,19700.000000,18600.000000,18960.000000,5626300
1187,2025-04-07,16560.000000,17650.000000,16560.000000,17060.000000,6089700
1187,2025-04-08,17720.000000,18865.000000,17680.000000,18550.000000,4906100
1187,2025-04-09,17800.000000,17950.000000,17110.000000,17420.000000,5792400
1187,2025-04-10,20220.000000,20250.000000,19310.000000,19665.000000,5516600
1187,2025-04-11,18590.000000,19765.000000,18415.000000,19640.000000,5253900
1187,2025-04-14,20240.000000,20660.000000,19710.000000,19905.000000,4692600
1187,2025-04-15,20000.000000,20220.000000,19930.000000,19990.000000,2442700
1187,2025-04-16,19890.000000,20000.000000,19425.000000,19690.000000,4413600
1187,2025-04-17,19710.000000,19915.000000,19190.000000,19810.000000,4333100
1187,2025-04-18,19600.000000,19745.000000,19310.000000,19515.000000,2346100
1187,2025-04-21,19370.000000,19640.000000,19250.000000,19430.000000,2012600
1187,2025-04-22,19340.000000,19485.000000,19090.000000,19180.000000,2530000
1187,2025-04-23,19960.000000,19985.000000,19470.000000,19650.000000,3203700
1187,2025-04-24,20185.000000,20555.000000,20115.000000,20385.000000,4566300
1187,2025-04-25,21245.000000,21365.000000,20815.000000,21250.000000,4594400
1187,2025-04-28,21630.000000,21645.000000,21110.000000,21200.000000,2978200
1187,2025-04-30,21000.000000,21230.000000,20785.000000,21225.000000,3439300
1187,2025-05-01,21530.000000,21565.000000,20570.000000,21210.000000,7217400
1187,2025-05-02,21700.000000,21885.000000,20990.000000,21140.000000,5778700
1187,2025-05-07,21555.000000,21940.000000,21310.000000,21905.000000,4935300
1187,2025-05-08,22295.000000,22570.000000,21995.000000,22355.000000,4223200
1187,2025-05-09,22725.000000,22750.000000,22155.000000,22555.000000,4368300
1187,2025-05-12,22820.000000,23060.000000,22550.000000,22890.000000,3911700
1187,2025-05-13,24000.000000,24255.000000,23615.000000,24000.000000,5801500
1187,2025-05-14,24460.000000,24560.000000,23815.000000,24225.000000,4211200
1187,2025-05-15,23955.000000,24220.000000,23805.000000,24130.000000,2985800
1187,2025-05-16,23810.000000,23895.000000,23320.000000,23465.000000,2996000
1187,2025-05-19,23060.000000,23310.000000,22950.000000,23065.000000,2521700
1187,2025-05-20,23145.000000,23625.000000,23140.000000,23345.000000,2833100
1187,2025-05-21,23250.000000,23450.000000,23155.000000,23245.000000,2268200
1187,2025-05-22,22770.000000,22830.000000,22375.000000,22680.000000,3875100
1187,2025-05-23,23000.000000,23005.000000,22705.000000,22755.000000,2248800
1187,2025-05-26,22810.000000,23545.000000,22805.000000,23355.000000,2656100
1187,2025-05-27,23350.000000,23350.000000,22950.000000,23195.000000,2313000
1187,2025-05-28,23640.000000,23760.000000,23145.000000,23165.000000,2748900
1187,2025-05-29,24030.000000,24150.000000,23615.000000,24150.000000,4082400
1187,2025-05-30,23500.000000,23680.000000,23000.000000,23000.000000,6223100
1187,2025-06-02,23020.000000,23050.000000,22515.000000,22605.000000,2743000
1187,2025-06-03,22700.000000,22875.000000,22400.000000,22400.000000,2663500
1187,2025-06-04,22735.000000,22820.000000,22465.000000,22500.000000,2468000
1187,2025-06-05,22600.000000,23420.000000,22540.000000,23350.000000,4132700
1187,2025-06-06,23600.000000,23725.000000,23410.000000,23650.000000,2851000
1187,2025-06-09,24120.000000,24125.000000,23720.000000,23855.000000,3145200
1187,2025-06-10,24000.000000,24210.000000,23650.000000,23740.000000,3804300
1187,2025-06-11,24220.000000,24880.000000,24100.000000,24880.000000,4463900
1187,2025-06-12,24685.000000,25050.000000,24595.000000,25000.000000,3615100
1187,2025-06-13,24180.000000,24285.000000,23450.000000,23800.000000,7422300
1187,2025-06-16,23825.000000,24055.000000,23740.000000,24015.000000,2996700
1187,2025-06-17,24465.000000,24980.000000,24305.000000,24720.000000,4133800
1187,2025-06-18,24455.000000,24840.000000,24380.000000,24735.000000,2988400
1187,2025-06-19,24600.000000,24660.000000,24000.000000,24000.000000,2902500
1187,2025-06-20,24045.000000,24295.000000,23885.000000,23985.000000,3853700
1187,2025-06-23,23530.000000,23790.000000,23280.000000,23705.000000,2767000
1187,2025-06-24,24390.000000,24910.000000,24365.000000,24570.000000,3940200
1187,2025-06-25,25560.000000,25635.000000,25045.000000,25370.000000,3917400
1187,2025-06-26,25680.000000,26430.000000,25475.000000,26380.000000,5665500
1187,2025-06-27,27300.000000,27850.000000,27175.000000,27515.000000,6819100
1187,2025-06-30,28000.000000,28540.000000,27395.000000,27680.000000,6779100
1187,2025-07-01,27380.000000,27545.000000,26945.000000,27070.000000,3764900
1187,2025-07-02,26400.000000,26890.000000,26250.000000,26585.000000,4143600
1187,2025-07-03,26820.000000,27075.000000,26725.000000,27050.000000,4333000
1187,2025-07-04,27380.000000,27520.000000,27070.000000,27175.000000,3456800
1187,2025-07-07,27000.000000,27300.000000,26860.000000,27125.000000,2033000
1187,2025-07-08,26820.000000,27560.000000,26810.000000,27265.000000,3157600
1187,2025-07-09,27630.000000,27675.000000,26935.000000,27175.000000,3665900
1187,2025-07-10,27175.000000,27175.000000,26760.000000,26760.000000,3188700
1187,2025-07-11,27200.000000,27200.000000,26640.000000,27000.000000,3016800
1187,2025-07-14,26655.000000,26700.000000,26435.000000,26485.000000,2153200
1187,2025-07-15,26450.000000,27425.000000,26220.000000,27410.000000,4009800
1187,2025-07-16,27695.000000,28535.000000,27565.000000,27890.000000,7243800
1187,2025-07-17,27500.000000,27970.000000,26880.000000,27770.000000,4684900
1187,2025-07-18,27775.000000,28130.000000,27555.000000,27850.000000,3460600
1187,2025-07-22,28075.000000,28165.000000,27385.000000,27485.000000,3103900
1187,2025-07-23,27380.000000,28190.000000,27185.000000,28020.000000,4687600
1187,2025-07-24,28410.000000,28435.000000,27830.000000,28020.000000,3730400
1187,2025-07-25,27800.000000,28110.000000,27700.000000,27960.000000,2689600
1187,2025-07-28,27525.000000,27575.000000,26850.000000,27330.000000,3341600
1187,2025-07-29,27200.000000,27360.000000,26940.000000,27000.000000,3108900
1187,2025-07-30,27180.000000,27325.000000,27060.000000,27265.000000,2293000
1187,2025-07-31,27200.000000,27700.000000,26980.000000,27330.000000,3884900
1187,2025-08-01,22330.000000,22850.000000,22330.000000,22405.000000,14269500
1187,2025-08-04,21470.000000,22570.000000,21420.000000,22485.000000,7839800
1187,2025-08-05,22500.000000,22630.000000,22160.000000,22395.000000,4903900
1187,2025-08-06,21750.000000,21915.000000,21420.000000,21550.000000,6135400
1187,2025-08-07,20550.000000,21125.000000,20380.000000,21020.000000,7764900
1187,2025-08-08,21040.000000,21535.000000,20890.000000,21290.000000,5279800
1187,2025-08-12,21400.000000,21790.000000,21255.000000,21520.000000,5264500
1187,2025-08-13,21705.000000,22080.000000,21510.000000,21690.000000,5515800
1187,2025-08-14,21495.000000,21540.000000,21120.000000,21255.000000,4403100
1187,2025-08-15,21030.000000,21580.000000,21030.000000,21505.000000,3950200
1187,2025-08-18,21430.000000,21490.000000,21045.000000,21045.000000,3515100
1187,2025-08-19,21230.000000,21500.000000,21160.000000,21220.000000,2871900
1187,2025-08-20,21080.000000,21195.000000,20780.000000,20925.000000,3224600
1187,2025-08-21,20450.000000,20645.000000,20385.000000,20420.000000,4184400
1187,2025-08-22,20440.000000,20560.000000,20005.000000,20095.000000,4366100
1187,2025-08-25,20140.000000,20375.000000,20075.000000,20225.000000,3871600
1187,2025-08-26,20120.000000,20355.000000,20090.000000,20245.000000,3901400
1187,2025-08-27,20380.000000,20445.000000,20160.000000,20335.000000,2476800
1187,2025-08-28,20220.000000,20785.000000,20195.000000,20750.000000,3909700
1187,2025-08-29,20650.000000,20730.000000,20300.000000,20665.000000,3199400
1187,2025-09-01,20295.000000,20395.000000,20010.000000,20285.000000,3325300
1187,2025-09-02,20410.000000,20540.000000,20270.000000,20335.000000,2225600
1187,2025-09-03,20065.000000,20130.000000,19870.000000,19945.000000,4300500
1187,2025-09-04,19990.000000,20140.000000,19955.000000,20085.000000,2120200
1187,2025-09-05,20180.000000,20310.000000,20040.000000,20240.000000,2535500
1187,2025-09-08,20480.000000,20795.000000,20355.000000,20600.000000,3295100
1187,2025-09-09,21065.000000,21390.000000,20880.000000,21020.000000,4812700
1187,2025-09-10,21095.000000,21265.000000,20980.000000,21150.000000,3056800
1187,2025-09-11,21200.000000,21460.000000,21110.000000,21405.000000,3863400
1187,2025-09-12,22000.000000,22605.000000,21830.000000,22585.000000,9504400
1187,2025-09-16,23035.000000,23320.000000,22760.000000,23015.000000,6365500
1187,2025-09-17,23500.000000,24555.000000,23455.000000,24250.000000,10301800
1187,2025-09-18,24300.000000,25865.000000,24165.000000,25455.000000,10516200
1187,2025-09-19,26600.000000,26600.000000,24235.000000,25610.000000,12196400
1187,2025-09-22,25790.000000,27150.000000,25550.000000,26600.000000,9058500
1187,2025-09-24,26100.000000,27320.000000,26035.000000,27255.000000,7667800
1187,2025-09-25,26755.000000,28050.000000,26725.000000,27720.000000,7835700
1187,2025-09-26,27220.000000,27340.000000,26515.000000,26545.000000,6076800
1187,2025-09-29,25910.000000,26690.000000,25875.000000,26505.000000,4125000
1187,2025-09-30,26800.000000,26935.000000,26310.000000,26360.000000,3778100
1187,2025-10-01,26205.000000,26400.000000,25775.000000,25810.000000,4000700
1187,2025-10-02,26950.000000,27920.000000,26900.000000,27845.000000,8134900
1187,2025-10-03,28395.000000,28820.000000,28145.000000,28490.000000,6692200
1187,2025-10-06,28900.000000,30890.000000,28615.000000,30570.000000,10590800
1187,2025-10-07,31160.000000,31520.000000,30080.000000,30090.000000,6962700
1187,2025-10-08,29390.000000,29960.000000,29130.000000,29255.000000,5730400
1187,2025-10-09,30000.000000,30140.000000,29190.000000,29700.000000,4893900
1187,2025-10-10,30000.000000,30110.000000,29090.000000,29280.000000,4899100
1187,2025-10-14,28780.000000,29645.000000,28235.000000,28440.000000,5956700
1187,2025-10-15,28025.000000,29620.000000,27930.000000,29070.000000,5090700
1187,2025-10-16,29665.000000,30420.000000,29650.000000,30250.000000,4971500
1187,2025-10-17,30240.000000,30500.000000,29955.000000,30080.000000,3590300
1187,2025-10-20,30500.000000,31410.000000,30410.000000,31410.000000,5208100
1187,2025-10-21,31720.000000,31750.000000,30660.000000,30710.000000,4637300
1187,2025-10-22,30560.000000,31030.000000,30300.000000,30730.000000,3906100
1187,2025-10-23,29620.000000,29775.000000,29330.000000,29730.000000,3408000
1187,2025-10-24,30470.000000,30600.000000,30270.000000,30270.000000,2496700
1187,2025-10-27,30790.000000,30870.000000,30430.000000,30620.000000,2725200
1187,2025-10-28,30810.000000,31550.000000,30740.000000,31450.000000,3674000
1187,2025-10-29,31700.000000,32750.000000,31420.000000,32490.000000,4944100
1187,2025-10-30,32490.000000,33750.000000,32160.000000,32990.000000,6571000
1187,2025-10-31,33690.000000,34180.000000,33140.000000,34180.000000,4871100
1187,2025-11-04,35800.000000,37230.000000,34790.000000,34790.000000,7117900
1187,2025-11-05,34090.000000,34490.000000,32580.000000,33370.000000,6509900
1187,2025-11-06,34370.000000,34430.000000,33240.000000,33250.000000,3030700
1187,2025-11-07,32660.000000,33020.000000,32300.000000,32800.000000,3151100
1187,2025-11-10,34030.000000,34550.000000,33400.000000,34200.000000,3346200
1187,2025-11-11,34360.000000,34660.000000,33940.000000,34190.000000,2744000
1187,2025-11-12,33490.000000,33880.000000,33000.000000,33660.000000,2885400
1187,2025-11-13,33550.000000,34000.000000,33370.000000,33910.000000,1819300
1187,2025-11-14,32000.000000,32610.000000,31820.000000,31850.000000,4021100
1187,2025-11-17,32330.000000,33300.000000,32150.000000,33300.000000,2711200
1187,2025-11-18,32600.000000,32800.000000,31410.000000,31480.000000,3139400
1187,2025-11-19,31500.000000,31670.000000,30850.000000,30860.000000,2822800
1187,2025-11-20,32900.000000,33040.000000,32170.000000,32500.000000,3883500
1187,2025-11-21,30800.000000,31040.000000,30130.000000,30180.000000,4751600
1187,2025-11-25,31000.000000,31290.000000,30730.000000,31100.000000,2939400
1187,2025-11-26,31200.000000,31580.000000,31050.000000,31170.000000,2222000
1187,2025-11-27,31840.000000,32330.000000,31680.000000,32180.000000,2019500
1187,2025-11-28,32180.000000,32200.000000,31500.000000,31800.000000,1583600
1187,2025-12-01,32500.000000,32620.000000,31540.000000,31630.000000,2128400
1187,2025-12-02,31750.000000,31940.000000,31210.000000,31300.000000,1720100
1187,2025-12-03,32550.000000,33110.000000,32200.000000,32780.000000,3483200
1187,2025-12-04,32850.000000,33820.000000,32750.000000,33820.000000,2656500
1187,2025-12-05,33120.000000,33150.000000,32770.000000,33140.000000,1928000
1187,2025-12-08,33180.000000,33610.000000,32670.000000,33160.000000,1905100
1187,2025-12-09,33500.000000,33950.000000,33370.000000,33590.000000,2144700
1187,2025-12-10,33780.000000,34040.000000,32870.000000,33120.000000,2256300
1187,2025-12-11,33800.000000,33880.000000,32410.000000,32600.000000,2527900
1187,2025-12-12,31330.000000,32490.000000,31330.000000,31500.000000,4635800
1187,2025-12-15,30800.000000,31480.000000,30660.000000,31140.000000,1988500
1187,2025-12-16,31410.000000,31450.000000,30600.000000,30970.000000,2081100
1187,2025-12-17,31200.000000,31320.000000,30700.000000,31320.000000,1822200
1187,2025-12-18,30220.000000,30700.000000,30060.000000,30310.000000,2876900
1187,2025-12-19,30710.000000,31380.000000,30690.000000,31200.000000,2803800
1187,2025-12-22,32800.000000,33440.000000,32470.000000,33170.000000,3456100
1187,2025-12-23,33170.000000,33360.000000,32770.000000,33000.000000,1716400
1187,2025-12-24,33090.000000,33860.000000,32910.000000,33220.000000,2405600
1187,2025-12-25,33100.000000,33790.000000,33090.000000,33790.000000,1442800
1187,2025-12-26,33820.000000,34390.000000,33800.000000,34330.000000,1928700
1187,2025-12-29,34600.000000,34670.000000,33910.000000,34230.000000,1955700
1187,2025-12-30,33770.000000,34500.000000,33760.000000,34320.000000,1704900
1187,2026-01-05,36080.000000,37080.000000,35720.000000,36930.000000,4530100
1187,2026-01-06,37200.000000,37600.000000,36620.000000,37350.000000,3860200
1187,2026-01-07,37500.000000,38510.000000,37390.000000,38170.000000,3780900
1187,2026-01-08,37180.000000,37470.000000,36440.000000,36640.000000,4022200
1187,2026-01-09,37000.000000,38200.000000,36480.000000,37910.000000,4751700
1187,2026-01-13,41000.000000,41360.000000,40010.000000,41030.000000,5383100
1187,2026-01-14,41460.000000,42400.000000,41260.000000,42310.000000,4203600
1187,2026-01-15,41000.000000,43000.000000,40670.000000,42590.000000,4885600
1187,2026-01-16,43000.000000,43010.000000,41600.000000,42150.000000,4456700
1187,2026-01-19,42020.000000,42430.000000,41660.000000,42180.000000,2722800
1187,2026-01-20,41740.000000,41920.000000,40610.000000,41080.000000,2661800
1187,2026-01-21,40220.000000,41560.000000,40220.000000,41210.000000,3638100
1187,2026-01-22,42820.000000,43330.000000,42110.000000,42500.000000,4242100
1187,2026-01-23,42310.000000,42540.000000,41530.000000,41720.000000,3128600
1187,2026-01-26,41020.000000,42320.000000,40830.000000,41090.000000,2878400
1187,2026-01-27,41390.000000,42200.000000,40980.000000,42130.000000,2713800
1187,2026-01-28,42790.000000,44610.000000,42290.000000,43800.000000,4182800
1187,2026-01-29,44410.000000,44430.000000,41090.000000,41330.000000,4689400
1187,2026-01-30,41020.000000,41940.000000,40770.000000,41310.000000,3513500
1187,2026-02-02,40280.000000,41370.000000,39620.000000,39660.000000,3568300
1187,2026-02-03,40580.000000,41790.000000,40180.000000,41560.000000,3486600
1187,2026-02-04,40580.000000,41000.000000,39940.000000,40700.000000,2431800
1187,2026-02-05,40050.000000,40720.000000,39480.000000,39990.000000,2954000
1187,2026-02-06,40160.000000,41350.000000,39820.000000,41030.000000,3289700
1187,2026-02-09,41580.000000,42330.000000,40310.000000,40600.000000,7678600
1187,2026-02-10,41730.000000,42370.000000,40750.000000,41500.000000,4136200
1187,2026-02-12,41900.000000,42410.000000,40730.000000,41300.000000,3506400
1187,2026-02-13,41270.000000,42680.000000,41010.000000,41990.000000,5378300
1187,2026-02-16,41780.000000,41830.000000,41010.000000,41380.000000,2210300
1187,2026-02-17,41950.000000,42820.000000,41590.000000,42150.000000,2633400
1187,2026-02-18,42580.000000,43920.000000,42380.000000,43390.000000,3565600
1187,2026-02-19,44750.000000,45450.000000,44440.000000,44630.000000,3742000
1187,2026-02-20,43800.000000,44250.000000,42960.000000,43960.000000,3619200
1187,2026-02-24,43680.000000,44380.000000,43370.000000,44380.000000,2447100
1187,2026-02-25,44850.000000,46600.000000,44770.000000,46230.000000,3532400
1187,2026-02-26,46600.000000,46600.000000,44720.000000,45310.000000,3582700
1187,2026-02-27,43210.000000,44300.000000,43100.000000,44010.000000,3675600
1187,2026-03-02,42690.000000,43790.000000,42650.000000,43530.000000,2574400
1187,2026-03-03,43550.000000,43990.000000,42330.000000,42600.000000,3214900
1187,2026-03-04,41370.000000,42310.000000,40120.000000,40690.000000,4835900
1187,2026-03-05,42490.000000,43290.000000,41420.000000,41720.000000,3750400
1187,2026-03-06,41020.000000,42030.000000,40830.000000,41790.000000,2862300
1187,2026-03-09,38290.000000,39170.000000,37600.000000,38920.000000,5170200
1187,2026-03-10,40760.000000,41200.000000,39160.000000,40030.000000,3600700
1187,2026-03-11,40730.000000,41050.000000,39950.000000,40530.000000,2871700
1187,2026-03-12,40000.000000,40300.000000,39330.000000,39750.000000,2673500
1187,2026-03-13,38510.000000,39000.000000,38300.000000,38340.000000,3230700
1187,2026-03-16,38420.000000,39150.000000,37830.000000,39150.000000,2906700
1187,2026-03-17,39850.000000,39880.000000,38630.000000,38780.000000,1930100
1187,2026-03-18,39480.000000,40290.000000,39240.000000,40290.000000,2014800
1187,2026-03-19,39010.000000,39690.000000,38960.000000,39330.000000,2656600
1187,2026-03-23,37930.000000,38540.000000,37480.000000,38300.000000,3387800
1187,2026-03-24,39350.000000,39470.000000,38280.000000,39130.000000,2266000
1187,2026-03-25,40640.000000,41440.000000,40360.000000,40360.000000,3091900
1187,2026-03-26,39950.000000,41290.000000,39940.000000,40530.000000,2747200
1187,2026-03-27,39130.000000,39390.000000,38670.000000,39290.000000,3646500
1187,2026-03-30,37600.000000,38840.000000,37210.000000,38840.000000,3600000
1187,2026-03-31,36950.000000,38220.000000,36520.000000,37230.000000,4036500
1187,2026-04-01,38630.000000,39300.000000,38380.000000,39280.000000,2541800
1187,2026-04-02,39700.000000,39710.000000,37960.000000,38020.000000,2727000
1187,2026-04-03,38880.000000,39320.000000,38280.000000,38420.000000,1832600
1187,2026-04-06,38200.000000,39260.000000,38200.000000,38370.000000,2127100
1187,2026-04-07,38650.000000,39050.000000,38270.000000,38440.000000,1924100
1187,2026-04-08,41500.000000,42410.000000,41060.000000,42410.000000,3872000
1187,2026-04-09,42830.000000,42830.000000,41750.000000,42190.000000,2672900
1187,2026-04-10,42840.000000,44040.000000,42620.000000,44040.000000,4086200
1187,2026-04-13,43370.000000,43480.000000,42300.000000,42460.000000,3255000
1187,2026-04-14,43160.000000,43820.000000,42890.000000,43700.000000,3521700
1187,2026-04-15,43870.000000,44570.000000,43360.000000,43500.000000,3635500
1187,2026-04-16,44200.000000,46150.000000,44100.000000,45820.000000,4808800
1187,2026-04-17,45120.000000,45280.000000,44010.000000,44010.000000,2974800
1187,2026-04-20,43870.000000,44490.000000,43620.000000,44250.000000,2017800
1187,2026-04-21,44740.000000,46460.000000,44670.000000,45780.000000,3182100
1187,2026-04-22,45170.000000,45540.000000,45020.000000,45500.000000,2047100
1187,2026-04-23,46150.000000,46560.000000,44950.000000,45480.000000,2968500
1187,2026-04-24,45450.000000,46110.000000,45410.000000,45850.000000,2312400
1187,2026-04-27,46460.000000,47710.000000,46300.000000,47100.000000,3605000
1187,2026-04-28,46880.000000,46970.000000,45010.000000,45150.000000,3291600
1187,2026-04-30,45000.000000,45290.000000,43980.000000,44390.000000,4081000
1187,2026-05-01,47000.000000,48190.000000,46710.000000,47450.000000,5915900
1187,2026-05-07,51180.000000,51960.000000,50240.000000,51720.000000,4695700
1187,2026-05-08,51720.000000,52650.000000,51220.000000,52450.000000,3644900
1187,2026-05-11,53500.000000,53870.000000,51870.000000,52080.000000,2998700
1187,2026-05-12,53000.000000,53000.000000,51630.000000,52160.000000,1931800
1187,2026-05-13,51510.000000,51920.000000,50830.000000,51340.000000,2301000
1187,2026-05-14,51590.000000,52730.000000,51200.000000,51200.000000,2051400
1187,2026-05-15,52150.000000,52530.000000,49480.000000,50290.000000,2986000
1187,2026-05-18,50600.000000,50900.000000,48810.000000,49260.000000,2434000
1187,2026-05-19,49960.000000,49980.000000,47160.000000,47160.000000,2645700
1187,2026-05-20,46700.000000,47220.000000,45030.000000,46100.000000,3042100
1187,2026-05-21,47650.000000,48800.000000,47450.000000,48800.000000,2745800
1187,2026-05-22,49050.000000,50220.000000,48730.000000,49830.000000,2776900
1187,2026-05-25,50530.000000,52530.000000,50030.000000,52180.000000,2671900
1187,2026-05-26,53180.000000,53190.000000,50640.000000,51420.000000,2439400
1187,2026-05-27,52870.000000,54700.000000,52500.000000,52500.000000,3857400
1187,2026-05-28,52000.000000,52730.000000,51150.000000,52320.000000,3146300
1187,2026-05-29,52780.000000,53320.000000,52030.000000,52420.000000,3555800
1187,2026-06-01,53360.000000,54740.000000,52960.000000,53060.000000,3167500
1187,2026-06-02,53060.000000,53750.000000,52180.000000,53710.000000,2681900
1187,2026-06-03,56710.000000,61420.000000,56390.000000,60900.000000,5433400
1187,2026-06-04,59900.000000,63660.000000,59900.000000,63660.000000,4805100
1187,2026-06-05,62000.000000,62210.000000,58750.000000,59450.000000,4460100
1187,2026-06-08,55650.000000,56450.000000,54650.000000,55020.000000,3961100
1187,2026-06-09,57200.000000,60860.000000,56770.000000,59920.000000,5902600
1187,2026-06-10,61110.000000,65310.000000,60810.000000,61830.000000,7924500
1187,2026-06-11,61000.000000,64070.000000,60210.000000,63400.000000,5585800
1187,2026-06-12,68400.000000,71000.000000,68000.000000,68000.000000,7102200
1187,2026-06-15,74800.000000,74800.000000,72760.000000,72760.000000,4611000
1187,2026-06-16,71510.000000,73130.000000,70820.000000,70860.000000,4828900
1187,2026-06-17,69970.000000,73220.000000,69850.000000,72640.000000,4608500
1187,2026-06-18,73870.000000,76650.000000,73100.000000,76080.000000,5806900
1187,2026-06-19,77580.000000,77600.000000,73920.000000,75360.000000,6107100
1187,2026-06-22,73990.000000,77850.000000,73980.000000,77800.000000,3105600
1187,2026-06-23,77500.000000,79800.000000,72960.000000,72960.000000,4737500
1187,2026-06-24,71760.000000,73360.000000,68620.000000,69900.000000,5275300
1187,2026-06-25,72400.000000,75850.000000,71900.000000,75340.000000,4988300
1187,2026-06-26,72560.000000,74430.000000,71120.000000,72920.000000,4533200
1187,2026-06-29,73500.000000,74700.000000,70670.000000,74700.000000,4216000
1187,2026-06-30,76980.000000,80500.000000,74730.000000,77150.000000,5168500
1187,2026-07-01,78650.000000,81260.000000,76690.000000,78800.000000,5596400
1187,2026-07-02,74300.000000,75740.000000,72940.000000,72940.000000,4530000
1187,2026-07-03,69940.000000,73830.000000,68970.000000,73200.000000,4678700
1187,2026-07-06,74090.000000,75290.000000,70670.000000,72320.000000,2846600
1187,2026-07-07,71710.000000,73090.000000,69130.000000,69470.000000,3890000
1187,2026-07-08,67470.000000,69600.000000,66560.000000,67350.000000,4276100
1187,2026-07-09,69900.000000,71540.000000,69300.000000,71060.000000,3695600
1187,2026-07-10,72900.000000,74550.000000,71610.000000,72940.000000,3910500
1187,2026-07-13,71900.000000,74470.000000,69940.000000,71300.000000,3645000
1187,2026-07-14,69800.000000,72140.000000,68680.000000,71130.000000,4029300
1187,2026-07-15,71900.000000,74810.000000,70780.000000,74240.000000,3909100
1187,2026-07-16,71240.000000,71680.000000,68840.000000,70890.000000,5153200
1187,2026-07-17,67000.000000,67080.000000,63150.000000,65100.000000,6335500
1187,2026-07-21,64350.000000,66570.000000,64200.000000,66570.000000,3621900
1187,2026-07-22,69570.000000,69780.000000,65550.000000,65960.000000,4060500
1187,2026-07-23,66470.000000,68700.000000,65910.000000,65950.000000,3554800
1187,2026-07-24,64950.000000,65410.000000,61210.000000,62660.000000,3871900
1187,2026-07-27,63660.000000,64100.000000,61660.000000,62800.000000,2720800
1187,2026-07-28,56530.000000,57610.000000,55400.000000,55920.000000,4363800
1187,2026-07-29,53920.000000,55630.000000,48580.000000,50000.000000,7362500
1187,2026-07-30,49000.000000,53820.000000,48650.000000,52240.000000,6356300
1187,2026-07-31,59240.000000,59250.000000,54220.000000,55500.000000,14096600
1187,2026-08-03,53900.000000,55550.000000,52550.000000,54990.000000,4585200
1187,2026-08-04,55880.000000,56740.000000,53400.000000,56700.000000,3777200
1187,2026-08-05,59000.000000,59700.000000,58300.000000,58550.000000,3342100
1187,2026-08-06,56550.000000,56800.000000,54800.000000,55330.000000,3602900
1187,2026-08-07,56330.000000,56850.000000,53250.000000,54500.000000,2877200
1187,2026-08-10,55800.000000,56760.000000,55600.000000,56750.000000,2551600
1187,2026-08-12,56350.000000,58300.000000,55920.000000,58230.000000,2740400
1187,2026-08-13,59660.000000,60690.000000,58620.000000,59470.000000,3320000
1187,2026-08-14,61500.000000,61650.000000,59000.000000,59130.000000,3188800
1187,2026-08-17,59270.000000,60430.000000,59010.000000,60090.000000,2533100
1187,2026-08-18,60110.000000,60300.000000,56380.000000,56380.000000,3784600
1187,2026-08-19,53570.000000,55640.000000,53430.000000,54660.000000,3588700
1187,2026-08-20,54020.000000,54180.000000,53080.000000,54020.000000,2814100
1187,2026-08-21,53020.000000,54770.000000,52910.000000,54290.000000,2144800
1187,2026-08-24,55200.000000,55950.000000,54230.000000,55150.000000,2453500
1187,2026-08-25,54150.000000,55670.000000,53390.000000,55410.000000,2269700
1187,2026-08-26,54510.000000,55590.000000,53690.000000,55500.000000,2486800
1187,2026-08-27,57000.000000,57530.000000,54920.000000,56000.000000,2329800
1187,2026-08-28,56920.000000,57520.000000,55900.000000,56230.000000,3086800
1187,2026-08-31,53800.000000,56440.000000,53360.000000,56440.000000,2776400
1187,2026-09-01,54440.000000,55210.000000,53510.000000,54980.000000,2760700
1187,2026-09-02,53140.000000,53300.000000,52500.000000,53110.000000,3093200
1187,2026-09-03,54110.000000,54270.000000,52520.000000,53300.000000,2785400
1187,2026-09-04,52500.000000,54490.000000,52330.000000,53320.000000,2599600
1187,2026-09-07,55320.000000,56710.000000,55170.000000,55840.000000,2900400
1187,2026-09-08,55390.000000,56720.000000,54000.000000,54000.000000,2386800
1187,2026-09-09,54070.000000,54390.000000,53020.000000,53700.000000,3545400
1187,2026-09-10,54000.000000,54040.000000,51890.000000,52810.000000,3237900
1187,2026-09-11,49990.000000,51460.000000,49980.000000,51460.000000,3852700
1187,2026-09-14,50460.000000,51300.000000,49540.000000,50930.000000,2717900
1187,2026-09-15,49230.000000,51170.000000,49000.000000,50650.000000,3588300
1187,2026-09-16,50550.000000,51700.000000,50040.000000,51690.000000,2036500
1187,2026-09-17,52500.000000,52520.000000,50300.000000,50970.000000,2795000
1187,2026-09-18,52100.000000,53600.000000,51900.000000,53110.000000,4010900
1187,2026-09-24,54110.000000,54570.000000,52910.000000,53920.000000,3730400
1187,2026-09-25,54330.000000,56560.000000,54200.000000,56520.000000,3653300
1187,2026-09-28,11422.000000,11520.000000,11230.000000,11264.000000,19749500
1187,2026-09-29,11355.000000,11580.000000,11270.000000,11505.000000,12075600
1187,2026-09-30,11970.000000,12060.000000,11690.000000,11815.000000,15332500
1187,2026-10-01,12385.000000,12600.000000,11980.000000,12580.000000,17346000
1187,2026-10-02,12435.000000,12435.000000,11995.000000,12100.000000,19102700
1187,2026-10-05,12400.000000,12820.000000,12295.000000,12765.000000,16639700
