stock_id,date,open,high,low,close,volume
333,2019-05-24,29.750000,32.000000,28.500000,29.000000,44000
333,2019-05-28,29.250000,30.500000,28.510000,28.765000,61500
333,2019-05-29,29.900000,29.900000,27.660000,28.500000,207800
333,2019-05-30,28.990000,29.160000,28.220000,28.800000,666000
333,2019-05-31,28.500000,28.590000,26.970000,26.970000,853800
333,2019-06-03,26.540000,27.000000,24.370000,24.810000,19259600
333,2019-06-04,24.350000,27.940000,24.350000,27.750000,20135100
333,2019-06-05,27.540000,28.220000,26.460000,28.010000,10740200
333,2019-06-06,27.690000,27.690000,26.230000,26.900000,13986100
333,2019-06-07,26.170000,26.930000,25.715000,26.310000,10049100
333,2019-06-10,26.070000,26.740000,25.120000,25.310000,10247200
333,2019-06-11,25.010000,25.360000,24.530000,24.950000,11641200
333,2019-06-12,25.110000,25.450000,24.480000,25.070000,13392000
333,2019-06-13,25.060000,25.190000,24.700000,24.970000,9710800
333,2019-06-14,24.760000,25.240000,24.550000,25.190000,7036800
333,2019-06-17,25.530000,26.900000,25.450000,25.950000,13710100
333,2019-06-18,26.030000,27.570000,25.750000,27.300000,14485400
333,2019-06-19,27.480000,27.480000,26.870000,27.150000,10228800
333,2019-06-20,27.370000,27.600000,26.420000,27.160000,7728000
333,2019-06-21,26.870000,27.710000,26.870000,27.210000,12548900
333,2019-06-24,27.140000,28.450000,27.053000,28.010000,6494900
333,2019-06-25,28.020000,28.090000,27.480000,27.670000,6698600
333,2019-06-26,27.930000,29.375000,27.850000,29.260000,6735100
333,2019-06-27,29.380000,30.330000,29.260000,29.570000,5879600
333,2019-06-28,29.600000,29.750000,29.260000,29.570000,15517800
333,2019-07-01,29.580000,30.750000,28.950000,29.680000,5272900
333,2019-07-02,29.500000,29.600000,28.140000,28.990000,5438300
333,2019-07-03,28.780000,28.900000,28.200000,28.800000,2234900
333,2019-07-05,28.450000,29.320000,28.260000,28.640000,2888200
333,2019-07-08,28.390000,28.390000,27.640000,27.770000,3478600
333,2019-07-09,27.470000,27.770000,26.830000,26.990000,5285700
333,2019-07-10,26.810000,27.000000,26.440000,26.500000,5133700
333,2019-07-11,26.550000,26.800000,25.960000,26.430000,6066200
333,2019-07-12,26.420000,27.730000,26.260000,27.600000,5154500
333,2019-07-15,27.410000,28.270000,27.400000,28.080000,3443100
333,2019-07-16,27.930000,28.500000,27.715000,27.860000,3735900
333,2019-07-17,27.600000,27.710000,26.850000,26.880000,3999300
333,2019-07-18,26.580000,26.980000,26.413000,26.650000,3009800
333,2019-07-19,26.790000,27.480000,26.640000,27.390000,4694800
333,2019-07-22,27.340000,27.850000,27.210000,27.760000,2546100
333,2019-07-23,27.650000,28.480000,27.450000,28.120000,2921400
333,2019-07-24,27.770000,28.520000,27.630000,28.320000,2311800
333,2019-07-25,28.100000,28.400000,27.750000,28.020000,3532200
333,2019-07-26,27.720000,28.525000,27.650000,28.480000,3052700
333,2019-07-29,28.360000,28.950000,28.320000,28.780000,6245200
333,2019-07-30,28.000000,29.290000,27.800000,29.130000,7142300
333,2019-07-31,29.100000,30.150000,28.710000,29.500000,7662000
333,2019-08-01,29.500000,32.780000,29.310000,31.250000,11564200
333,2019-08-02,30.940000,31.540000,30.850000,31.460000,7305800
333,2019-08-05,30.630000,30.970000,29.640000,29.900000,5552500
333,2019-08-06,30.060000,30.220000,29.470000,30.050000,5355900
333,2019-08-07,29.580000,30.830000,29.430000,30.640000,4925200
333,2019-08-08,30.710000,31.790000,30.670000,31.610000,3962600
333,2019-08-09,31.940000,32.000000,31.220000,31.630000,4753200
333,2019-08-12,31.490000,31.830000,29.510000,29.630000,7112500
333,2019-08-13,29.330000,30.150000,29.190000,29.600000,6855400
333,2019-08-14,29.120000,29.360000,28.280000,28.340000,4580100
333,2019-08-15,28.930000,29.230000,27.930000,28.420000,3561600
333,2019-08-16,28.690000,30.310000,28.560000,30.240000,4285100
333,2019-08-19,30.750000,30.840000,30.250000,30.570000,4207300
333,2019-08-20,30.620000,30.680000,30.090000,30.260000,3073700
333,2019-08-21,30.300000,30.980000,30.280000,30.580000,2815400
333,2019-08-22,30.780000,30.950000,30.210000,30.290000,3351400
333,2019-08-23,29.800000,30.160000,28.810000,29.050000,3911600
333,2019-08-26,29.350000,29.475000,28.670000,29.020000,3479800
333,2019-08-27,29.150000,29.430000,28.535000,28.730000,3528400
333,2019-08-28,28.480000,29.530000,28.310000,29.170000,5091800
333,2019-08-29,29.550000,30.228000,29.520000,29.710000,3135600
333,2019-08-30,30.000000,30.030000,29.260000,29.320000,5220200
333,2019-09-03,28.990000,29.100000,28.000000,28.230000,3279100
333,2019-09-04,28.620000,28.840000,28.170000,28.430000,2962100
333,2019-09-05,28.740000,28.990000,27.950000,28.460000,4972700
333,2019-09-06,28.450000,28.810000,27.890000,28.390000,5140000
333,2019-09-09,28.350000,28.820000,28.020000,28.750000,4661000
333,2019-09-10,28.700000,29.130000,28.140000,28.560000,3682900
333,2019-09-11,28.500000,29.300000,28.110000,29.270000,3033600
333,2019-09-12,29.500000,30.090000,28.900000,29.900000,7967600
333,2019-09-13,30.040000,30.350000,29.900000,30.120000,4919600
333,2019-09-16,30.050000,30.060000,28.840000,29.400000,3300700
333,2019-09-17,29.320000,29.470000,28.960000,28.980000,4118200
333,2019-09-18,28.750000,29.460000,28.750000,29.150000,3606000
333,2019-09-19,29.260000,29.710000,29.060000,29.140000,3222400
333,2019-09-20,29.350000,29.570000,28.850000,28.920000,6865000
333,2019-09-23,28.640000,29.000000,28.445000,28.880000,3314300
333,2019-09-24,28.710000,28.990000,27.961000,28.240000,2840500
333,2019-09-25,28.220000,28.500000,27.770000,28.200000,3154200
333,2019-09-26,28.110000,28.200000,27.490000,27.640000,3532100
333,2019-09-27,27.550000,28.230000,27.310000,27.800000,4534900
333,2019-09-30,27.900000,28.350000,27.760000,28.000000,6245000
333,2019-10-01,28.030000,28.380000,27.230000,27.550000,5843200
333,2019-10-02,27.150000,27.670000,26.620000,26.940000,5181600
333,2019-10-03,26.910000,27.160000,26.510000,26.880000,3622400
333,2019-10-04,27.000000,27.038000,25.801000,25.890000,4851400
333,2019-10-07,26.000000,26.470000,25.730000,26.000000,5474100
333,2019-10-08,25.640000,26.430000,25.590000,26.220000,6214200
333,2019-10-09,26.790000,26.830000,25.740000,26.170000,3916700
333,2019-10-10,26.170000,26.720000,25.710000,25.730000,3003300
333,2019-10-11,26.100000,27.120000,25.990000,26.660000,4555600
333,2019-10-14,26.400000,26.770000,26.200000,26.330000,3064900
333,2019-10-15,26.220000,27.090000,26.065000,26.700000,3826500
333,2019-10-16,26.350000,27.230000,26.290000,26.870000,3023500
333,2019-10-17,27.050000,27.210000,26.660000,26.770000,2196500
333,2019-10-18,26.600000,26.640000,25.640000,26.040000,4332300
333,2019-10-21,26.290000,26.580000,25.430000,25.500000,3318300
333,2019-10-22,25.510000,26.050000,25.230000,25.980000,4166600
333,2019-10-23,25.890000,26.020000,25.215000,25.610000,4140000
333,2019-10-24,25.630000,26.550000,25.500000,26.370000,5359700
333,2019-10-25,26.370000,26.960000,26.240000,26.730000,2676900
333,2019-10-28,26.790000,27.140000,26.600000,26.770000,2943500
333,2019-10-29,26.510000,27.240000,26.420000,26.780000,2837000
333,2019-10-30,27.050000,27.590000,26.910000,27.480000,5993500
333,2019-10-31,26.500000,27.480000,25.250000,26.380000,7084400
333,2019-11-01,26.180000,26.600000,25.510000,26.180000,10081500
333,2019-11-04,26.170000,26.420000,25.650000,25.740000,8316200
333,2019-11-05,25.480000,26.030000,24.760000,25.660000,8240500
333,2019-11-06,25.820000,26.320000,25.720000,26.130000,6560000
333,2019-11-07,26.470000,26.480000,26.120000,26.150000,4554200
333,2019-11-08,26.100000,26.363000,25.910000,26.200000,2998800
333,2019-11-11,26.040000,26.740000,25.690000,26.740000,3258300
333,2019-11-12,26.930000,27.240000,26.530000,26.720000,4665500
333,2019-11-13,26.500000,26.540000,25.460000,25.720000,3759900
333,2019-11-14,25.710000,26.860000,25.710000,26.380000,7274500
333,2019-11-15,26.570000,26.620000,25.435000,25.480000,4788600
333,2019-11-18,25.500000,25.765000,25.360000,25.480000,4656400
333,2019-11-19,25.550000,25.925000,25.310000,25.700000,4135100
333,2019-11-20,25.620000,25.700000,24.915000,24.980000,4531200
333,2019-11-21,24.970000,25.410000,24.930000,25.110000,4165700
333,2019-11-22,25.030000,25.575000,25.030000,25.540000,11212400
333,2019-11-25,25.740000,26.110000,25.650000,25.930000,6107900
333,2019-11-26,25.780000,26.205000,25.700000,25.880000,7580900
333,2019-11-27,25.770000,26.220000,25.680000,26.050000,6745600
333,2019-11-29,25.970000,26.080000,25.550000,26.020000,8233100
333,2019-12-02,26.030000,26.140000,25.040000,25.180000,7232800
333,2019-12-03,24.820000,24.870000,24.300000,24.650000,8645000
333,2019-12-04,24.900000,25.212000,24.620000,24.840000,13263000
333,2019-12-05,24.970000,25.090000,24.100000,24.820000,7510700
333,2019-12-06,25.000000,25.560000,24.940000,25.260000,5835800
333,2019-12-09,25.470000,26.130000,25.395000,25.770000,6603500
333,2019-12-10,25.690000,25.880000,25.420000,25.870000,5134600
333,2019-12-11,25.890000,26.270000,25.830000,26.200000,5215000
333,2019-12-12,26.120000,27.075000,26.000000,26.980000,4930200
333,2019-12-13,26.980000,27.150000,26.460000,26.490000,6268800
333,2019-12-16,26.940000,27.560000,26.850000,27.550000,9527400
333,2019-12-17,27.260000,27.550000,26.580000,26.770000,9227900
333,2019-12-18,26.710000,27.940000,26.490000,27.820000,13869000
333,2019-12-19,27.740000,28.270000,27.460000,27.710000,11975100
333,2019-12-20,27.680000,28.250000,27.440000,28.180000,30573900
333,2019-12-23,28.190000,28.745000,28.100000,28.660000,5970800
333,2019-12-24,28.600000,29.040000,28.380000,28.810000,1698400
333,2019-12-26,28.680000,29.200000,28.630000,29.190000,2599300
333,2019-12-27,29.200000,29.280000,28.980000,29.140000,2738200
333,2019-12-30,29.130000,29.230000,28.790000,28.860000,2795600
333,2019-12-31,28.850000,29.590000,28.810000,29.560000,3414500
333,2020-01-02,29.810000,29.810000,28.720000,28.740000,6896100
333,2020-01-03,28.420000,28.900000,28.360000,28.400000,5611400
333,2020-01-06,28.080000,28.501000,27.975000,28.360000,6972800
333,2020-01-07,28.310000,28.720000,28.170000,28.470000,6014800
333,2020-01-08,28.500000,28.780000,28.100000,28.700000,3684500
333,2020-01-09,28.800000,28.850000,28.380000,28.730000,3703200
333,2020-01-10,28.810000,28.930000,28.320000,28.350000,4498700
333,2020-01-13,28.340000,28.600000,28.155000,28.580000,4735100
333,2020-01-14,28.560000,28.790000,28.300000,28.640000,5370600
333,2020-01-15,28.650000,28.890000,28.475000,28.680000,6336800
333,2020-01-16,28.770000,29.260000,28.525000,29.220000,5847900
333,2020-01-17,28.460000,28.630000,27.630000,28.300000,8668600
333,2020-01-21,28.060000,28.350000,27.710000,27.820000,5514000
333,2020-01-22,27.820000,28.250000,27.500000,28.160000,8672900
333,2020-01-23,28.010000,28.510000,27.510000,28.450000,4139400
333,2020-01-24,28.310000,28.355000,27.710000,27.950000,4996200
333,2020-01-27,27.230000,27.530000,26.970000,27.160000,4195000
333,2020-01-28,27.300000,27.580000,27.000000,27.560000,5618800
333,2020-01-29,27.550000,27.990000,27.510000,27.800000,3499600
333,2020-01-30,27.940000,29.447000,27.600000,29.240000,9762200
333,2020-01-31,28.780000,29.150000,28.460000,28.920000,6788300
333,2020-02-03,29.060000,30.260000,28.820000,30.120000,9430800
333,2020-02-04,30.610000,31.110000,30.045000,30.950000,5853400
333,2020-02-05,30.320000,31.710000,29.690000,31.710000,5745300
333,2020-02-06,32.000000,32.070000,31.300000,31.590000,6383600
333,2020-02-07,31.410000,31.430000,30.795000,31.040000,3716100
333,2020-02-10,30.740000,31.015000,30.465000,30.600000,3416600
333,2020-02-11,30.660000,31.350000,30.410000,30.510000,3705400
333,2020-02-12,30.740000,31.090000,30.650000,30.940000,3023400
333,2020-02-13,30.680000,31.040000,30.455000,30.600000,4543000
333,2020-02-14,30.660000,30.930000,30.580000,30.710000,3895500
333,2020-02-18,30.680000,31.480000,30.610000,31.400000,3524700
333,2020-02-19,31.400000,31.800000,31.220000,31.520000,3042600
333,2020-02-20,31.370000,32.080000,31.320000,31.570000,2460300
333,2020-02-21,31.350000,31.670000,31.180000,31.220000,3955200
333,2020-02-24,30.470000,30.890000,30.270000,30.660000,3441300
333,2020-02-25,30.620000,30.820000,28.230000,28.380000,5045600
333,2020-02-26,28.410000,29.333000,28.320000,28.500000,4157900
333,2020-02-27,28.120000,28.670000,27.240000,27.290000,4702500
333,2020-02-28,26.530000,27.200000,25.860000,27.200000,9732700
333,2020-03-02,27.270000,28.260000,26.862000,28.240000,7440100
333,2020-03-03,28.480000,29.260000,27.490000,27.920000,8503900
333,2020-03-04,28.190000,28.920000,27.810000,28.900000,6341400
333,2020-03-05,28.000000,28.425000,27.160000,27.310000,3974300
333,2020-03-06,26.520000,26.580000,24.920000,25.300000,5843700
333,2020-03-09,23.280000,24.320000,22.870000,23.070000,7758500
333,2020-03-10,24.400000,25.990000,23.880000,25.910000,6696200
333,2020-03-11,25.010000,25.660000,24.450000,25.000000,6382300
333,2020-03-12,22.870000,24.950000,22.260000,22.340000,6448100
333,2020-03-13,23.830000,25.000000,21.550000,24.820000,7214500
333,2020-03-16,21.510000,23.340000,20.565000,20.740000,6308300
333,2020-03-17,21.230000,24.140000,20.720000,22.670000,7555300
333,2020-03-18,21.080000,23.400000,20.380000,21.570000,7526200
333,2020-03-19,21.180000,24.800000,20.540000,23.260000,5291400
333,2020-03-20,23.200000,23.240000,21.110000,22.530000,10607100
333,2020-03-23,22.220000,23.529000,21.420000,21.920000,8693500
333,2020-03-24,23.010000,23.970000,21.500000,22.330000,8305600
333,2020-03-25,22.750000,25.140000,22.140000,23.400000,5823500
333,2020-03-26,23.110000,24.850000,22.885000,24.140000,7085600
333,2020-03-27,23.110000,24.810000,22.665000,23.210000,4538800
333,2020-03-30,23.280000,24.320000,22.910000,24.090000,4469500
333,2020-03-31,24.230000,24.570000,23.350000,23.500000,4090400
333,2020-04-01,23.250000,23.600000,22.350000,22.510000,6706600
333,2020-04-02,22.850000,23.430000,21.817000,22.240000,6302000
333,2020-04-03,22.210000,23.050000,22.120000,22.620000,5961100
333,2020-04-06,23.500000,24.572000,23.220000,24.260000,6132500
333,2020-04-07,25.000000,25.930000,24.350000,24.530000,5777100
333,2020-04-08,24.550000,26.170000,24.410000,26.050000,4231800
333,2020-04-09,26.200000,28.070000,26.200000,27.930000,6076900
333,2020-04-13,27.320000,27.490000,25.900000,26.560000,3453900
333,2020-04-14,27.590000,27.845000,26.040000,26.440000,2853300
333,2020-04-15,26.070000,26.150000,24.615000,25.510000,2927100
333,2020-04-16,25.380000,25.744000,24.580000,25.160000,2663500
333,2020-04-17,25.940000,26.315000,24.920000,25.510000,5696900
333,2020-04-20,25.860000,25.860000,24.570000,24.630000,4242500
333,2020-04-21,24.010000,24.950000,23.860000,24.270000,5773900
333,2020-04-22,24.750000,25.215000,24.290000,24.940000,3936700
333,2020-04-23,25.280000,25.840000,25.010000,25.400000,2754500
333,2020-04-24,25.580000,26.680000,25.380000,26.270000,3851300
333,2020-04-27,26.330000,26.560000,25.510000,25.560000,4908800
333,2020-04-28,26.150000,26.515000,25.810000,26.190000,3812800
333,2020-04-29,26.820000,27.260000,26.460000,27.050000,2008800
333,2020-04-30,26.700000,26.700000,25.860000,26.190000,2678300
333,2020-05-01,25.830000,25.830000,25.090000,25.490000,2457600
333,2020-05-04,25.150000,25.460000,24.818000,25.420000,4121600
333,2020-05-05,25.400000,26.510000,25.210000,26.180000,2412300
333,2020-05-06,26.190000,26.730000,25.010000,25.010000,3304300
333,2020-05-07,25.970000,27.250000,25.970000,26.450000,4475300
333,2020-05-08,26.720000,26.970000,25.460000,25.980000,4765100
333,2020-05-11,25.100000,25.150000,24.290000,24.380000,6871900
333,2020-05-12,24.290000,24.450000,23.220000,23.250000,4881100
333,2020-05-13,23.150000,23.400000,22.380000,23.270000,4581500
333,2020-05-14,22.770000,23.360000,22.380000,23.320000,3357400
333,2020-05-15,23.200000,23.270000,22.620000,22.770000,3601200
333,2020-05-18,23.690000,24.280000,23.040000,24.010000,5834600
333,2020-05-19,24.110000,24.380000,23.590000,23.990000,6195900
333,2020-05-20,24.680000,25.605000,24.650000,25.090000,4719600
333,2020-05-21,24.940000,25.480000,24.510000,24.550000,4021000
333,2020-05-22,24.500000,24.670000,24.250000,24.540000,3830600
333,2020-05-26,25.430000,26.060000,25.200000,25.640000,3797800
333,2020-05-27,25.890000,26.175000,25.460000,25.800000,5831000
333,2020-05-28,26.260000,27.470000,25.920000,26.990000,4069200
333,2020-05-29,26.730000,27.430000,26.710000,27.310000,6293700
333,2020-06-01,27.100000,27.250000,26.500000,26.820000,3167100
333,2020-06-02,26.930000,28.030000,26.750000,28.010000,4302500
333,2020-06-03,28.170000,28.950000,28.150000,28.500000,3287700
333,2020-06-04,28.800000,30.180000,28.630000,30.170000,6759100
333,2020-06-05,31.000000,31.690000,30.490000,30.650000,4189400
333,2020-06-08,29.690000,30.820000,29.310000,30.010000,4850400
333,2020-06-09,29.640000,29.965000,29.080000,29.590000,5365200
333,2020-06-10,29.480000,30.130000,29.140000,29.140000,4184300
333,2020-06-11,28.430000,28.440000,27.020000,27.100000,5928500
333,2020-06-12,28.440000,28.490000,27.200000,27.540000,3843900
333,2020-06-15,26.740000,27.110000,26.520000,26.770000,5109000
333,2020-06-16,28.380000,28.720000,27.450000,27.820000,8797100
333,2020-06-17,27.770000,27.890000,27.070000,27.350000,5295300
333,2020-06-18,27.350000,27.570000,27.210000,27.480000,4402000
333,2020-06-19,27.990000,27.990000,26.730000,27.130000,6693100
333,2020-06-22,26.970000,27.650000,26.510000,27.580000,3936700
333,2020-06-23,27.840000,27.910000,27.370000,27.420000,3022700
333,2020-06-24,26.870000,26.920000,26.030000,26.070000,3985000
333,2020-06-25,25.980000,26.370000,25.720000,26.200000,5600200
333,2020-06-26,26.110000,26.160000,25.535000,25.920000,4319200
333,2020-06-29,26.350000,26.630000,26.040000,26.140000,3931000
333,2020-06-30,26.120000,27.080000,25.800000,26.790000,4590500
333,2020-07-01,26.950000,27.400000,26.460000,27.040000,4838000
333,2020-07-02,27.380000,28.110000,27.380000,27.570000,3766400
333,2020-07-06,28.220000,28.220000,27.080000,27.530000,3668300
333,2020-07-07,27.270000,27.270000,26.900000,27.140000,5931800
333,2020-07-08,27.080000,27.130000,25.440000,25.860000,5560400
333,2020-07-09,26.030000,26.055000,25.440000,25.750000,4392200
333,2020-07-10,25.830000,26.620000,25.700000,26.620000,2464100
333,2020-07-13,27.110000,27.180000,26.600000,26.840000,2782600
333,2020-07-14,26.670000,27.240000,26.510000,27.080000,8445800
333,2020-07-15,27.860000,28.050000,27.420000,27.940000,2994200
333,2020-07-16,27.750000,28.255000,27.715000,27.920000,1977300
333,2020-07-17,28.060000,28.430000,27.750000,28.350000,2704500
333,2020-07-20,28.130000,28.260000,27.720000,27.720000,1677300
333,2020-07-21,27.860000,28.450000,27.860000,28.350000,3064200
333,2020-07-22,28.040000,28.680000,28.040000,28.660000,1954200
333,2020-07-23,28.470000,28.920000,28.325000,28.670000,2428200
333,2020-07-24,28.740000,28.810000,28.310000,28.520000,1877400
333,2020-07-27,28.560000,29.000000,28.480000,28.810000,2683100
333,2020-07-28,28.660000,28.760000,28.130000,28.190000,3500600
333,2020-07-29,28.130000,28.830000,28.130000,28.810000,2840200
333,2020-07-30,28.220000,28.530000,27.790000,28.480000,3311900
333,2020-07-31,28.400000,28.700000,28.020000,28.560000,7305100
333,2020-08-03,28.780000,28.900000,28.470000,28.520000,3600600
333,2020-08-04,28.500000,28.998000,28.430000,28.710000,4663400
333,2020-08-05,29.000000,29.140000,28.550000,28.550000,5502300
333,2020-08-06,26.880000,27.250000,25.220000,25.420000,11668200
333,2020-08-07,25.340000,25.500000,24.830000,25.320000,7460000
333,2020-08-10,25.040000,25.630000,24.980000,25.420000,8355800
333,2020-08-11,25.890000,27.030000,25.745000,26.780000,8120000
333,2020-08-12,27.200000,27.300000,26.130000,26.360000,5139300
333,2020-08-13,26.330000,27.000000,26.080000,26.920000,9040600
333,2020-08-14,26.750000,28.110000,26.560000,27.870000,5367300
333,2020-08-17,27.890000,28.140000,27.333000,27.770000,9275000
333,2020-08-18,27.850000,28.420000,27.810000,28.400000,3124700
333,2020-08-19,28.150000,28.610000,28.000000,28.560000,5122000
333,2020-08-20,28.250000,28.800000,28.170000,28.800000,4583500
333,2020-08-21,28.640000,28.700000,28.015000,28.440000,6864100
333,2020-08-24,28.870000,28.980000,28.200000,28.540000,4409500
333,2020-08-25,28.700000,29.170000,28.610000,28.650000,2344000
333,2020-08-26,28.650000,29.280000,28.430000,29.230000,2458300
333,2020-08-27,29.240000,29.450000,29.055000,29.290000,1791300
333,2020-08-28,29.400000,29.820000,29.130000,29.520000,3202600
333,2020-08-31,29.430000,29.430000,28.530000,28.550000,3974800
333,2020-09-01,28.580000,29.450000,28.420000,29.440000,3797800
333,2020-09-02,29.330000,30.190000,29.120000,30.130000,3610200
333,2020-09-03,29.920000,30.210000,29.110000,29.410000,3800800
333,2020-09-04,29.800000,30.120000,29.055000,29.320000,5136800
333,2020-09-08,29.070000,29.070000,28.230000,28.300000,4213500
333,2020-09-09,28.540000,29.410000,28.510000,28.740000,2818000
333,2020-09-10,28.720000,29.260000,28.690000,29.140000,4138000
333,2020-09-11,29.340000,29.450000,28.930000,29.020000,3131400
333,2020-09-14,29.110000,29.430000,28.845000,28.970000,3917900
333,2020-09-15,29.060000,29.690000,29.030000,29.450000,3127900
333,2020-09-16,29.590000,29.960000,29.135000,29.230000,5769100
333,2020-09-17,28.900000,29.760000,28.740000,29.580000,5728400
333,2020-09-18,29.630000,29.720000,28.855000,28.990000,7175600
333,2020-09-21,28.190000,28.520000,27.915000,28.220000,6130200
333,2020-09-22,28.090000,28.240000,27.810000,28.090000,5703500
333,2020-09-23,27.910000,28.310000,27.390000,27.460000,4874200
333,2020-09-24,27.460000,27.955000,27.180000,27.630000,3031700
333,2020-09-25,27.370000,28.535000,27.310000,28.380000,2556300
333,2020-09-28,28.820000,29.320000,28.750000,28.970000,2714400
333,2020-09-29,28.770000,29.020000,28.485000,28.590000,1972000
333,2020-09-30,28.770000,29.540000,28.525000,28.810000,8009400
333,2020-10-01,28.880000,29.310000,28.610000,28.680000,4918400
333,2020-10-02,28.400000,29.780000,28.290000,29.370000,4851300
333,2020-10-05,29.770000,30.280000,29.770000,30.110000,5166300
333,2020-10-06,30.340000,30.755000,30.030000,30.090000,4972400
333,2020-10-07,30.410000,31.080000,30.370000,30.530000,5575400
333,2020-10-08,31.785000,32.640000,31.296000,32.330000,7033600
333,2020-10-09,32.450000,33.690000,32.290000,33.430000,5323300
333,2020-10-12,33.610000,33.860000,33.310000,33.590000,3968100
333,2020-10-13,33.310000,33.770000,33.012000,33.700000,5405200
333,2020-10-14,33.790000,34.360000,33.470000,33.820000,3363700
333,2020-10-15,33.180000,34.095000,33.180000,33.990000,3035100
333,2020-10-16,34.330000,34.410000,34.070000,34.080000,2802000
333,2020-10-19,34.260000,34.540000,33.190000,33.520000,5716500
333,2020-10-20,33.740000,33.750000,32.920000,33.070000,3697400
333,2020-10-21,33.100000,33.290000,32.731000,32.900000,3451400
333,2020-10-22,32.940000,33.370000,32.750000,33.130000,2646200
333,2020-10-23,33.150000,33.495000,33.040000,33.170000,3552400
333,2020-10-26,32.830000,33.000000,32.205000,32.710000,2679000
333,2020-10-27,32.780000,32.840000,32.330000,32.340000,2268400
333,2020-10-28,31.460000,32.120000,31.160000,31.860000,3974000
333,2020-10-29,31.600000,32.685000,31.540000,32.500000,3936000
333,2020-10-30,32.390000,32.980000,32.110000,32.980000,4327700
333,2020-11-02,33.280000,33.840000,33.100000,33.480000,3722000
333,2020-11-03,33.400000,33.550000,32.530000,32.930000,3620600
333,2020-11-04,32.960000,33.385000,32.110000,32.780000,3832400
333,2020-11-05,33.150000,34.450000,33.090000,33.940000,3876100
333,2020-11-06,34.190000,34.389000,33.615000,33.700000,2576800
333,2020-11-09,34.990000,36.280000,34.600000,34.640000,4633900
333,2020-11-10,34.750000,36.390000,34.750000,36.230000,6713100
333,2020-11-11,36.370000,36.900000,36.150000,36.630000,4494500
333,2020-11-12,36.340000,36.340000,34.865000,35.060000,3750300
333,2020-11-13,35.130000,36.220000,35.130000,36.010000,3361500
333,2020-11-16,36.900000,37.570000,36.340000,37.430000,3498000
333,2020-11-17,37.010000,37.295000,36.560000,37.020000,3706200
333,2020-11-18,37.240000,37.540000,36.690000,36.690000,2329400
333,2020-11-19,36.640000,37.310000,36.390000,36.960000,3274100
333,2020-11-20,36.935000,37.270000,36.850000,37.160000,2536500
333,2020-11-23,37.530000,38.300000,37.520000,37.790000,2712000
333,2020-11-24,38.160000,39.010000,37.910000,38.900000,4449400
333,2020-11-25,38.780000,38.890000,38.325000,38.580000,2738900
333,2020-11-27,38.540000,38.970000,38.320000,38.410000,1368500
333,2020-11-30,38.410000,38.590000,37.740000,38.320000,4864600
333,2020-12-01,38.700000,39.440000,38.240000,38.310000,3367500
333,2020-12-02,38.130000,38.675000,37.910000,38.270000,3503800
333,2020-12-03,38.160000,38.620000,37.860000,38.210000,2874200
333,2020-12-04,38.390000,38.820000,38.250000,38.650000,3633500
333,2020-12-07,38.490000,38.775000,37.835000,37.940000,3012900
333,2020-12-08,37.760000,38.455000,37.610000,38.420000,4178100
333,2020-12-09,38.470000,39.370000,38.460000,39.010000,3293800
333,2020-12-10,38.670000,39.230000,38.490000,38.740000,3124000
333,2020-12-11,38.310000,38.700000,38.060000,38.390000,3131000
333,2020-12-14,40.000000,40.230000,38.715000,38.760000,3594000
333,2020-12-15,39.240000,39.318000,38.240000,39.220000,3789100
333,2020-12-16,39.300000,39.300000,38.620000,39.080000,3164700
333,2020-12-17,39.330000,39.700000,39.212000,39.680000,4322000
333,2020-12-18,39.420000,39.680000,38.825000,39.410000,9395000
333,2020-12-21,38.660000,39.620000,38.321000,39.550000,2894300
333,2020-12-22,39.610000,39.715000,38.950000,38.980000,2713800
333,2020-12-23,39.110000,39.540000,39.110000,39.180000,2330800
333,2020-12-24,39.030000,39.550000,39.030000,39.500000,847600
333,2020-12-28,39.370000,39.570000,38.320000,38.350000,2545800
333,2020-12-29,38.670000,38.920000,37.675000,37.940000,3183900
333,2020-12-30,38.190000,38.690000,38.010000,38.440000,3396800
333,2020-12-31,38.660000,38.970000,38.290000,38.720000,2316800
333,2021-01-04,38.870000,39.200000,38.090000,38.350000,3693700
333,2021-01-05,38.280000,39.050000,38.220000,38.820000,2647700
333,2021-01-06,39.320000,41.510000,38.990000,41.070000,4991400
333,2021-01-07,41.650000,42.490000,41.380000,41.800000,3986200
333,2021-01-08,42.520000,43.330000,42.170000,43.250000,4667300
333,2021-01-11,42.640000,43.760000,42.455000,43.620000,3624100
333,2021-01-12,43.500000,44.850000,43.080000,44.580000,4517800
333,2021-01-13,44.480000,44.960000,43.460000,44.130000,2634700
333,2021-01-14,44.310000,44.740000,44.060000,44.210000,2113100
333,2021-01-15,43.880000,43.990000,43.050000,43.750000,3792200
333,2021-01-19,43.700000,43.810000,42.900000,43.530000,2507900
333,2021-01-20,43.880000,43.900000,43.290000,43.660000,2660900
333,2021-01-21,43.790000,44.360000,41.330000,41.650000,6190400
333,2021-01-22,41.280000,42.280000,41.050000,42.060000,5239000
333,2021-01-25,41.660000,41.850000,40.090000,41.300000,4729600
333,2021-01-26,41.590000,41.830000,39.470000,39.480000,3252100
333,2021-01-27,38.830000,38.870000,36.540000,38.690000,5413500
333,2021-01-28,39.250000,40.630000,39.140000,40.290000,4019100
333,2021-01-29,39.930000,40.390000,39.380000,39.860000,3686800
333,2021-02-01,40.140000,41.090000,39.860000,40.710000,2761800
333,2021-02-02,41.280000,41.860000,41.080000,41.490000,2451400
333,2021-02-03,41.530000,42.140000,41.223000,41.860000,2668700
333,2021-02-04,41.850000,43.330000,41.200000,42.660000,3403300
333,2021-02-05,44.680000,44.930000,43.750000,43.900000,3533300
333,2021-02-08,43.940000,44.140000,43.300000,43.610000,2719500
333,2021-02-09,43.670000,43.980000,43.210000,43.430000,4515600
333,2021-02-10,43.460000,43.550000,42.240000,43.040000,3234700
333,2021-02-11,42.960000,43.800000,42.880000,43.540000,3030100
333,2021-02-12,43.550000,44.455000,43.525000,44.370000,1973600
333,2021-02-16,44.320000,45.355000,44.310000,45.280000,2532300
333,2021-02-17,45.000000,45.175000,44.220000,44.980000,1877600
333,2021-02-18,44.910000,45.080000,43.440000,44.200000,3106400
333,2021-02-19,44.360000,45.860000,44.300000,45.470000,3558400
333,2021-02-22,45.580000,46.760000,45.110000,46.680000,4308400
333,2021-02-23,46.510000,46.895000,45.880000,46.430000,6306000
333,2021-02-24,46.490000,47.150000,46.320000,46.410000,3217000
333,2021-02-25,46.660000,46.660000,45.030000,45.360000,2920500
333,2021-02-26,45.220000,45.780000,44.370000,45.150000,4889100
333,2021-03-01,45.820000,46.740000,45.760000,46.270000,2553400
333,2021-03-02,46.330000,46.810000,45.720000,45.780000,2935800
333,2021-03-03,45.560000,45.960000,45.100000,45.340000,2842400
333,2021-03-04,45.090000,45.340000,43.070000,43.850000,3530300
333,2021-03-05,44.350000,45.015000,42.900000,44.840000,2853600
333,2021-03-08,45.340000,46.310000,44.860000,44.900000,3485300
333,2021-03-09,45.030000,45.460000,44.560000,44.710000,3973900
333,2021-03-10,45.020000,47.140000,44.900000,47.000000,3388500
333,2021-03-11,47.250000,47.670000,46.750000,46.860000,2487700
333,2021-03-12,47.000000,47.090000,46.230000,46.900000,2176700
333,2021-03-15,46.860000,46.900000,45.550000,46.830000,2993300
333,2021-03-16,46.830000,46.880000,45.862000,46.170000,2300400
333,2021-03-17,46.200000,47.300000,46.185000,47.260000,2711100
333,2021-03-18,47.250000,47.980000,46.615000,46.960000,3180700
333,2021-03-19,46.730000,47.670000,46.070000,47.070000,9286600
333,2021-03-22,47.600000,47.960000,46.850000,47.300000,3358900
333,2021-03-23,46.690000,47.000000,45.570000,45.850000,4287200
333,2021-03-24,46.170000,46.810000,45.990000,46.190000,3425200
333,2021-03-25,45.930000,47.110000,45.600000,46.780000,3739800
333,2021-03-26,47.350000,48.050000,46.910000,47.910000,3358500
333,2021-03-29,47.780000,48.480000,47.520000,47.770000,4063200
333,2021-03-30,47.580000,47.890000,46.740000,46.940000,2573000
333,2021-03-31,46.860000,47.290000,46.255000,46.620000,3814100
333,2021-04-01,46.940000,46.980000,46.040000,46.740000,2976900
333,2021-04-05,46.880000,47.240000,46.640000,47.040000,3039100
333,2021-04-06,47.100000,47.970000,46.900000,47.740000,2541300
333,2021-04-07,47.800000,47.800000,46.540000,46.750000,2208900
333,2021-04-08,46.510000,47.120000,46.180000,46.930000,2181800
333,2021-04-09,47.270000,47.645000,46.820000,47.130000,2552900
333,2021-04-12,47.360000,47.650000,46.830000,47.100000,2449800
333,2021-04-13,47.110000,47.200000,46.510000,46.870000,2542700
333,2021-04-14,46.830000,47.640000,46.770000,47.220000,2958000
333,2021-04-15,47.590000,47.715000,46.873000,47.520000,2190300
333,2021-04-16,47.970000,48.140000,47.290000,47.500000,2834900
333,2021-04-19,47.710000,47.880000,46.900000,47.520000,3157200
333,2021-04-20,47.360000,47.825000,46.660000,46.960000,2421900
333,2021-04-21,46.880000,48.300000,46.730000,48.280000,2732600
333,2021-04-22,48.340000,48.870000,47.690000,48.080000,3445600
333,2021-04-23,48.090000,48.915000,47.950000,48.630000,2501300
333,2021-04-26,48.720000,49.340000,48.645000,48.870000,1890000
333,2021-04-27,48.790000,49.270000,48.600000,49.160000,2083400
333,2021-04-28,49.420000,49.810000,49.060000,49.190000,2641600
333,2021-04-29,49.560000,49.730000,49.020000,49.560000,1809000
333,2021-04-30,49.400000,49.755000,48.700000,48.760000,2426100
333,2021-05-03,49.230000,49.980000,49.070000,49.730000,2480700
333,2021-05-04,49.000000,49.840000,48.760000,49.790000,3447100
333,2021-05-05,47.550000,47.990000,46.810000,47.680000,4184300
333,2021-05-06,47.810000,48.450000,46.570000,48.410000,3228800
333,2021-05-07,48.280000,49.293000,48.180000,48.860000,3362700
333,2021-05-10,49.190000,49.980000,46.840000,46.990000,5547300
333,2021-05-11,46.290000,47.250000,45.700000,47.090000,4086200
333,2021-05-12,47.530000,47.600000,45.040000,45.180000,4909600
333,2021-05-13,45.200000,46.230000,44.880000,45.920000,6047400
333,2021-05-14,46.330000,46.790000,46.100000,46.320000,2211900
333,2021-05-17,46.540000,46.670000,45.890000,46.220000,4149000
333,2021-05-18,45.960000,46.290000,45.700000,45.780000,3353400
333,2021-05-19,45.330000,45.430000,44.440000,44.820000,3138400
333,2021-05-20,44.790000,44.930000,44.090000,44.130000,4225900
333,2021-05-21,44.660000,45.290000,44.600000,44.700000,4346100
333,2021-05-24,45.040000,45.450000,44.913000,45.150000,4032000
333,2021-05-25,45.100000,45.715000,44.580000,44.600000,3549500
333,2021-05-26,44.780000,45.020000,44.360000,44.780000,4609100
333,2021-05-27,45.300000,45.800000,45.050000,45.180000,3708600
333,2021-05-28,45.420000,45.680000,45.150000,45.500000,3028100
333,2021-06-01,46.000000,46.172000,45.705000,45.970000,2543100
333,2021-06-02,46.110000,46.115000,45.410000,45.660000,2729400
333,2021-06-03,45.320000,46.170000,45.140000,45.980000,3318100
333,2021-06-04,46.200000,46.363000,45.810000,45.960000,1437600
333,2021-06-07,46.000000,46.280000,45.210000,45.930000,1989000
333,2021-06-08,45.770000,46.350000,45.470000,45.900000,2464800
333,2021-06-09,45.850000,45.960000,45.410000,45.490000,3077400
333,2021-06-10,45.940000,46.010000,44.550000,44.560000,2921800
333,2021-06-11,44.890000,45.300000,44.300000,44.540000,2942800
333,2021-06-14,44.470000,44.560000,43.710000,43.960000,2263800
333,2021-06-15,44.090000,44.670000,43.710000,44.310000,2747700
333,2021-06-16,44.250000,44.290000,43.525000,43.700000,3422100
333,2021-06-17,43.660000,43.780000,42.510000,43.510000,5380700
333,2021-06-18,42.740000,43.190000,42.590000,42.710000,7900400
333,2021-06-21,43.150000,43.800000,43.150000,43.410000,3819300
333,2021-06-22,43.470000,43.700000,43.100000,43.490000,2226100
333,2021-06-23,43.480000,44.025000,43.480000,43.570000,2627100
333,2021-06-24,43.840000,44.875000,43.460000,44.350000,3528900
333,2021-06-25,44.650000,44.730000,44.000000,44.160000,3675800
333,2021-06-28,44.150000,44.465000,43.565000,44.340000,3515000
333,2021-06-29,44.740000,45.060000,44.190000,44.280000,2121800
333,2021-06-30,44.430000,44.465000,44.035000,44.350000,3230200
333,2021-07-01,44.540000,44.900000,44.075000,44.620000,2103800
333,2021-07-02,44.735000,44.820000,44.200000,44.500000,1833900
333,2021-07-06,44.450000,44.500000,43.820000,44.090000,2183600
333,2021-07-07,43.760000,44.350000,42.880000,43.380000,3348100
333,2021-07-08,42.940000,43.290000,42.561000,42.900000,2307700
333,2021-07-09,43.550000,43.620000,42.955000,43.450000,3265600
333,2021-07-12,42.890000,44.010000,42.690000,43.800000,2485500
333,2021-07-13,43.920000,44.100000,42.950000,43.050000,2388200
333,2021-07-14,43.100000,43.680000,42.580000,42.670000,3114200
333,2021-07-15,42.400000,43.040000,42.120000,42.420000,2904400
333,2021-07-16,42.490000,42.650000,41.595000,41.810000,3419700
333,2021-07-19,41.140000,41.320000,40.600000,40.930000,4629200
333,2021-07-20,40.910000,42.020000,40.740000,41.730000,2978300
333,2021-07-21,42.250000,42.680000,42.065000,42.210000,3482700
333,2021-07-22,42.340000,42.385000,41.725000,42.270000,1458500
333,2021-07-23,42.460000,42.460000,41.900000,42.130000,1590300
333,2021-07-26,42.260000,42.450000,41.850000,42.350000,2840200
333,2021-07-27,42.000000,42.580000,41.410000,42.530000,2860100
333,2021-07-28,42.670000,43.150000,42.450000,42.820000,2819800
333,2021-07-29,43.270000,43.780000,43.110000,43.220000,2394500
333,2021-07-30,42.810000,43.495000,42.720000,42.780000,2116200
333,2021-08-02,43.000000,43.450000,42.450000,42.480000,1803300
333,2021-08-03,42.600000,43.105000,42.270000,43.070000,3147200
333,2021-08-04,42.790000,42.890000,42.240000,42.270000,2159000
333,2021-08-05,42.330000,42.670000,41.410000,41.440000,5051800
333,2021-08-06,44.000000,45.710000,43.750000,44.760000,6031100
333,2021-08-09,44.860000,45.560000,44.560000,45.180000,4724200
333,2021-08-10,45.160000,45.830000,45.030000,45.630000,3043700
333,2021-08-11,45.650000,45.880000,45.340000,45.740000,2455500
333,2021-08-12,45.610000,46.180000,45.110000,46.060000,2987400
333,2021-08-13,46.140000,46.330000,45.900000,45.990000,2872700
333,2021-08-16,45.500000,45.660000,45.110000,45.170000,4732800
333,2021-08-17,45.000000,45.250000,44.340000,45.070000,6382800
333,2021-08-18,44.820000,45.325000,43.900000,43.940000,3524700
333,2021-08-19,43.260000,43.685000,42.470000,42.550000,2458000
333,2021-08-20,42.490000,42.810000,41.835000,41.940000,3006200
333,2021-08-23,42.170000,42.370000,41.855000,41.950000,3609800
333,2021-08-24,42.010000,42.820000,42.010000,42.550000,3524600
333,2021-08-25,42.470000,43.965000,42.270000,43.780000,3784400
333,2021-08-26,43.850000,44.535000,43.660000,43.990000,3495500
333,2021-08-27,44.230000,44.835000,44.100000,44.180000,2580300
333,2021-08-30,44.270000,44.270000,43.710000,43.760000,1854900
333,2021-08-31,43.890000,44.030000,43.480000,43.970000,4187000
333,2021-09-01,44.360000,44.495000,43.640000,44.380000,2518000
333,2021-09-02,44.440000,45.430000,44.410000,44.920000,2817600
333,2021-09-03,44.810000,45.475000,44.810000,44.920000,3472000
333,2021-09-07,44.620000,44.760000,44.290000,44.330000,2455100
333,2021-09-08,44.340000,44.600000,43.600000,44.140000,3013300
333,2021-09-09,43.920000,44.140000,43.520000,43.580000,2703300
333,2021-09-10,44.120000,44.120000,43.360000,43.420000,2061200
333,2021-09-13,43.600000,43.850000,42.620000,43.140000,1907400
333,2021-09-14,43.360000,43.460000,42.160000,42.260000,1787500
333,2021-09-15,42.300000,43.090000,42.235000,42.970000,2177900
333,2021-09-16,42.900000,42.980000,42.300000,42.580000,2711200
333,2021-09-17,42.450000,42.930000,41.310000,41.870000,7032100
333,2021-09-20,41.000000,41.570000,40.720000,41.490000,2506600
333,2021-09-21,41.670000,41.800000,41.135000,41.400000,3350900
333,2021-09-22,41.880000,42.395000,41.780000,41.940000,2126700
333,2021-09-23,42.200000,42.790000,42.120000,42.410000,2644000
333,2021-09-24,42.250000,42.550000,42.030000,42.310000,2311800
333,2021-09-27,42.370000,43.570000,42.370000,43.460000,2967200
333,2021-09-28,43.580000,44.010000,42.685000,43.040000,2988400
333,2021-09-29,43.180000,43.230000,42.610000,42.860000,2024700
333,2021-09-30,42.900000,43.080000,42.060000,42.080000,2433200
333,2021-10-01,42.350000,43.865000,42.190000,43.500000,3540600
333,2021-10-04,43.600000,43.870000,42.410000,42.550000,2853900
333,2021-10-05,42.690000,43.885000,42.480000,43.460000,3173800
333,2021-10-06,42.850000,43.035000,41.568000,42.000000,3050200
333,2021-10-07,42.470000,43.050000,42.290000,42.490000,2005400
333,2021-10-08,42.760000,43.200000,42.500000,42.780000,1402700
333,2021-10-11,42.930000,43.390000,42.420000,42.460000,1257900
333,2021-10-12,42.210000,42.560000,41.780000,41.950000,1609000
333,2021-10-13,42.320000,42.350000,41.370000,42.240000,2374000
333,2021-10-14,42.590000,43.610000,42.530000,43.370000,1530600
333,2021-10-15,43.680000,43.925000,43.330000,43.510000,2226100
333,2021-10-18,42.425000,43.520000,42.110000,43.280000,2104600
333,2021-10-19,43.510000,43.675000,42.930000,43.630000,1418600
333,2021-10-20,43.550000,44.530000,43.550000,44.130000,2084900
333,2021-10-21,43.830000,44.000000,42.590000,42.710000,2653300
333,2021-10-22,42.750000,43.250000,42.580000,42.750000,1875700
333,2021-10-25,42.990000,43.100000,42.490000,42.520000,3361100
333,2021-10-26,42.650000,42.855000,42.309000,42.710000,1656700
333,2021-10-27,42.460000,42.550000,42.070000,42.110000,2147300
333,2021-10-28,42.190000,43.140000,42.190000,43.040000,2593400
333,2021-10-29,42.910000,43.490000,42.690000,43.150000,3683900
333,2021-11-01,43.170000,43.430000,42.850000,43.010000,2651700
333,2021-11-02,43.050000,43.340000,42.140000,42.840000,4306700
333,2021-11-03,42.620000,45.140000,42.620000,44.810000,4392900
333,2021-11-04,45.500000,47.650000,45.180000,47.400000,4465900
333,2021-11-05,47.680000,48.570000,47.300000,47.600000,2727300
333,2021-11-08,47.910000,48.180000,46.410000,46.540000,4538200
333,2021-11-09,46.620000,48.120000,46.610000,47.850000,2541700
333,2021-11-10,47.450000,48.180000,47.300000,47.680000,2025300
333,2021-11-11,47.610000,48.300000,47.560000,47.690000,1397400
333,2021-11-12,47.900000,48.770000,47.835000,48.700000,3811500
333,2021-11-15,49.065000,49.400000,48.090000,48.370000,1790700
333,2021-11-16,48.870000,49.100000,48.400000,48.430000,1645700
333,2021-11-17,48.230000,48.730000,48.050000,48.350000,1533100
333,2021-11-18,48.580000,49.000000,48.280000,48.670000,2404900
333,2021-11-19,48.330000,48.490000,47.645000,47.810000,3253700
333,2021-11-22,47.950000,48.765000,47.540000,47.550000,2710700
333,2021-11-23,47.700000,47.990000,47.020000,47.900000,2005200
333,2021-11-24,47.540000,47.850000,47.270000,47.570000,1291900
333,2021-11-26,46.200000,47.010000,46.120000,46.830000,1306500
333,2021-11-29,47.295000,47.400000,46.430000,46.590000,2080700
333,2021-11-30,46.300000,46.420000,44.770000,45.000000,4761900
333,2021-12-01,45.780000,46.970000,44.640000,44.660000,2598900
333,2021-12-02,44.980000,46.500000,44.885000,46.190000,2705200
333,2021-12-03,46.250000,47.500000,45.575000,46.040000,3760300
333,2021-12-06,46.640000,47.550000,46.340000,47.100000,3202300
333,2021-12-07,47.680000,48.420000,47.490000,47.750000,2661700
333,2021-12-08,48.090000,48.350000,47.497000,48.110000,2712200
333,2021-12-09,47.800000,48.420000,47.730000,48.030000,1983900
333,2021-12-10,48.400000,48.660000,47.690000,47.960000,2242500
333,2021-12-13,47.600000,47.650000,46.550000,46.630000,2268800
333,2021-12-14,46.540000,47.030000,46.125000,46.310000,2425100
333,2021-12-15,46.260000,46.260000,45.120000,46.090000,2913100
333,2021-12-16,46.440000,47.455000,46.300000,46.980000,3363800
333,2021-12-17,47.140000,47.140000,45.940000,46.080000,6903500
333,2021-12-20,45.680000,45.680000,43.890000,44.760000,3372700
333,2021-12-21,45.270000,46.120000,45.070000,45.820000,2223400
333,2021-12-22,45.850000,46.220000,45.650000,45.930000,2940500
333,2021-12-23,46.020000,46.790000,45.940000,46.440000,1923800
333,2021-12-27,46.390000,47.030000,46.250000,47.010000,1310500
333,2021-12-28,46.940000,47.540000,46.810000,47.380000,1616700
333,2021-12-29,47.210000,47.530000,47.030000,47.350000,1160900
333,2021-12-30,47.500000,47.760000,47.060000,47.120000,1192200
333,2021-12-31,46.940000,47.420000,46.880000,47.280000,1457000
333,2022-01-03,47.400000,47.780000,46.790000,46.900000,2071200
333,2022-01-04,47.110000,48.330000,47.110000,47.770000,2529200
333,2022-01-05,48.020000,48.260000,47.210000,47.240000,2498600
333,2022-01-06,47.540000,48.250000,47.070000,47.900000,2685800
333,2022-01-07,47.900000,48.800000,47.800000,48.420000,2463600
333,2022-01-10,48.300000,48.300000,46.820000,47.390000,2145200
333,2022-01-11,47.510000,48.490000,47.250000,48.410000,1867000
333,2022-01-12,48.970000,49.350000,48.490000,48.860000,1988000
333,2022-01-13,48.820000,49.410000,48.540000,48.900000,2107800
333,2022-01-14,48.320000,48.780000,47.815000,48.600000,2039600
333,2022-01-18,48.140000,48.360000,47.750000,48.140000,1877800
333,2022-01-19,48.430000,48.500000,47.170000,47.220000,2530800
333,2022-01-20,47.500000,47.980000,46.400000,46.540000,2191200
333,2022-01-21,46.170000,46.750000,45.320000,45.440000,2360700
333,2022-01-24,44.700000,46.290000,43.740000,46.070000,3365500
333,2022-01-25,45.040000,46.430000,44.220000,46.050000,4314600
333,2022-01-26,46.440000,47.110000,45.385000,46.010000,2986200
333,2022-01-27,46.480000,47.550000,46.300000,46.840000,2506200
333,2022-01-28,46.760000,47.480000,46.100000,47.460000,2271500
333,2022-01-31,47.440000,48.200000,47.260000,48.080000,2573500
333,2022-02-01,47.950000,48.340000,47.360000,47.930000,4429000
333,2022-02-02,47.870000,48.360000,47.660000,48.130000,3597400
333,2022-02-03,48.040000,49.350000,47.370000,48.530000,4054900
333,2022-02-04,48.250000,50.755000,48.250000,50.250000,4931500
333,2022-02-07,50.350000,50.500000,49.350000,49.550000,4646600
333,2022-02-08,49.650000,50.420000,49.340000,50.370000,4336000
333,2022-02-09,50.850000,51.625000,50.800000,51.540000,2901500
333,2022-02-10,51.300000,52.380000,50.700000,50.950000,4628200
333,2022-02-11,50.930000,51.740000,50.470000,51.050000,3194800
333,2022-02-14,51.200000,51.550000,50.370000,50.900000,5552300
333,2022-02-15,50.440000,51.130000,50.200000,50.890000,4652900
333,2022-02-16,51.280000,51.900000,50.900000,51.460000,3283700
333,2022-02-17,50.855000,51.580000,50.460000,51.270000,2920200
333,2022-02-18,51.490000,51.810000,50.480000,50.700000,2670100
333,2022-02-22,50.720000,51.240000,50.250000,50.670000,2923700
333,2022-02-23,50.990000,51.510000,50.310000,50.420000,3330800
333,2022-02-24,49.600000,50.155000,49.010000,50.050000,3156900
333,2022-02-25,50.290000,51.860000,50.180000,51.840000,3414300
333,2022-02-28,51.010000,52.060000,50.650000,52.030000,4551900
333,2022-03-01,52.120000,52.360000,50.020000,50.370000,3091100
333,2022-03-02,50.830000,51.810000,50.740000,51.300000,4594300
333,2022-03-03,51.650000,51.770000,50.925000,51.520000,3877000
333,2022-03-04,51.040000,51.530000,50.120000,51.480000,5847100
333,2022-03-07,51.890000,54.020000,51.100000,51.220000,8059100
333,2022-03-08,51.060000,51.740000,49.560000,50.080000,5231200
333,2022-03-09,50.410000,51.930000,50.220000,51.530000,4827300
333,2022-03-10,51.050000,53.690000,51.050000,53.590000,4712500
333,2022-03-11,53.840000,55.040000,53.359000,53.650000,4039100
333,2022-03-14,53.940000,54.800000,53.210000,54.210000,4971100
333,2022-03-15,54.120000,55.440000,53.870000,54.990000,5530400
333,2022-03-16,55.490000,56.100000,53.940000,54.760000,5367600
333,2022-03-17,54.410000,55.965000,54.400000,55.790000,4400000
333,2022-03-18,55.800000,55.980000,55.040000,55.850000,11274700
333,2022-03-21,56.190000,56.980000,55.585000,56.950000,5814000
333,2022-03-22,57.250000,57.340000,56.290000,56.480000,5106500
333,2022-03-23,57.170000,57.730000,56.450000,57.410000,3902500
333,2022-03-24,57.650000,58.740000,57.620000,58.490000,4758800
333,2022-03-25,58.520000,59.810000,58.520000,59.790000,4670200
333,2022-03-28,59.340000,59.580000,58.600000,59.030000,3276600
333,2022-03-29,57.850000,58.120000,56.250000,58.030000,4215100
333,2022-03-30,58.530000,59.090000,57.990000,58.370000,3440100
333,2022-03-31,58.040000,58.940000,57.360000,57.480000,4327800
333,2022-04-01,57.910000,58.450000,57.640000,58.290000,2430900
333,2022-04-04,58.330000,58.880000,57.345000,58.670000,2356800
333,2022-04-05,58.800000,59.140000,58.040000,58.280000,3220000
333,2022-04-06,58.200000,58.740000,57.870000,58.050000,2868800
333,2022-04-07,58.220000,58.750000,57.915000,58.490000,2321800
333,2022-04-08,59.200000,60.310000,58.860000,59.640000,2478900
333,2022-04-11,59.750000,60.070000,59.350000,59.750000,2487700
333,2022-04-12,59.840000,60.730000,59.610000,60.630000,2813000
333,2022-04-13,60.840000,61.210000,60.110000,60.950000,2193500
333,2022-04-14,61.330000,61.740000,60.880000,61.010000,3714400
333,2022-04-18,61.030000,61.500000,60.720000,60.950000,3289700
333,2022-04-19,61.350000,61.830000,60.640000,61.140000,3865400
333,2022-04-20,61.560000,61.885000,60.410000,61.320000,4258500
333,2022-04-21,61.880000,62.040000,60.100000,60.210000,3942200
333,2022-04-22,59.840000,60.170000,57.190000,57.680000,4987500
333,2022-04-25,56.890000,57.530000,55.780000,57.300000,4215500
333,2022-04-26,57.240000,57.770000,56.500000,56.630000,4118800
333,2022-04-27,56.930000,57.910000,56.490000,57.220000,4522700
333,2022-04-28,57.710000,58.055000,56.865000,57.820000,4599700
333,2022-04-29,58.070000,58.890000,57.570000,57.690000,6933100
333,2022-05-02,57.770000,58.000000,56.150000,57.340000,5231600
333,2022-05-03,57.410000,57.580000,56.500000,57.260000,5304900
333,2022-05-04,57.520000,59.215000,57.050000,59.140000,5025300
333,2022-05-05,56.350000,59.600000,56.330000,58.040000,6842900
333,2022-05-06,57.140000,57.270000,54.830000,55.740000,5236400
333,2022-05-09,55.035000,55.035000,52.950000,53.080000,5314400
333,2022-05-10,54.250000,54.380000,52.264000,52.820000,4323300
333,2022-05-11,52.800000,54.480000,52.540000,53.600000,3899600
333,2022-05-12,53.030000,54.060000,52.680000,54.050000,3748600
333,2022-05-13,54.480000,55.935000,54.400000,55.470000,3881300
333,2022-05-16,55.410000,57.180000,55.280000,56.540000,3620700
333,2022-05-17,57.280000,57.920000,56.670000,57.610000,4238000
333,2022-05-18,57.036000,58.300000,56.860000,57.090000,4319300
333,2022-05-19,56.480000,59.076000,56.430000,59.000000,6912300
333,2022-05-20,59.470000,59.780000,58.040000,59.230000,9441900
333,2022-05-23,59.850000,61.175000,59.192000,60.910000,4956300
333,2022-05-24,60.660000,62.195000,60.250000,62.090000,5808300
333,2022-05-25,61.670000,62.460000,61.395000,62.010000,5374200
333,2022-05-26,62.520000,64.030000,62.450000,63.170000,5745200
333,2022-05-27,62.940000,63.115000,61.220000,62.910000,6501900
333,2022-05-31,62.980000,63.970000,62.360000,62.620000,12551200
333,2022-06-01,63.010000,63.270000,61.801000,62.330000,4259100
333,2022-06-02,62.720000,63.020000,62.060000,62.540000,4820200
333,2022-06-03,62.500000,62.700000,61.740000,62.000000,3425000
333,2022-06-06,62.200000,62.415000,61.380000,61.720000,2699300
333,2022-06-07,61.350000,62.530000,61.310000,62.380000,3560000
333,2022-06-08,61.860000,62.400000,61.320000,62.000000,3734400
333,2022-06-09,61.470000,61.650000,60.860000,61.080000,4500600
333,2022-06-10,60.160000,60.315000,57.970000,57.980000,3551200
333,2022-06-13,56.620000,57.190000,55.780000,56.240000,3721400
333,2022-06-14,56.240000,56.740000,55.870000,56.390000,4443200
333,2022-06-15,56.870000,57.210000,54.900000,55.530000,4482700
333,2022-06-16,54.600000,54.730000,53.680000,54.040000,4880000
333,2022-06-17,54.120000,54.530000,52.660000,53.220000,12994200
333,2022-06-21,54.460000,55.620000,53.930000,55.370000,3590200
333,2022-06-22,53.710000,54.660000,53.420000,53.430000,4488400
333,2022-06-23,53.250000,53.540000,50.755000,50.930000,5882000
333,2022-06-24,51.430000,53.600000,51.215000,53.560000,8329500
333,2022-06-27,53.710000,54.320000,53.080000,54.240000,4769100
333,2022-06-28,54.890000,55.720000,53.900000,54.270000,4755300
333,2022-06-29,54.490000,54.950000,53.978000,54.530000,3208200
333,2022-06-30,53.900000,54.740000,53.570000,54.140000,3588100
333,2022-07-01,53.620000,54.440000,52.660000,54.120000,2130500
333,2022-07-05,52.790000,53.040000,51.260000,52.100000,4655000
333,2022-07-06,52.130000,52.360000,50.500000,52.040000,3851300
333,2022-07-07,53.490000,53.600000,52.760000,52.850000,3879700
333,2022-07-08,53.080000,53.220000,52.090000,52.730000,2554800
333,2022-07-11,52.160000,52.980000,52.015000,52.910000,2249700
333,2022-07-12,52.630000,53.500000,52.170000,52.560000,2713300
333,2022-07-13,51.870000,52.410000,51.626000,51.970000,1675200
333,2022-07-14,51.320000,51.870000,50.030000,51.490000,3560400
333,2022-07-15,52.310000,52.490000,51.621000,52.000000,2589600
333,2022-07-18,52.560000,53.040000,52.010000,52.240000,1867500
333,2022-07-19,52.680000,54.220000,52.610000,53.740000,2273100
333,2022-07-20,53.410000,54.270000,53.375000,54.020000,1679300
333,2022-07-21,53.620000,53.910000,52.830000,53.880000,1482300
333,2022-07-22,54.050000,54.520000,53.580000,54.010000,1971600
333,2022-07-25,54.620000,55.605000,54.180000,55.470000,2643000
333,2022-07-26,55.650000,56.020000,55.050000,55.460000,1692200
333,2022-07-27,55.910000,56.895000,54.970000,56.610000,2248500
333,2022-07-28,56.805000,57.247000,56.270000,56.960000,2293400
333,2022-07-29,57.430000,58.040000,57.230000,57.550000,2338900
333,2022-08-01,57.000000,57.530000,56.340000,56.900000,2621600
333,2022-08-02,56.840000,56.940000,55.690000,55.740000,3025200
333,2022-08-03,56.100000,56.100000,55.560000,55.700000,3164600
333,2022-08-04,55.590000,55.750000,54.680000,55.220000,3218800
333,2022-08-05,56.970000,58.410000,56.740000,57.900000,5728000
333,2022-08-08,59.310000,60.690000,59.020000,59.090000,4055600
333,2022-08-09,59.130000,60.140000,59.130000,59.720000,3022100
333,2022-08-10,60.710000,60.945000,59.770000,60.090000,2604500
333,2022-08-11,60.490000,61.050000,60.135000,60.270000,1985300
333,2022-08-12,60.470000,61.770000,60.140000,61.760000,2744000
333,2022-08-15,60.860000,61.830000,60.470000,61.610000,3836200
333,2022-08-16,61.640000,62.320000,61.640000,62.100000,2523100
333,2022-08-17,61.500000,61.900000,61.210000,61.870000,1747600
333,2022-08-18,62.290000,62.810000,62.120000,62.370000,1980500
333,2022-08-19,62.050000,62.185000,61.130000,61.330000,2232200
333,2022-08-22,60.730000,61.340000,60.600000,61.040000,1912800
333,2022-08-23,61.230000,61.970000,61.230000,61.770000,1952700
333,2022-08-24,61.900000,62.470000,61.230000,61.900000,2307200
333,2022-08-25,62.410000,63.345000,62.180000,63.240000,2522400
333,2022-08-26,63.480000,63.766000,62.280000,62.320000,1889200
333,2022-08-29,61.600000,62.470000,61.350000,61.910000,1803200
333,2022-08-30,61.580000,61.870000,60.710000,61.770000,2539200
333,2022-08-31,61.740000,62.210000,61.180000,61.430000,3710500
333,2022-09-01,60.780000,60.930000,59.950000,60.810000,2468400
333,2022-09-02,61.560000,62.210000,61.000000,61.240000,2644100
333,2022-09-06,61.610000,61.750000,60.030000,60.320000,2303200
333,2022-09-07,59.885000,61.990000,59.780000,61.820000,2058800
333,2022-09-08,61.370000,62.130000,61.100000,62.040000,2873500
333,2022-09-09,62.590000,62.980000,61.795000,62.520000,2021200
333,2022-09-12,62.870000,62.870000,61.290000,62.110000,4922200
333,2022-09-13,61.060000,63.830000,61.010000,62.650000,4939200
333,2022-09-14,63.030000,64.300000,62.760000,63.810000,5006500
333,2022-09-15,63.810000,63.980000,61.965000,62.120000,5786400
333,2022-09-16,61.230000,61.600000,60.380000,61.350000,7511800
333,2022-09-19,60.500000,61.660000,60.500000,61.420000,2386800
333,2022-09-20,60.840000,61.570000,60.230000,61.400000,2707100
333,2022-09-21,62.220000,62.220000,59.200000,59.230000,3101500
333,2022-09-22,59.550000,60.590000,59.550000,59.760000,3170800
333,2022-09-23,58.780000,58.810000,57.091000,57.920000,2686800
333,2022-09-26,57.880000,58.968000,57.515000,57.610000,3941600
333,2022-09-27,58.250000,58.580000,56.900000,57.260000,2357400
333,2022-09-28,57.490000,58.695000,57.170000,58.380000,3517500
333,2022-09-29,57.850000,58.080000,56.590000,57.210000,2431000
333,2022-09-30,56.940000,58.000000,56.390000,57.150000,3688200
333,2022-10-03,58.480000,59.475000,57.895000,59.180000,3680100
333,2022-10-04,59.980000,61.820000,59.920000,61.760000,3986600
333,2022-10-05,61.360000,61.960000,61.010000,61.520000,2978100
333,2022-10-06,61.210000,61.960000,60.750000,60.890000,3219100
333,2022-10-07,60.700000,61.250000,60.100000,60.830000,2420500
333,2022-10-10,61.330000,61.760000,60.760000,61.050000,2133300
333,2022-10-11,60.590000,61.730000,60.260000,60.760000,2198800
333,2022-10-12,60.820000,61.065000,60.160000,60.790000,2395700
333,2022-10-13,60.110000,63.235000,59.510000,62.950000,3067800
333,2022-10-14,63.250000,63.250000,58.600000,58.730000,4043200
333,2022-10-17,59.850000,60.985000,59.850000,60.360000,2693300
333,2022-10-18,61.770000,62.400000,60.840000,61.620000,2934600
333,2022-10-19,61.225000,62.240000,61.100000,61.800000,2174000
333,2022-10-20,62.380000,62.740000,61.370000,61.930000,2886400
333,2022-10-21,61.960000,63.035000,61.380000,62.880000,2566200
333,2022-10-24,63.050000,63.770000,62.690000,63.360000,3123400
333,2022-10-25,63.010000,65.010000,62.990000,64.960000,4597400
333,2022-10-26,65.495000,66.270000,64.700000,65.870000,5580600
333,2022-10-27,66.350000,66.690000,65.810000,65.970000,3822600
333,2022-10-28,66.090000,66.500000,65.253000,66.020000,2951200
333,2022-10-31,65.980000,66.500000,64.890000,65.340000,3672900
333,2022-11-01,66.030000,67.200000,65.800000,67.110000,3694100
333,2022-11-02,67.060000,68.430000,66.840000,66.910000,4385400
333,2022-11-03,65.760000,67.640000,65.730000,66.980000,5408700
333,2022-11-04,66.980000,67.270000,63.950000,65.370000,5722400
333,2022-11-07,65.330000,67.020000,65.260000,66.040000,3421800
333,2022-11-08,66.090000,67.520000,65.880000,67.190000,2901300
333,2022-11-09,67.070000,67.870000,66.735000,67.050000,3595000
333,2022-11-10,68.030000,68.030000,66.530000,67.210000,4523900
333,2022-11-11,67.860000,68.100000,64.295000,64.770000,5139300
333,2022-11-14,64.930000,67.670000,64.830000,66.730000,3240400
333,2022-11-15,66.720000,67.050000,64.820000,66.720000,3422100
333,2022-11-16,66.300000,66.590000,65.060000,65.350000,3064300
333,2022-11-17,64.550000,65.640000,63.760000,65.430000,3637400
333,2022-11-18,65.640000,65.940000,64.780000,65.200000,2999700
333,2022-11-21,65.000000,65.720000,64.050000,65.150000,3290300
333,2022-11-22,65.925000,66.330000,65.380000,66.090000,1896700
333,2022-11-23,65.990000,66.310000,65.320000,65.800000,1653700
333,2022-11-25,66.000000,66.330000,65.610000,66.330000,704300
333,2022-11-28,65.710000,65.740000,64.650000,64.930000,2570200
333,2022-11-29,65.010000,65.880000,64.970000,65.570000,1736500
333,2022-11-30,65.740000,67.190000,64.804000,67.160000,5060000
333,2022-12-01,67.350000,67.420000,65.840000,66.250000,1705900
333,2022-12-02,65.970000,67.550000,65.830000,67.310000,1865100
333,2022-12-05,66.960000,67.110000,64.030000,64.360000,2573200
333,2022-12-06,64.500000,65.400000,63.170000,63.660000,2674200
333,2022-12-07,63.670000,64.330000,63.200000,63.760000,2747600
333,2022-12-08,64.300000,64.620000,63.490000,63.740000,1892300
333,2022-12-09,63.530000,64.000000,62.630000,62.990000,2078700
333,2022-12-12,63.000000,63.280000,61.620000,62.290000,3637200
333,2022-12-13,63.220000,63.625000,62.370000,62.640000,2384600
333,2022-12-14,62.730000,63.025000,61.400000,61.700000,2956500
333,2022-12-15,60.990000,61.360000,59.920000,60.230000,3922600
333,2022-12-16,59.745000,60.080000,59.000000,59.780000,9735200
333,2022-12-19,60.030000,60.290000,58.015000,58.300000,3379000
333,2022-12-20,58.550000,59.410000,58.310000,58.890000,2645200
333,2022-12-21,59.090000,59.900000,58.420000,59.390000,2429000
333,2022-12-22,59.230000,59.240000,57.960000,58.900000,2305700
333,2022-12-23,58.910000,59.635000,58.820000,59.380000,1136400
333,2022-12-27,59.630000,60.030000,59.260000,59.760000,1683900
333,2022-12-28,59.760000,59.930000,58.480000,58.630000,1656800
333,2022-12-29,58.740000,59.625000,58.740000,58.980000,1548200
333,2022-12-30,58.760000,59.170000,58.330000,58.780000,1858200
333,2023-01-03,58.730000,59.120000,58.300000,58.930000,2351100
333,2023-01-04,59.250000,59.800000,58.720000,59.690000,3428600
333,2023-01-05,59.230000,59.690000,58.900000,59.040000,3314700
333,2023-01-06,59.770000,61.140000,59.590000,61.010000,2867000
333,2023-01-09,61.200000,61.955000,60.750000,61.110000,2243100
333,2023-01-10,61.420000,61.790000,60.490000,61.750000,1736300
333,2023-01-11,62.820000,62.950000,61.645000,62.080000,2807600
333,2023-01-12,62.100000,62.851000,61.710000,62.580000,2888500
333,2023-01-13,62.570000,63.010000,61.875000,62.720000,2066300
333,2023-01-17,62.775000,63.545000,62.650000,62.700000,3163500
333,2023-01-18,62.940000,63.060000,61.410000,61.510000,2621500
333,2023-01-19,61.620000,62.360000,61.150000,62.220000,3085700
333,2023-01-20,62.400000,62.990000,61.650000,62.360000,2570800
333,2023-01-23,62.320000,62.470000,61.565000,61.900000,2754300
333,2023-01-24,62.080000,62.550000,61.200000,62.510000,2169400
333,2023-01-25,61.890000,63.150000,61.420000,63.130000,2149800
333,2023-01-26,63.500000,63.645000,62.570000,63.130000,3726500
333,2023-01-27,62.800000,64.085000,62.680000,63.830000,3738500
333,2023-01-30,63.285000,63.960000,62.190000,62.530000,2869300
333,2023-01-31,62.610000,64.470000,62.480000,64.450000,3797200
333,2023-02-01,64.010000,65.210000,63.900000,64.480000,4132900
333,2023-02-02,62.340000,62.980000,61.060000,62.000000,9167000
333,2023-02-03,61.100000,61.890000,61.100000,61.500000,4689600
333,2023-02-06,61.245000,61.400000,60.240000,60.700000,4277400
333,2023-02-07,60.570000,60.940000,59.840000,60.710000,4114400
333,2023-02-08,60.485000,62.030000,60.440000,61.880000,4131400
333,2023-02-09,63.485000,63.790000,62.260000,62.600000,4260000
333,2023-02-10,62.860000,64.980000,62.860000,64.470000,4935500
333,2023-02-13,64.070000,64.231000,62.310000,62.470000,3864300
333,2023-02-14,62.040000,62.790000,61.620000,62.180000,2741500
333,2023-02-15,61.620000,62.270000,61.540000,62.110000,2574700
333,2023-02-16,61.730000,63.100000,61.670000,62.750000,2277100
333,2023-02-17,62.410000,62.960000,61.510000,61.810000,4037100
333,2023-02-21,61.880000,62.180000,60.015000,60.060000,3398200
333,2023-02-22,60.250000,62.000000,59.580000,61.940000,5076300
333,2023-02-23,62.140000,62.573000,61.050000,62.000000,4058500
333,2023-02-24,61.170000,61.830000,60.460000,61.680000,2909800
333,2023-02-27,61.560000,62.440000,61.260000,62.110000,3516400
333,2023-02-28,61.730000,62.470000,61.410000,62.290000,6824500
333,2023-03-01,62.140000,63.010000,62.090000,62.150000,2758600
333,2023-03-02,62.400000,63.600000,62.040000,63.550000,2537100
333,2023-03-03,63.180000,63.750000,62.910000,63.700000,2412700
333,2023-03-06,63.360000,64.040000,62.800000,63.250000,3932600
333,2023-03-07,62.800000,63.010000,61.830000,62.970000,4239300
333,2023-03-08,62.980000,62.980000,61.540000,62.200000,4877400
333,2023-03-09,62.340000,62.410000,59.910000,59.920000,2485400
333,2023-03-10,59.610000,59.790000,58.405000,58.890000,2632500
333,2023-03-13,58.040000,59.330000,57.575000,58.620000,2897900
333,2023-03-14,59.640000,60.033000,58.185000,58.920000,3774800
333,2023-03-15,57.710000,57.800000,56.140000,56.850000,4254000
333,2023-03-16,56.255000,57.180000,55.810000,56.960000,4861400
333,2023-03-17,56.410000,57.130000,56.110000,56.610000,12011000
333,2023-03-20,56.960000,57.890000,56.960000,57.620000,4243200
333,2023-03-21,58.380000,58.950000,58.110000,58.510000,2758500
333,2023-03-22,58.390000,58.660000,57.430000,57.440000,2320900
333,2023-03-23,57.500000,58.030000,56.520000,56.810000,2454200
333,2023-03-24,56.120000,57.130000,55.900000,56.840000,2559300
333,2023-03-27,57.390000,58.365000,57.130000,57.700000,3560800
333,2023-03-28,57.945000,58.598000,57.800000,58.100000,2224400
333,2023-03-29,58.750000,60.000000,58.600000,59.940000,4911900
333,2023-03-30,60.710000,60.730000,59.560000,59.950000,3152500
333,2023-03-31,60.110000,60.433000,59.840000,60.310000,2700100
333,2023-04-03,60.570000,61.070000,60.365000,61.000000,3420300
333,2023-04-04,60.570000,60.650000,59.915000,60.400000,3465200
333,2023-04-05,60.040000,60.855000,60.015000,60.720000,2956100
333,2023-04-06,60.470000,60.480000,59.090000,59.800000,3045900
333,2023-04-10,59.880000,60.700000,59.730000,60.290000,2040900
333,2023-04-11,60.340000,61.120000,60.080000,60.930000,2119900
333,2023-04-12,61.330000,62.220000,61.090000,61.790000,2904500
333,2023-04-13,62.020000,62.869000,61.690000,62.720000,2642600
333,2023-04-14,62.900000,63.365000,61.830000,62.130000,1697400
333,2023-04-17,62.450000,62.840000,62.085000,62.770000,1641800
333,2023-04-18,62.910000,63.060000,62.540000,62.970000,1624400
333,2023-04-19,62.800000,62.970000,62.090000,62.250000,1482500
333,2023-04-20,61.750000,62.015000,61.430000,61.890000,1691100
333,2023-04-21,62.100000,62.100000,61.140000,61.480000,1626400
333,2023-04-24,61.760000,61.830000,61.335000,61.510000,1393700
333,2023-04-25,61.085000,61.210000,60.380000,60.530000,1718400
333,2023-04-26,60.120000,60.330000,59.210000,59.640000,1762700
333,2023-04-27,59.640000,60.735000,59.640000,60.670000,1791000
333,2023-04-28,60.610000,61.340000,60.535000,61.120000,2980000
333,2023-05-01,61.190000,61.870000,60.990000,61.460000,1846400
333,2023-05-02,60.885000,61.000000,58.660000,60.640000,2617800
333,2023-05-03,60.880000,61.070000,59.945000,60.000000,2372200
333,2023-05-04,60.350000,60.570000,56.840000,56.880000,4165200
333,2023-05-05,57.630000,58.885000,57.550000,58.250000,3142900
333,2023-05-08,58.930000,59.040000,57.530000,57.590000,2399400
333,2023-05-09,57.120000,57.340000,56.645000,57.100000,2771700
333,2023-05-10,57.680000,57.860000,56.400000,57.570000,2707400
333,2023-05-11,56.810000,57.150000,56.435000,56.830000,2211100
333,2023-05-12,57.080000,57.380000,56.395000,57.020000,1937800
333,2023-05-15,57.225000,57.975000,56.950000,57.900000,2049300
333,2023-05-16,57.550000,57.730000,56.880000,56.970000,2066900
333,2023-05-17,57.090000,57.110000,55.850000,55.960000,2952100
333,2023-05-18,55.640000,56.270000,54.870000,56.190000,2714300
333,2023-05-19,56.530000,57.327000,56.360000,56.970000,2284100
333,2023-05-22,57.360000,57.370000,56.550000,56.860000,2179400
333,2023-05-23,56.580000,56.850000,55.830000,56.030000,2627400
333,2023-05-24,56.100000,56.170000,55.055000,55.250000,1870900
333,2023-05-25,54.940000,55.340000,54.620000,54.850000,2255200
333,2023-05-26,55.180000,55.780000,54.970000,55.170000,2953600
333,2023-05-30,55.120000,55.120000,54.182000,54.970000,3789800
333,2023-05-31,54.530000,54.750000,52.970000,53.490000,6882800
333,2023-06-01,53.445000,53.860000,52.760000,53.860000,3872400
333,2023-06-02,55.270000,56.120000,54.850000,55.920000,3365800
333,2023-06-05,55.910000,56.930000,55.860000,56.200000,3424200
333,2023-06-06,55.850000,57.840000,55.760000,57.620000,3438000
333,2023-06-07,57.810000,58.560000,57.660000,58.090000,5948900
333,2023-06-08,58.180000,58.180000,57.310000,57.830000,2850300
333,2023-06-09,57.290000,57.410000,55.890000,56.440000,4734000
333,2023-06-12,56.450000,57.290000,56.080000,57.000000,3261100
333,2023-06-13,57.160000,58.020000,57.160000,57.700000,2184300
333,2023-06-14,57.955000,58.067000,56.855000,57.030000,2447100
333,2023-06-15,57.140000,57.990000,57.140000,57.680000,3801400
333,2023-06-16,57.670000,57.870000,56.775000,57.230000,10092000
333,2023-06-20,56.810000,56.970000,56.230000,56.540000,3439500
333,2023-06-21,56.240000,58.810000,56.096000,58.570000,4451100
333,2023-06-22,58.380000,58.455000,57.710000,57.890000,2015100
333,2023-06-23,57.490000,57.880000,56.960000,57.230000,4214000
333,2023-06-26,57.450000,58.250000,57.390000,58.010000,1862400
333,2023-06-27,57.840000,58.000000,56.410000,57.330000,3870100
333,2023-06-28,57.630000,57.640000,56.335000,56.940000,2973800
333,2023-06-29,56.770000,57.730000,56.650000,57.700000,1927400
333,2023-06-30,57.850000,57.850000,56.610000,57.300000,5280200
333,2023-07-03,57.690000,58.310000,57.565000,58.000000,2013500
333,2023-07-05,57.070000,57.347000,56.300000,56.550000,4413100
333,2023-07-06,56.150000,56.770000,55.950000,56.620000,3614600
333,2023-07-07,56.420000,57.549000,56.420000,57.300000,3735800
333,2023-07-10,55.970000,56.150000,53.120000,54.090000,8954000
333,2023-07-11,53.930000,54.540000,53.500000,54.520000,4271700
333,2023-07-12,54.900000,54.956000,53.880000,54.030000,5022200
333,2023-07-13,53.940000,54.670000,53.759000,54.610000,3528300
333,2023-07-14,54.850000,54.850000,53.810000,54.250000,3180000
333,2023-07-17,54.250000,54.910000,54.160000,54.590000,2633200
333,2023-07-18,55.170000,55.610000,54.920000,55.100000,5000600
333,2023-07-19,55.500000,56.470000,55.500000,56.190000,4543600
333,2023-07-20,56.710000,56.965000,56.180000,56.620000,2328400
333,2023-07-21,56.760000,56.850000,56.215000,56.350000,1891900
333,2023-07-24,56.560000,56.920000,56.070000,56.700000,2508900
333,2023-07-25,56.640000,56.640000,55.820000,56.230000,3082200
333,2023-07-26,55.910000,56.270000,55.460000,55.790000,3173200
333,2023-07-27,55.920000,56.310000,55.450000,55.590000,2904400
333,2023-07-28,56.105000,56.250000,55.810000,56.140000,2697200
333,2023-07-31,56.370000,56.480000,56.020000,56.430000,2184800
333,2023-08-01,56.150000,56.380000,55.720000,55.940000,3106000
333,2023-08-02,55.400000,56.420000,55.210000,55.900000,3378600
333,2023-08-03,55.570000,56.245000,55.110000,55.690000,4796700
333,2023-08-04,55.080000,57.490000,54.750000,56.020000,7329700
333,2023-08-07,55.970000,56.020000,54.390000,54.570000,3939500
333,2023-08-08,54.090000,54.845000,53.900000,54.180000,2916100
333,2023-08-09,54.030000,54.290000,53.250000,53.370000,3674600
333,2023-08-10,53.620000,53.715000,52.090000,52.210000,5140500
333,2023-08-11,52.220000,52.670000,51.970000,52.410000,2990400
333,2023-08-14,52.000000,52.060000,51.510000,52.000000,2305400
333,2023-08-15,51.380000,51.400000,50.140000,50.650000,5545700
333,2023-08-16,50.600000,50.920000,50.005000,50.010000,4172100
333,2023-08-17,50.000000,51.000000,49.950000,50.430000,3909300
333,2023-08-18,50.040000,51.000000,50.040000,50.760000,4778200
333,2023-08-21,50.770000,50.873000,50.155000,50.210000,2486300
333,2023-08-22,50.040000,50.200000,49.180000,49.380000,3498300
333,2023-08-23,49.300000,49.330000,48.680000,49.080000,5037600
333,2023-08-24,48.840000,49.725000,48.730000,49.650000,3935200
333,2023-08-25,49.930000,50.440000,49.630000,49.940000,5374200
333,2023-08-28,50.130000,51.120000,50.130000,50.930000,3791900
333,2023-08-29,51.150000,51.380000,50.790000,51.310000,3143500
333,2023-08-30,51.270000,51.570000,51.045000,51.260000,3462800
333,2023-08-31,51.260000,51.280000,50.450000,50.510000,3958200
333,2023-09-01,51.000000,51.400000,50.850000,51.110000,3573200
333,2023-09-05,51.530000,51.900000,50.950000,50.960000,6091000
333,2023-09-06,50.850000,51.010000,50.160000,50.500000,4988300
333,2023-09-07,50.140000,50.640000,48.840000,49.560000,9868200
333,2023-09-08,49.680000,49.920000,49.260000,49.580000,2997600
333,2023-09-11,49.720000,50.250000,49.570000,49.810000,3350800
333,2023-09-12,50.040000,51.710000,49.500000,51.630000,6620700
333,2023-09-13,51.860000,53.400000,51.860000,51.990000,6209400
333,2023-09-14,52.590000,52.925000,52.170000,52.610000,4979700
333,2023-09-15,52.510000,53.250000,52.420000,52.550000,11700500
333,2023-09-18,52.440000,52.710000,51.680000,51.870000,4218300
333,2023-09-19,52.330000,52.630000,52.050000,52.540000,5439500
333,2023-09-20,52.990000,52.990000,51.690000,51.770000,4121300
333,2023-09-21,51.250000,51.780000,51.000000,51.530000,3519100
333,2023-09-22,51.590000,51.790000,51.235000,51.420000,3208600
333,2023-09-25,51.030000,51.370000,50.690000,51.270000,4334400
333,2023-09-26,51.030000,51.420000,50.540000,50.790000,3817800
333,2023-09-27,51.030000,51.330000,50.400000,50.750000,2591000
333,2023-09-28,50.810000,51.230000,50.450000,50.910000,3086000
333,2023-09-29,51.300000,51.550000,50.920000,51.160000,3507600
333,2023-10-02,50.940000,50.940000,49.730000,50.050000,3666300
333,2023-10-03,49.550000,50.630000,49.410000,50.340000,3856900
333,2023-10-04,50.510000,51.020000,50.145000,50.450000,2759500
333,2023-10-05,50.130000,50.530000,49.430000,49.830000,2497300
333,2023-10-06,49.670000,50.490000,49.440000,50.050000,2920400
333,2023-10-09,49.890000,50.605000,49.440000,50.590000,3119800
333,2023-10-10,50.730000,51.190000,50.455000,50.520000,2248400
333,2023-10-11,50.470000,50.530000,48.590000,49.880000,4008900
333,2023-10-12,50.190000,50.190000,49.130000,49.440000,1897000
333,2023-10-13,49.460000,49.840000,49.050000,49.550000,2248000
333,2023-10-16,49.870000,50.035000,49.370000,49.810000,2174900
333,2023-10-17,49.680000,51.580000,49.650000,51.560000,3335200
333,2023-10-18,51.420000,51.930000,51.110000,51.230000,3455700
333,2023-10-19,51.335000,51.920000,50.850000,50.960000,2617000
333,2023-10-20,51.480000,51.630000,50.250000,50.260000,2363800
333,2023-10-23,47.380000,49.290000,47.380000,48.770000,5078100
333,2023-10-24,48.450000,48.785000,48.090000,48.410000,3765900
333,2023-10-25,48.530000,49.160000,48.410000,48.630000,2394400
333,2023-10-26,49.020000,49.320000,48.610000,48.710000,2856600
333,2023-10-27,47.500000,48.200000,47.210000,47.820000,5864100
333,2023-10-30,48.170000,48.350000,47.525000,48.220000,3637600
333,2023-10-31,48.030000,48.340000,47.330000,48.140000,3755200
333,2023-11-01,48.140000,48.300000,47.430000,47.740000,4446800
333,2023-11-02,47.920000,49.590000,47.920000,49.560000,2771400
333,2023-11-03,49.800000,50.650000,49.690000,50.230000,2843100
333,2023-11-06,50.170000,50.250000,49.730000,49.970000,2640900
333,2023-11-07,49.530000,49.850000,49.130000,49.280000,3070700
333,2023-11-08,49.320000,49.582000,48.580000,48.620000,2811700
333,2023-11-09,49.670000,49.670000,44.295000,44.510000,7045300
333,2023-11-10,44.370000,44.660000,43.350000,43.550000,5287900
333,2023-11-13,43.430000,45.350000,43.220000,45.290000,7620400
333,2023-11-14,45.490000,46.990000,45.490000,46.280000,4344200
333,2023-11-15,46.380000,47.250000,46.380000,46.730000,2854000
333,2023-11-16,47.300000,47.950000,46.335000,46.970000,3101000
333,2023-11-17,47.200000,47.590000,46.805000,47.320000,3495300
333,2023-11-20,47.310000,47.310000,46.630000,46.860000,3238800
333,2023-11-21,46.840000,47.050000,46.240000,46.270000,2709300
333,2023-11-22,46.290000,46.460000,45.490000,46.360000,1984300
333,2023-11-24,46.200000,47.300000,46.090000,46.670000,1411400
333,2023-11-27,45.920000,46.265000,45.590000,45.730000,3223100
333,2023-11-28,45.650000,46.280000,45.300000,45.500000,4426900
333,2023-11-29,45.750000,46.040000,45.280000,45.500000,3426500
333,2023-11-30,45.460000,45.550000,45.020000,45.200000,7518600
333,2023-12-01,45.360000,46.425000,45.080000,46.200000,5788300
333,2023-12-04,45.900000,46.215000,45.170000,45.220000,5222800
333,2023-12-05,44.940000,45.178000,43.890000,43.890000,4894000
333,2023-12-06,44.090000,44.600000,43.980000,44.150000,3746300
333,2023-12-07,44.250000,44.700000,44.100000,44.500000,4821500
333,2023-12-08,44.620000,45.320000,44.500000,45.150000,5691400
333,2023-12-11,45.570000,45.900000,45.260000,45.800000,5526700
333,2023-12-12,45.660000,45.660000,44.720000,44.810000,4052500
333,2023-12-13,45.140000,45.730000,44.710000,45.540000,8684900
333,2023-12-14,45.915000,47.520000,45.915000,46.540000,7659600
333,2023-12-15,46.380000,46.710000,46.060000,46.550000,14029300
333,2023-12-18,46.880000,47.400000,46.400000,47.180000,7038500
333,2023-12-19,47.530000,48.175000,47.440000,47.860000,6079700
333,2023-12-20,47.780000,47.875000,46.460000,46.590000,4518500
333,2023-12-21,46.910000,47.360000,46.790000,47.290000,3070000
333,2023-12-22,47.455000,47.700000,47.190000,47.460000,2657600
333,2023-12-26,47.500000,48.120000,47.300000,48.000000,2636000
333,2023-12-27,47.880000,48.330000,47.607000,47.980000,1856500
333,2023-12-28,48.000000,48.220000,47.780000,48.090000,1984000
333,2023-12-29,47.960000,48.230000,47.520000,47.920000,2120300
333,2024-01-02,47.830000,48.840000,47.752000,48.560000,3123400
333,2024-01-03,48.280000,48.468000,47.850000,48.080000,3469300
333,2024-01-04,48.100000,48.230000,47.410000,47.600000,3079900
333,2024-01-05,47.600000,47.760000,46.920000,47.330000,2773800
333,2024-01-08,47.020000,47.240000,46.280000,47.010000,2414600
333,2024-01-09,46.690000,46.750000,46.000000,46.510000,3042800
333,2024-01-10,45.970000,46.320000,45.860000,46.050000,2595400
333,2024-01-11,46.260000,46.570000,45.830000,46.030000,4007900
333,2024-01-12,46.420000,46.550000,45.840000,46.110000,3299000
333,2024-01-16,46.025000,46.053000,45.260000,45.490000,5702900
333,2024-01-17,45.000000,45.630000,44.675000,44.840000,3644900
333,2024-01-18,44.690000,44.740000,44.070000,44.410000,4040000
333,2024-01-19,44.170000,45.640000,44.010000,45.600000,5115300
333,2024-01-22,45.165000,45.560000,44.800000,44.970000,4708200
333,2024-01-23,45.480000,45.880000,45.055000,45.430000,2634600
333,2024-01-24,45.610000,45.665000,44.910000,45.410000,2454400
333,2024-01-25,45.750000,45.830000,45.010000,45.240000,3958100
333,2024-01-26,45.660000,45.940000,45.250000,45.860000,3226200
333,2024-01-29,45.740000,45.940000,45.300000,45.930000,2123200
333,2024-01-30,45.620000,46.146000,45.580000,45.830000,2948200
333,2024-01-31,46.010000,46.350000,45.460000,45.480000,5825300
333,2024-02-01,56.490000,57.760000,52.360000,54.060000,12192900
333,2024-02-02,54.300000,54.500000,52.890000,53.040000,5601500
333,2024-02-05,52.500000,52.500000,51.655000,51.800000,5824300
333,2024-02-06,51.750000,52.415000,51.310000,52.090000,4725400
333,2024-02-07,52.340000,54.190000,52.340000,54.070000,7010000
333,2024-02-08,53.990000,54.330000,52.650000,53.240000,6199800
333,2024-02-09,53.040000,53.911000,52.880000,53.600000,2929800
333,2024-02-12,54.630000,55.310000,54.460000,55.040000,3274500
333,2024-02-13,54.580000,54.990000,53.350000,53.630000,3525700
333,2024-02-14,54.110000,54.305000,53.555000,54.080000,3260500
333,2024-02-15,54.290000,55.410000,54.290000,54.680000,3048100
333,2024-02-16,54.770000,55.280000,54.520000,54.800000,3892700
333,2024-02-20,54.380000,54.700000,53.950000,54.360000,3113400
333,2024-02-21,54.220000,54.540000,53.960000,54.220000,2325500
333,2024-02-22,54.070000,54.870000,53.910000,54.710000,4256400
333,2024-02-23,54.620000,55.110000,54.485000,54.900000,2400300
333,2024-02-26,54.610000,55.195000,54.480000,54.820000,2593700
333,2024-02-27,55.075000,55.340000,54.855000,55.130000,2186100
333,2024-02-28,54.880000,55.078000,54.160000,54.540000,3568600
333,2024-02-29,54.480000,54.500000,53.250000,53.520000,6804300
333,2024-03-01,53.490000,54.340000,53.490000,53.660000,4274200
333,2024-03-04,53.360000,53.990000,53.350000,53.610000,2490200
333,2024-03-05,53.440000,54.110000,53.360000,53.940000,2904900
333,2024-03-06,54.100000,54.540000,53.770000,54.030000,4142500
333,2024-03-07,54.430000,55.140000,54.275000,54.490000,3330900
333,2024-03-08,54.480000,54.840000,54.400000,54.680000,4260600
333,2024-03-11,54.580000,55.690000,54.580000,55.090000,4053600
333,2024-03-12,55.200000,55.370000,54.175000,55.110000,4423800
333,2024-03-13,55.340000,55.790000,55.200000,55.300000,3165200
333,2024-03-14,55.090000,55.220000,54.493000,55.200000,3514800
333,2024-03-15,54.840000,55.680000,54.840000,55.090000,6496000
333,2024-03-18,55.450000,55.450000,54.520000,54.710000,3169500
333,2024-03-19,54.700000,55.015000,54.340000,54.670000,3134600
333,2024-03-20,54.850000,55.866000,54.640000,55.730000,5427100
333,2024-03-21,55.820000,55.890000,55.250000,55.780000,2467400
333,2024-03-22,55.940000,56.080000,54.970000,55.070000,1993500
333,2024-03-25,55.280000,55.660000,54.938000,55.630000,2132600
333,2024-03-26,55.650000,56.350000,55.630000,56.300000,3283700
333,2024-03-27,56.590000,57.040000,56.530000,57.000000,2629300
333,2024-03-28,57.150000,58.180000,57.080000,57.670000,4563900
333,2024-04-01,57.570000,57.750000,57.015000,57.680000,3847100
333,2024-04-02,57.800000,58.070000,57.110000,57.170000,3092900
333,2024-04-03,57.210000,57.640000,57.070000,57.410000,3025200
333,2024-04-04,58.120000,58.160000,56.920000,56.950000,2627400
333,2024-04-05,56.870000,57.050000,56.263000,56.850000,2267400
333,2024-04-08,57.100000,57.520000,56.850000,57.520000,3770300
333,2024-04-09,57.730000,57.850000,56.840000,57.520000,1902000
333,2024-04-10,56.620000,57.440000,56.240000,57.160000,2133300
333,2024-04-11,56.910000,57.150000,56.030000,56.460000,1870600
333,2024-04-12,54.670000,55.685000,53.645000,53.760000,3906700
333,2024-04-15,54.510000,54.590000,53.190000,53.670000,2709500
333,2024-04-16,53.530000,53.760000,53.205000,53.320000,2742800
333,2024-04-17,53.590000,54.340000,53.490000,53.530000,2656500
333,2024-04-18,53.860000,54.165000,53.610000,53.960000,1614900
333,2024-04-19,53.900000,54.840000,53.880000,54.800000,2052600
333,2024-04-22,54.800000,55.460000,54.410000,55.200000,2315600
333,2024-04-23,54.670000,55.570000,54.670000,55.180000,2576200
333,2024-04-24,54.650000,55.065000,54.300000,54.770000,1811700
333,2024-04-25,54.800000,54.950000,54.060000,54.700000,1593400
333,2024-04-26,54.370000,55.195000,54.360000,54.920000,2350200
333,2024-04-29,55.200000,55.500000,54.990000,55.500000,2348000
333,2024-04-30,55.100000,55.150000,54.110000,54.130000,3520000
333,2024-05-01,54.390000,54.730000,53.650000,53.910000,3590000
333,2024-05-02,57.000000,57.700000,56.310000,56.980000,6605000
333,2024-05-03,57.030000,57.400000,56.570000,57.160000,2977600
333,2024-05-06,57.720000,57.792000,56.260000,56.360000,3205100
333,2024-05-07,56.660000,57.890000,56.660000,57.520000,5527600
333,2024-05-08,57.320000,57.641000,56.810000,56.820000,4291900
333,2024-05-09,57.060000,57.940000,57.060000,57.830000,4051600
333,2024-05-10,58.000000,58.760000,57.450000,57.480000,3754500
333,2024-05-13,57.660000,58.450000,57.290000,57.300000,3034100
333,2024-05-14,57.660000,57.940000,57.210000,57.550000,3898000
333,2024-05-15,57.880000,58.200000,56.900000,57.130000,4157400
333,2024-05-16,57.010000,57.140000,55.890000,56.000000,5081800
333,2024-05-17,56.200000,56.560000,55.870000,56.450000,5282000
333,2024-05-20,56.540000,57.000000,56.360000,56.740000,2869800
333,2024-05-21,56.800000,56.970000,56.430000,56.650000,3032200
333,2024-05-22,56.230000,57.110000,56.230000,56.980000,2955100
333,2024-05-23,56.940000,56.990000,55.190000,55.570000,3121400
333,2024-05-24,55.570000,56.055000,55.280000,55.510000,2282200
333,2024-05-28,55.465000,55.790000,55.040000,55.660000,2418800
333,2024-05-29,55.100000,55.510000,54.230000,54.270000,4255800
333,2024-05-30,54.370000,55.260000,54.370000,55.240000,2171600
333,2024-05-31,55.180000,56.020000,54.985000,55.940000,3593400
333,2024-06-03,55.760000,56.010000,54.940000,55.570000,2310900
333,2024-06-04,54.930000,55.160000,53.630000,53.700000,2995900
333,2024-06-05,53.630000,54.085000,53.470000,54.060000,2033700
333,2024-06-06,54.030000,55.005000,53.875000,54.920000,2624000
333,2024-06-07,53.960000,54.670000,52.720000,52.900000,3750700
333,2024-06-10,52.660000,52.670000,51.655000,51.710000,5329900
333,2024-06-11,51.100000,52.440000,50.010000,51.640000,6635800
333,2024-06-12,52.060000,52.720000,51.520000,51.940000,3326000
333,2024-06-13,51.640000,51.960000,50.960000,51.580000,3512600
333,2024-06-14,51.570000,51.800000,50.480000,51.180000,1619300
333,2024-06-17,51.260000,52.200000,51.150000,52.040000,2622900
333,2024-06-18,52.280000,52.800000,51.370000,51.890000,2577800
333,2024-06-20,51.780000,52.909000,51.600000,52.370000,3617600
333,2024-06-21,52.440000,53.040000,51.970000,52.920000,8369800
333,2024-06-24,53.090000,53.360000,52.750000,52.910000,2909400
333,2024-06-25,52.610000,53.080000,52.200000,53.040000,3330800
333,2024-06-26,52.910000,53.740000,52.780000,53.640000,3410400
333,2024-06-27,53.620000,53.830000,53.250000,53.650000,2958100
333,2024-06-28,54.110000,54.590000,53.525000,53.940000,6301400
333,2024-07-01,53.910000,54.245000,52.870000,53.070000,2549800
333,2024-07-02,52.990000,53.190000,52.620000,52.770000,2186800
333,2024-07-03,52.860000,53.150000,52.260000,52.480000,1238100
333,2024-07-05,52.090000,52.470000,51.740000,52.440000,1493500
333,2024-07-08,52.460000,52.565000,51.500000,51.720000,2996900
333,2024-07-09,51.630000,51.690000,50.690000,50.720000,2577500
333,2024-07-10,50.800000,51.060000,50.360000,51.020000,3435900
333,2024-07-11,51.450000,52.480000,51.380000,52.270000,2243900
333,2024-07-12,52.650000,53.305000,52.040000,53.100000,2496000
333,2024-07-15,53.020000,53.275000,52.450000,52.900000,2646100
333,2024-07-16,52.970000,54.225000,52.915000,54.200000,2818000
333,2024-07-17,54.220000,55.680000,54.220000,55.540000,3089900
333,2024-07-18,54.810000,56.130000,54.690000,55.200000,2592000
333,2024-07-19,55.280000,55.280000,54.350000,54.780000,2088300
333,2024-07-22,54.900000,54.970000,53.940000,54.770000,1494700
333,2024-07-23,54.550000,54.790000,54.260000,54.390000,1625500
333,2024-07-24,54.690000,54.900000,53.740000,53.820000,1999600
333,2024-07-25,53.620000,55.910000,53.540000,55.280000,2798200
333,2024-07-26,55.450000,56.060000,55.200000,55.390000,2272000
333,2024-07-29,55.320000,56.050000,55.040000,55.460000,1906900
333,2024-07-30,55.610000,56.050000,55.190000,55.530000,2002900
333,2024-07-31,55.790000,56.560000,55.430000,56.100000,3682600
333,2024-08-01,53.960000,55.670000,52.890000,53.000000,6146400
333,2024-08-02,52.280000,52.950000,51.020000,51.580000,3784000
333,2024-08-05,50.580000,52.200000,50.300000,51.310000,3627700
333,2024-08-06,51.170000,51.950000,50.950000,51.180000,3654300
333,2024-08-07,51.460000,52.390000,50.750000,50.780000,2520500
333,2024-08-08,51.070000,51.640000,50.960000,51.550000,2645700
333,2024-08-09,51.490000,51.770000,50.780000,51.560000,1841200
333,2024-08-12,51.530000,51.740000,51.130000,51.220000,1724700
333,2024-08-13,51.340000,52.030000,51.000000,51.730000,2181500
333,2024-08-14,51.870000,52.070000,51.250000,51.990000,2011900
333,2024-08-15,52.670000,52.950000,52.390000,52.760000,2270800
333,2024-08-16,52.780000,53.920000,52.590000,53.800000,2926100
333,2024-08-19,54.000000,54.630000,53.815000,54.310000,2517400
333,2024-08-20,54.210000,54.210000,53.520000,53.600000,2760700
333,2024-08-21,53.870000,54.420000,53.750000,54.280000,1584600
333,2024-08-22,54.230000,54.560000,53.970000,54.550000,1922200
333,2024-08-23,54.840000,55.635000,54.740000,55.580000,4475900
333,2024-08-26,55.800000,56.275000,55.380000,55.650000,2602500
333,2024-08-27,55.340000,55.650000,54.950000,55.560000,3809600
333,2024-08-28,55.520000,56.040000,55.090000,56.000000,2308000
333,2024-08-29,56.500000,57.415000,55.870000,57.000000,2807100
333,2024-08-30,56.770000,57.570000,56.705000,57.300000,4229100
333,2024-09-03,56.450000,56.580000,55.350000,55.570000,3146400
333,2024-09-04,55.800000,56.080000,55.185000,55.500000,2449300
333,2024-09-05,55.860000,56.310000,54.950000,55.110000,3896700
333,2024-09-06,54.920000,55.660000,54.880000,55.330000,5004100
333,2024-09-09,55.640000,56.260000,55.240000,55.800000,4233700
333,2024-09-10,55.910000,55.910000,55.030000,55.380000,2525100
333,2024-09-11,55.260000,55.290000,53.930000,55.150000,2764000
333,2024-09-12,55.180000,55.725000,55.010000,55.700000,2491800
333,2024-09-13,55.930000,56.705000,55.930000,56.630000,1703300
333,2024-09-16,56.900000,57.190000,55.800000,56.270000,2208800
333,2024-09-17,56.660000,57.140000,56.530000,57.040000,1922500
333,2024-09-18,56.730000,57.900000,56.730000,57.440000,2484100
333,2024-09-19,58.280000,58.920000,57.800000,58.600000,3626800
333,2024-09-20,58.050000,58.050000,57.010000,57.580000,8144000
333,2024-09-23,57.610000,58.140000,57.580000,58.000000,3200000
333,2024-09-24,58.230000,58.540000,55.670000,57.850000,4220400
333,2024-09-25,58.050000,58.075000,56.820000,57.150000,2350200
333,2024-09-26,57.560000,58.190000,57.350000,58.020000,2107100
333,2024-09-27,58.380000,59.075000,58.350000,58.580000,2434500
333,2024-09-30,58.670000,58.800000,58.100000,58.790000,3266000
333,2024-10-01,58.090000,58.819000,57.900000,57.990000,3513600
333,2024-10-02,58.260000,58.910000,57.849000,58.640000,3010000
333,2024-10-03,58.360000,58.520000,57.960000,58.090000,1666900
333,2024-10-04,58.610000,58.800000,58.110000,58.330000,1327000
333,2024-10-07,58.030000,58.180000,57.210000,57.460000,2224100
333,2024-10-08,57.100000,57.280000,56.510000,56.890000,1741200
333,2024-10-09,56.800000,57.240000,56.475000,56.500000,1660500
333,2024-10-10,56.020000,56.620000,55.650000,56.550000,2156400
333,2024-10-11,56.650000,57.500000,56.640000,56.840000,2883600
333,2024-10-14,56.720000,57.830000,56.450000,57.760000,1925800
333,2024-10-15,57.590000,57.770000,57.130000,57.300000,3149700
333,2024-10-16,58.480000,59.040000,57.930000,58.950000,2482500
333,2024-10-17,58.760000,59.126000,58.370000,58.950000,2659900
333,2024-10-18,59.370000,59.680000,58.930000,59.410000,2604300
333,2024-10-21,59.470000,59.480000,58.550000,59.250000,3047100
333,2024-10-22,58.970000,59.200000,58.325000,59.120000,2349400
333,2024-10-23,59.490000,60.880000,59.320000,60.790000,2783100
333,2024-10-24,60.900000,61.200000,60.430000,60.780000,3673400
333,2024-10-25,60.950000,61.205000,60.330000,60.350000,2632300
333,2024-10-28,60.510000,61.250000,60.370000,61.130000,3028600
333,2024-10-29,60.910000,61.380000,60.700000,60.790000,2511000
333,2024-10-30,60.940000,62.380000,60.940000,61.570000,3067100
333,2024-10-31,61.690000,61.950000,60.920000,60.920000,3605900
333,2024-11-01,60.810000,61.350000,60.530000,60.860000,2458800
333,2024-11-04,61.060000,61.640000,60.745000,61.210000,2578400
333,2024-11-05,60.930000,61.940000,60.660000,61.750000,2166000
333,2024-11-06,63.750000,63.750000,60.780000,61.740000,4744500
333,2024-11-07,58.000000,59.200000,57.300000,58.640000,7352900
333,2024-11-08,58.970000,59.540000,58.150000,58.330000,4673800
333,2024-11-11,58.830000,59.260000,58.310000,58.520000,2735500
333,2024-11-12,58.550000,58.550000,57.000000,57.130000,2695900
333,2024-11-13,57.295000,58.020000,57.255000,57.660000,2396000
333,2024-11-14,57.680000,57.850000,57.110000,57.410000,2628300
333,2024-11-15,57.250000,57.460000,55.180000,55.210000,5636700
333,2024-11-18,55.420000,57.050000,55.310000,56.990000,4190700
333,2024-11-19,56.330000,58.410000,56.170000,58.240000,4217600
333,2024-11-20,58.460000,59.025000,58.000000,58.760000,3507200
333,2024-11-21,59.330000,61.070000,58.890000,60.760000,4520600
333,2024-11-22,60.480000,61.270000,60.060000,61.230000,3745800
333,2024-11-25,61.630000,64.200000,61.630000,64.130000,9733800
333,2024-11-26,63.340000,63.875000,62.760000,63.250000,3959100
333,2024-11-27,63.360000,64.100000,62.360000,62.500000,2517700
333,2024-11-29,61.780000,62.560000,61.310000,62.240000,2467400
333,2024-12-02,62.250000,62.465000,61.570000,62.230000,3224600
333,2024-12-03,62.400000,62.490000,61.610000,62.000000,2631000
333,2024-12-04,61.530000,61.784000,60.961000,61.170000,2407700
333,2024-12-05,61.200000,61.490000,60.740000,60.780000,2475300
333,2024-12-06,60.370000,60.980000,59.420000,59.490000,2953700
333,2024-12-09,59.810000,60.820000,59.660000,59.740000,3394400
333,2024-12-10,59.790000,59.890000,58.150000,59.420000,3749200
333,2024-12-11,59.530000,60.500000,59.320000,59.780000,5431300
333,2024-12-12,59.810000,60.140000,59.265000,59.300000,2009500
333,2024-12-13,59.250000,59.750000,58.710000,59.490000,1990100
333,2024-12-16,59.345000,60.095000,58.920000,58.950000,3978300
333,2024-12-17,58.643000,59.100000,57.765000,58.570000,4885300
333,2024-12-18,58.470000,58.990000,56.370000,56.410000,4224100
333,2024-12-19,56.790000,56.930000,56.160000,56.160000,4026800
333,2024-12-20,56.420000,57.890000,56.300000,57.480000,11010700
333,2024-12-23,57.570000,57.660000,56.150000,56.920000,2456500
333,2024-12-24,57.140000,57.515000,56.400000,57.480000,986400
333,2024-12-26,56.890000,57.820000,56.620000,57.430000,1401600
333,2024-12-27,56.970000,57.920000,56.950000,57.240000,1502100
333,2024-12-30,56.680000,56.960000,56.220000,56.560000,1802000
333,2024-12-31,56.630000,57.100000,56.460000,56.960000,1750200
333,2025-01-02,56.860000,57.350000,56.300000,56.340000,2487200
333,2025-01-03,56.590000,56.960000,55.700000,55.940000,2380800
333,2025-01-06,56.285000,57.900000,56.285000,56.940000,2980800
333,2025-01-07,56.710000,57.660000,56.660000,57.030000,2777700
333,2025-01-08,57.000000,57.199000,56.467000,57.150000,2833700
333,2025-01-10,55.680000,57.430000,55.680000,57.090000,3886500
333,2025-01-13,57.200000,60.030000,57.200000,59.930000,3845400
333,2025-01-14,60.060000,60.970000,60.010000,60.890000,3181600
333,2025-01-15,61.640000,61.900000,60.330000,60.920000,3521100
333,2025-01-16,60.920000,61.680000,60.620000,61.630000,2187700
333,2025-01-17,61.670000,62.430000,61.600000,62.320000,2621600
333,2025-01-21,62.860000,63.160000,62.220000,63.120000,2146500
333,2025-01-22,62.950000,63.170000,62.450000,62.510000,2045000
333,2025-01-23,62.500000,64.230000,62.300000,64.190000,3415700
333,2025-01-24,64.210000,64.320000,63.332000,63.960000,2386000
333,2025-01-27,64.530000,64.720000,63.795000,64.470000,3426900
333,2025-01-28,64.450000,64.860000,64.110000,64.280000,3155500
333,2025-01-29,64.440000,65.440000,64.240000,65.000000,4177400
333,2025-01-30,65.295000,66.240000,64.890000,66.150000,3913700
333,2025-01-31,65.800000,66.160000,64.930000,65.270000,3750100
333,2025-02-03,64.320000,65.120000,63.150000,64.610000,4693900
333,2025-02-04,65.210000,65.900000,64.880000,65.700000,3479700
333,2025-02-05,63.360000,65.010000,63.000000,63.820000,8909400
333,2025-02-06,63.570000,64.390000,60.920000,62.360000,11376800
333,2025-02-07,62.500000,64.615000,61.990000,62.340000,5558700
333,2025-02-10,62.820000,63.140000,62.060000,62.210000,3221900
333,2025-02-11,62.080000,63.460000,61.830000,62.970000,4129000
333,2025-02-12,62.250000,62.750000,61.990000,62.060000,2566100
333,2025-02-13,62.280000,62.910000,61.990000,62.860000,2153900
333,2025-02-14,63.500000,64.440000,63.110000,63.960000,3906200
333,2025-02-18,64.100000,64.830000,63.770000,64.460000,3446200
333,2025-02-19,63.610000,64.300000,63.330000,63.640000,2384000
333,2025-02-20,63.740000,63.950000,63.200000,63.830000,2241900
333,2025-02-21,63.640000,63.730000,62.535000,62.760000,2476700
333,2025-02-24,63.340000,63.390000,62.520000,62.610000,3005100
333,2025-02-25,62.830000,63.240000,62.290000,62.980000,2082000
333,2025-02-26,63.130000,63.130000,62.181000,62.800000,3276200
333,2025-02-27,62.920000,63.765000,62.500000,62.820000,4088000
333,2025-02-28,62.990000,63.060000,61.748000,62.980000,3509600
333,2025-03-03,63.055000,63.500000,60.030000,60.400000,4531700
333,2025-03-04,60.350000,60.520000,59.030000,59.800000,3838900
333,2025-03-05,59.930000,61.200000,59.710000,61.160000,3807500
333,2025-03-06,61.000000,61.530000,60.300000,60.860000,3258600
333,2025-03-07,60.600000,61.200000,59.970000,60.560000,3614200
333,2025-03-10,60.080000,60.760000,59.435000,60.240000,4015800
333,2025-03-11,60.240000,60.510000,59.660000,59.970000,4442400
333,2025-03-12,59.960000,60.470000,58.555000,59.000000,3371700
333,2025-03-13,58.770000,59.240000,58.090000,58.590000,3304000
333,2025-03-14,59.090000,59.920000,58.770000,59.820000,2987600
333,2025-03-17,59.890000,61.910000,59.875000,61.580000,2802800
333,2025-03-18,61.475000,61.750000,61.068000,61.580000,3443700
333,2025-03-19,61.570000,62.780000,61.420000,62.460000,3743200
333,2025-03-20,62.090000,62.360000,61.550000,61.830000,2684800
333,2025-03-21,61.540000,61.940000,61.155000,61.720000,6880500
333,2025-03-24,62.600000,62.600000,61.650000,62.070000,2117800
333,2025-03-25,62.080000,62.350000,61.560000,61.850000,2565200
333,2025-03-26,62.070000,62.990000,62.050000,62.700000,2634300
333,2025-03-27,62.700000,63.125000,62.190000,62.440000,2833100
333,2025-03-28,62.350000,62.530000,60.720000,61.060000,2534300
333,2025-03-31,61.300000,63.220000,60.860000,62.930000,4566000
333,2025-04-01,63.080000,63.755000,62.380000,63.550000,5043400
333,2025-04-02,63.190000,64.030000,62.990000,64.000000,2098100
333,2025-04-03,62.450000,62.500000,61.091000,61.300000,3125800
333,2025-04-04,59.810000,59.980000,55.470000,55.790000,6393000
333,2025-04-07,55.220000,58.740000,53.400000,55.570000,6454100
333,2025-04-08,56.655000,57.190000,54.250000,55.520000,7888600
333,2025-04-09,55.000000,59.180000,54.500000,58.560000,6272900
333,2025-04-10,57.730000,58.360000,56.140000,57.940000,4042100
333,2025-04-11,57.600000,59.800000,57.000000,59.280000,3068200
333,2025-04-14,59.880000,60.820000,59.380000,60.290000,2240600
333,2025-04-15,59.980000,60.630000,59.650000,59.700000,2328200
333,2025-04-16,59.630000,60.260000,58.910000,59.200000,4063800
333,2025-04-17,59.590000,60.120000,59.230000,59.740000,3661100
333,2025-04-21,59.380000,59.760000,58.580000,59.120000,1860300
333,2025-04-22,59.610000,60.750000,59.390000,60.650000,2263600
333,2025-04-23,61.390000,62.250000,60.590000,61.070000,2339800
333,2025-04-24,61.180000,61.900000,60.793000,61.710000,3774700
333,2025-04-25,61.260000,62.090000,61.000000,61.470000,1805400
333,2025-04-28,61.710000,62.350000,61.100000,61.560000,2319500
333,2025-04-29,61.170000,62.520000,60.990000,61.800000,3340100
333,2025-04-30,61.120000,62.140000,60.680000,61.990000,6048800
333,2025-05-01,61.470000,62.505000,61.210000,62.020000,2851800
333,2025-05-02,62.690000,63.000000,61.800000,62.630000,3181600
333,2025-05-05,62.340000,62.980000,61.910000,62.410000,2275900
333,2025-05-06,62.340000,62.840000,62.000000,62.450000,2680800
333,2025-05-07,62.670000,62.820000,62.020000,62.480000,3290700
333,2025-05-08,64.630000,67.250000,63.820000,66.860000,6172800
333,2025-05-09,66.710000,67.930000,66.568000,67.790000,4289100
333,2025-05-12,69.130000,69.280000,67.450000,67.960000,3809800
333,2025-05-13,68.090000,68.650000,67.790000,67.900000,3550700
333,2025-05-14,67.430000,67.810000,66.710000,67.590000,4005500
333,2025-05-15,67.490000,68.470000,67.280000,68.290000,2931700
333,2025-05-16,68.260000,68.778000,67.930000,68.610000,3064600
333,2025-05-19,68.250000,69.090000,68.125000,68.810000,4995300
333,2025-05-20,68.780000,69.220000,68.390000,69.180000,3265700
333,2025-05-21,68.800000,69.420000,68.616000,68.960000,2415000
333,2025-05-22,68.780000,68.980000,68.170000,68.590000,2085000
333,2025-05-23,68.410000,69.240000,67.930000,69.060000,2541500
333,2025-05-27,69.430000,70.435000,69.410000,70.410000,4534200
333,2025-05-28,70.490000,70.710000,69.945000,70.320000,2441000
333,2025-05-29,70.280000,70.280000,69.400000,69.710000,3173100
333,2025-05-30,69.620000,71.010000,69.205000,70.800000,5450700
333,2025-06-02,70.690000,71.110000,70.150000,70.950000,3578400
333,2025-06-03,70.800000,71.310000,70.190000,71.190000,3467800
333,2025-06-04,71.530000,71.880000,71.240000,71.380000,2776800
333,2025-06-05,71.800000,71.800000,71.130000,71.200000,3278600
333,2025-06-06,71.420000,72.240000,71.420000,71.640000,2855000
333,2025-06-09,71.790000,72.300000,71.160000,72.010000,2888400
333,2025-06-10,72.030000,72.395000,71.410000,71.550000,3491500
333,2025-06-11,71.930000,72.140000,71.500000,72.070000,8169300
333,2025-06-12,72.000000,72.530000,71.300000,72.520000,5547200
333,2025-06-13,72.220000,72.910000,71.930000,72.430000,3344800
333,2025-06-16,72.830000,74.190000,72.620000,74.190000,3168500
333,2025-06-17,74.155000,74.630000,73.615000,74.210000,5042500
333,2025-06-18,74.040000,74.840000,74.040000,74.120000,3721900
333,2025-06-20,74.080000,74.640000,72.870000,73.720000,14522900
333,2025-06-23,73.790000,74.960000,73.500000,74.440000,4926900
333,2025-06-24,74.280000,74.555000,73.290000,73.290000,4629400
333,2025-06-25,73.220000,73.655000,72.940000,73.240000,4961700
333,2025-06-26,73.960000,75.050000,73.625000,74.300000,5650000
333,2025-06-27,74.330000,74.795000,73.880000,74.390000,5390700
333,2025-06-30,74.090000,74.620000,73.700000,74.530000,3201600
333,2025-07-01,74.510000,75.220000,74.104000,75.110000,3614200
333,2025-07-02,75.400000,77.040000,75.270000,77.000000,3292000
333,2025-07-03,76.920000,77.410000,76.705000,77.120000,1419300
333,2025-07-07,77.080000,77.330000,76.120000,76.580000,2461500
333,2025-07-08,76.900000,77.240000,75.985000,76.450000,3032800
333,2025-07-09,76.570000,76.670000,74.860000,76.200000,6570500
333,2025-07-10,76.070000,76.070000,74.630000,74.830000,4418100
333,2025-07-11,74.340000,74.450000,73.360000,73.570000,4389800
333,2025-07-14,73.780000,74.200000,73.040000,73.110000,2876300
333,2025-07-15,73.370000,73.416000,71.930000,72.090000,5725000
333,2025-07-16,72.220000,73.035000,71.780000,72.980000,4036200
333,2025-07-17,73.020000,73.540000,72.661000,73.170000,2688200
333,2025-07-18,73.140000,73.590000,72.490000,73.050000,3693200
333,2025-07-21,73.100000,73.800000,72.830000,73.000000,2655300
333,2025-07-22,73.160000,74.295000,73.010000,73.750000,3733900
333,2025-07-23,73.900000,74.310000,73.630000,73.900000,3827600
333,2025-07-24,73.470000,73.800000,72.670000,73.120000,3399100
333,2025-07-25,72.840000,73.500000,72.550000,73.430000,2668500
333,2025-07-28,73.230000,73.230000,72.270000,72.400000,2317900
333,2025-07-29,72.830000,73.080000,72.480000,72.880000,2631400
333,2025-07-30,72.850000,72.850000,71.710000,71.980000,4975900
333,2025-07-31,71.820000,72.300000,71.665000,72.130000,4852700
333,2025-08-01,71.650000,71.830000,70.580000,71.170000,4770900
333,2025-08-04,71.550000,72.010000,71.325000,71.920000,3943500
333,2025-08-05,72.540000,72.710000,71.800000,72.310000,3744000
333,2025-08-06,72.100000,72.310000,71.060000,71.170000,4566100
333,2025-08-07,70.510000,71.470000,68.700000,71.050000,7323300
333,2025-08-08,71.300000,71.300000,70.270000,70.910000,5568000
333,2025-08-11,71.000000,72.565000,70.955000,72.460000,5965500
333,2025-08-12,72.740000,73.000000,70.820000,71.030000,5485900
333,2025-08-13,72.040000,72.395000,70.835000,72.330000,4693600
333,2025-08-14,72.000000,72.170000,71.350000,71.870000,3242800
333,2025-08-15,71.940000,72.240000,71.600000,71.760000,2649600
333,2025-08-18,71.720000,72.650000,71.655000,72.290000,2818500
333,2025-08-19,72.290000,72.480000,71.870000,72.400000,2723500
333,2025-08-20,72.410000,73.170000,72.330000,72.960000,3086800
333,2025-08-21,72.710000,73.265000,72.560000,72.980000,2815400
333,2025-08-22,73.330000,73.580000,72.695000,73.370000,2664000
333,2025-08-25,73.300000,73.825000,72.900000,73.600000,3261600
333,2025-08-26,73.430000,73.960000,72.130000,73.940000,6802600
333,2025-08-27,73.800000,75.120000,73.610000,75.030000,6016400
333,2025-08-28,75.030000,75.160000,73.385000,74.320000,3928400
333,2025-08-29,74.230000,74.630000,74.055000,74.190000,4035000
333,2025-09-02,73.720000,74.035000,73.300000,73.920000,3261700
333,2025-09-03,73.460000,73.697000,72.350000,72.390000,3244900
333,2025-09-04,72.440000,72.810000,72.010000,72.650000,3147800
333,2025-09-05,72.530000,72.730000,71.390000,72.300000,3173200
333,2025-09-08,72.200000,73.030000,71.700000,72.950000,4724500
333,2025-09-09,73.140000,73.660000,72.000000,72.500000,3336700
333,2025-09-10,72.180000,72.810000,71.560000,71.780000,2939500
333,2025-09-11,71.640000,73.110000,71.585000,72.990000,2750400
333,2025-09-12,72.900000,75.910000,72.330000,74.290000,6599900
333,2025-09-15,73.890000,74.500000,69.280000,70.070000,8800600
333,2025-09-16,70.010000,70.400000,69.450000,69.880000,5056600
333,2025-09-17,70.080000,71.100000,69.770000,70.640000,3470100
333,2025-09-18,70.840000,71.022000,70.130000,70.660000,5365900
333,2025-09-19,70.570000,71.020000,70.390000,70.860000,12447700
333,2025-09-22,70.400000,70.480000,69.740000,69.750000,2831500
333,2025-09-23,69.940000,70.560000,69.435000,69.480000,3360900
333,2025-09-24,69.640000,70.340000,69.445000,69.610000,3474700
333,2025-09-25,69.930000,69.985000,65.910000,67.080000,7240300
333,2025-09-26,67.540000,68.120000,67.192000,68.090000,4817100
333,2025-09-29,68.400000,68.670000,67.550000,67.770000,5341400
333,2025-09-30,67.900000,67.950000,67.190000,67.630000,4701400
333,2025-10-01,66.900000,66.900000,60.705000,61.470000,12189800
333,2025-10-02,61.325000,63.680000,61.325000,63.490000,11310300
333,2025-10-03,62.500000,63.660000,62.490000,63.370000,4328900
333,2025-10-06,63.520000,65.065000,63.400000,64.300000,5261000
333,2025-10-07,64.190000,65.610000,63.780000,65.610000,4409800
333,2025-10-08,65.180000,65.445000,62.800000,63.110000,6075900
333,2025-10-09,63.590000,63.815000,62.550000,62.750000,3033100
333,2025-10-10,62.700000,63.125000,61.830000,61.830000,2925600
333,2025-10-13,62.270000,63.041000,62.180000,62.670000,2157600
333,2025-10-14,62.460000,62.770000,62.040000,62.670000,4189300
333,2025-10-15,62.650000,62.840000,61.875000,61.910000,3550800
333,2025-10-16,62.000000,62.268000,60.990000,61.000000,4379700
333,2025-10-17,61.080000,62.045000,60.950000,61.400000,7513400
333,2025-10-20,61.960000,62.430000,61.540000,61.980000,4634300
333,2025-10-21,61.930000,62.330000,61.650000,61.970000,4074700
333,2025-10-22,61.900000,63.226000,61.900000,63.120000,5414300
333,2025-10-23,63.950000,63.950000,63.030000,63.480000,3227700
333,2025-10-24,63.800000,63.900000,63.440000,63.660000,2627800
333,2025-10-27,64.020000,64.560000,63.670000,63.930000,3973500
333,2025-10-28,63.760000,63.890000,63.190000,63.460000,2821400
333,2025-10-29,63.040000,63.395000,62.740000,63.200000,5030400
333,2025-10-30,61.280000,61.955000,60.940000,61.700000,5796300
333,2025-10-31,61.330000,61.940000,61.050000,61.440000,4608800
333,2025-11-03,60.950000,62.060000,60.535000,62.060000,6059600
333,2025-11-04,61.810000,62.926000,61.280000,62.500000,5189600
333,2025-11-05,64.700000,64.830000,63.010000,63.670000,6989100
333,2025-11-06,63.090000,63.730000,62.520000,63.150000,5146100
333,2025-11-07,63.310000,64.175000,62.655000,64.150000,3686800
333,2025-11-10,64.310000,65.979000,64.060000,65.560000,3695500
333,2025-11-11,65.540000,66.150000,65.180000,65.720000,2912500
333,2025-11-12,65.580000,66.880000,65.260000,66.480000,3131400
333,2025-11-13,66.685000,67.020000,66.135000,66.200000,3408700
333,2025-11-14,66.070000,66.870000,65.760000,66.000000,2862500
333,2025-11-17,66.340000,66.440000,63.845000,63.880000,3998600
333,2025-11-18,63.750000,65.080000,63.560000,64.500000,3148300
333,2025-11-19,64.760000,65.020000,64.050000,64.680000,2505800
333,2025-11-20,65.020000,65.960000,64.195000,64.380000,5939400
333,2025-11-21,64.780000,66.590000,64.670000,65.540000,5184100
333,2025-11-24,65.540000,65.850000,65.080000,65.660000,3825600
333,2025-11-25,66.020000,66.577000,65.480000,66.050000,3722700
333,2025-11-26,65.910000,66.965000,65.710000,66.650000,2062300
333,2025-11-28,66.690000,67.720000,66.680000,67.470000,1976700
333,2025-12-01,67.150000,67.840000,66.520000,66.540000,3498200
333,2025-12-02,66.870000,67.015000,65.270000,65.600000,2603900
333,2025-12-03,65.800000,66.240000,65.270000,65.300000,3885900
333,2025-12-04,65.810000,66.450000,65.630000,66.290000,3644800
333,2025-12-05,66.170000,67.030000,65.930000,66.000000,5353300
333,2025-12-08,65.870000,66.070000,65.060000,65.090000,5423200
333,2025-12-09,65.060000,65.990000,65.030000,65.840000,5325800
333,2025-12-10,65.690000,65.790000,64.100000,65.100000,6388200
333,2025-12-11,65.340000,66.820000,65.090000,66.040000,2662900
333,2025-12-12,66.600000,66.840000,65.790000,66.120000,2666800
333,2025-12-15,66.290000,66.419000,65.100000,65.880000,4106100
333,2025-12-16,65.970000,65.990000,65.320000,65.480000,2700100
333,2025-12-17,65.490000,66.490000,65.150000,66.430000,3973300
333,2025-12-18,66.830000,67.460000,66.440000,66.960000,3839700
333,2025-12-19,67.245000,67.245000,66.150000,66.310000,8981900
333,2025-12-22,66.320000,67.150000,66.320000,67.090000,2410500
333,2025-12-23,67.080000,67.230000,66.500000,67.150000,2635300
333,2025-12-24,67.200000,67.570000,67.025000,67.330000,770500
333,2025-12-26,67.320000,67.630000,67.140000,67.440000,1199300
333,2025-12-29,67.250000,67.660000,67.250000,67.650000,1994200
333,2025-12-30,67.670000,67.980000,67.280000,67.370000,1721200
333,2025-12-31,67.310000,67.495000,67.010000,67.030000,2075700
333,2026-01-02,67.000000,67.955000,66.330000,67.760000,2977300
333,2026-01-05,67.530000,68.380000,66.710000,67.850000,2816600
333,2026-01-06,67.700000,69.740000,67.260000,69.370000,4440400
333,2026-01-07,69.050000,69.750000,68.135000,68.540000,3276100
333,2026-01-08,68.300000,70.390000,67.885000,70.140000,2908600
333,2026-01-09,70.020000,70.570000,68.630000,68.650000,3341200
333,2026-01-12,68.580000,69.510000,67.930000,68.490000,3647000
333,2026-01-13,68.710000,69.260000,68.580000,68.850000,2267900
333,2026-01-14,69.510000,70.730000,69.305000,69.940000,5006500
333,2026-01-15,70.250000,70.870000,69.330000,70.500000,7045100
333,2026-01-16,69.490000,70.070000,68.915000,69.640000,3401500
333,2026-01-20,69.360000,69.700000,68.420000,68.900000,2658500
333,2026-01-21,70.340000,71.890000,69.535000,71.480000,6140200
333,2026-01-22,71.870000,72.300000,71.290000,71.560000,2756100
333,2026-01-23,71.630000,72.155000,71.340000,71.700000,3467200
333,2026-01-26,72.380000,72.650000,71.790000,72.630000,5351200
333,2026-01-27,72.610000,73.320000,72.500000,73.000000,4475300
333,2026-01-28,73.000000,73.360000,72.415000,73.050000,2742900
333,2026-01-29,73.500000,74.000000,73.045000,73.840000,3613900
333,2026-01-30,73.550000,73.700000,72.260000,72.800000,3703500
333,2026-02-02,72.800000,73.710000,72.520000,73.200000,3496600
333,2026-02-03,73.390000,75.185000,73.390000,75.040000,5662000
333,2026-02-04,73.090000,76.640000,73.000000,75.120000,7132800
333,2026-02-05,74.410000,75.000000,72.310000,72.470000,5733500
333,2026-02-06,73.160000,73.865000,72.160000,72.600000,4199200
333,2026-02-09,71.920000,73.860000,71.840000,73.620000,4262400
333,2026-02-10,73.970000,74.630000,73.810000,74.220000,3294500
333,2026-02-11,74.690000,75.910000,74.330000,75.320000,5684400
333,2026-02-12,75.700000,76.100000,73.965000,74.110000,4671000
333,2026-02-13,73.870000,75.420000,73.870000,75.030000,3500300
333,2026-02-17,75.190000,75.865000,74.860000,75.550000,3373500
333,2026-02-18,75.950000,76.620000,75.665000,76.590000,3040400
333,2026-02-19,76.450000,77.108000,76.170000,77.020000,3716500
333,2026-02-20,76.800000,77.040000,75.365000,76.310000,5560900
333,2026-02-23,76.090000,77.240000,75.900000,76.460000,4076400
333,2026-02-24,76.270000,77.980000,76.240000,77.970000,3064200
333,2026-02-25,78.010000,78.590000,77.170000,77.670000,5502500
333,2026-02-26,77.780000,78.830000,77.460000,78.820000,3239200
333,2026-02-27,78.640000,80.225000,78.420000,80.120000,5332100
333,2026-03-02,79.910000,80.905000,79.286000,80.520000,4008800
333,2026-03-03,78.740000,80.135000,77.720000,78.930000,4984400
333,2026-03-04,79.710000,79.930000,77.915000,78.000000,4584600
333,2026-03-05,77.590000,77.930000,76.070000,76.590000,3863600
333,2026-03-06,76.400000,77.050000,74.860000,76.960000,3506800
333,2026-03-09,76.905000,78.370000,76.120000,78.300000,3896300
333,2026-03-10,77.970000,78.355000,76.270000,76.310000,3719800
333,2026-03-11,76.340000,78.690000,75.960000,78.630000,3136000
333,2026-03-12,78.920000,80.190000,78.675000,79.750000,3550300
333,2026-03-13,80.230000,80.512000,78.200000,79.210000,5153000
333,2026-03-16,79.190000,79.565000,78.605000,79.040000,3816200
333,2026-03-17,79.840000,80.695000,79.270000,80.050000,3165200
333,2026-03-18,80.400000,80.500000,79.330000,79.340000,3404300
333,2026-03-19,79.300000,79.540000,77.070000,78.070000,4854400
333,2026-03-20,78.580000,78.580000,76.750000,77.330000,9435800
333,2026-03-23,78.810000,79.280000,77.180000,77.760000,5145300
333,2026-03-24,77.880000,81.120000,77.880000,80.580000,4811500
333,2026-03-25,80.660000,82.260000,80.495000,82.030000,3357600
333,2026-03-26,81.740000,82.890000,81.720000,82.730000,3105500
333,2026-03-27,82.600000,82.815000,81.585000,81.990000,4535600
333,2026-03-30,82.980000,83.600000,82.565000,82.950000,5083200
333,2026-03-31,83.000000,84.000000,82.300000,83.710000,5423200
333,2026-04-01,83.520000,84.140000,82.720000,83.810000,5582100
333,2026-04-02,83.650000,85.555000,83.590000,85.460000,3669600
333,2026-04-06,85.040000,85.490000,83.630000,84.250000,3799600
333,2026-04-07,84.220000,85.630000,84.090000,85.330000,2927300
333,2026-04-08,84.200000,84.260000,82.010000,83.960000,5932500
333,2026-04-09,84.040000,85.070000,82.780000,83.560000,3485800
333,2026-04-10,83.650000,84.120000,83.130000,83.830000,1980800
333,2026-04-13,84.180000,84.625000,82.895000,83.510000,2943000
333,2026-04-14,83.310000,84.290000,82.510000,82.950000,3372600
333,2026-04-15,82.910000,82.910000,81.140000,81.320000,3258800
333,2026-04-16,81.210000,81.940000,80.232000,81.160000,3692800
333,2026-04-17,80.120000,80.760000,78.910000,80.340000,4368400
333,2026-04-20,80.470000,81.450000,79.900000,80.290000,3287200
333,2026-04-21,80.570000,81.005000,79.470000,80.350000,2353900
333,2026-04-22,80.660000,81.020000,78.700000,79.350000,2616700
333,2026-04-23,79.530000,80.660000,78.850000,79.630000,2274300
333,2026-04-24,79.400000,79.860000,78.360000,79.800000,2514200
333,2026-04-27,79.980000,80.715000,79.130000,79.420000,2805000
333,2026-04-28,80.060000,80.270000,78.535000,78.940000,2569000
333,2026-04-29,79.030000,80.260000,78.790000,79.370000,2578100
333,2026-04-30,79.300000,81.395000,78.780000,81.010000,3562400
333,2026-05-01,81.480000,81.790000,80.850000,80.850000,3543100
333,2026-05-04,80.730000,81.820000,80.424000,81.690000,3334600
333,2026-05-05,82.000000,84.320000,81.910000,83.900000,5015500
333,2026-05-06,82.240000,83.550000,81.175000,81.770000,5345100
333,2026-05-07,80.950000,81.360000,78.760000,79.070000,6275000
333,2026-05-08,79.310000,81.450000,78.790000,81.130000,4624200
333,2026-05-11,81.560000,83.330000,81.130000,82.830000,4570700
333,2026-05-12,82.950000,83.545000,81.365000,82.590000,3373600
333,2026-05-13,82.750000,83.420000,82.100000,83.350000,3076300
333,2026-05-14,83.430000,84.190000,82.270000,83.300000,3830800
333,2026-05-15,82.760000,83.550000,82.150000,82.210000,2956100
333,2026-05-18,82.080000,82.580000,81.060000,81.080000,2747600
333,2026-05-19,80.480000,80.480000,78.835000,78.990000,3106600
333,2026-05-20,78.580000,80.000000,78.350000,78.800000,3891600
333,2026-05-21,78.750000,79.265000,78.133000,79.040000,3626400
333,2026-05-22,79.350000,80.205000,79.150000,79.560000,2135400
333,2026-05-26,79.460000,80.265000,79.090000,79.090000,2164300
333,2026-05-27,78.580000,80.345000,78.130000,79.890000,3085600
333,2026-05-28,80.390000,81.240000,79.670000,80.600000,2808300
333,2026-05-29,80.380000,80.785000,78.260000,78.280000,6431300
333,2026-06-01,78.150000,78.580000,77.030000,77.680000,2658100
333,2026-06-02,77.730000,78.515000,77.120000,77.570000,2729100
333,2026-06-03,77.280000,79.410000,77.140000,77.800000,3324200
333,2026-06-04,77.920000,78.660000,76.880000,77.460000,3398500
333,2026-06-05,77.460000,78.600000,76.530000,77.030000,3343200
333,2026-06-08,76.960000,77.300000,75.860000,75.860000,4956500
333,2026-06-09,75.260000,75.810000,74.460000,75.010000,4223600
333,2026-06-10,75.440000,75.939000,74.420000,74.460000,4426400
333,2026-06-11,75.710000,75.890000,74.540000,74.860000,4249800
333,2026-06-12,75.080000,76.330000,75.010000,76.140000,4116200
333,2026-06-15,75.930000,77.360000,75.525000,75.710000,4117300
333,2026-06-16,75.700000,77.160000,75.500000,76.870000,4681700
333,2026-06-17,76.870000,78.900000,76.660000,77.370000,4221400
333,2026-06-18,77.380000,79.050000,76.520000,78.590000,13360300
333,2026-06-22,78.120000,78.920000,77.860000,78.860000,3948500
333,2026-06-23,78.410000,80.275000,77.980000,79.110000,5827900
333,2026-06-24,79.190000,80.960000,78.790000,80.090000,5200200
333,2026-06-25,80.015000,81.780000,79.965000,81.620000,3439700
333,2026-06-26,81.520000,82.670000,81.010000,82.620000,6394900
333,2026-06-29,82.050000,83.440000,81.520000,83.370000,3076400
333,2026-06-30,83.280000,85.175000,82.935000,84.690000,3636400
333,2026-07-01,84.650000,85.950000,82.955000,83.540000,4631600
333,2026-07-02,83.565000,85.830000,83.105000,85.800000,3168100
333,2026-07-06,85.310000,86.510000,84.450000,86.390000,4167300
333,2026-07-07,86.900000,87.690000,86.100000,86.750000,3138200
333,2026-07-08,86.750000,86.800000,84.372000,85.180000,2913600
333,2026-07-09,84.610000,85.920000,83.615000,83.860000,2993100
333,2026-07-10,83.990000,85.965000,83.233000,85.680000,2181800
333,2026-07-13,86.390000,87.220000,85.390000,86.070000,2735600
333,2026-07-14,86.800000,87.420000,84.560000,84.910000,2884400
333,2026-07-15,84.270000,84.560000,82.980000,84.450000,4378100
333,2026-07-16,84.960000,86.860000,84.490000,86.650000,3854100
333,2026-07-17,86.530000,88.215000,86.530000,87.300000,3783100
333,2026-07-20,86.780000,87.590000,86.100000,86.780000,3594200
333,2026-07-21,87.270000,87.840000,86.280000,86.940000,2412700
333,2026-07-22,87.640000,88.570000,87.415000,88.530000,2140600
333,2026-07-23,88.880000,89.390000,87.860000,88.780000,3193200
333,2026-07-24,89.050000,89.280000,88.120000,89.250000,1894711
333,2026-07-27,88.780000,88.980000,86.950000,87.580000,3681400
333,2026-07-28,88.560000,89.745000,87.780000,88.950000,5697600
333,2026-07-29,89.300003,90.970001,88.584999,90.510002,3922100
333,2026-07-30,90.000000,90.527000,89.199997,89.339996,5561900
333,2026-07-31,83.989998,84.135002,78.669998,78.709999,11529500
333,2026-08-03,78.000000,78.459999,75.930000,76.040001,7955600
333,2026-08-04,75.709999,78.339996,74.510002,78.309998,6806100
333,2026-08-05,79.199997,80.720001,78.650002,78.669998,6562200
333,2026-08-06,78.459999,78.485001,76.330002,76.860001,6403300
333,2026-08-07,76.599998,77.459999,75.680000,76.830002,3375300
333,2026-08-10,77.150002,77.410004,76.199997,76.470001,4246000
333,2026-08-11,76.139999,76.949997,75.589996,76.220001,3592900
333,2026-08-12,75.750000,75.989998,74.940002,75.529999,5063700
333,2026-08-13,75.610001,76.220001,74.959999,75.790001,2866800
333,2026-08-14,75.970001,77.129997,75.529999,76.680000,2336400
333,2026-08-17,76.540001,76.644997,75.464996,76.010002,3228800
333,2026-08-18,76.769997,78.220001,76.475998,77.910004,4054600
333,2026-08-19,78.400002,79.480003,78.400002,78.570000,3716300
333,2026-08-20,78.830002,82.120003,78.820000,79.459999,4927700
333,2026-08-21,80.239998,82.150002,79.449997,81.790001,4674900
333,2026-08-24,82.000000,84.199997,81.269997,82.809998,9243700
333,2026-08-25,82.500000,83.959999,81.739998,83.050003,3098100
333,2026-08-26,83.110001,84.599998,82.629997,82.879997,3924500
333,2026-08-27,82.050003,83.474998,81.330002,82.400002,3942700
333,2026-08-28,83.180000,84.129997,82.059998,83.900002,3130200
333,2026-08-31,84.040001,85.279999,83.714996,84.629997,5751000
333,2026-09-01,85.489998,87.839996,85.290001,87.730003,5567300
333,2026-09-02,88.269997,90.779999,88.000000,89.970001,8787900
333,2026-09-03,90.239998,90.870003,87.959999,88.620003,5552700
333,2026-09-04,87.639999,88.209999,86.639999,87.860001,4274300
333,2026-09-08,88.250000,89.129997,84.980003,85.900002,4604000
333,2026-09-09,86.400002,86.510002,84.639999,84.750000,4213400
333,2026-09-10,85.040001,86.125000,84.209999,84.489998,3589500
333,2026-09-11,84.300003,84.489998,82.485001,83.900002,5325900
333,2026-09-14,84.389999,84.790001,82.360001,82.540001,4137400
333,2026-09-15,82.180000,85.190002,81.199997,83.389999,4869200
333,2026-09-16,82.580002,83.339996,80.699997,81.010002,6479700
333,2026-09-17,81.400002,82.809998,80.570000,81.529999,4905300
333,2026-09-18,80.449997,80.970001,80.000000,80.529999,7608000
333,2026-09-21,80.669998,81.050003,78.849998,79.110001,2881600
333,2026-09-22,79.070000,81.485001,78.589996,80.339996,4006485
333,2026-09-23,79.830002,82.260002,79.610001,80.419998,5550000
333,2026-09-24,81.525002,81.525002,79.055000,79.449997,3498100
333,2026-09-25,78.970001,78.980003,77.330002,78.519997,4163200
333,2026-09-28,78.410004,78.889999,77.660004,77.739998,3248500
333,2026-09-29,77.000000,78.470001,76.500000,77.870003,3633700
333,2026-09-30,77.910004,78.794998,77.279999,77.650002,4034800
333,2026-10-01,14.440000,14.440000,11.840000,12.570000,88375500
333,2026-10-02,12.385000,13.040000,11.870000,11.920000,78723800
333,2026-10-05,11.810000,12.630000,11.740000,12.390000,183061500
