stock_id,date,open,high,low,close,volume
696,2016-05-05,20.850000,20.850000,20.850000,20.850000,0
696,2016-05-06,20.850000,20.850000,20.850000,20.850000,0
696,2016-05-09,20.850000,20.850000,20.850000,20.850000,0
696,2016-05-10,20.850000,20.850000,20.850000,20.850000,0
696,2016-05-11,20.850000,20.850000,20.850000,20.850000,0
696,2016-05-12,20.850000,20.850000,20.850000,20.850000,0
696,2016-05-13,20.850000,20.850000,20.850000,20.850000,0
696,2016-05-16,20.850000,20.850000,20.850000,20.850000,0
696,2016-05-17,20.850000,20.850000,20.850000,20.850000,0
696,2016-05-18,20.850000,20.850000,20.850000,20.850000,0
696,2016-05-19,20.850000,20.850000,20.850000,20.850000,0
696,2016-05-20,20.850000,20.850000,20.850000,20.850000,0
696,2016-05-23,20.850000,20.850000,20.850000,20.850000,0
696,2016-05-24,20.850000,20.850000,20.850000,20.850000,0
696,2016-05-25,20.850000,20.850000,20.850000,20.850000,0
696,2016-05-26,20.850000,20.850000,20.850000,20.850000,0
696,2016-05-27,20.850000,20.850000,20.850000,20.850000,0
696,2016-05-31,20.850000,20.850000,20.850000,20.850000,0
696,2016-06-01,20.850000,20.850000,20.850000,20.850000,0
696,2016-06-02,20.850000,20.850000,20.850000,20.850000,0
696,2016-06-03,20.850000,20.850000,20.850000,20.850000,0
696,2016-06-06,20.850000,20.850000,20.850000,20.850000,0
696,2016-06-07,20.850000,20.850000,20.850000,20.850000,0
696,2016-06-08,20.850000,20.850000,20.850000,20.850000,0
696,2016-06-09,20.850000,20.850000,20.850000,20.850000,0
696,2016-06-10,20.850000,20.850000,20.850000,20.850000,0
696,2016-06-13,20.850000,20.850000,20.850000,20.850000,0
696,2016-06-14,19.400000,19.400000,19.300000,19.300000,5300
696,2016-06-15,19.300000,19.300000,19.300000,19.300000,0
696,2016-06-16,19.300000,19.300000,19.300000,19.300000,0
696,2016-06-17,19.300000,19.300000,19.300000,19.300000,0
696,2016-06-20,19.300000,19.300000,19.300000,19.300000,0
696,2016-06-21,19.300000,19.300000,19.300000,19.300000,0
696,2016-06-22,19.300000,19.300000,19.300000,19.300000,0
696,2016-06-23,19.300000,19.300000,19.300000,19.300000,0
696,2016-06-24,19.300000,19.300000,19.300000,19.300000,0
696,2016-06-27,19.300000,19.300000,19.300000,19.300000,0
696,2016-06-28,18.550000,18.550000,18.550000,18.550000,100
696,2016-06-29,19.150000,19.150000,19.150000,19.150000,900
696,2016-06-30,19.200000,19.200000,19.200000,19.200000,600
696,2016-07-01,19.200000,19.200000,19.200000,19.200000,0
696,2016-07-05,19.200000,19.200000,19.200000,19.200000,0
696,2016-07-06,19.200000,19.200000,19.200000,19.200000,0
696,2016-07-07,19.200000,19.200000,19.200000,19.200000,0
696,2016-07-08,19.200000,19.200000,19.200000,19.200000,0
696,2016-07-11,19.200000,19.200000,19.200000,19.200000,0
696,2016-07-12,19.200000,19.200000,19.200000,19.200000,0
696,2016-07-13,19.200000,19.200000,19.200000,19.200000,0
696,2016-07-14,20.100000,20.100000,20.100000,20.100000,200
696,2016-07-15,20.100000,20.100000,20.100000,20.100000,0
696,2016-07-18,19.850000,19.850000,19.800000,19.800000,1300
696,2016-07-19,19.800000,19.800000,19.800000,19.800000,0
696,2016-07-20,19.800000,19.800000,19.800000,19.800000,0
696,2016-07-21,19.800000,19.800000,19.800000,19.800000,0
696,2016-07-22,19.800000,19.800000,19.800000,19.800000,0
696,2016-07-25,19.800000,19.800000,19.800000,19.800000,0
696,2016-07-26,19.800000,19.800000,19.800000,19.800000,0
696,2016-07-27,19.800000,19.800000,19.800000,19.800000,0
696,2016-07-28,19.800000,19.800000,19.800000,19.800000,0
696,2016-07-29,19.800000,19.800000,19.800000,19.800000,0
696,2016-08-01,19.800000,19.800000,19.800000,19.800000,0
696,2016-08-02,20.140000,20.140000,20.140000,20.140000,600
696,2016-08-03,20.140000,20.140000,20.140000,20.140000,0
696,2016-08-04,20.140000,20.140000,20.140000,20.140000,0
696,2016-08-05,20.140000,20.140000,20.140000,20.140000,0
696,2016-08-08,20.140000,20.140000,20.140000,20.140000,0
696,2016-08-09,20.140000,20.140000,20.140000,20.140000,0
696,2016-08-10,20.140000,20.140000,20.140000,20.140000,0
696,2016-08-11,20.140000,20.140000,20.140000,20.140000,0
696,2016-08-12,20.140000,20.140000,20.140000,20.140000,0
696,2016-08-15,20.140000,20.140000,20.140000,20.140000,0
696,2016-08-16,20.140000,20.140000,20.140000,20.140000,0
696,2016-08-17,20.140000,20.140000,20.140000,20.140000,0
696,2016-08-18,20.140000,20.140000,20.140000,20.140000,0
696,2016-08-19,20.140000,20.140000,20.140000,20.140000,0
696,2016-08-22,20.140000,20.140000,20.140000,20.140000,0
696,2016-08-23,20.140000,20.140000,20.140000,20.140000,0
696,2016-08-24,20.140000,20.140000,20.140000,20.140000,0
696,2016-08-25,20.140000,20.140000,20.140000,20.140000,0
696,2016-08-26,20.140000,20.140000,20.140000,20.140000,0
696,2016-08-29,20.140000,20.140000,20.140000,20.140000,0
696,2016-08-30,20.140000,20.140000,20.140000,20.140000,0
696,2016-08-31,19.673800,19.673800,19.673800,19.673800,800
696,2016-09-01,19.673800,19.673800,19.673800,19.673800,0
696,2016-09-02,19.673800,19.673800,19.673800,19.673800,0
696,2016-09-06,19.673800,19.673800,19.673800,19.673800,0
696,2016-09-07,20.762900,20.762900,20.762900,20.762900,35800
696,2016-09-08,20.762900,20.762900,20.762900,20.762900,0
696,2016-09-09,20.762900,20.762900,20.762900,20.762900,0
696,2016-09-12,20.762900,20.762900,20.762900,20.762900,0
696,2016-09-13,20.762900,20.762900,20.762900,20.762900,0
696,2016-09-14,20.762900,20.762900,20.762900,20.762900,0
696,2016-09-15,20.762900,20.762900,20.762900,20.762900,0
696,2016-09-16,20.762900,20.762900,20.762900,20.762900,0
696,2016-09-19,20.762900,20.762900,20.762900,20.762900,0
696,2016-09-20,20.762900,20.762900,20.762900,20.762900,1100
696,2016-09-21,20.762900,20.762900,20.762900,20.762900,0
696,2016-09-22,20.762900,20.762900,20.762900,20.762900,0
696,2016-09-23,20.762900,20.762900,20.762900,20.762900,0
696,2016-09-26,20.762900,20.762900,20.762900,20.762900,0
696,2016-09-27,20.762900,20.762900,20.762900,20.762900,0
696,2016-09-28,20.762900,20.762900,20.762900,20.762900,0
696,2016-09-29,20.762900,20.762900,20.762900,20.762900,0
696,2016-09-30,21.180000,21.180000,21.180000,21.180000,300
696,2016-10-03,21.180000,21.180000,21.180000,21.180000,0
696,2016-10-04,21.180000,21.180000,21.180000,21.180000,0
696,2016-10-05,21.180000,21.180000,21.180000,21.180000,0
696,2016-10-06,21.180000,21.180000,21.180000,21.180000,0
696,2016-10-07,21.180000,21.180000,21.180000,21.180000,0
696,2016-10-10,21.180000,21.180000,21.180000,21.180000,0
696,2016-10-11,21.180000,21.180000,21.180000,21.180000,0
696,2016-10-12,21.180000,21.180000,21.180000,21.180000,0
696,2016-10-13,21.180000,21.180000,21.180000,21.180000,0
696,2016-10-14,21.180000,21.180000,21.180000,21.180000,0
696,2016-10-17,21.180000,21.180000,21.180000,21.180000,0
696,2016-10-18,21.180000,21.180000,21.180000,21.180000,0
696,2016-10-19,21.180000,21.180000,21.180000,21.180000,0
696,2016-10-20,21.180000,21.180000,21.180000,21.180000,0
696,2016-10-21,21.180000,21.180000,21.180000,21.180000,0
696,2016-10-24,21.180000,21.180000,21.180000,21.180000,0
696,2016-10-25,21.180000,21.180000,21.180000,21.180000,0
696,2016-10-26,21.180000,21.180000,21.180000,21.180000,0
696,2016-10-27,21.180000,21.180000,21.180000,21.180000,0
696,2016-10-28,21.180000,21.180000,21.180000,21.180000,0
696,2016-10-31,21.180000,21.180000,21.180000,21.180000,0
696,2016-11-01,21.180000,21.180000,21.180000,21.180000,0
696,2016-11-02,21.180000,21.180000,21.180000,21.180000,0
696,2016-11-03,18.950000,18.950000,18.950000,18.950000,900
696,2016-11-04,18.950000,18.950000,18.950000,18.950000,0
696,2016-11-07,18.950000,18.950000,18.950000,18.950000,0
696,2016-11-08,18.950000,18.950000,18.950000,18.950000,0
696,2016-11-09,18.950000,18.950000,18.950000,18.950000,0
696,2016-11-10,18.950000,18.950000,18.950000,18.950000,0
696,2016-11-11,17.668100,17.668100,17.668100,17.668100,300
696,2016-11-14,17.668100,17.668100,17.668100,17.668100,0
696,2016-11-15,17.668100,17.668100,17.668100,17.668100,0
696,2016-11-16,17.668100,17.668100,17.668100,17.668100,0
696,2016-11-17,17.668100,17.668100,17.668100,17.668100,0
696,2016-11-18,17.668100,17.668100,17.668100,17.668100,0
696,2016-11-21,17.668100,17.668100,17.668100,17.668100,0
696,2016-11-22,17.668100,17.668100,17.668100,17.668100,0
696,2016-11-23,17.668100,17.668100,17.668100,17.668100,0
696,2016-11-25,17.310000,17.310000,17.310000,17.310000,200
696,2016-11-28,17.310000,17.310000,17.310000,17.310000,0
696,2016-11-29,17.890000,17.890000,17.890000,17.890000,100
696,2016-11-30,17.500000,17.500000,17.500000,17.500000,100
696,2016-12-01,17.500000,17.500000,17.500000,17.500000,0
696,2016-12-02,17.500000,17.500000,17.500000,17.500000,0
696,2016-12-05,17.500000,17.500000,17.500000,17.500000,0
696,2016-12-06,17.500000,17.500000,17.500000,17.500000,0
696,2016-12-07,17.500000,17.500000,17.500000,17.500000,0
696,2016-12-08,17.850000,17.850000,17.850000,17.850000,5400
696,2016-12-09,17.850000,17.850000,17.850000,17.850000,0
696,2016-12-12,17.850000,17.850000,17.850000,17.850000,0
696,2016-12-13,17.850000,17.850000,17.850000,17.850000,0
696,2016-12-14,17.850000,17.850000,17.850000,17.850000,0
696,2016-12-15,17.850000,17.850000,17.850000,17.850000,0
696,2016-12-16,17.850000,17.850000,17.850000,17.850000,0
696,2016-12-19,17.850000,17.850000,17.850000,17.850000,0
696,2016-12-20,17.850000,17.850000,17.850000,17.850000,1000
696,2016-12-21,17.850000,17.850000,17.850000,17.850000,0
696,2016-12-22,17.850000,17.850000,17.850000,17.850000,0
696,2016-12-23,17.850000,17.850000,17.850000,17.850000,0
696,2016-12-27,17.850000,17.850000,17.850000,17.850000,0
696,2016-12-28,17.850000,17.850000,17.850000,17.850000,0
696,2016-12-29,17.850000,17.850000,17.850000,17.850000,0
696,2016-12-30,17.850000,17.850000,17.850000,17.850000,0
696,2017-01-03,17.850000,17.850000,17.850000,17.850000,0
696,2017-01-04,17.850000,17.850000,17.850000,17.850000,0
696,2017-01-05,17.850000,17.850000,17.850000,17.850000,0
696,2017-01-06,17.850000,17.850000,17.850000,17.850000,0
696,2017-01-09,17.850000,17.850000,17.850000,17.850000,0
696,2017-01-10,17.850000,17.850000,17.850000,17.850000,0
696,2017-01-11,17.850000,17.850000,17.850000,17.850000,0
696,2017-01-12,17.850000,17.850000,17.850000,17.850000,0
696,2017-01-13,17.850000,17.850000,17.850000,17.850000,0
696,2017-01-17,17.850000,17.850000,17.850000,17.850000,0
696,2017-01-18,17.850000,17.850000,17.850000,17.850000,0
696,2017-01-19,17.850000,17.850000,17.850000,17.850000,0
696,2017-01-20,17.850000,17.850000,17.850000,17.850000,0
696,2017-01-23,17.850000,17.850000,17.850000,17.850000,0
696,2017-01-24,17.850000,17.850000,17.850000,17.850000,0
696,2017-01-25,17.850000,17.850000,17.850000,17.850000,0
696,2017-01-26,17.850000,17.850000,17.850000,17.850000,0
696,2017-01-27,17.850000,17.850000,17.850000,17.850000,0
696,2017-01-30,17.850000,17.850000,17.850000,17.850000,0
696,2017-01-31,17.900000,17.900000,17.900000,17.900000,700
696,2017-02-01,17.900000,17.900000,17.900000,17.900000,0
696,2017-02-02,17.900000,17.900000,17.900000,17.900000,0
696,2017-02-03,17.900000,17.900000,17.900000,17.900000,0
696,2017-02-06,17.850000,17.850000,17.850000,17.850000,600
696,2017-02-07,17.850000,17.850000,17.850000,17.850000,0
696,2017-02-08,17.850000,17.850000,17.850000,17.850000,0
696,2017-02-09,17.850000,17.850000,17.850000,17.850000,0
696,2017-02-10,17.850000,17.850000,17.850000,17.850000,0
696,2017-02-13,18.300000,18.300000,18.300000,18.300000,600
696,2017-02-14,18.300000,18.300000,18.300000,18.300000,0
696,2017-02-15,18.300000,18.300000,18.300000,18.300000,0
696,2017-02-16,18.300000,18.300000,18.300000,18.300000,0
696,2017-02-17,18.400000,18.400000,18.400000,18.400000,200
696,2017-02-21,18.400000,18.400000,18.400000,18.400000,0
696,2017-02-22,18.400000,18.400000,18.400000,18.400000,0
696,2017-02-23,18.400000,18.400000,18.400000,18.400000,0
696,2017-02-24,18.400000,18.400000,18.400000,18.400000,0
696,2017-02-27,18.070000,18.070000,17.900000,17.900000,700
696,2017-02-28,18.820000,18.820000,18.820000,18.820000,1100
696,2017-03-01,18.820000,18.820000,18.820000,18.820000,0
696,2017-03-02,18.820000,18.820000,18.820000,18.820000,0
696,2017-03-03,18.820000,18.820000,18.820000,18.820000,0
696,2017-03-06,18.850000,18.850000,18.850000,18.850000,3300
696,2017-03-07,18.850000,18.850000,18.850000,18.850000,0
696,2017-03-08,18.850000,18.850000,18.850000,18.850000,0
696,2017-03-09,18.850000,18.850000,18.850000,18.850000,0
696,2017-03-10,18.850000,18.850000,18.850000,18.850000,0
696,2017-03-13,19.400000,19.400000,19.400000,19.400000,3300
696,2017-03-14,19.400000,19.400000,19.400000,19.400000,0
696,2017-03-15,19.400000,19.400000,19.400000,19.400000,0
696,2017-03-16,19.400000,19.400000,19.400000,19.400000,0
696,2017-03-17,19.400000,19.400000,19.400000,19.400000,0
696,2017-03-20,19.400000,19.400000,19.400000,19.400000,0
696,2017-03-21,19.400000,19.400000,19.400000,19.400000,0
696,2017-03-22,19.400000,19.400000,19.400000,19.400000,0
696,2017-03-23,19.400000,19.400000,19.400000,19.400000,0
696,2017-03-24,19.400000,19.400000,19.400000,19.400000,0
696,2017-03-27,19.400000,19.400000,19.400000,19.400000,0
696,2017-03-28,19.400000,19.400000,19.400000,19.400000,0
696,2017-03-29,20.000000,20.000000,20.000000,20.000000,200
696,2017-03-30,20.000000,20.000000,20.000000,20.000000,0
696,2017-03-31,20.000000,20.000000,20.000000,20.000000,0
696,2017-04-03,20.000000,20.000000,20.000000,20.000000,0
696,2017-04-04,20.000000,20.000000,20.000000,20.000000,0
696,2017-04-05,20.000000,20.000000,20.000000,20.000000,2000
696,2017-04-06,20.000000,20.000000,20.000000,20.000000,0
696,2017-04-07,20.000000,20.000000,20.000000,20.000000,0
696,2017-04-10,20.000000,20.000000,20.000000,20.000000,0
696,2017-04-11,20.000000,20.000000,20.000000,20.000000,0
696,2017-04-12,20.000000,20.000000,20.000000,20.000000,0
696,2017-04-13,20.000000,20.000000,20.000000,20.000000,0
696,2017-04-17,20.000000,20.000000,20.000000,20.000000,0
696,2017-04-18,20.000000,20.000000,20.000000,20.000000,0
696,2017-04-19,20.000000,20.000000,20.000000,20.000000,0
696,2017-04-20,20.000000,20.000000,20.000000,20.000000,0
696,2017-04-21,20.000000,20.000000,20.000000,20.000000,0
696,2017-04-24,20.000000,20.000000,20.000000,20.000000,0
696,2017-04-25,20.000000,20.000000,20.000000,20.000000,0
696,2017-04-26,20.000000,20.000000,20.000000,20.000000,0
696,2017-04-27,20.000000,20.000000,20.000000,20.000000,0
696,2017-04-28,20.000000,20.000000,20.000000,20.000000,0
696,2017-05-01,20.000000,20.000000,20.000000,20.000000,0
696,2017-05-02,20.000000,20.000000,20.000000,20.000000,0
696,2017-05-03,21.800000,21.800000,21.800000,21.800000,1000
696,2017-05-04,21.830000,21.830000,21.830000,21.830000,200
696,2017-05-05,21.830000,21.830000,21.830000,21.830000,0
696,2017-05-08,21.830000,21.830000,21.830000,21.830000,0
696,2017-05-09,21.830000,21.830000,21.830000,21.830000,0
696,2017-05-10,21.830000,21.830000,21.830000,21.830000,0
696,2017-05-11,21.830000,21.830000,21.830000,21.830000,0
696,2017-05-12,21.830000,21.830000,21.830000,21.830000,0
696,2017-05-15,21.830000,21.830000,21.830000,21.830000,0
696,2017-05-16,21.830000,21.830000,21.830000,21.830000,0
696,2017-05-17,21.830000,21.830000,21.830000,21.830000,0
696,2017-05-18,21.830000,21.830000,21.830000,21.830000,0
696,2017-05-19,21.830000,21.830000,21.830000,21.830000,0
696,2017-05-22,21.830000,21.830000,21.830000,21.830000,0
696,2017-05-23,21.830000,21.830000,21.830000,21.830000,0
696,2017-05-24,22.270000,22.270000,22.270000,22.270000,200
696,2017-05-25,22.270000,22.270000,22.270000,22.270000,0
696,2017-05-26,22.270000,22.270000,22.270000,22.270000,300
696,2017-05-30,22.270000,22.270000,22.270000,22.270000,0
696,2017-05-31,22.270000,22.270000,22.270000,22.270000,0
696,2017-06-01,23.000000,23.000000,23.000000,23.000000,1000
696,2017-06-02,23.000000,23.000000,23.000000,23.000000,0
696,2017-06-05,23.000000,23.000000,23.000000,23.000000,0
696,2017-06-06,23.000000,23.000000,23.000000,23.000000,0
696,2017-06-07,23.000000,23.000000,23.000000,23.000000,0
696,2017-06-08,23.000000,23.000000,23.000000,23.000000,0
696,2017-06-09,22.270000,22.270000,22.270000,22.270000,100
696,2017-06-12,22.270000,22.270000,22.270000,22.270000,0
696,2017-06-13,22.270000,22.270000,22.270000,22.270000,0
696,2017-06-14,22.270000,22.270000,22.270000,22.270000,0
696,2017-06-15,22.270000,22.270000,22.270000,22.270000,0
696,2017-06-16,22.270000,22.270000,22.270000,22.270000,0
696,2017-06-19,22.270000,22.270000,22.270000,22.270000,0
696,2017-06-20,22.270000,22.270000,22.270000,22.270000,0
696,2017-06-21,22.270000,22.270000,22.270000,22.270000,0
696,2017-06-22,22.270000,22.270000,22.270000,22.270000,0
696,2017-06-23,22.270000,22.270000,22.270000,22.270000,94800
696,2017-06-26,22.270000,22.270000,22.270000,22.270000,7500
696,2017-06-27,22.270000,22.270000,22.270000,22.270000,0
696,2017-06-28,22.270000,22.270000,22.270000,22.270000,0
696,2017-06-29,21.950000,21.950000,21.950000,21.950000,1000
696,2017-06-30,21.950000,21.950000,21.950000,21.950000,0
696,2017-07-03,21.950000,21.950000,21.950000,21.950000,0
696,2017-07-05,21.950000,21.950000,21.950000,21.950000,0
696,2017-07-06,21.950000,21.950000,21.950000,21.950000,0
696,2017-07-07,21.950000,21.950000,21.950000,21.950000,0
696,2017-07-10,21.950000,21.950000,21.950000,21.950000,0
696,2017-07-11,21.950000,21.950000,21.950000,21.950000,0
696,2017-07-12,21.950000,21.950000,21.950000,21.950000,0
696,2017-07-13,21.950000,21.950000,21.950000,21.950000,0
696,2017-07-14,21.950000,21.950000,21.950000,21.950000,0
696,2017-07-17,21.950000,21.950000,21.950000,21.950000,0
696,2017-07-18,21.950000,21.950000,21.950000,21.950000,0
696,2017-07-19,21.950000,21.950000,21.950000,21.950000,0
696,2017-07-20,21.950000,21.950000,21.950000,21.950000,0
696,2017-07-21,21.950000,21.950000,21.950000,21.950000,0
696,2017-07-24,21.950000,21.950000,21.950000,21.950000,0
696,2017-07-25,21.950000,21.950000,21.950000,21.950000,0
696,2017-07-26,21.950000,21.950000,21.950000,21.950000,0
696,2017-07-27,21.950000,21.950000,21.950000,21.950000,0
696,2017-07-28,21.950000,21.950000,21.950000,21.950000,0
696,2017-07-31,21.950000,21.950000,21.950000,21.950000,0
696,2017-08-01,21.950000,21.950000,21.950000,21.950000,0
696,2017-08-02,21.950000,21.950000,21.950000,21.950000,0
696,2017-08-03,21.950000,21.950000,21.950000,21.950000,0
696,2017-08-04,21.950000,21.950000,21.950000,21.950000,0
696,2017-08-07,21.950000,21.950000,21.950000,21.950000,0
696,2017-08-08,21.950000,21.950000,21.950000,21.950000,0
696,2017-08-09,21.950000,21.950000,21.950000,21.950000,0
696,2017-08-10,21.950000,21.950000,21.950000,21.950000,900
696,2017-08-11,21.950000,21.950000,21.950000,21.950000,0
696,2017-08-14,21.871500,21.871500,21.871500,21.871500,400
696,2017-08-15,21.871500,21.871500,21.871500,21.871500,0
696,2017-08-16,21.871500,21.871500,21.871500,21.871500,0
696,2017-08-17,21.871500,21.871500,21.871500,21.871500,0
696,2017-08-18,21.950000,21.950000,21.950000,21.950000,500
696,2017-08-21,21.950000,21.950000,21.950000,21.950000,0
696,2017-08-22,21.950000,21.950000,21.950000,21.950000,0
696,2017-08-23,21.950000,21.950000,21.950000,21.950000,0
696,2017-08-24,21.950000,21.950000,21.950000,21.950000,0
696,2017-08-25,21.950000,21.950000,21.950000,21.950000,0
696,2017-08-28,21.950000,21.950000,21.950000,21.950000,0
696,2017-08-29,21.950000,21.950000,21.950000,21.950000,0
696,2017-08-30,21.950000,21.950000,21.950000,21.950000,0
696,2017-08-31,22.400000,22.400000,22.400000,22.400000,400
696,2017-09-01,22.400000,22.400000,22.400000,22.400000,0
696,2017-09-05,22.400000,22.400000,22.400000,22.400000,0
696,2017-09-06,22.400000,22.400000,22.400000,22.400000,900
696,2017-09-07,22.400000,22.400000,22.400000,22.400000,0
696,2017-09-08,23.251200,23.251200,22.927900,23.251200,700
696,2017-09-11,23.181700,23.181700,23.181700,23.181700,300
696,2017-09-12,22.935200,22.935200,22.935200,22.935200,500
696,2017-09-13,22.935200,22.935200,22.935200,22.935200,0
696,2017-09-14,22.935200,22.935200,22.935200,22.935200,0
696,2017-09-15,22.935200,22.935200,22.935200,22.935200,0
696,2017-09-18,22.935200,22.935200,22.935200,22.935200,0
696,2017-09-19,22.935200,22.935200,22.935200,22.935200,0
696,2017-09-20,22.935200,22.935200,22.935200,22.935200,0
696,2017-09-21,22.935200,22.935200,22.935200,22.935200,1000
696,2017-09-22,22.935200,22.935200,22.935200,22.935200,1000
696,2017-09-25,22.935200,22.935200,22.935200,22.935200,0
696,2017-09-26,22.935200,22.935200,22.935200,22.935200,0
696,2017-09-27,21.741700,21.741700,21.741700,21.741700,11800
696,2017-09-28,21.741700,21.741700,21.741700,21.741700,0
696,2017-09-29,21.741700,21.741700,21.741700,21.741700,0
696,2017-10-02,21.741700,21.741700,21.741700,21.741700,0
696,2017-10-03,21.741700,21.741700,21.741700,21.741700,0
696,2017-10-04,21.741700,21.741700,21.741700,21.741700,0
696,2017-10-05,21.741700,21.741700,21.741700,21.741700,0
696,2017-10-06,21.741700,21.741700,21.741700,21.741700,0
696,2017-10-09,21.741700,21.741700,21.741700,21.741700,0
696,2017-10-10,21.741700,21.741700,21.741700,21.741700,0
696,2017-10-11,21.741700,21.741700,21.741700,21.741700,0
696,2017-10-12,21.741700,21.741700,21.741700,21.741700,0
696,2017-10-13,21.741700,21.741700,21.741700,21.741700,0
696,2017-10-16,21.741700,21.741700,21.741700,21.741700,0
696,2017-10-17,21.741700,21.741700,21.741700,21.741700,0
696,2017-10-18,21.741700,21.741700,21.741700,21.741700,0
696,2017-10-19,21.840000,21.840000,21.840000,21.840000,200
696,2017-10-20,21.882900,21.882900,21.882900,21.882900,1100
696,2017-10-23,21.882900,21.882900,21.882900,21.882900,0
696,2017-10-24,21.882900,21.882900,21.882900,21.882900,0
696,2017-10-25,21.067900,21.067900,21.067900,21.067900,200
696,2017-10-26,21.425400,21.463100,21.425400,21.463100,600
696,2017-10-27,21.463100,21.463100,21.463100,21.463100,0
696,2017-10-30,21.463100,21.463100,21.463100,21.463100,0
696,2017-10-31,21.463100,21.463100,21.463100,21.463100,0
696,2017-11-01,21.620000,21.620000,21.620000,21.620000,200
696,2017-11-02,21.705900,21.705900,21.705900,21.705900,300
696,2017-11-03,21.705900,21.705900,21.705900,21.705900,0
696,2017-11-06,21.705900,21.705900,21.705900,21.705900,0
696,2017-11-07,21.300500,21.300500,21.300500,21.300500,300
696,2017-11-08,21.300500,21.300500,21.300500,21.300500,0
696,2017-11-09,21.100000,21.100000,21.100000,21.100000,500
696,2017-11-10,21.100000,21.100000,21.100000,21.100000,0
696,2017-11-13,21.100000,21.100000,21.100000,21.100000,0
696,2017-11-14,21.100000,21.100000,21.100000,21.100000,0
696,2017-11-15,21.100000,21.100000,21.100000,21.100000,0
696,2017-11-16,21.100000,21.100000,21.100000,21.100000,0
696,2017-11-17,21.100000,21.100000,21.100000,21.100000,0
696,2017-11-20,21.480400,21.480400,21.480400,21.480400,700
696,2017-11-21,21.480400,21.480400,21.480400,21.480400,0
696,2017-11-22,21.480400,21.480400,21.480400,21.480400,0
696,2017-11-24,21.480400,21.480400,21.480400,21.480400,0
696,2017-11-27,21.480400,21.480400,21.480400,21.480400,0
696,2017-11-28,21.480400,21.480400,21.480400,21.480400,0
696,2017-11-29,21.480400,21.480400,21.480400,21.480400,0
696,2017-11-30,21.480400,21.480400,21.480400,21.480400,0
696,2017-12-01,21.480400,21.480400,21.480400,21.480400,0
696,2017-12-04,21.480400,21.480400,21.480400,21.480400,0
696,2017-12-05,21.480400,21.480400,21.480400,21.480400,0
696,2017-12-06,21.480400,21.480400,21.480400,21.480400,0
696,2017-12-07,21.869200,21.869200,21.869200,21.869200,6200
696,2017-12-08,21.869200,21.869200,21.869200,21.869200,0
696,2017-12-11,21.869200,21.869200,21.869200,21.869200,0
696,2017-12-12,21.425200,21.425200,21.425200,21.425200,200
696,2017-12-13,21.425200,21.425200,21.425200,21.425200,0
696,2017-12-14,21.425200,21.425200,21.425200,21.425200,0
696,2017-12-15,21.484800,21.484800,21.484800,21.484800,300
696,2017-12-18,21.484800,21.484800,21.484800,21.484800,0
696,2017-12-19,22.108700,22.108700,22.000000,22.000000,5500
696,2017-12-20,22.000000,22.000000,22.000000,22.000000,0
696,2017-12-21,22.000000,22.000000,22.000000,22.000000,0
696,2017-12-22,22.000000,22.000000,22.000000,22.000000,0
696,2017-12-26,22.000000,22.000000,22.000000,22.000000,0
696,2017-12-27,22.000000,22.000000,22.000000,22.000000,0
696,2017-12-28,22.688500,22.688500,22.550000,22.550000,700
696,2017-12-29,22.550000,22.550000,22.550000,22.550000,0
696,2018-01-02,22.550000,22.550000,22.550000,22.550000,0
696,2018-01-03,22.891300,22.891300,22.891300,22.891300,300
696,2018-01-04,22.891300,22.891300,22.891300,22.891300,0
696,2018-01-05,22.891300,22.891300,22.891300,22.891300,0
696,2018-01-08,22.891300,22.891300,22.891300,22.891300,0
696,2018-01-09,22.891300,22.891300,22.891300,22.891300,0
696,2018-01-10,23.413200,23.413200,23.413200,23.413200,300
696,2018-01-11,23.413200,23.413200,23.413200,23.413200,0
696,2018-01-12,23.413200,23.413200,23.413200,23.413200,0
696,2018-01-16,23.413200,23.413200,23.413200,23.413200,0
696,2018-01-17,23.413200,23.413200,23.413200,23.413200,0
696,2018-01-18,23.413200,23.413200,23.413200,23.413200,0
696,2018-01-19,23.413200,23.413200,23.413200,23.413200,0
696,2018-01-22,23.413200,23.413200,23.413200,23.413200,0
696,2018-01-23,23.400000,23.400000,23.000000,23.000000,400
696,2018-01-24,23.000000,23.000000,23.000000,23.000000,0
696,2018-01-25,23.000000,23.000000,23.000000,23.000000,0
696,2018-01-26,23.000000,23.000000,23.000000,23.000000,0
696,2018-01-29,23.000000,23.000000,23.000000,23.000000,0
696,2018-01-30,22.850000,22.850000,22.650000,22.650000,400
696,2018-01-31,22.650000,22.650000,22.650000,22.650000,0
696,2018-02-01,22.650000,22.650000,22.650000,22.650000,0
696,2018-02-02,22.650000,22.650000,22.650000,22.650000,0
696,2018-02-05,22.650000,22.650000,22.650000,22.650000,0
696,2018-02-06,22.650000,22.650000,22.650000,22.650000,0
696,2018-02-07,22.650000,22.650000,22.650000,22.650000,0
696,2018-02-08,20.820000,20.820000,20.820000,20.820000,200
696,2018-02-09,20.820000,20.820000,20.820000,20.820000,0
696,2018-02-12,20.820000,20.820000,20.820000,20.820000,0
696,2018-02-13,20.820000,20.820000,20.820000,20.820000,0
696,2018-02-14,21.150000,21.150000,21.150000,21.150000,900
696,2018-02-15,21.409500,21.990000,21.409500,21.990000,500
696,2018-02-16,21.990000,21.990000,21.990000,21.990000,0
696,2018-02-20,21.990000,21.990000,21.990000,21.990000,0
696,2018-02-21,21.990000,21.990000,21.990000,21.990000,0
696,2018-02-22,21.990000,21.990000,21.990000,21.990000,0
696,2018-02-23,21.990000,21.990000,21.990000,21.990000,0
696,2018-02-26,21.990000,21.990000,21.990000,21.990000,0
696,2018-02-27,21.790000,21.790000,21.790000,21.790000,300
696,2018-02-28,21.790000,21.790000,21.790000,21.790000,0
696,2018-03-01,21.790000,21.790000,21.790000,21.790000,0
696,2018-03-02,21.790000,21.790000,21.790000,21.790000,0
696,2018-03-05,21.790000,21.790000,21.790000,21.790000,0
696,2018-03-06,21.790000,21.790000,21.790000,21.790000,0
696,2018-03-07,21.033600,21.033600,21.033600,21.033600,300
696,2018-03-08,21.033600,21.033600,21.033600,21.033600,0
696,2018-03-09,21.033600,21.033600,21.033600,21.033600,0
696,2018-03-12,21.200000,21.200000,21.200000,21.200000,1000
696,2018-03-13,21.464500,21.464500,21.410500,21.410500,10200
696,2018-03-14,21.410500,21.410500,21.410500,21.410500,0
696,2018-03-15,21.410500,21.410500,21.410500,21.410500,0
696,2018-03-16,21.102400,21.102400,21.102400,21.102400,300
696,2018-03-19,21.102400,21.102400,21.102400,21.102400,2800
696,2018-03-20,20.788600,20.788600,20.788600,20.788600,700
696,2018-03-21,20.788600,20.788600,20.788600,20.788600,0
696,2018-03-22,20.290000,20.290000,20.290000,20.290000,900
696,2018-03-23,20.290000,20.290000,20.290000,20.290000,0
696,2018-03-26,20.290000,20.290000,20.290000,20.290000,0
696,2018-03-27,20.290000,20.290000,20.290000,20.290000,0
696,2018-03-28,20.373700,20.373700,20.373700,20.373700,0
696,2018-03-29,20.373700,20.373700,20.373700,20.373700,0
696,2018-04-02,20.373700,20.373700,20.373700,20.373700,0
696,2018-04-03,20.373700,20.373700,20.373700,20.373700,800
696,2018-04-04,20.578600,20.578600,20.578600,20.578600,500
696,2018-04-05,20.578600,20.578600,20.578600,20.578600,0
696,2018-04-06,20.578600,20.578600,20.578600,20.578600,0
696,2018-04-09,20.578600,20.578600,20.578600,20.578600,500
696,2018-04-10,20.578600,20.578600,20.578600,20.578600,0
696,2018-04-11,20.578600,20.578600,20.578600,20.578600,0
696,2018-04-12,20.578600,20.578600,20.578600,20.578600,0
696,2018-04-13,20.578600,20.578600,20.578600,20.578600,0
696,2018-04-16,20.578600,20.578600,20.578600,20.578600,0
696,2018-04-17,21.411800,21.411800,21.411800,21.411800,200
696,2018-04-18,21.411800,21.411800,21.411800,21.411800,0
696,2018-04-19,21.759500,21.759500,21.737000,21.737000,1400
696,2018-04-20,21.737000,21.737000,21.737000,21.737000,7100
696,2018-04-23,21.737000,21.737000,21.737000,21.737000,0
696,2018-04-24,21.737000,21.737000,21.737000,21.737000,0
696,2018-04-25,21.737000,21.737000,21.737000,21.737000,0
696,2018-04-26,21.647900,21.647900,21.647900,21.647900,1100
696,2018-04-27,21.647900,21.647900,21.647900,21.647900,0
696,2018-04-30,21.350000,21.350000,21.350000,21.350000,200
696,2018-05-01,21.350000,21.350000,21.350000,21.350000,0
696,2018-05-02,21.400000,21.400000,21.400000,21.400000,1200
696,2018-05-03,21.400000,21.400000,21.400000,21.400000,0
696,2018-05-04,21.400000,21.400000,21.400000,21.400000,0
696,2018-05-07,21.400000,21.400000,21.400000,21.400000,0
696,2018-05-08,21.400000,21.400000,21.400000,21.400000,0
696,2018-05-09,21.400000,21.400000,21.400000,21.400000,0
696,2018-05-10,21.400000,21.400000,21.400000,21.400000,0
696,2018-05-11,21.400000,21.400000,21.400000,21.400000,0
696,2018-05-14,21.400000,21.400000,21.400000,21.400000,0
696,2018-05-15,21.400000,21.400000,21.400000,21.400000,0
696,2018-05-16,21.400000,21.400000,21.400000,21.400000,0
696,2018-05-17,20.600000,20.600000,20.450000,20.450000,900
696,2018-05-18,20.450000,20.450000,20.450000,20.450000,0
696,2018-05-21,14.300000,20.250000,14.300000,14.300000,400
696,2018-05-22,14.300000,14.300000,14.300000,14.300000,0
696,2018-05-23,20.250000,20.250000,20.250000,20.250000,0
696,2018-05-24,20.250000,20.250000,20.250000,20.250000,0
696,2018-05-25,20.250000,20.250000,20.250000,20.250000,0
696,2018-05-29,20.250000,20.250000,20.250000,20.250000,97700
696,2018-05-30,20.250000,20.250000,20.250000,20.250000,0
696,2018-05-31,20.250000,20.250000,20.250000,20.250000,0
696,2018-06-01,20.250000,20.250000,20.250000,20.250000,0
696,2018-06-04,20.250000,20.250000,20.250000,20.250000,0
696,2018-06-05,20.250000,20.250000,20.250000,20.250000,0
696,2018-06-06,20.250000,20.250000,20.250000,20.250000,0
696,2018-06-07,20.250000,20.250000,20.250000,20.250000,0
696,2018-06-08,20.250000,20.250000,20.250000,20.250000,0
696,2018-06-11,20.250000,20.250000,20.250000,20.250000,0
696,2018-06-12,20.250000,20.250000,20.250000,20.250000,0
696,2018-06-13,20.250000,20.250000,20.250000,20.250000,0
696,2018-06-14,20.250000,20.250000,20.250000,20.250000,0
696,2018-06-15,20.250000,20.250000,20.250000,20.250000,0
696,2018-06-18,20.250000,20.250000,20.250000,20.250000,0
696,2018-06-19,20.250000,20.250000,20.250000,20.250000,0
696,2018-06-20,21.259600,21.259600,21.259600,21.259600,2300
696,2018-06-21,21.259600,21.259600,21.259600,21.259600,0
696,2018-06-22,21.259600,21.259600,21.259600,21.259600,0
696,2018-06-25,21.259600,21.259600,21.259600,21.259600,0
696,2018-06-26,21.259600,21.259600,21.259600,21.259600,0
696,2018-06-27,21.259600,21.259600,21.259600,21.259600,0
696,2018-06-28,21.259600,21.259600,21.259600,21.259600,0
696,2018-06-29,21.259600,21.259600,21.259600,21.259600,0
696,2018-07-02,21.259600,21.259600,21.259600,21.259600,0
696,2018-07-03,21.259600,21.259600,21.259600,21.259600,0
696,2018-07-05,21.259600,21.259600,21.259600,21.259600,0
696,2018-07-06,20.890300,20.890300,20.890300,20.890300,700
696,2018-07-09,20.890300,20.890300,20.890300,20.890300,0
696,2018-07-10,20.890300,20.890300,20.890300,20.890300,0
696,2018-07-11,20.890300,20.890300,20.890300,20.890300,3200
696,2018-07-12,20.890300,20.890300,20.890300,20.890300,0
696,2018-07-13,20.890300,20.890300,20.890300,20.890300,0
696,2018-07-16,20.890300,20.890300,20.890300,20.890300,0
696,2018-07-17,20.890300,20.890300,20.890300,20.890300,0
696,2018-07-18,20.890300,20.890300,20.890300,20.890300,0
696,2018-07-19,20.890300,20.890300,20.890300,20.890300,0
696,2018-07-20,20.890300,20.890300,20.890300,20.890300,0
696,2018-07-23,20.890300,20.890300,20.890300,20.890300,0
696,2018-07-24,20.890300,20.890300,20.890300,20.890300,0
696,2018-07-25,20.890300,20.890300,20.890300,20.890300,0
696,2018-07-26,20.330000,20.330000,20.330000,20.330000,3500
696,2018-07-27,20.330000,20.330000,20.330000,20.330000,0
696,2018-07-30,20.330000,20.330000,20.330000,20.330000,0
696,2018-07-31,20.330000,20.330000,20.330000,20.330000,0
696,2018-08-01,20.330000,20.330000,20.330000,20.330000,0
696,2018-08-02,20.330000,20.330000,20.330000,20.330000,0
696,2018-08-03,20.330000,20.330000,20.330000,20.330000,0
696,2018-08-06,20.330000,20.330000,20.330000,20.330000,0
696,2018-08-07,20.330000,20.330000,20.330000,20.330000,0
696,2018-08-08,20.330000,20.330000,20.330000,20.330000,0
696,2018-08-09,21.100000,21.100000,21.100000,21.100000,200
696,2018-08-10,21.100000,21.100000,21.100000,21.100000,0
696,2018-08-13,20.840000,20.840000,20.840000,20.840000,100
696,2018-08-14,20.840000,20.840000,20.840000,20.840000,0
696,2018-08-15,20.840000,20.840000,20.840000,20.840000,0
696,2018-08-16,20.840000,20.840000,20.840000,20.840000,0
696,2018-08-17,20.840000,20.840000,20.840000,20.840000,0
696,2018-08-20,20.840000,20.840000,20.840000,20.840000,0
696,2018-08-21,20.840000,20.840000,20.840000,20.840000,0
696,2018-08-22,20.840000,20.840000,20.840000,20.840000,0
696,2018-08-23,20.840000,20.840000,20.840000,20.840000,0
696,2018-08-24,20.840000,20.840000,20.840000,20.840000,0
696,2018-08-27,20.840000,20.840000,20.840000,20.840000,0
696,2018-08-28,20.840000,20.840000,20.840000,20.840000,0
696,2018-08-29,20.840000,20.840000,20.840000,20.840000,0
696,2018-08-30,20.840000,20.840000,20.840000,20.840000,0
696,2018-08-31,20.840000,20.840000,20.840000,20.840000,0
696,2018-09-04,20.840000,20.840000,20.840000,20.840000,0
696,2018-09-05,20.840000,20.840000,20.840000,20.840000,0
696,2018-09-06,20.840000,20.840000,20.840000,20.840000,0
696,2018-09-07,20.840000,20.840000,20.840000,20.840000,0
696,2018-09-10,20.840000,20.840000,20.840000,20.840000,0
696,2018-09-11,20.840000,20.840000,20.840000,20.840000,0
696,2018-09-12,20.840000,20.840000,20.840000,20.840000,0
696,2018-09-13,20.840000,20.840000,20.840000,20.840000,0
696,2018-09-14,20.840000,20.840000,20.840000,20.840000,0
696,2018-09-17,20.840000,20.840000,20.840000,20.840000,0
696,2018-09-18,20.840000,20.840000,20.840000,20.840000,0
696,2018-09-19,20.840000,20.840000,20.840000,20.840000,0
696,2018-09-20,21.650000,21.650000,21.650000,21.650000,300
696,2018-09-21,21.650000,21.650000,21.650000,21.650000,0
696,2018-09-24,21.650000,21.650000,21.650000,21.650000,0
696,2018-09-25,21.650000,21.650000,21.650000,21.650000,0
696,2018-09-26,21.650000,21.650000,21.650000,21.650000,0
696,2018-09-27,21.650000,21.650000,21.650000,21.650000,0
696,2018-09-28,21.650000,21.650000,21.650000,21.650000,0
696,2018-10-01,21.650000,21.650000,21.650000,21.650000,0
696,2018-10-02,21.650000,21.650000,21.650000,21.650000,0
696,2018-10-03,21.350000,21.350000,21.350000,21.350000,200
696,2018-10-04,21.350000,21.350000,21.350000,21.350000,0
696,2018-10-05,20.900000,20.900000,20.900000,20.900000,1400
696,2018-10-08,20.300000,20.300000,20.300000,20.300000,5500
696,2018-10-09,20.300000,20.300000,20.300000,20.300000,0
696,2018-10-10,20.300000,20.300000,20.300000,20.300000,0
696,2018-10-11,20.300000,20.300000,20.300000,20.300000,0
696,2018-10-12,20.300000,20.300000,20.300000,20.300000,0
696,2018-10-15,20.300000,20.300000,20.300000,20.300000,0
696,2018-10-16,20.300000,20.300000,20.300000,20.300000,0
696,2018-10-17,20.300000,20.300000,20.300000,20.300000,0
696,2018-10-18,20.300000,20.300000,20.300000,20.300000,0
696,2018-10-19,20.300000,20.300000,20.300000,20.300000,0
696,2018-10-22,20.300000,20.300000,20.300000,20.300000,0
696,2018-10-23,20.300000,20.300000,20.300000,20.300000,0
696,2018-10-24,20.300000,20.300000,20.300000,20.300000,0
696,2018-10-25,20.300000,20.300000,20.300000,20.300000,0
696,2018-10-26,20.300000,20.300000,20.300000,20.300000,0
696,2018-10-29,20.300000,20.300000,20.300000,20.300000,0
696,2018-10-30,20.300000,20.300000,20.300000,20.300000,0
696,2018-10-31,20.300000,20.300000,20.300000,20.300000,0
696,2018-11-01,20.300000,20.300000,20.300000,20.300000,0
696,2018-11-02,20.300000,20.300000,20.300000,20.300000,0
696,2018-11-05,20.300000,20.300000,20.300000,20.300000,0
696,2018-11-06,20.300000,20.300000,20.300000,20.300000,0
696,2018-11-07,20.300000,20.300000,20.300000,20.300000,0
696,2018-11-08,20.300000,20.300000,20.300000,20.300000,0
696,2018-11-09,20.300000,20.300000,20.300000,20.300000,0
696,2018-11-12,20.300000,20.300000,20.300000,20.300000,0
696,2018-11-13,20.300000,20.300000,20.300000,20.300000,0
696,2018-11-14,20.300000,20.300000,20.300000,20.300000,0
696,2018-11-15,19.999300,19.999300,19.999300,19.999300,800
696,2018-11-16,19.999300,19.999300,19.999300,19.999300,0
696,2018-11-19,19.999300,19.999300,19.999300,19.999300,0
696,2018-11-20,19.999300,19.999300,19.999300,19.999300,0
696,2018-11-21,19.999300,19.999300,19.999300,19.999300,0
696,2018-11-23,19.999300,19.999300,19.999300,19.999300,0
696,2018-11-26,19.999300,19.999300,19.999300,19.999300,0
696,2018-11-27,19.999300,19.999300,19.999300,19.999300,0
696,2018-11-28,20.250000,20.250000,20.250000,20.250000,300
696,2018-11-29,20.250000,20.250000,20.250000,20.250000,0
696,2018-11-30,20.420000,20.420000,20.420000,20.420000,100
696,2018-12-03,20.420000,20.420000,20.420000,20.420000,100
696,2018-12-04,20.420000,20.420000,20.420000,20.420000,0
696,2018-12-06,20.420000,20.420000,20.420000,20.420000,100
696,2018-12-07,20.420000,20.420000,20.420000,20.420000,0
696,2018-12-10,20.420000,20.420000,20.420000,20.420000,100
696,2018-12-11,20.250000,20.250000,20.250000,20.250000,500
696,2018-12-12,20.250000,20.250000,20.250000,20.250000,0
696,2018-12-13,20.250000,20.250000,20.250000,20.250000,0
696,2018-12-14,20.250000,20.250000,20.250000,20.250000,100
696,2018-12-17,20.250000,20.250000,20.250000,20.250000,0
696,2018-12-18,20.250000,20.250000,20.250000,20.250000,0
696,2018-12-19,20.100000,20.100000,20.100000,20.100000,300
696,2018-12-20,20.100000,20.100000,20.100000,20.100000,0
696,2018-12-21,20.100000,20.100000,20.100000,20.100000,0
696,2018-12-24,20.100000,20.100000,20.100000,20.100000,100
696,2018-12-26,20.100000,20.100000,20.100000,20.100000,0
696,2018-12-27,19.650000,19.650000,19.650000,19.650000,1500
696,2018-12-28,19.650000,19.650000,19.650000,19.650000,0
696,2018-12-31,19.650000,19.650000,19.650000,19.650000,0
696,2019-01-02,19.650000,19.650000,19.650000,19.650000,0
696,2019-01-03,19.650000,19.650000,19.650000,19.650000,0
696,2019-01-04,19.650000,19.650000,19.650000,19.650000,0
696,2019-01-07,19.650000,19.650000,19.650000,19.650000,0
696,2019-01-08,19.650000,19.650000,19.650000,19.650000,100
696,2019-01-09,19.650000,19.650000,19.650000,19.650000,0
696,2019-01-10,19.650000,19.650000,19.650000,19.650000,0
696,2019-01-11,19.650000,19.650000,19.650000,19.650000,0
696,2019-01-14,19.650000,19.650000,19.650000,19.650000,0
696,2019-01-15,19.650000,19.650000,19.650000,19.650000,100
696,2019-01-16,19.650000,19.650000,19.650000,19.650000,0
696,2019-01-17,19.650000,19.650000,19.650000,19.650000,0
696,2019-01-18,19.650000,19.650000,19.650000,19.650000,0
696,2019-01-22,21.991300,21.991300,21.991300,21.991300,1000
696,2019-01-23,21.991300,21.991300,21.991300,21.991300,0
696,2019-01-24,21.991300,21.991300,21.991300,21.991300,0
696,2019-01-25,22.333300,22.333300,22.333300,22.333300,700
696,2019-01-28,22.333300,22.333300,22.333300,22.333300,0
696,2019-01-29,22.333300,22.333300,22.333300,22.333300,0
696,2019-01-30,22.333300,22.333300,22.333300,22.333300,0
696,2019-01-31,22.333300,22.333300,22.333300,22.333300,0
696,2019-02-01,22.333300,22.333300,22.333300,22.333300,0
696,2019-02-04,22.333300,22.333300,22.333300,22.333300,0
696,2019-02-05,22.333300,22.333300,22.333300,22.333300,0
696,2019-02-06,22.333300,22.333300,22.333300,22.333300,0
696,2019-02-07,22.333300,22.333300,22.333300,22.333300,0
696,2019-02-08,22.333300,22.333300,22.333300,22.333300,0
696,2019-02-11,22.333300,22.333300,22.333300,22.333300,100
696,2019-02-12,22.333300,22.333300,22.333300,22.333300,0
696,2019-02-13,22.333300,22.333300,22.333300,22.333300,1800
696,2019-02-14,22.333300,22.333300,22.333300,22.333300,0
696,2019-02-15,22.333300,22.333300,22.333300,22.333300,0
696,2019-02-19,22.333300,22.333300,22.333300,22.333300,0
696,2019-02-20,22.333300,22.333300,22.333300,22.333300,0
696,2019-02-21,22.333300,22.333300,22.333300,22.333300,0
696,2019-02-22,22.333300,22.333300,22.333300,22.333300,0
696,2019-02-25,22.333300,22.333300,22.333300,22.333300,0
696,2019-02-26,22.333300,22.333300,22.333300,22.333300,0
696,2019-02-27,22.333300,22.333300,22.333300,22.333300,0
696,2019-02-28,22.333300,22.333300,22.333300,22.333300,113200
696,2019-03-01,22.333300,22.333300,22.333300,22.333300,0
696,2019-03-04,22.333300,22.333300,22.333300,22.333300,0
696,2019-03-05,22.333300,22.333300,22.333300,22.333300,8200
696,2019-03-06,22.333300,22.333300,22.333300,22.333300,0
696,2019-03-07,22.333300,22.333300,22.333300,22.333300,0
696,2019-03-08,22.900000,22.900000,22.900000,22.900000,200
696,2019-03-11,22.900000,22.900000,22.900000,22.900000,0
696,2019-03-12,22.900000,22.900000,22.900000,22.900000,0
696,2019-03-13,22.900000,22.900000,22.900000,22.900000,0
696,2019-03-14,22.900000,22.900000,22.900000,22.900000,0
696,2019-03-15,22.900000,22.900000,22.900000,22.900000,0
696,2019-03-18,22.900000,22.900000,22.900000,22.900000,0
696,2019-03-19,22.900000,22.900000,22.900000,22.900000,0
696,2019-03-20,22.900000,22.900000,22.900000,22.900000,0
696,2019-03-21,22.900000,22.900000,22.900000,22.900000,0
696,2019-03-22,22.900000,22.900000,22.900000,22.900000,0
696,2019-03-25,22.900000,22.900000,22.900000,22.900000,100
696,2019-03-26,22.900000,22.900000,22.900000,22.900000,0
696,2019-03-27,22.900000,22.900000,22.900000,22.900000,0
696,2019-03-28,22.900000,22.900000,22.900000,22.900000,0
696,2019-03-29,22.900000,22.900000,22.900000,22.900000,0
696,2019-04-01,22.900000,22.900000,22.900000,22.900000,0
696,2019-04-02,22.900000,22.900000,22.900000,22.900000,0
696,2019-04-03,22.900000,22.900000,22.900000,22.900000,0
696,2019-04-04,22.900000,22.900000,22.900000,22.900000,0
696,2019-04-05,22.900000,22.900000,22.900000,22.900000,0
696,2019-04-08,22.900000,22.900000,22.900000,22.900000,0
696,2019-04-09,22.900000,22.900000,22.900000,22.900000,0
696,2019-04-10,22.900000,22.900000,22.900000,22.900000,0
696,2019-04-11,22.900000,22.900000,22.900000,22.900000,0
696,2019-04-12,22.900000,22.900000,22.900000,22.900000,0
696,2019-04-15,22.900000,22.900000,22.900000,22.900000,0
696,2019-04-16,22.900000,22.900000,22.900000,22.900000,0
696,2019-04-17,22.900000,22.900000,22.900000,22.900000,0
696,2019-04-18,22.900000,22.900000,22.900000,22.900000,0
696,2019-04-22,22.900000,22.900000,22.900000,22.900000,0
696,2019-04-23,22.900000,22.900000,22.900000,22.900000,0
696,2019-04-24,22.900000,22.900000,22.900000,22.900000,0
696,2019-04-25,22.900000,22.900000,22.900000,22.900000,0
696,2019-04-26,22.900000,22.900000,22.900000,22.900000,0
696,2019-04-29,22.900000,22.900000,22.900000,22.900000,0
696,2019-04-30,24.550000,24.550000,24.550000,24.550000,23800
696,2019-05-01,24.550000,24.550000,24.550000,24.550000,0
696,2019-05-02,24.550000,24.550000,24.550000,24.550000,0
696,2019-05-03,24.550000,24.550000,24.550000,24.550000,0
696,2019-05-06,24.550000,24.550000,24.550000,24.550000,1000
696,2019-05-07,24.550000,24.550000,24.550000,24.550000,0
696,2019-05-08,24.550000,24.550000,24.550000,24.550000,1400
696,2019-05-09,24.550000,24.550000,24.550000,24.550000,0
696,2019-05-10,24.550000,24.550000,24.550000,24.550000,0
696,2019-05-13,24.550000,24.550000,24.550000,24.550000,0
696,2019-05-14,24.550000,24.550000,24.550000,24.550000,0
696,2019-05-15,24.550000,24.550000,24.550000,24.550000,0
696,2019-05-16,24.550000,24.550000,24.550000,24.550000,0
696,2019-05-17,24.550000,24.550000,24.550000,24.550000,0
696,2019-05-20,24.550000,24.550000,24.550000,24.550000,0
696,2019-05-21,24.550000,24.550000,24.550000,24.550000,0
696,2019-05-22,24.550000,24.550000,24.550000,24.550000,0
696,2019-05-23,24.550000,24.550000,24.550000,24.550000,0
696,2019-05-24,24.550000,24.550000,24.550000,24.550000,0
696,2019-05-28,24.550000,24.550000,24.550000,24.550000,0
696,2019-05-29,23.779400,23.779400,23.779400,23.779400,106700
696,2019-05-30,23.779400,23.779400,23.779400,23.779400,0
696,2019-05-31,23.779400,23.779400,23.779400,23.779400,0
696,2019-06-03,23.779400,23.779400,23.779400,23.779400,400
696,2019-06-04,23.779400,23.779400,23.779400,23.779400,0
696,2019-06-05,23.779400,23.779400,23.779400,23.779400,0
696,2019-06-06,23.779400,23.779400,23.779400,23.779400,0
696,2019-06-07,23.779400,23.779400,23.779400,23.779400,0
696,2019-06-10,23.779400,23.779400,23.779400,23.779400,0
696,2019-06-11,24.680000,24.680000,24.680000,24.680000,1200
696,2019-06-12,24.680000,24.680000,24.680000,24.680000,0
696,2019-06-13,24.680000,24.680000,24.680000,24.680000,0
696,2019-06-14,24.680000,24.680000,24.680000,24.680000,0
696,2019-06-17,24.680000,24.680000,24.680000,24.680000,100
696,2019-06-18,24.680000,24.680000,24.680000,24.680000,100
696,2019-06-19,24.680000,24.680000,24.680000,24.680000,0
696,2019-06-20,24.680000,24.680000,24.680000,24.680000,0
696,2019-06-21,24.680000,24.680000,24.680000,24.680000,0
696,2019-06-24,24.680000,24.680000,24.680000,24.680000,100
696,2019-06-25,24.680000,24.680000,24.680000,24.680000,0
696,2019-06-26,24.680000,24.680000,24.680000,24.680000,0
696,2019-06-27,24.680000,24.680000,24.680000,24.680000,0
696,2019-06-28,24.680000,24.680000,24.680000,24.680000,0
696,2019-07-01,24.680000,24.680000,24.680000,24.680000,0
696,2019-07-02,24.680000,24.680000,24.680000,24.680000,0
696,2019-07-03,24.680000,24.680000,24.680000,24.680000,0
696,2019-07-05,24.680000,24.680000,24.680000,24.680000,0
696,2019-07-08,24.680000,24.680000,24.680000,24.680000,100
696,2019-07-09,24.680000,24.680000,24.680000,24.680000,100
696,2019-07-10,24.680000,24.680000,24.680000,24.680000,0
696,2019-07-11,24.680000,24.680000,24.680000,24.680000,0
696,2019-07-12,24.680000,24.680000,24.680000,24.680000,0
696,2019-07-15,24.680000,24.680000,24.680000,24.680000,0
696,2019-07-16,24.680000,24.680000,24.680000,24.680000,0
696,2019-07-17,24.680000,24.680000,24.680000,24.680000,700
696,2019-07-18,24.680000,24.680000,24.680000,24.680000,0
696,2019-07-19,24.680000,24.680000,24.680000,24.680000,0
696,2019-07-22,24.680000,24.680000,24.680000,24.680000,0
696,2019-07-23,24.680000,24.680000,24.680000,24.680000,0
696,2019-07-24,24.680000,24.680000,24.680000,24.680000,0
696,2019-07-25,24.680000,24.680000,24.680000,24.680000,0
696,2019-07-26,24.680000,24.680000,24.680000,24.680000,0
696,2019-07-29,24.680000,24.680000,24.680000,24.680000,700
696,2019-07-30,24.680000,24.680000,24.680000,24.680000,700
696,2019-07-31,24.680000,24.680000,24.680000,24.680000,700
696,2019-08-01,24.680000,24.680000,24.680000,24.680000,700
696,2019-08-02,26.750000,26.750000,26.750000,26.750000,200
696,2019-08-05,26.750000,26.750000,26.750000,26.750000,200
696,2019-08-06,26.750000,26.750000,26.750000,26.750000,200
696,2019-08-07,27.000000,27.000000,27.000000,27.000000,100
696,2019-08-08,27.000000,27.000000,27.000000,27.000000,0
696,2019-08-09,27.000000,27.000000,27.000000,27.000000,100
696,2019-08-12,27.000000,27.000000,27.000000,27.000000,100
696,2019-08-13,27.000000,27.000000,27.000000,27.000000,100
696,2019-08-14,27.000000,27.000000,27.000000,27.000000,4500
696,2019-08-15,27.000000,27.000000,27.000000,27.000000,4500
696,2019-08-16,27.000000,27.000000,27.000000,27.000000,0
696,2019-08-19,27.000000,27.000000,27.000000,27.000000,0
696,2019-08-20,28.046700,28.046700,28.046700,28.046700,2800
696,2019-08-21,28.046700,28.046700,28.046700,28.046700,0
696,2019-08-22,28.046700,28.046700,28.046700,28.046700,0
696,2019-08-23,28.382900,28.382900,28.382900,28.382900,1100
696,2019-08-26,28.382900,28.382900,28.382900,28.382900,0
696,2019-08-27,28.382900,28.382900,28.382900,28.382900,0
696,2019-08-28,28.382900,28.382900,28.382900,28.382900,0
696,2019-08-29,28.382900,28.382900,28.382900,28.382900,0
696,2019-08-30,28.382900,28.382900,28.382900,28.382900,0
696,2019-09-03,28.382900,28.382900,28.382900,28.382900,0
696,2019-09-04,28.382900,28.382900,28.382900,28.382900,0
696,2019-09-05,28.382900,28.382900,28.382900,28.382900,0
696,2019-09-06,28.382900,28.382900,28.382900,28.382900,0
696,2019-09-09,28.382900,28.382900,28.382900,28.382900,0
696,2019-09-10,28.382900,28.382900,28.382900,28.382900,0
696,2019-09-11,28.382900,28.382900,28.382900,28.382900,0
696,2019-09-12,28.382900,28.382900,28.382900,28.382900,100
696,2019-09-13,28.382900,28.382900,28.382900,28.382900,0
696,2019-09-16,28.350000,28.350000,28.350000,28.350000,600
696,2019-09-17,28.350000,28.350000,28.350000,28.350000,100
696,2019-09-18,28.350000,28.350000,28.350000,28.350000,0
696,2019-09-19,28.350000,28.350000,28.350000,28.350000,0
696,2019-09-20,28.350000,28.350000,28.350000,28.350000,0
696,2019-09-23,29.150000,29.150000,29.150000,29.150000,600
696,2019-09-24,29.400000,29.400000,29.400000,29.400000,400
696,2019-09-25,29.400000,29.400000,29.400000,29.400000,0
696,2019-09-26,29.400000,29.400000,29.400000,29.400000,0
696,2019-09-27,29.400000,29.400000,29.400000,29.400000,0
696,2019-09-30,29.400000,29.400000,29.400000,29.400000,0
696,2019-10-01,28.703300,28.703300,28.703300,28.703300,200
696,2019-10-02,27.834000,27.834000,27.834000,27.834000,300
696,2019-10-03,27.834000,27.834000,27.834000,27.834000,0
696,2019-10-04,27.834000,27.834000,27.834000,27.834000,0
696,2019-10-07,27.834000,27.834000,27.834000,27.834000,0
696,2019-10-08,27.834000,27.834000,27.834000,27.834000,0
696,2019-10-09,27.834000,27.834000,27.834000,27.834000,0
696,2019-10-10,27.834000,27.834000,27.834000,27.834000,0
696,2019-10-11,27.834000,27.834000,27.834000,27.834000,0
696,2019-10-14,28.500000,28.500000,28.500000,28.500000,200
696,2019-10-15,28.500000,28.500000,28.500000,28.500000,0
696,2019-10-16,28.500000,28.500000,28.500000,28.500000,0
696,2019-10-17,28.500000,28.500000,28.500000,28.500000,0
696,2019-10-18,28.833800,28.833800,28.833800,28.833800,100
696,2019-10-21,29.000000,29.000000,29.000000,29.000000,900
696,2019-10-22,29.000000,29.000000,29.000000,29.000000,0
696,2019-10-23,29.000000,29.000000,29.000000,29.000000,0
696,2019-10-24,29.000000,29.000000,29.000000,29.000000,0
696,2019-10-25,29.140000,29.140000,29.140000,29.140000,100
696,2019-10-28,29.140000,29.140000,29.140000,29.140000,100
696,2019-10-29,29.140000,29.140000,29.140000,29.140000,0
696,2019-10-30,29.140000,29.140000,29.140000,29.140000,0
696,2019-10-31,29.140000,29.140000,29.140000,29.140000,0
696,2019-11-01,29.140000,29.140000,29.140000,29.140000,100
696,2019-11-04,29.140000,29.140000,29.140000,29.140000,0
696,2019-11-05,29.140000,29.140000,29.140000,29.140000,0
696,2019-11-06,29.140000,29.140000,29.140000,29.140000,0
696,2019-11-07,28.750000,29.320000,28.750000,29.320000,400
696,2019-11-08,29.320000,29.320000,29.320000,29.320000,0
696,2019-11-11,28.600000,28.600000,28.600000,28.600000,200
696,2019-11-12,28.600000,28.600000,28.600000,28.600000,0
696,2019-11-13,28.600000,28.600000,28.600000,28.600000,0
696,2019-11-14,28.600000,28.600000,28.600000,28.600000,0
696,2019-11-15,28.600000,28.600000,28.600000,28.600000,0
696,2019-11-18,28.600000,28.600000,28.600000,28.600000,0
696,2019-11-19,29.250000,29.250000,29.250000,29.250000,100
696,2019-11-20,29.250000,29.250000,29.250000,29.250000,0
696,2019-11-21,29.250000,29.250000,29.250000,29.250000,0
696,2019-11-22,29.250000,29.250000,29.250000,29.250000,0
696,2019-11-25,29.250000,29.250000,29.250000,29.250000,0
696,2019-11-26,29.250000,29.250000,29.250000,29.250000,0
696,2019-11-27,29.250000,29.250000,29.250000,29.250000,0
696,2019-11-29,29.250000,29.250000,29.250000,29.250000,0
696,2019-12-02,29.250000,29.250000,29.250000,29.250000,0
696,2019-12-03,29.250000,29.250000,29.250000,29.250000,0
696,2019-12-04,29.250000,29.250000,29.250000,29.250000,0
696,2019-12-05,29.250000,29.250000,29.250000,29.250000,0
696,2019-12-06,29.250000,29.250000,29.250000,29.250000,0
696,2019-12-09,29.250000,29.250000,29.250000,29.250000,0
696,2019-12-10,29.250000,29.250000,29.250000,29.250000,0
696,2019-12-11,29.250000,29.250000,29.250000,29.250000,0
696,2019-12-12,29.250000,29.250000,29.250000,29.250000,0
696,2019-12-13,30.330000,30.330000,30.330000,30.330000,100
696,2019-12-16,30.330000,30.330000,30.330000,30.330000,0
696,2019-12-17,30.330000,30.330000,30.330000,30.330000,0
696,2019-12-18,30.330000,30.330000,30.330000,30.330000,0
696,2019-12-19,30.330000,30.330000,30.330000,30.330000,0
696,2019-12-20,30.330000,30.330000,30.330000,30.330000,0
696,2019-12-23,30.330000,30.330000,30.330000,30.330000,0
696,2019-12-24,29.800000,29.800000,29.800000,29.800000,1800
696,2019-12-26,29.800000,29.800000,29.800000,29.800000,0
696,2019-12-27,29.800000,29.800000,29.800000,29.800000,0
696,2019-12-30,29.800000,29.800000,29.800000,29.800000,0
696,2019-12-31,29.800000,29.800000,29.800000,29.800000,0
696,2020-01-02,29.800000,29.800000,29.800000,29.800000,0
696,2020-01-03,30.400000,30.400000,30.400000,30.400000,400
696,2020-01-06,30.400000,30.400000,30.400000,30.400000,0
696,2020-01-07,30.400000,30.400000,30.400000,30.400000,0
696,2020-01-08,30.400000,30.400000,30.400000,30.400000,0
696,2020-01-09,30.400000,30.400000,30.400000,30.400000,0
696,2020-01-10,30.750000,30.750000,30.750000,30.750000,400
696,2020-01-13,30.750000,30.750000,30.750000,30.750000,0
696,2020-01-14,30.750000,30.750000,30.750000,30.750000,2200
696,2020-01-15,30.750000,30.750000,30.750000,30.750000,0
696,2020-01-16,30.750000,30.750000,30.750000,30.750000,0
696,2020-01-17,30.750000,30.750000,30.750000,30.750000,0
696,2020-01-21,30.750000,30.750000,30.750000,30.750000,0
696,2020-01-22,30.750000,30.750000,30.750000,30.750000,0
696,2020-01-23,30.750000,30.750000,30.750000,30.750000,0
696,2020-01-24,30.750000,30.750000,30.750000,30.750000,0
696,2020-01-27,31.950000,31.950000,31.950000,31.950000,200
696,2020-01-28,31.950000,31.950000,31.950000,31.950000,0
696,2020-01-29,31.950000,31.950000,31.950000,31.950000,0
696,2020-01-30,31.950000,31.950000,31.950000,31.950000,0
696,2020-01-31,31.950000,31.950000,31.950000,31.950000,0
696,2020-02-03,31.950000,31.950000,31.950000,31.950000,0
696,2020-02-04,31.950000,31.950000,31.950000,31.950000,0
696,2020-02-05,31.950000,31.950000,31.950000,31.950000,0
696,2020-02-06,31.950000,31.950000,31.950000,31.950000,0
696,2020-02-07,31.950000,31.950000,31.950000,31.950000,0
696,2020-02-10,31.950000,31.950000,31.950000,31.950000,0
696,2020-02-11,31.950000,31.950000,31.950000,31.950000,0
696,2020-02-12,31.950000,31.950000,31.950000,31.950000,0
696,2020-02-13,31.950000,31.950000,31.950000,31.950000,0
696,2020-02-14,31.950000,31.950000,31.950000,31.950000,0
696,2020-02-18,31.950000,31.950000,31.950000,31.950000,0
696,2020-02-19,31.950000,31.950000,31.950000,31.950000,0
696,2020-02-20,31.950000,31.950000,31.950000,31.950000,0
696,2020-02-21,32.348700,32.348700,32.348700,32.348700,23200
696,2020-02-24,32.348700,32.348700,32.348700,32.348700,0
696,2020-02-25,32.348700,32.348700,32.348700,32.348700,0
696,2020-02-26,32.348700,32.348700,32.348700,32.348700,0
696,2020-02-27,32.348700,32.348700,32.348700,32.348700,0
696,2020-02-28,32.348700,32.348700,32.348700,32.348700,0
696,2020-03-02,32.348700,32.348700,32.348700,32.348700,0
696,2020-03-03,32.348700,32.348700,32.348700,32.348700,0
696,2020-03-04,32.348700,32.348700,32.348700,32.348700,0
696,2020-03-05,32.348700,32.348700,32.348700,32.348700,0
696,2020-03-06,32.348700,32.348700,32.348700,32.348700,0
696,2020-03-09,32.348700,32.348700,32.348700,32.348700,0
696,2020-03-10,32.348700,32.348700,32.348700,32.348700,0
696,2020-03-11,32.348700,32.348700,32.348700,32.348700,0
696,2020-03-12,22.590600,22.590600,22.590600,22.590600,500
696,2020-03-13,32.348700,32.348700,32.348700,32.348700,2700
696,2020-03-16,22.590600,22.590600,22.590600,22.590600,0
696,2020-03-17,22.590600,22.590600,22.590600,22.590600,0
696,2020-03-18,22.590600,22.590600,22.590600,22.590600,0
696,2020-03-19,22.590600,22.590600,22.590600,22.590600,0
696,2020-03-20,22.590600,22.590600,22.590600,22.590600,0
696,2020-03-23,22.590600,22.590600,22.590600,22.590600,0
696,2020-03-24,22.590600,22.590600,22.590600,22.590600,0
696,2020-03-25,22.250000,22.250000,22.250000,22.250000,6200
696,2020-03-26,22.250000,22.250000,22.250000,22.250000,0
696,2020-03-27,24.708800,24.708800,24.708800,24.708800,400
696,2020-03-30,24.708800,24.708800,24.708800,24.708800,0
696,2020-03-31,24.708800,24.708800,24.708800,24.708800,0
696,2020-04-01,24.708800,24.708800,24.708800,24.708800,3800
696,2020-04-02,24.708800,24.708800,24.708800,24.708800,0
696,2020-04-03,24.708800,24.708800,24.708800,24.708800,0
696,2020-04-06,24.708800,24.708800,24.708800,24.708800,0
696,2020-04-07,24.708800,24.708800,24.708800,24.708800,0
696,2020-04-08,24.708800,24.708800,24.708800,24.708800,1100
696,2020-04-09,24.708800,24.708800,24.708800,24.708800,0
696,2020-04-13,24.708800,24.708800,24.708800,24.708800,0
696,2020-04-14,24.708800,24.708800,24.708800,24.708800,0
696,2020-04-15,24.708800,24.708800,24.708800,24.708800,0
696,2020-04-16,24.708800,24.708800,24.708800,24.708800,0
696,2020-04-17,24.708800,24.708800,24.708800,24.708800,0
696,2020-04-20,24.708800,24.708800,24.708800,24.708800,0
696,2020-04-21,24.708800,24.708800,24.708800,24.708800,0
696,2020-04-22,24.708800,24.708800,24.708800,24.708800,0
696,2020-04-23,24.708800,24.708800,24.708800,24.708800,0
696,2020-04-24,23.797000,23.797000,23.797000,23.797000,200
696,2020-04-27,23.797000,23.797000,23.797000,23.797000,0
696,2020-04-28,23.797000,23.797000,23.797000,23.797000,0
696,2020-04-29,23.797000,23.797000,23.797000,23.797000,0
696,2020-04-30,23.797000,23.797000,23.797000,23.797000,0
696,2020-05-01,23.797000,23.797000,23.797000,23.797000,0
696,2020-05-04,23.797000,23.797000,23.797000,23.797000,0
696,2020-05-05,24.516100,24.516100,24.516100,24.516100,4100
696,2020-05-06,24.516100,24.516100,24.516100,24.516100,0
696,2020-05-07,23.875700,23.875700,23.875700,23.875700,300
696,2020-05-08,23.875700,23.875700,23.875700,23.875700,0
696,2020-05-11,24.819800,24.878900,24.819800,24.878900,3100
696,2020-05-12,24.878900,24.878900,24.878900,24.878900,0
696,2020-05-13,25.789000,25.789000,25.789000,25.789000,200
696,2020-05-14,25.789000,25.789000,25.789000,25.789000,0
696,2020-05-15,25.789000,25.789000,25.789000,25.789000,0
696,2020-05-18,25.789000,25.789000,25.789000,25.789000,0
696,2020-05-19,25.789000,25.789000,25.789000,25.789000,0
696,2020-05-20,25.789000,25.789000,25.789000,25.789000,0
696,2020-05-21,25.270000,25.270000,25.270000,25.270000,5800
696,2020-05-22,25.270000,25.270000,25.270000,25.270000,2200
696,2020-05-26,25.270000,25.270000,25.270000,25.270000,0
696,2020-05-27,25.270000,25.270000,25.270000,25.270000,0
696,2020-05-28,27.486000,27.486000,27.486000,27.486000,6500
696,2020-05-29,27.140100,27.140100,26.900000,26.900000,7800
696,2020-06-01,26.900000,26.900000,26.900000,26.900000,0
696,2020-06-02,26.900000,26.900000,26.900000,26.900000,0
696,2020-06-03,26.900000,26.900000,26.900000,26.900000,0
696,2020-06-04,26.900000,26.900000,26.900000,26.900000,0
696,2020-06-05,26.900000,26.900000,26.900000,26.900000,0
696,2020-06-08,26.900000,26.900000,26.900000,26.900000,0
696,2020-06-09,26.900000,26.900000,26.900000,26.900000,0
696,2020-06-10,26.900000,26.900000,26.900000,26.900000,0
696,2020-06-11,26.900000,26.900000,26.900000,26.900000,0
696,2020-06-12,26.500000,26.500000,26.500000,26.500000,300
696,2020-06-15,26.500000,26.500000,26.500000,26.500000,0
696,2020-06-16,26.500000,26.500000,26.500000,26.500000,0
696,2020-06-17,28.300600,28.300600,28.227000,28.227000,3600
696,2020-06-18,28.400000,28.400000,28.400000,28.400000,400
696,2020-06-19,28.400000,28.400000,28.400000,28.400000,0
696,2020-06-22,28.400000,28.400000,28.400000,28.400000,0
696,2020-06-23,28.400000,28.400000,28.400000,28.400000,0
696,2020-06-24,28.400000,28.400000,28.400000,28.400000,0
696,2020-06-25,28.400000,28.400000,28.400000,28.400000,0
696,2020-06-26,28.400000,28.400000,28.400000,28.400000,0
696,2020-06-29,28.400000,28.400000,28.400000,28.400000,0
696,2020-06-30,28.400000,28.400000,28.400000,28.400000,0
696,2020-07-01,28.400000,28.400000,28.400000,28.400000,0
696,2020-07-02,28.400000,28.400000,28.400000,28.400000,0
696,2020-07-06,28.400000,28.400000,28.400000,28.400000,0
696,2020-07-07,28.400000,28.400000,28.400000,28.400000,0
696,2020-07-08,28.400000,28.400000,28.400000,28.400000,0
696,2020-07-09,28.400000,28.400000,28.400000,28.400000,0
696,2020-07-10,28.400000,28.400000,28.400000,28.400000,0
696,2020-07-13,28.400000,28.400000,28.400000,28.400000,0
696,2020-07-14,28.400000,28.400000,28.400000,28.400000,0
696,2020-07-15,28.400000,28.400000,28.400000,28.400000,0
696,2020-07-16,28.400000,28.400000,28.400000,28.400000,0
696,2020-07-17,28.400000,28.400000,28.400000,28.400000,0
696,2020-07-20,28.400000,28.400000,28.400000,28.400000,0
696,2020-07-21,28.400000,28.400000,28.400000,28.400000,0
696,2020-07-22,28.400000,28.400000,28.400000,28.400000,0
696,2020-07-23,28.400000,28.400000,28.400000,28.400000,0
696,2020-07-24,26.311200,26.311200,26.311200,26.311200,400
696,2020-07-27,26.311200,26.311200,26.311200,26.311200,0
696,2020-07-28,26.311200,26.311200,26.311200,26.311200,0
696,2020-07-29,26.311200,26.311200,26.311200,26.311200,0
696,2020-07-30,26.311200,26.311200,26.311200,26.311200,0
696,2020-07-31,26.311200,26.311200,26.311200,26.311200,0
696,2020-08-03,26.311200,26.311200,26.311200,26.311200,2200
696,2020-08-04,26.311200,26.311200,26.311200,26.311200,0
696,2020-08-05,26.311200,26.311200,26.311200,26.311200,0
696,2020-08-06,26.311200,26.311200,26.311200,26.311200,0
696,2020-08-07,26.311200,26.311200,26.311200,26.311200,0
696,2020-08-10,26.311200,26.311200,26.311200,26.311200,0
696,2020-08-11,26.311200,26.311200,26.311200,26.311200,0
696,2020-08-12,26.311200,26.311200,26.311200,26.311200,0
696,2020-08-13,26.311200,26.311200,26.311200,26.311200,0
696,2020-08-14,26.311200,26.311200,26.311200,26.311200,0
696,2020-08-17,26.311200,26.311200,26.311200,26.311200,0
696,2020-08-18,27.281700,27.281700,27.281700,27.281700,400
696,2020-08-19,27.281700,27.281700,27.281700,27.281700,0
696,2020-08-20,27.281700,27.281700,27.281700,27.281700,0
696,2020-08-21,27.281700,27.281700,27.281700,27.281700,0
696,2020-08-24,27.281700,27.281700,27.281700,27.281700,0
696,2020-08-25,27.438000,27.438000,27.438000,27.438000,400
696,2020-08-26,27.438000,27.438000,27.438000,27.438000,0
696,2020-08-27,27.438000,27.438000,27.438000,27.438000,0
696,2020-08-28,27.438000,27.438000,27.438000,27.438000,0
696,2020-08-31,27.438000,27.438000,27.438000,27.438000,0
696,2020-09-01,27.438000,27.438000,27.438000,27.438000,0
696,2020-09-02,27.438000,27.438000,27.438000,27.438000,0
696,2020-09-03,27.438000,27.438000,27.438000,27.438000,0
696,2020-09-04,27.438000,27.438000,27.438000,27.438000,0
696,2020-09-08,27.438000,27.438000,27.438000,27.438000,0
696,2020-09-09,27.438000,27.438000,27.438000,27.438000,0
696,2020-09-10,26.059400,26.059400,26.059400,26.059400,600
696,2020-09-11,26.059400,26.059400,26.059400,26.059400,0
696,2020-09-14,26.059400,26.059400,26.059400,26.059400,0
696,2020-09-15,26.059400,26.059400,26.059400,26.059400,0
696,2020-09-16,26.059400,26.059400,26.059400,26.059400,0
696,2020-09-17,26.059400,26.059400,26.059400,26.059400,0
696,2020-09-18,26.059400,26.059400,26.059400,26.059400,0
696,2020-09-21,26.059400,26.059400,26.059400,26.059400,0
696,2020-09-22,26.059400,26.059400,26.059400,26.059400,0
696,2020-09-23,26.059400,26.059400,26.059400,26.059400,0
696,2020-09-24,26.059400,26.059400,26.059400,26.059400,0
696,2020-09-25,26.059400,26.059400,26.059400,26.059400,0
696,2020-09-28,26.059400,26.059400,26.059400,26.059400,0
696,2020-09-29,26.059400,26.059400,26.059400,26.059400,0
696,2020-09-30,24.500000,24.500000,24.500000,24.500000,200
696,2020-10-01,24.500000,24.500000,24.500000,24.500000,0
696,2020-10-02,24.500000,24.500000,24.500000,24.500000,0
696,2020-10-05,24.500000,24.500000,24.500000,24.500000,0
696,2020-10-06,24.880000,24.880000,24.880000,24.880000,100
696,2020-10-07,24.880000,24.880000,24.880000,24.880000,0
696,2020-10-08,25.250000,25.250000,25.250000,25.250000,200
696,2020-10-09,25.250000,25.250000,25.250000,25.250000,0
696,2020-10-12,25.250000,25.250000,25.250000,25.250000,0
696,2020-10-13,25.250000,25.250000,25.250000,25.250000,0
696,2020-10-14,25.250000,25.250000,25.250000,25.250000,0
696,2020-10-15,25.250000,25.250000,25.250000,25.250000,0
696,2020-10-16,25.250000,25.250000,25.250000,25.250000,0
696,2020-10-19,25.250000,25.250000,25.250000,25.250000,0
696,2020-10-20,25.250000,25.250000,25.250000,25.250000,0
696,2020-10-21,25.250000,25.250000,25.250000,25.250000,0
696,2020-10-22,24.250000,24.250000,24.250000,24.250000,100
696,2020-10-23,24.250000,24.250000,24.250000,24.250000,0
696,2020-10-26,24.250000,24.250000,24.250000,24.250000,0
696,2020-10-27,24.250000,24.250000,24.250000,24.250000,0
696,2020-10-28,22.850000,22.850000,22.850000,22.850000,400
696,2020-10-29,22.850000,22.850000,22.850000,22.850000,0
696,2020-10-30,22.850000,22.850000,22.850000,22.850000,10700
696,2020-11-02,22.153200,22.153200,22.153200,22.153200,200
696,2020-11-03,22.153200,22.153200,22.153200,22.153200,0
696,2020-11-04,23.139200,23.139200,23.139200,23.139200,600
696,2020-11-05,23.139200,23.139200,23.139200,23.139200,0
696,2020-11-06,23.684800,23.684800,23.637400,23.637400,2600
696,2020-11-09,23.637400,23.637400,23.637400,23.637400,0
696,2020-11-10,27.304200,27.800000,27.260400,27.800000,129800
696,2020-11-11,27.800000,27.800000,27.800000,27.800000,0
696,2020-11-12,27.800000,27.800000,27.800000,27.800000,0
696,2020-11-13,27.800000,27.800000,27.800000,27.800000,0
696,2020-11-16,27.850600,27.850600,27.850600,27.850600,600
696,2020-11-17,27.850600,27.850600,27.850600,27.850600,0
696,2020-11-18,27.850600,27.850600,27.850600,27.850600,0
696,2020-11-19,27.850600,27.850600,27.850600,27.850600,0
696,2020-11-20,27.850600,27.850600,27.850600,27.850600,0
696,2020-11-23,27.850600,27.850600,27.850600,27.850600,0
696,2020-11-24,27.850600,27.850600,27.850600,27.850600,0
696,2020-11-25,27.850600,27.850600,27.850600,27.850600,0
696,2020-11-27,27.850600,27.850600,27.850600,27.850600,0
696,2020-11-30,27.850600,27.850600,27.850600,27.850600,0
696,2020-12-01,27.850600,27.850600,27.850600,27.850600,0
696,2020-12-02,27.850600,27.850600,27.850600,27.850600,0
696,2020-12-03,27.850600,27.850600,27.850600,27.850600,0
696,2020-12-04,28.634100,28.636200,28.578300,28.578300,28700
696,2020-12-07,28.578300,28.578300,28.578300,28.578300,1800
696,2020-12-08,28.578300,28.578300,28.578300,28.578300,0
696,2020-12-09,28.578300,28.578300,28.578300,28.578300,0
696,2020-12-10,28.578300,28.578300,28.578300,28.578300,0
696,2020-12-11,28.578300,28.578300,28.578300,28.578300,0
696,2020-12-14,28.578300,28.578300,28.578300,28.578300,0
696,2020-12-15,28.233000,28.233000,28.233000,28.233000,100
696,2020-12-16,28.233000,28.233000,28.233000,28.233000,0
696,2020-12-17,28.700000,28.700000,28.700000,28.700000,100
696,2020-12-18,28.500000,28.500000,28.500000,28.500000,200
696,2020-12-21,28.500000,28.500000,28.500000,28.500000,0
696,2020-12-22,28.500000,28.500000,28.500000,28.500000,0
696,2020-12-23,27.400000,27.400000,27.400000,27.400000,200
696,2020-12-24,27.400000,27.400000,27.400000,27.400000,0
696,2020-12-28,27.400000,27.400000,27.400000,27.400000,0
696,2020-12-29,27.400000,27.400000,27.400000,27.400000,0
696,2020-12-30,28.100000,28.100000,28.100000,28.100000,200
696,2020-12-31,28.100000,28.100000,28.100000,28.100000,0
696,2021-01-04,28.100000,28.100000,28.100000,28.100000,0
696,2021-01-05,28.100000,28.100000,28.100000,28.100000,0
696,2021-01-06,28.100000,28.100000,28.100000,28.100000,0
696,2021-01-07,28.100000,28.100000,28.100000,28.100000,0
696,2021-01-08,27.500000,27.500000,27.500000,27.500000,900
696,2021-01-11,27.500000,27.500000,27.500000,27.500000,100
696,2021-01-12,27.500000,27.500000,27.500000,27.500000,0
696,2021-01-13,27.500000,27.500000,27.500000,27.500000,0
696,2021-01-14,25.000000,25.750000,25.000000,25.750000,700
696,2021-01-15,25.750000,25.750000,25.750000,25.750000,0
696,2021-01-19,25.750000,25.750000,25.750000,25.750000,0
696,2021-01-20,25.450000,25.450000,25.450000,25.450000,1300
696,2021-01-21,25.450000,25.450000,25.450000,25.450000,0
696,2021-01-22,24.610100,24.610100,24.610100,24.610100,200
696,2021-01-25,24.610100,24.610100,24.610100,24.610100,0
696,2021-01-26,24.690000,24.690000,24.690000,24.690000,1000
696,2021-01-27,24.690000,24.690000,24.690000,24.690000,0
696,2021-01-28,24.690000,24.690000,24.690000,24.690000,0
696,2021-01-29,24.690000,24.690000,24.690000,24.690000,0
696,2021-02-01,24.500000,24.500000,24.500000,24.500000,400
696,2021-02-02,24.500000,24.500000,24.500000,24.500000,0
696,2021-02-03,24.782200,24.782200,24.782200,24.782200,100
696,2021-02-04,24.996500,25.250000,24.996500,25.250000,800
696,2021-02-05,25.800000,25.800000,25.800000,25.800000,600
696,2021-02-08,25.800000,25.800000,25.800000,25.800000,0
696,2021-02-09,25.557400,25.557400,25.557400,25.557400,500
696,2021-02-10,25.250000,25.250000,25.250000,25.250000,100
696,2021-02-11,25.000000,25.000000,25.000000,25.000000,300
696,2021-02-12,25.000000,25.000000,25.000000,25.000000,0
696,2021-02-16,25.000000,25.000000,25.000000,25.000000,0
696,2021-02-17,25.000000,25.000000,25.000000,25.000000,44300
696,2021-02-18,25.000000,25.000000,25.000000,25.000000,0
696,2021-02-19,25.000000,25.000000,25.000000,25.000000,0
696,2021-02-22,25.000000,25.000000,25.000000,25.000000,0
696,2021-02-23,25.000000,25.000000,25.000000,25.000000,0
696,2021-02-24,26.025300,26.025300,26.025300,26.025300,12600
696,2021-02-25,26.025300,26.025300,26.025300,26.025300,0
696,2021-02-26,25.308600,25.308600,25.308600,25.308600,400
696,2021-03-01,25.308600,25.308600,25.308600,25.308600,0
696,2021-03-02,25.308600,25.308600,25.308600,25.308600,0
696,2021-03-03,25.308600,25.308600,25.308600,25.308600,1000
696,2021-03-04,25.308600,25.308600,25.308600,25.308600,0
696,2021-03-05,24.908500,24.908500,24.908500,24.908500,3600
696,2021-03-08,24.908500,24.908500,24.908500,24.908500,0
696,2021-03-09,26.498500,26.498500,26.437700,26.437700,19100
696,2021-03-10,26.437700,26.437700,26.437700,26.437700,9700
696,2021-03-11,26.356700,26.356700,26.356700,26.356700,600
696,2021-03-12,26.539700,26.539700,26.539700,26.539700,800
696,2021-03-15,26.965400,26.965400,26.965400,26.965400,200
696,2021-03-16,26.965400,26.965400,26.965400,26.965400,500
696,2021-03-17,27.000000,27.000000,27.000000,27.000000,300
696,2021-03-18,26.000000,26.000000,26.000000,26.000000,200
696,2021-03-19,26.000000,26.000000,26.000000,26.000000,0
696,2021-03-22,25.193800,25.193800,25.193800,25.193800,100
696,2021-03-23,25.193800,25.193800,25.193800,25.193800,0
696,2021-03-24,25.800200,25.800200,25.800200,25.800200,600
696,2021-03-25,25.800200,25.800200,25.800200,25.800200,0
696,2021-03-26,25.649300,25.649300,25.649300,25.649300,100
696,2021-03-29,25.649300,25.649300,25.649300,25.649300,0
696,2021-03-30,25.649300,25.649300,25.649300,25.649300,0
696,2021-03-31,25.649300,25.649300,25.649300,25.649300,0
696,2021-04-01,25.649300,25.649300,25.649300,25.649300,0
696,2021-04-05,25.649300,25.649300,25.649300,25.649300,0
696,2021-04-06,25.649300,25.649300,25.649300,25.649300,1900
696,2021-04-07,25.649300,25.649300,25.649300,25.649300,0
696,2021-04-08,25.649300,25.649300,25.649300,25.649300,0
696,2021-04-09,25.649300,25.649300,25.649300,25.649300,0
696,2021-04-12,25.649300,25.649300,25.649300,25.649300,0
696,2021-04-13,25.649300,25.649300,25.649300,25.649300,0
696,2021-04-14,25.649300,25.649300,25.649300,25.649300,0
696,2021-04-15,25.649300,25.649300,25.649300,25.649300,0
696,2021-04-16,27.000000,27.000000,27.000000,27.000000,100
696,2021-04-19,27.000000,27.000000,27.000000,27.000000,0
696,2021-04-20,27.000000,27.000000,27.000000,27.000000,0
696,2021-04-21,27.000000,27.000000,27.000000,27.000000,0
696,2021-04-22,26.665300,27.000000,26.665300,27.000000,1400
696,2021-04-23,27.000000,27.000000,27.000000,27.000000,200
696,2021-04-26,27.000000,27.000000,27.000000,27.000000,0
696,2021-04-27,27.741300,27.741300,27.741300,27.741300,200
696,2021-04-28,27.741300,27.741300,27.741300,27.741300,0
696,2021-04-29,27.741300,27.741300,27.741300,27.741300,600
696,2021-04-30,29.000000,29.000000,29.000000,29.000000,400
696,2021-05-03,28.800000,28.800000,28.800000,28.800000,100
696,2021-05-04,28.800000,28.800000,28.800000,28.800000,0
696,2021-05-05,28.859800,28.859800,28.859800,28.859800,500
696,2021-05-06,29.304100,29.304100,29.304100,29.304100,100
696,2021-05-07,29.304100,29.304100,29.304100,29.304100,0
696,2021-05-10,29.304100,29.304100,29.304100,29.304100,0
696,2021-05-11,30.200000,30.200000,30.200000,30.200000,100
696,2021-05-12,30.200000,30.200000,30.200000,30.200000,0
696,2021-05-13,30.000000,30.000000,30.000000,30.000000,400
696,2021-05-14,30.000000,30.000000,30.000000,30.000000,0
696,2021-05-17,30.100000,30.100000,30.100000,30.100000,100
696,2021-05-18,30.100000,30.100000,30.100000,30.100000,0
696,2021-05-19,28.884300,28.884300,28.884300,28.884300,400
696,2021-05-20,29.000000,29.000000,29.000000,29.000000,200
696,2021-05-21,29.000000,29.000000,29.000000,29.000000,0
696,2021-05-24,29.000000,29.000000,29.000000,29.000000,0
696,2021-05-25,29.775400,29.775400,29.775400,29.775400,300
696,2021-05-26,29.775400,29.775400,29.775400,29.775400,0
696,2021-05-27,29.775400,29.775400,29.775400,29.775400,0
696,2021-05-28,29.500000,29.500000,29.500000,29.500000,100
696,2021-06-01,29.500000,29.500000,29.500000,29.500000,0
696,2021-06-02,29.500000,29.500000,29.500000,29.500000,0
696,2021-06-03,29.605400,29.674300,29.605400,29.674300,1700
696,2021-06-04,29.674300,29.674300,29.674300,29.674300,0
696,2021-06-07,29.770000,29.770000,29.770000,29.770000,400
696,2021-06-08,30.100000,30.700000,30.100000,30.700000,1000
696,2021-06-09,30.700000,30.700000,30.700000,30.700000,0
696,2021-06-10,30.250000,30.500000,30.250000,30.500000,9100
696,2021-06-11,30.500000,30.500000,30.500000,30.500000,0
696,2021-06-14,30.500000,30.500000,30.500000,30.500000,0
696,2021-06-15,30.500000,30.500000,30.500000,30.500000,0
696,2021-06-16,30.500000,30.500000,30.500000,30.500000,0
696,2021-06-17,30.500000,30.500000,30.500000,30.500000,0
696,2021-06-18,30.500000,30.500000,30.500000,30.500000,0
696,2021-06-21,29.871200,29.871200,29.871200,29.871200,200
696,2021-06-22,29.871200,29.871200,29.871200,29.871200,0
696,2021-06-23,29.871200,29.871200,29.871200,29.871200,0
696,2021-06-24,29.871200,29.871200,29.871200,29.871200,0
696,2021-06-25,30.750000,30.750000,30.750000,30.750000,300
696,2021-06-28,30.035200,30.300000,30.035200,30.300000,400
696,2021-06-29,30.300000,30.300000,30.300000,30.300000,0
696,2021-06-30,29.600000,29.600000,29.600000,29.600000,400
696,2021-07-01,30.055600,30.055600,30.055600,30.055600,400
696,2021-07-02,30.055600,30.055600,30.055600,30.055600,0
696,2021-07-06,30.055600,30.055600,30.055600,30.055600,0
696,2021-07-07,30.399200,30.421700,30.399200,30.421700,900
696,2021-07-08,30.421700,30.421700,30.421700,30.421700,0
696,2021-07-09,30.421700,30.421700,30.421700,30.421700,0
696,2021-07-12,30.421700,30.421700,30.421700,30.421700,0
696,2021-07-13,30.421700,30.421700,30.421700,30.421700,0
696,2021-07-14,30.421700,30.421700,30.421700,30.421700,100
696,2021-07-15,30.421700,30.421700,30.421700,30.421700,0
696,2021-07-16,30.421700,30.421700,30.421700,30.421700,400
696,2021-07-19,30.421700,30.421700,30.421700,30.421700,100
696,2021-07-20,30.421700,30.421700,30.421700,30.421700,100
696,2021-07-21,30.421700,30.421700,30.421700,30.421700,100
696,2021-07-22,30.421700,30.421700,30.421700,30.421700,0
696,2021-07-23,30.421700,30.421700,30.421700,30.421700,0
696,2021-07-26,30.421700,30.421700,30.421700,30.421700,0
696,2021-07-27,30.421700,30.421700,30.421700,30.421700,0
696,2021-07-28,30.421700,30.421700,30.421700,30.421700,0
696,2021-07-29,30.421700,30.421700,30.421700,30.421700,0
696,2021-07-30,30.421700,30.421700,30.421700,30.421700,0
696,2021-08-02,30.421700,30.421700,30.421700,30.421700,0
696,2021-08-03,30.421700,30.421700,30.421700,30.421700,0
696,2021-08-04,29.547900,29.547900,29.547900,29.547900,200
696,2021-08-05,29.547900,29.547900,29.547900,29.547900,0
696,2021-08-06,29.500000,29.500000,29.460000,29.460000,20600
696,2021-08-09,29.460000,29.460000,29.460000,29.460000,0
696,2021-08-10,29.460000,29.460000,29.460000,29.460000,0
696,2021-08-11,29.460000,29.460000,29.460000,29.460000,0
696,2021-08-12,29.750000,29.750000,29.750000,29.750000,300
696,2021-08-13,29.664400,29.664400,29.664400,29.664400,200
696,2021-08-16,29.199900,29.300000,29.100000,29.100000,23700
696,2021-08-17,29.134400,29.134400,29.134400,29.134400,300
696,2021-08-18,29.134400,29.134400,29.134400,29.134400,0
696,2021-08-19,29.134400,29.134400,29.134400,29.134400,0
696,2021-08-20,28.776200,28.776200,28.776200,28.776200,100
696,2021-08-23,28.776200,28.776200,28.776200,28.776200,1000
696,2021-08-24,28.776200,28.776200,28.776200,28.776200,0
696,2021-08-25,28.776200,28.776200,28.776200,28.776200,0
696,2021-08-26,28.776200,28.776200,28.776200,28.776200,0
696,2021-08-27,28.776200,28.776200,28.776200,28.776200,0
696,2021-08-30,28.776200,28.776200,28.776200,28.776200,0
696,2021-08-31,28.776200,28.776200,28.776200,28.776200,0
696,2021-09-01,28.776200,28.776200,28.776200,28.776200,0
696,2021-09-02,28.776200,28.776200,28.776200,28.776200,16500
696,2021-09-03,28.776200,28.776200,28.776200,28.776200,0
696,2021-09-07,28.776200,28.776200,28.776200,28.776200,0
696,2021-09-08,28.776200,28.776200,28.776200,28.776200,0
696,2021-09-09,29.450000,29.550000,29.450000,29.550000,400
696,2021-09-10,29.550000,29.550000,29.550000,29.550000,0
696,2021-09-13,29.550000,29.550000,29.550000,29.550000,0
696,2021-09-14,29.550000,29.550000,29.550000,29.550000,0
696,2021-09-15,29.550000,29.550000,29.550000,29.550000,0
696,2021-09-16,29.550000,29.550000,29.550000,29.550000,0
696,2021-09-17,28.820800,28.820800,28.820800,28.820800,200
696,2021-09-20,28.820800,28.820800,28.820800,28.820800,500
696,2021-09-21,29.400000,29.400000,29.400000,29.400000,300
696,2021-09-22,29.400000,29.400000,29.400000,29.400000,0
696,2021-09-23,29.400000,29.400000,29.400000,29.400000,0
696,2021-09-24,29.400000,29.400000,29.400000,29.400000,0
696,2021-09-27,29.400000,29.400000,29.400000,29.400000,0
696,2021-09-28,29.400000,29.400000,29.400000,29.400000,0
696,2021-09-29,29.400000,29.400000,29.400000,29.400000,0
696,2021-09-30,29.400000,29.400000,29.400000,29.400000,0
696,2021-10-01,29.400000,29.400000,29.400000,29.400000,0
696,2021-10-04,29.400000,29.400000,29.400000,29.400000,0
696,2021-10-05,29.400000,29.400000,29.400000,29.400000,0
696,2021-10-06,29.400000,29.400000,29.400000,29.400000,0
696,2021-10-07,29.400000,29.400000,29.400000,29.400000,0
696,2021-10-08,29.400000,29.400000,29.400000,29.400000,0
696,2021-10-11,29.400000,29.400000,29.400000,29.400000,0
696,2021-10-12,29.400000,29.400000,29.400000,29.400000,0
696,2021-10-13,29.400000,29.400000,29.400000,29.400000,0
696,2021-10-14,29.400000,29.400000,29.400000,29.400000,0
696,2021-10-15,29.400000,29.400000,29.400000,29.400000,0
696,2021-10-18,29.400000,29.400000,29.400000,29.400000,0
696,2021-10-19,29.400000,29.400000,29.400000,29.400000,0
696,2021-10-20,29.400000,29.400000,29.400000,29.400000,0
696,2021-10-21,29.400000,29.400000,29.400000,29.400000,0
696,2021-10-22,29.400000,29.400000,29.400000,29.400000,0
696,2021-10-25,29.400000,29.400000,29.400000,29.400000,0
696,2021-10-26,29.400000,29.400000,29.400000,29.400000,0
696,2021-10-27,29.400000,29.400000,29.400000,29.400000,0
696,2021-10-28,29.400000,29.400000,29.400000,29.400000,0
696,2021-10-29,32.200000,32.200000,31.200000,31.200000,1200
696,2021-11-01,31.200000,31.200000,31.200000,31.200000,0
696,2021-11-02,31.200000,31.200000,31.200000,31.200000,0
696,2021-11-03,31.200000,31.200000,31.200000,31.200000,0
696,2021-11-04,31.200000,31.200000,31.200000,31.200000,0
696,2021-11-05,31.200000,31.200000,31.200000,31.200000,0
696,2021-11-08,31.200000,31.200000,31.200000,31.200000,0
696,2021-11-09,31.068200,31.068200,31.068200,31.068200,300
696,2021-11-10,31.068200,31.068200,31.068200,31.068200,0
696,2021-11-11,31.068200,31.068200,31.068200,31.068200,0
696,2021-11-12,31.068200,31.068200,31.068200,31.068200,0
696,2021-11-15,31.068200,31.068200,31.068200,31.068200,0
696,2021-11-16,31.068200,31.068200,31.068200,31.068200,0
696,2021-11-17,31.068200,31.068200,31.068200,31.068200,0
696,2021-11-18,29.260000,29.260000,29.260000,29.260000,500
696,2021-11-19,29.260000,29.260000,29.260000,29.260000,0
696,2021-11-22,29.260000,29.260000,29.260000,29.260000,0
696,2021-11-23,29.260000,29.260000,29.260000,29.260000,0
696,2021-11-24,29.260000,29.260000,29.260000,29.260000,0
696,2021-11-26,29.260000,29.260000,29.260000,29.260000,0
696,2021-11-29,27.500000,27.500000,27.500000,27.500000,200
696,2021-11-30,27.500000,27.500000,27.500000,27.500000,700
696,2021-12-01,27.500000,27.500000,27.500000,27.500000,0
696,2021-12-02,27.500000,27.500000,27.500000,27.500000,500
696,2021-12-03,27.500000,27.500000,27.500000,27.500000,0
696,2021-12-06,27.500000,27.500000,27.500000,27.500000,0
696,2021-12-07,27.500000,27.500000,27.500000,27.500000,0
696,2021-12-08,27.500000,27.500000,27.500000,27.500000,0
696,2021-12-09,27.500000,27.500000,27.500000,27.500000,0
696,2021-12-10,27.500000,27.500000,27.500000,27.500000,0
696,2021-12-13,27.500000,27.500000,27.500000,27.500000,0
696,2021-12-14,27.500000,27.500000,27.500000,27.500000,0
696,2021-12-15,27.500000,27.500000,27.500000,27.500000,0
696,2021-12-16,27.500000,27.500000,27.500000,27.500000,0
696,2021-12-17,27.500000,27.500000,27.500000,27.500000,0
696,2021-12-20,27.500000,27.500000,27.500000,27.500000,0
696,2021-12-21,27.500000,27.500000,27.500000,27.500000,0
696,2021-12-22,27.500000,27.500000,27.500000,27.500000,400
696,2021-12-23,27.500000,27.500000,27.500000,27.500000,0
696,2021-12-27,27.500000,27.500000,27.500000,27.500000,0
696,2021-12-28,27.500000,27.500000,27.500000,27.500000,0
696,2021-12-29,27.500000,27.500000,27.500000,27.500000,0
696,2021-12-30,27.500000,27.500000,27.500000,27.500000,0
696,2021-12-31,27.500000,27.500000,27.500000,27.500000,0
696,2022-01-03,27.500000,27.500000,27.500000,27.500000,0
696,2022-01-04,27.500000,27.500000,27.500000,27.500000,0
696,2022-01-05,27.500000,27.500000,27.500000,27.500000,0
696,2022-01-06,27.500000,27.500000,27.500000,27.500000,0
696,2022-01-07,27.500000,27.500000,27.500000,27.500000,0
696,2022-01-10,27.500000,27.500000,27.500000,27.500000,0
696,2022-01-11,27.500000,27.500000,27.500000,27.500000,0
696,2022-01-12,27.500000,27.500000,27.500000,27.500000,0
696,2022-01-13,27.500000,27.500000,27.500000,27.500000,0
696,2022-01-14,27.500000,27.500000,27.500000,27.500000,0
696,2022-01-18,27.500000,27.500000,27.500000,27.500000,0
696,2022-01-19,27.500000,27.500000,27.500000,27.500000,0
696,2022-01-20,27.500000,27.500000,27.500000,27.500000,0
696,2022-01-21,27.500000,27.500000,27.500000,27.500000,0
696,2022-01-24,27.500000,27.500000,27.500000,27.500000,0
696,2022-01-25,27.500000,27.500000,27.500000,27.500000,0
696,2022-01-26,27.500000,27.500000,27.500000,27.500000,200
696,2022-01-27,27.500000,27.500000,27.500000,27.500000,0
696,2022-01-28,25.850000,25.850000,25.850000,25.850000,500
696,2022-01-31,25.850000,25.850000,25.850000,25.850000,0
696,2022-02-01,27.350000,27.350000,27.350000,27.350000,1200
696,2022-02-02,27.350000,27.350000,27.350000,27.350000,300
696,2022-02-03,27.350000,27.350000,27.350000,27.350000,0
696,2022-02-04,27.350000,27.350000,27.350000,27.350000,0
696,2022-02-07,27.350000,27.350000,27.350000,27.350000,0
696,2022-02-08,27.350000,27.350000,27.350000,27.350000,0
696,2022-02-09,27.350000,27.350000,27.350000,27.350000,500
696,2022-02-10,27.350000,27.350000,27.350000,27.350000,0
696,2022-02-11,27.350000,27.350000,27.350000,27.350000,0
696,2022-02-14,27.350000,27.350000,27.350000,27.350000,0
696,2022-02-15,28.250000,28.250000,28.250000,28.250000,400
696,2022-02-16,28.250000,28.250000,28.250000,28.250000,1100
696,2022-02-17,28.250000,28.250000,28.250000,28.250000,0
696,2022-02-18,28.250000,28.250000,28.250000,28.250000,0
696,2022-02-22,28.250000,28.250000,28.250000,28.250000,700
696,2022-02-23,28.250000,28.250000,28.250000,28.250000,0
696,2022-02-24,28.250000,28.250000,28.250000,28.250000,0
696,2022-02-25,28.250000,28.250000,28.250000,28.250000,0
696,2022-02-28,28.200000,28.200000,28.200000,28.200000,1100
696,2022-03-01,28.200000,28.200000,28.200000,28.200000,0
696,2022-03-02,28.200000,28.200000,28.200000,28.200000,0
696,2022-03-03,26.000000,26.000000,26.000000,26.000000,500
696,2022-03-04,26.000000,26.000000,26.000000,26.000000,1000
696,2022-03-07,26.000000,26.000000,26.000000,26.000000,0
696,2022-03-08,26.000000,26.000000,26.000000,26.000000,0
696,2022-03-09,26.000000,26.000000,26.000000,26.000000,0
696,2022-03-10,25.650000,25.650000,25.650000,25.650000,1800
696,2022-03-11,25.200000,25.200000,25.200000,25.200000,1200
696,2022-03-14,25.200000,25.200000,25.200000,25.200000,0
696,2022-03-15,25.200000,25.200000,25.200000,25.200000,0
696,2022-03-16,25.200000,25.200000,25.200000,25.200000,0
696,2022-03-17,25.200000,25.200000,25.200000,25.200000,0
696,2022-03-18,25.200000,25.200000,25.200000,25.200000,0
696,2022-03-21,25.200000,25.200000,25.200000,25.200000,0
696,2022-03-22,25.200000,25.200000,25.200000,25.200000,0
696,2022-03-23,25.200000,25.200000,25.200000,25.200000,0
696,2022-03-24,25.200000,25.200000,25.200000,25.200000,0
696,2022-03-25,25.200000,25.200000,25.200000,25.200000,0
696,2022-03-28,25.750000,25.750000,25.750000,25.750000,300
696,2022-03-29,25.750000,25.750000,25.750000,25.750000,0
696,2022-03-30,25.750000,25.750000,25.750000,25.750000,0
696,2022-03-31,25.750000,25.750000,25.750000,25.750000,0
696,2022-04-01,25.750000,25.750000,25.750000,25.750000,0
696,2022-04-04,25.750000,25.750000,25.750000,25.750000,0
696,2022-04-05,25.750000,25.750000,25.750000,25.750000,0
696,2022-04-06,25.750000,25.750000,25.750000,25.750000,0
696,2022-04-07,25.750000,25.750000,25.750000,25.750000,0
696,2022-04-08,25.750000,25.750000,25.750000,25.750000,0
696,2022-04-11,25.750000,25.750000,25.750000,25.750000,0
696,2022-04-12,25.750000,25.750000,25.750000,25.750000,0
696,2022-04-13,25.750000,25.750000,25.750000,25.750000,0
696,2022-04-14,25.750000,25.750000,25.750000,25.750000,0
696,2022-04-18,25.750000,25.750000,25.750000,25.750000,0
696,2022-04-19,25.750000,25.750000,25.750000,25.750000,1600
696,2022-04-20,25.750000,25.750000,25.750000,25.750000,0
696,2022-04-21,25.750000,25.750000,25.750000,25.750000,0
696,2022-04-22,25.750000,25.750000,25.750000,25.750000,0
696,2022-04-25,25.750000,25.750000,25.750000,25.750000,0
696,2022-04-26,25.750000,25.750000,25.750000,25.750000,0
696,2022-04-27,24.800000,24.800000,24.800000,24.800000,300
696,2022-04-28,24.800000,24.800000,24.800000,24.800000,0
696,2022-04-29,24.800000,24.800000,24.800000,24.800000,0
696,2022-05-02,24.800000,24.800000,24.800000,24.800000,0
696,2022-05-03,24.800000,24.800000,24.800000,24.800000,0
696,2022-05-04,24.800000,24.800000,24.800000,24.800000,0
696,2022-05-05,24.800000,24.800000,24.800000,24.800000,0
696,2022-05-06,24.800000,24.800000,24.800000,24.800000,0
696,2022-05-09,24.800000,24.800000,24.800000,24.800000,0
696,2022-05-10,24.800000,24.800000,24.800000,24.800000,0
696,2022-05-11,24.800000,24.800000,24.800000,24.800000,0
696,2022-05-12,24.800000,24.800000,24.800000,24.800000,0
696,2022-05-13,24.800000,24.800000,24.800000,24.800000,1800
696,2022-05-16,24.800000,24.800000,24.800000,24.800000,0
696,2022-05-17,24.800000,24.800000,24.800000,24.800000,0
696,2022-05-18,24.800000,24.800000,24.800000,24.800000,0
696,2022-05-19,24.800000,24.800000,24.800000,24.800000,0
696,2022-05-20,24.800000,24.800000,24.800000,24.800000,0
696,2022-05-23,24.800000,24.800000,24.800000,24.800000,35900
696,2022-05-24,24.800000,24.800000,24.800000,24.800000,0
696,2022-05-25,24.800000,24.800000,24.800000,24.800000,0
696,2022-05-26,24.800000,24.800000,24.800000,24.800000,0
696,2022-05-27,24.800000,24.800000,24.800000,24.800000,0
696,2022-05-31,24.800000,24.800000,24.800000,24.800000,0
696,2022-06-01,26.900000,26.900000,26.900000,26.900000,100
696,2022-06-02,26.900000,26.900000,26.900000,26.900000,0
696,2022-06-03,26.900000,26.900000,26.900000,26.900000,0
696,2022-06-06,28.200000,28.200000,28.200000,28.200000,200
696,2022-06-07,28.200000,28.200000,28.200000,28.200000,0
696,2022-06-08,28.200000,28.200000,28.200000,28.200000,0
696,2022-06-09,28.200000,28.200000,28.200000,28.200000,0
696,2022-06-10,28.200000,28.200000,28.200000,28.200000,0
696,2022-06-13,28.200000,28.200000,28.200000,28.200000,0
696,2022-06-14,24.350000,24.350000,24.350000,24.350000,100
696,2022-06-15,24.350000,24.350000,24.350000,24.350000,0
696,2022-06-16,23.650000,24.000000,23.650000,24.000000,600
696,2022-06-17,24.000000,24.000000,24.000000,24.000000,0
696,2022-06-21,25.650000,25.650000,25.650000,25.650000,100
696,2022-06-22,25.650000,25.650000,25.650000,25.650000,0
696,2022-06-23,25.650000,25.650000,25.650000,25.650000,0
696,2022-06-24,25.650000,25.650000,25.650000,25.650000,0
696,2022-06-27,25.650000,25.650000,25.650000,25.650000,0
696,2022-06-28,25.650000,25.650000,25.650000,25.650000,0
696,2022-06-29,25.650000,25.650000,25.650000,25.650000,0
696,2022-06-30,25.650000,25.650000,25.650000,25.650000,0
696,2022-07-01,25.650000,25.650000,25.650000,25.650000,0
696,2022-07-05,25.900000,25.900000,25.900000,25.900000,200
696,2022-07-06,25.900000,25.900000,25.900000,25.900000,0
696,2022-07-07,25.900000,25.900000,25.900000,25.900000,0
696,2022-07-08,25.900000,25.900000,25.900000,25.900000,0
696,2022-07-11,25.900000,25.900000,25.900000,25.900000,0
696,2022-07-12,25.900000,25.900000,25.900000,25.900000,400
696,2022-07-13,25.900000,25.900000,25.900000,25.900000,0
696,2022-07-14,25.900000,25.900000,25.900000,25.900000,0
696,2022-07-15,25.900000,25.900000,25.900000,25.900000,0
696,2022-07-18,25.900000,25.900000,25.900000,25.900000,0
696,2022-07-19,25.900000,25.900000,25.900000,25.900000,0
696,2022-07-20,26.900000,26.900000,26.900000,26.900000,100
696,2022-07-21,26.900000,26.900000,26.900000,26.900000,0
696,2022-07-22,26.900000,26.900000,26.900000,26.900000,0
696,2022-07-25,26.900000,26.900000,26.900000,26.900000,0
696,2022-07-26,26.900000,26.900000,26.900000,26.900000,3800
696,2022-07-27,26.900000,26.900000,26.900000,26.900000,0
696,2022-07-28,26.900000,26.900000,26.900000,26.900000,0
696,2022-07-29,26.900000,26.900000,26.900000,26.900000,0
696,2022-08-01,26.900000,26.900000,26.900000,26.900000,0
696,2022-08-02,26.900000,26.900000,26.900000,26.900000,0
696,2022-08-03,26.900000,26.900000,26.900000,26.900000,0
696,2022-08-04,26.800000,26.800000,26.800000,26.800000,100
696,2022-08-05,26.800000,26.800000,26.800000,26.800000,0
696,2022-08-08,26.800000,26.800000,26.800000,26.800000,0
696,2022-08-09,26.800000,26.800000,26.800000,26.800000,0
696,2022-08-10,26.800000,26.800000,26.800000,26.800000,100
696,2022-08-11,26.800000,26.800000,26.800000,26.800000,0
696,2022-08-12,26.800000,26.800000,26.800000,26.800000,600
696,2022-08-15,26.800000,26.800000,26.800000,26.800000,0
696,2022-08-16,26.800000,26.800000,26.800000,26.800000,0
696,2022-08-17,26.800000,26.800000,26.800000,26.800000,0
696,2022-08-18,26.800000,26.800000,26.800000,26.800000,0
696,2022-08-19,26.800000,26.800000,26.800000,26.800000,0
696,2022-08-22,26.800000,26.800000,26.800000,26.800000,0
696,2022-08-23,26.940000,26.940000,26.940000,26.940000,300
696,2022-08-24,26.740000,26.740000,26.740000,26.740000,100
696,2022-08-25,26.740000,26.740000,26.740000,26.740000,0
696,2022-08-26,26.740000,26.740000,26.740000,26.740000,0
696,2022-08-29,26.740000,26.740000,26.740000,26.740000,0
696,2022-08-30,26.740000,26.740000,26.740000,26.740000,600
696,2022-08-31,26.740000,26.740000,26.740000,26.740000,0
696,2022-09-01,26.740000,26.740000,26.740000,26.740000,3900
696,2022-09-02,26.740000,26.740000,26.740000,26.740000,2800
696,2022-09-06,26.740000,26.740000,26.740000,26.740000,0
696,2022-09-07,26.740000,26.740000,26.740000,26.740000,0
696,2022-09-08,24.400000,24.400000,24.400000,24.400000,5200
696,2022-09-09,24.400000,24.400000,24.400000,24.400000,0
696,2022-09-12,24.400000,24.400000,24.400000,24.400000,0
696,2022-09-13,24.400000,24.400000,24.400000,24.400000,0
696,2022-09-14,25.370000,25.370000,25.370000,25.370000,100
696,2022-09-15,25.370000,25.370000,25.370000,25.370000,0
696,2022-09-16,25.370000,25.370000,25.370000,25.370000,100
696,2022-09-19,25.370000,25.370000,25.370000,25.370000,0
696,2022-09-20,25.370000,25.370000,25.370000,25.370000,0
696,2022-09-21,25.370000,25.370000,25.370000,25.370000,0
696,2022-09-22,25.370000,25.370000,25.370000,25.370000,6300
696,2022-09-23,25.370000,25.370000,25.370000,25.370000,5000
696,2022-09-26,25.370000,25.370000,25.370000,25.370000,0
696,2022-09-27,25.370000,25.370000,25.370000,25.370000,0
696,2022-09-28,25.370000,25.370000,25.370000,25.370000,0
696,2022-09-29,25.370000,25.370000,25.370000,25.370000,0
696,2022-09-30,25.370000,25.370000,25.370000,25.370000,0
696,2022-10-03,25.370000,25.370000,25.370000,25.370000,0
696,2022-10-04,25.370000,25.370000,25.370000,25.370000,0
696,2022-10-05,25.370000,25.370000,25.370000,25.370000,0
696,2022-10-06,25.370000,25.370000,25.370000,25.370000,0
696,2022-10-07,25.370000,25.370000,25.370000,25.370000,0
696,2022-10-10,25.370000,25.370000,25.370000,25.370000,0
696,2022-10-11,22.294900,22.294900,22.294900,22.294900,1500
696,2022-10-12,22.294900,22.294900,22.294900,22.294900,0
696,2022-10-13,22.294900,22.294900,22.294900,22.294900,100
696,2022-10-14,22.294900,22.294900,22.294900,22.294900,0
696,2022-10-17,22.294900,22.294900,22.294900,22.294900,0
696,2022-10-18,24.690000,24.690000,24.690000,24.690000,200
696,2022-10-19,24.690000,24.690000,24.690000,24.690000,0
696,2022-10-20,24.690000,24.690000,24.690000,24.690000,0
696,2022-10-21,22.000000,22.000000,22.000000,22.000000,400
696,2022-10-24,22.000000,22.000000,22.000000,22.000000,0
696,2022-10-25,22.000000,22.000000,22.000000,22.000000,0
696,2022-10-26,22.000000,22.000000,22.000000,22.000000,0
696,2022-10-27,22.000000,22.000000,22.000000,22.000000,0
696,2022-10-28,22.000000,22.000000,22.000000,22.000000,0
696,2022-10-31,22.000000,22.000000,22.000000,22.000000,0
696,2022-11-01,22.000000,22.000000,22.000000,22.000000,0
696,2022-11-02,22.000000,22.000000,22.000000,22.000000,0
696,2022-11-03,22.000000,22.000000,22.000000,22.000000,0
696,2022-11-04,22.000000,22.000000,22.000000,22.000000,0
696,2022-11-07,22.000000,22.000000,22.000000,22.000000,0
696,2022-11-08,22.000000,22.000000,22.000000,22.000000,0
696,2022-11-09,22.000000,22.000000,22.000000,22.000000,0
696,2022-11-10,22.000000,22.000000,22.000000,22.000000,0
696,2022-11-11,22.000000,22.000000,22.000000,22.000000,0
696,2022-11-14,22.000000,22.000000,22.000000,22.000000,0
696,2022-11-15,22.000000,22.000000,22.000000,22.000000,0
696,2022-11-16,22.000000,22.000000,22.000000,22.000000,0
696,2022-11-17,22.000000,22.000000,22.000000,22.000000,0
696,2022-11-18,22.000000,22.000000,22.000000,22.000000,0
696,2022-11-21,24.790000,24.790000,24.790000,24.790000,500
696,2022-11-22,24.790000,24.790000,24.790000,24.790000,0
696,2022-11-23,24.790000,24.790000,24.790000,24.790000,0
696,2022-11-25,24.790000,24.790000,24.790000,24.790000,0
696,2022-11-28,24.790000,24.790000,24.790000,24.790000,0
696,2022-11-29,24.790000,24.790000,24.790000,24.790000,0
696,2022-11-30,24.790000,24.790000,24.790000,24.790000,0
696,2022-12-01,24.790000,24.790000,24.790000,24.790000,0
696,2022-12-02,24.790000,24.790000,24.790000,24.790000,0
696,2022-12-05,24.790000,24.790000,24.790000,24.790000,0
696,2022-12-06,24.790000,24.790000,24.790000,24.790000,0
696,2022-12-07,24.790000,24.790000,24.790000,24.790000,0
696,2022-12-08,24.790000,24.790000,24.790000,24.790000,0
696,2022-12-09,24.790000,24.790000,24.790000,24.790000,0
696,2022-12-12,24.790000,24.790000,24.790000,24.790000,0
696,2022-12-13,24.790000,24.790000,24.790000,24.790000,0
696,2022-12-14,24.790000,24.790000,24.790000,24.790000,0
696,2022-12-15,24.790000,24.790000,24.790000,24.790000,0
696,2022-12-16,24.790000,24.790000,24.790000,24.790000,0
696,2022-12-19,24.790000,24.790000,24.790000,24.790000,0
696,2022-12-20,25.180000,25.180000,25.180000,25.180000,100
696,2022-12-21,25.180000,25.180000,25.180000,25.180000,0
696,2022-12-22,25.180000,25.180000,25.180000,25.180000,0
696,2022-12-23,25.180000,25.180000,25.180000,25.180000,0
696,2022-12-27,25.180000,25.180000,25.180000,25.180000,0
696,2022-12-28,25.180000,25.180000,25.180000,25.180000,0
696,2022-12-29,25.180000,25.180000,25.180000,25.180000,0
696,2022-12-30,25.180000,25.180000,25.180000,25.180000,0
696,2023-01-03,25.180000,25.180000,25.180000,25.180000,0
696,2023-01-04,25.180000,25.180000,25.180000,25.180000,0
696,2023-01-05,25.180000,25.180000,25.180000,25.180000,0
696,2023-01-06,25.180000,25.180000,25.180000,25.180000,0
696,2023-01-09,25.180000,25.180000,25.180000,25.180000,0
696,2023-01-10,25.180000,25.180000,25.180000,25.180000,0
696,2023-01-11,25.180000,25.180000,25.180000,25.180000,0
696,2023-01-12,25.180000,25.180000,25.180000,25.180000,0
696,2023-01-13,25.180000,25.180000,25.180000,25.180000,0
696,2023-01-17,25.180000,25.180000,25.180000,25.180000,0
696,2023-01-18,25.180000,25.180000,25.180000,25.180000,0
696,2023-01-19,25.180000,25.180000,25.180000,25.180000,0
696,2023-01-20,25.180000,25.180000,25.180000,25.180000,0
696,2023-01-23,29.990000,29.990000,29.990000,29.990000,100
696,2023-01-24,29.990000,29.990000,29.990000,29.990000,0
696,2023-01-25,29.990000,29.990000,29.990000,29.990000,0
696,2023-01-26,29.990000,29.990000,29.990000,29.990000,0
696,2023-01-27,29.990000,29.990000,29.990000,29.990000,0
696,2023-01-30,29.990000,29.990000,29.990000,29.990000,0
696,2023-01-31,29.990000,29.990000,29.990000,29.990000,0
696,2023-02-01,29.990000,29.990000,29.990000,29.990000,0
696,2023-02-02,29.990000,29.990000,29.990000,29.990000,0
696,2023-02-03,29.990000,29.990000,29.990000,29.990000,0
696,2023-02-06,29.990000,29.990000,29.990000,29.990000,0
696,2023-02-07,29.990000,29.990000,29.990000,29.990000,0
696,2023-02-08,29.990000,29.990000,29.990000,29.990000,0
696,2023-02-09,29.990000,29.990000,29.990000,29.990000,0
696,2023-02-10,29.990000,29.990000,29.990000,29.990000,0
696,2023-02-13,29.990000,29.990000,29.990000,29.990000,0
696,2023-02-14,29.990000,29.990000,29.990000,29.990000,0
696,2023-02-15,29.990000,29.990000,29.990000,29.990000,0
696,2023-02-16,29.990000,29.990000,29.990000,29.990000,0
696,2023-02-17,29.990000,29.990000,29.990000,29.990000,0
696,2023-02-21,29.990000,29.990000,29.990000,29.990000,0
696,2023-02-22,29.990000,29.990000,29.990000,29.990000,0
696,2023-02-23,29.990000,29.990000,29.990000,29.990000,0
696,2023-02-24,27.500000,27.500000,27.500000,27.500000,100
696,2023-02-27,27.500000,27.500000,27.500000,27.500000,0
696,2023-02-28,27.500000,27.500000,27.500000,27.500000,0
696,2023-03-01,27.500000,27.500000,27.500000,27.500000,0
696,2023-03-02,28.350000,28.350000,28.350000,28.350000,4300
696,2023-03-03,28.350000,28.350000,28.350000,28.350000,0
696,2023-03-06,28.350000,28.350000,28.350000,28.350000,0
696,2023-03-07,28.350000,28.350000,28.350000,28.350000,0
696,2023-03-08,28.350000,28.350000,28.350000,28.350000,300
696,2023-03-09,28.145000,28.145000,28.145000,28.145000,200
696,2023-03-10,28.145000,28.145000,28.145000,28.145000,0
696,2023-03-13,28.145000,28.145000,28.145000,28.145000,0
696,2023-03-14,28.145000,28.145000,28.145000,28.145000,0
696,2023-03-15,28.145000,28.145000,28.145000,28.145000,3700
696,2023-03-16,28.145000,28.145000,28.145000,28.145000,0
696,2023-03-17,28.145000,28.145000,28.145000,28.145000,0
696,2023-03-20,28.145000,28.145000,28.145000,28.145000,0
696,2023-03-21,28.145000,28.145000,28.145000,28.145000,0
696,2023-03-22,28.380000,28.380000,28.380000,28.380000,600
696,2023-03-23,28.380000,28.380000,28.380000,28.380000,0
696,2023-03-24,28.380000,28.380000,28.380000,28.380000,0
696,2023-03-27,27.600000,27.600000,27.600000,27.600000,200
696,2023-03-28,27.600000,27.600000,27.600000,27.600000,0
696,2023-03-29,27.600000,27.600000,27.600000,27.600000,0
696,2023-03-30,27.600000,27.600000,27.600000,27.600000,0
696,2023-03-31,27.600000,27.600000,27.600000,27.600000,0
696,2023-04-03,27.600000,27.600000,27.600000,27.600000,0
696,2023-04-04,27.600000,27.600000,27.600000,27.600000,0
696,2023-04-05,27.600000,27.600000,27.600000,27.600000,0
696,2023-04-06,27.600000,27.600000,27.600000,27.600000,0
696,2023-04-10,27.600000,27.600000,27.600000,27.600000,0
696,2023-04-11,27.600000,27.600000,27.600000,27.600000,0
696,2023-04-12,27.600000,27.600000,27.600000,27.600000,0
696,2023-04-13,27.600000,27.600000,27.600000,27.600000,0
696,2023-04-14,27.600000,27.600000,27.600000,27.600000,0
696,2023-04-17,27.600000,27.600000,27.600000,27.600000,0
696,2023-04-18,27.600000,27.600000,27.600000,27.600000,0
696,2023-04-19,29.760000,29.760000,29.760000,29.760000,100
696,2023-04-20,29.760000,29.760000,29.760000,29.760000,0
696,2023-04-21,29.760000,29.760000,29.760000,29.760000,0
696,2023-04-24,29.760000,29.760000,29.760000,29.760000,0
696,2023-04-25,29.760000,29.760000,29.760000,29.760000,0
696,2023-04-26,29.760000,29.760000,29.760000,29.760000,0
696,2023-04-27,29.760000,29.760000,29.760000,29.760000,0
696,2023-04-28,29.760000,29.760000,29.760000,29.760000,0
696,2023-05-01,29.760000,29.760000,29.760000,29.760000,0
696,2023-05-02,29.760000,29.760000,29.760000,29.760000,0
696,2023-05-03,29.760000,29.760000,29.760000,29.760000,0
696,2023-05-04,29.760000,29.760000,29.760000,29.760000,0
696,2023-05-05,29.760000,29.760000,29.760000,29.760000,0
696,2023-05-08,29.760000,29.760000,29.760000,29.760000,0
696,2023-05-09,29.760000,29.760000,29.760000,29.760000,0
696,2023-05-10,29.760000,29.760000,29.760000,29.760000,0
696,2023-05-11,29.760000,29.760000,29.760000,29.760000,0
696,2023-05-12,29.760000,29.760000,29.760000,29.760000,0
696,2023-05-15,29.760000,29.760000,29.760000,29.760000,0
696,2023-05-16,29.760000,29.760000,29.760000,29.760000,0
696,2023-05-17,29.760000,29.760000,29.760000,29.760000,0
696,2023-05-18,29.760000,29.760000,29.760000,29.760000,0
696,2023-05-19,29.760000,29.760000,29.760000,29.760000,0
696,2023-05-22,29.760000,29.760000,29.760000,29.760000,0
696,2023-05-23,29.760000,29.760000,29.760000,29.760000,0
696,2023-05-24,31.220000,31.220000,31.220000,31.220000,600
696,2023-05-25,31.220000,31.220000,31.220000,31.220000,0
696,2023-05-26,31.220000,31.220000,31.220000,31.220000,0
696,2023-05-30,31.220000,31.220000,31.220000,31.220000,0
696,2023-05-31,31.220000,31.220000,31.220000,31.220000,0
696,2023-06-01,31.220000,31.220000,31.220000,31.220000,0
696,2023-06-02,31.220000,31.220000,31.220000,31.220000,0
696,2023-06-05,31.220000,31.220000,31.220000,31.220000,0
696,2023-06-06,31.220000,31.220000,31.220000,31.220000,0
696,2023-06-07,31.220000,31.220000,31.220000,31.220000,0
696,2023-06-08,31.220000,31.220000,31.220000,31.220000,0
696,2023-06-09,31.220000,31.220000,31.220000,31.220000,0
696,2023-06-12,31.220000,31.220000,31.220000,31.220000,0
696,2023-06-13,30.550000,30.550000,30.550000,30.550000,5000
696,2023-06-14,30.550000,30.550000,30.550000,30.550000,25700
696,2023-06-15,30.550000,30.550000,30.550000,30.550000,300
696,2023-06-16,30.550000,30.550000,30.550000,30.550000,0
696,2023-06-20,30.550000,30.550000,30.550000,30.550000,0
696,2023-06-21,32.500000,32.500000,32.500000,32.500000,600
696,2023-06-22,32.500000,32.500000,32.500000,32.500000,0
696,2023-06-23,30.550000,30.550000,30.550000,30.550000,0
696,2023-06-26,30.550000,30.550000,30.550000,30.550000,0
696,2023-06-27,30.550000,30.550000,30.550000,30.550000,0
696,2023-06-28,30.550000,30.550000,30.550000,30.550000,0
696,2023-06-29,30.550000,30.550000,30.550000,30.550000,0
696,2023-06-30,30.550000,30.550000,30.550000,30.550000,0
696,2023-07-03,30.550000,30.550000,30.550000,30.550000,0
696,2023-07-05,30.550000,30.550000,30.550000,30.550000,0
696,2023-07-06,30.550000,30.550000,30.550000,30.550000,0
696,2023-07-07,30.550000,30.550000,30.550000,30.550000,0
696,2023-07-10,30.550000,30.550000,30.550000,30.550000,0
696,2023-07-11,30.550000,30.550000,30.550000,30.550000,0
696,2023-07-12,30.550000,30.550000,30.550000,30.550000,0
696,2023-07-13,30.550000,30.550000,30.550000,30.550000,0
696,2023-07-14,30.550000,30.550000,30.550000,30.550000,0
696,2023-07-17,30.550000,30.550000,30.550000,30.550000,0
696,2023-07-18,30.550000,30.550000,30.550000,30.550000,0
696,2023-07-19,30.550000,30.550000,30.550000,30.550000,0
696,2023-07-20,30.550000,30.550000,30.550000,30.550000,0
696,2023-07-21,30.550000,30.550000,30.550000,30.550000,0
696,2023-07-24,30.550000,30.550000,30.550000,30.550000,0
696,2023-07-25,30.550000,30.550000,30.550000,30.550000,0
696,2023-07-26,30.550000,30.550000,30.550000,30.550000,0
696,2023-07-27,30.550000,30.550000,30.550000,30.550000,0
696,2023-07-28,30.550000,30.550000,30.550000,30.550000,0
696,2023-07-31,30.550000,30.550000,30.550000,30.550000,0
696,2023-08-01,33.400000,33.400000,33.400000,33.400000,100
696,2023-08-02,33.400000,33.400000,33.400000,33.400000,0
696,2023-08-03,33.400000,33.400000,33.400000,33.400000,0
696,2023-08-04,33.100000,33.100000,33.100000,33.100000,600
696,2023-08-07,33.100000,33.100000,33.100000,33.100000,0
696,2023-08-08,33.100000,33.100000,33.100000,33.100000,0
696,2023-08-09,33.100000,33.100000,33.100000,33.100000,0
696,2023-08-10,33.100000,33.100000,33.100000,33.100000,0
696,2023-08-11,33.100000,33.100000,33.100000,33.100000,0
696,2023-08-14,33.100000,33.100000,33.100000,33.100000,0
696,2023-08-15,33.100000,33.100000,33.100000,33.100000,0
696,2023-08-16,33.100000,33.100000,33.100000,33.100000,0
696,2023-08-17,33.100000,33.100000,33.100000,33.100000,0
696,2023-08-18,33.100000,33.100000,33.100000,33.100000,0
696,2023-08-21,34.000000,34.000000,34.000000,34.000000,100
696,2023-08-22,30.000000,30.000000,30.000000,30.000000,100
696,2023-08-23,30.000000,30.000000,30.000000,30.000000,300
696,2023-08-24,30.000000,30.000000,30.000000,30.000000,0
696,2023-08-25,30.000000,30.000000,30.000000,30.000000,0
696,2023-08-28,30.000000,30.000000,30.000000,30.000000,0
696,2023-08-29,30.000000,30.000000,30.000000,30.000000,0
696,2023-08-30,30.000000,30.000000,30.000000,30.000000,0
696,2023-08-31,30.000000,30.000000,30.000000,30.000000,0
696,2023-09-01,30.000000,30.000000,30.000000,30.000000,0
696,2023-09-05,30.000000,30.000000,30.000000,30.000000,0
696,2023-09-06,30.000000,30.000000,30.000000,30.000000,0
696,2023-09-07,31.600000,31.600000,31.590000,31.590000,400
696,2023-09-08,31.590000,31.590000,31.590000,31.590000,0
696,2023-09-11,31.590000,31.590000,31.590000,31.590000,0
696,2023-09-12,31.590000,31.590000,31.590000,31.590000,0
696,2023-09-13,31.590000,31.590000,31.590000,31.590000,0
696,2023-09-14,31.590000,31.590000,31.590000,31.590000,0
696,2023-09-15,31.590000,31.590000,31.590000,31.590000,0
696,2023-09-18,31.590000,31.590000,31.590000,31.590000,0
696,2023-09-19,31.590000,31.590000,31.590000,31.590000,0
696,2023-09-20,31.590000,31.590000,31.590000,31.590000,100
696,2023-09-21,31.590000,31.590000,31.590000,31.590000,1900
696,2023-09-22,31.630000,33.290000,31.630000,33.290000,200
696,2023-09-25,33.290000,33.290000,33.290000,33.290000,0
696,2023-09-26,33.290000,33.290000,33.290000,33.290000,0
696,2023-09-27,33.290000,33.290000,33.290000,33.290000,0
696,2023-09-28,33.290000,33.290000,33.290000,33.290000,0
696,2023-09-29,30.350000,30.350000,30.350000,30.350000,200
696,2023-10-02,30.350000,30.350000,30.350000,30.350000,0
696,2023-10-03,30.000000,30.000000,30.000000,30.000000,200
696,2023-10-04,29.500000,29.500000,29.500000,29.500000,200
696,2023-10-05,29.500000,29.500000,29.500000,29.500000,0
696,2023-10-06,29.500000,29.500000,29.500000,29.500000,0
696,2023-10-09,29.500000,29.500000,29.500000,29.500000,0
696,2023-10-10,29.940000,29.940000,29.550000,29.550000,300
696,2023-10-11,29.550000,29.550000,29.550000,29.550000,0
696,2023-10-12,29.550000,29.550000,29.550000,29.550000,0
696,2023-10-13,32.790000,32.790000,32.790000,32.790000,200
696,2023-10-16,32.790000,32.790000,32.790000,32.790000,9400
696,2023-10-17,32.500000,32.500000,32.500000,32.500000,100
696,2023-10-18,32.500000,32.500000,32.500000,32.500000,0
696,2023-10-19,32.500000,32.500000,32.500000,32.500000,0
696,2023-10-20,32.500000,32.500000,32.500000,32.500000,0
696,2023-10-23,32.500000,32.500000,32.500000,32.500000,0
696,2023-10-24,32.500000,32.500000,32.500000,32.500000,0
696,2023-10-25,32.500000,32.500000,32.500000,32.500000,0
696,2023-10-26,32.500000,32.500000,32.500000,32.500000,0
696,2023-10-27,32.500000,32.500000,32.500000,32.500000,0
696,2023-10-30,32.500000,32.500000,32.500000,32.500000,0
696,2023-10-31,32.500000,32.500000,32.500000,32.500000,0
696,2023-11-01,32.500000,32.500000,32.500000,32.500000,0
696,2023-11-02,32.500000,32.500000,32.500000,32.500000,400
696,2023-11-03,32.500000,32.500000,32.500000,32.500000,0
696,2023-11-06,32.500000,32.500000,32.500000,32.500000,0
696,2023-11-07,32.500000,32.500000,32.500000,32.500000,0
696,2023-11-08,32.500000,32.500000,32.500000,32.500000,0
696,2023-11-09,32.500000,32.500000,32.500000,32.500000,0
696,2023-11-10,32.500000,32.500000,32.500000,32.500000,0
696,2023-11-13,32.500000,32.500000,32.500000,32.500000,0
696,2023-11-14,32.500000,32.500000,32.500000,32.500000,0
696,2023-11-15,32.500000,32.500000,32.500000,32.500000,0
696,2023-11-16,32.500000,32.500000,32.500000,32.500000,0
696,2023-11-17,38.070000,38.070000,38.070000,38.070000,200
696,2023-11-20,32.820000,32.860000,32.820000,32.860000,600
696,2023-11-21,32.860000,32.860000,32.860000,32.860000,0
696,2023-11-22,32.860000,32.860000,32.860000,32.860000,100
696,2023-11-24,32.860000,32.860000,32.860000,32.860000,0
696,2023-11-27,32.860000,32.860000,32.860000,32.860000,0
696,2023-11-28,32.860000,32.860000,32.860000,32.860000,0
696,2023-11-29,32.860000,32.860000,32.860000,32.860000,0
696,2023-11-30,32.860000,32.860000,32.860000,32.860000,0
696,2023-12-01,32.860000,32.860000,32.860000,32.860000,0
696,2023-12-04,32.860000,32.860000,32.860000,32.860000,0
696,2023-12-05,32.860000,32.860000,32.860000,32.860000,0
696,2023-12-06,32.860000,32.860000,32.860000,32.860000,0
696,2023-12-07,32.860000,32.860000,32.860000,32.860000,0
696,2023-12-08,32.860000,32.860000,32.860000,32.860000,0
696,2023-12-11,32.860000,32.860000,32.860000,32.860000,0
696,2023-12-12,32.860000,32.860000,32.860000,32.860000,9900
696,2023-12-13,32.860000,32.860000,32.860000,32.860000,0
696,2023-12-14,35.410000,35.410000,35.410000,35.410000,200
696,2023-12-15,35.410000,35.410000,35.410000,35.410000,0
696,2023-12-18,35.410000,35.410000,35.410000,35.410000,0
696,2023-12-19,35.410000,35.410000,35.410000,35.410000,0
696,2023-12-20,35.410000,35.410000,35.410000,35.410000,0
696,2023-12-21,35.410000,35.410000,35.410000,35.410000,0
696,2023-12-22,35.410000,35.410000,35.410000,35.410000,0
696,2023-12-26,35.410000,35.410000,35.410000,35.410000,0
696,2023-12-27,35.410000,35.410000,35.410000,35.410000,0
696,2023-12-28,35.410000,35.410000,35.410000,35.410000,0
696,2023-12-29,35.410000,35.410000,35.410000,35.410000,0
696,2024-01-02,35.410000,35.410000,35.410000,35.410000,0
696,2024-01-03,35.410000,35.410000,35.410000,35.410000,0
696,2024-01-04,35.410000,35.410000,35.410000,35.410000,0
696,2024-01-05,38.780000,38.780000,38.780000,38.780000,200
696,2024-01-08,38.780000,38.780000,38.780000,38.780000,0
696,2024-01-09,38.780000,38.780000,38.780000,38.780000,0
696,2024-01-10,38.780000,38.780000,38.780000,38.780000,0
696,2024-01-11,38.780000,38.780000,38.780000,38.780000,0
696,2024-01-12,38.780000,38.780000,38.780000,38.780000,0
696,2024-01-16,38.780000,38.780000,38.780000,38.780000,0
696,2024-01-17,38.780000,38.780000,38.780000,38.780000,0
696,2024-01-18,38.780000,38.780000,38.780000,38.780000,0
696,2024-01-19,38.000000,38.000000,38.000000,38.000000,200
696,2024-01-22,38.000000,38.000000,38.000000,38.000000,0
696,2024-01-23,38.000000,38.000000,38.000000,38.000000,0
696,2024-01-24,38.000000,38.000000,38.000000,38.000000,0
696,2024-01-25,38.000000,38.000000,38.000000,38.000000,0
696,2024-01-26,38.000000,38.000000,38.000000,38.000000,0
696,2024-01-29,38.000000,38.000000,38.000000,38.000000,0
696,2024-01-30,38.000000,38.000000,38.000000,38.000000,0
696,2024-01-31,38.000000,38.000000,38.000000,38.000000,0
696,2024-02-01,38.000000,38.000000,38.000000,38.000000,0
696,2024-02-02,38.000000,38.000000,38.000000,38.000000,0
696,2024-02-05,38.000000,38.000000,38.000000,38.000000,0
696,2024-02-06,38.000000,38.000000,38.000000,38.000000,300
696,2024-02-07,38.000000,38.000000,38.000000,38.000000,0
696,2024-02-08,38.450000,38.450000,38.450000,38.450000,200
696,2024-02-09,38.450000,38.450000,38.450000,38.450000,0
696,2024-02-12,38.450000,38.450000,38.450000,38.450000,0
696,2024-02-13,38.450000,38.450000,38.450000,38.450000,0
696,2024-02-14,37.540000,37.540000,37.540000,37.540000,400
696,2024-02-15,37.540000,37.540000,37.540000,37.540000,0
696,2024-02-16,37.540000,37.540000,37.540000,37.540000,0
696,2024-02-20,37.540000,37.540000,37.540000,37.540000,0
696,2024-02-21,37.540000,37.540000,37.540000,37.540000,0
696,2024-02-22,37.540000,37.540000,37.540000,37.540000,0
696,2024-02-23,37.540000,37.540000,37.540000,37.540000,0
696,2024-02-26,37.540000,37.540000,37.540000,37.540000,0
696,2024-02-27,37.540000,37.540000,37.540000,37.540000,0
696,2024-02-28,39.529900,39.529900,39.529900,39.529900,300
696,2024-02-29,39.529900,39.529900,39.529900,39.529900,0
696,2024-03-01,39.529900,39.529900,39.529900,39.529900,0
696,2024-03-04,39.529900,39.529900,39.529900,39.529900,0
696,2024-03-05,39.529900,39.529900,39.529900,39.529900,500
696,2024-03-06,37.070100,37.070100,37.070100,37.070100,300
696,2024-03-07,37.070100,37.070100,37.070100,37.070100,0
696,2024-03-08,37.070100,37.070100,37.070100,37.070100,0
696,2024-03-11,40.020000,40.020000,40.020000,40.020000,200
696,2024-03-12,40.020000,40.020000,40.020000,40.020000,2600
696,2024-03-13,40.020000,40.020000,40.020000,40.020000,0
696,2024-03-14,40.020000,40.020000,40.020000,40.020000,0
696,2024-03-15,40.020000,40.020000,40.020000,40.020000,0
696,2024-03-18,40.020000,40.020000,40.020000,40.020000,3000
696,2024-03-19,40.020000,40.020000,40.020000,40.020000,0
696,2024-03-20,40.020000,40.020000,40.020000,40.020000,0
696,2024-03-21,40.020000,40.020000,40.020000,40.020000,0
696,2024-03-22,40.020000,40.020000,40.020000,40.020000,0
696,2024-03-25,40.020000,40.020000,40.020000,40.020000,0
696,2024-03-26,40.020000,40.020000,40.020000,40.020000,0
696,2024-03-27,40.020000,40.020000,40.020000,40.020000,0
696,2024-03-28,40.020000,40.020000,40.020000,40.020000,0
696,2024-04-01,40.020000,40.020000,40.020000,40.020000,0
696,2024-04-02,40.020000,40.020000,40.020000,40.020000,0
696,2024-04-03,40.743000,40.743000,40.743000,40.743000,400
696,2024-04-04,40.743000,40.743000,40.743000,40.743000,0
696,2024-04-05,40.743000,40.743000,40.743000,40.743000,0
696,2024-04-08,38.652000,38.652000,37.620000,37.620000,4200
696,2024-04-09,37.640000,37.640000,37.640000,37.640000,200
696,2024-04-10,37.640000,37.640000,37.640000,37.640000,0
696,2024-04-11,37.580000,37.580000,37.580000,37.580000,300
696,2024-04-12,37.580000,37.580000,37.580000,37.580000,0
696,2024-04-15,37.580000,37.580000,37.580000,37.580000,0
696,2024-04-16,35.300000,36.111500,35.300000,36.111500,800
696,2024-04-17,36.111500,36.111500,36.111500,36.111500,0
696,2024-04-18,36.111500,36.111500,36.111500,36.111500,0
696,2024-04-19,36.111500,36.111500,36.111500,36.111500,0
696,2024-04-22,36.111500,36.111500,36.111500,36.111500,0
696,2024-04-23,36.111500,36.111500,36.111500,36.111500,0
696,2024-04-24,36.111500,36.111500,36.111500,36.111500,0
696,2024-04-25,36.120000,36.120000,36.120000,36.120000,100
696,2024-04-26,36.120000,36.120000,36.120000,36.120000,400
696,2024-04-29,36.120000,36.120000,36.120000,36.120000,0
696,2024-04-30,36.120000,36.120000,36.120000,36.120000,0
696,2024-05-01,37.600000,37.600000,37.600000,37.600000,100
696,2024-05-02,37.600000,37.600000,37.600000,37.600000,0
