stock_id,date,open,high,low,close,volume
1940,2016-05-27,12.300000,12.600000,12.250000,12.600000,4140
1940,2016-05-31,12.250000,12.250000,12.250000,12.250000,120
1940,2016-06-01,12.250000,12.250000,12.250000,12.250000,0
1940,2016-06-02,12.250000,12.250000,12.250000,12.250000,0
1940,2016-06-03,13.500000,17.000000,13.500000,16.400000,880
1940,2016-06-06,16.400000,16.400000,16.400000,16.400000,0
1940,2016-06-07,15.600000,15.600000,15.600000,15.600000,9900
1940,2016-06-08,15.600000,15.600000,15.600000,15.600000,0
1940,2016-06-09,15.675000,15.675000,15.675000,15.675000,6060
1940,2016-06-10,15.675000,15.675000,15.675000,15.675000,0
1940,2016-06-13,15.675000,15.675000,15.675000,15.675000,0
1940,2016-06-14,15.675000,15.675000,15.675000,15.675000,0
1940,2016-06-15,16.000000,16.000000,16.000000,16.000000,1480
1940,2016-06-16,15.700000,15.700000,15.700000,15.700000,1280
1940,2016-06-17,15.700000,15.700000,15.700000,15.700000,0
1940,2016-06-20,16.150000,16.950000,16.150000,16.950000,920
1940,2016-06-21,16.500000,16.500000,16.500000,16.500000,2300
1940,2016-06-22,16.800000,16.800000,16.050000,16.100000,8660
1940,2016-06-23,16.600000,17.300000,16.550000,16.600000,9000
1940,2016-06-24,16.600000,16.600000,16.600000,16.600000,0
1940,2016-06-27,16.600000,16.600000,16.600000,16.600000,0
1940,2016-06-28,15.100000,15.100000,15.050000,15.050000,1000
1940,2016-06-29,15.750000,15.750000,15.750000,15.750000,2820
1940,2016-06-30,16.440000,16.440000,16.440000,16.440000,6340
1940,2016-07-01,16.200000,16.200000,16.200000,16.200000,20
1940,2016-07-05,16.200000,16.200000,16.200000,16.200000,0
1940,2016-07-06,16.200000,16.200000,16.200000,16.200000,0
1940,2016-07-07,17.450000,17.450000,16.750000,16.750000,21600
1940,2016-07-08,16.750000,16.750000,16.750000,16.750000,20
1940,2016-07-11,17.450000,17.450000,17.450000,17.450000,320
1940,2016-07-12,17.500000,17.500000,17.500000,17.500000,60
1940,2016-07-13,17.500000,17.500000,17.500000,17.500000,0
1940,2016-07-14,17.900000,17.900000,17.900000,17.900000,300
1940,2016-07-15,17.200000,17.200000,17.200000,17.200000,280
1940,2016-07-18,17.200000,17.200000,17.200000,17.200000,0
1940,2016-07-19,17.200000,17.250000,17.200000,17.250000,200
1940,2016-07-20,17.550000,17.550000,17.550000,17.550000,5260
1940,2016-07-21,17.550000,17.550000,17.550000,17.550000,0
1940,2016-07-22,17.600000,17.600000,17.450000,17.450000,980
1940,2016-07-25,17.450000,17.450000,17.450000,17.450000,0
1940,2016-07-26,18.000000,18.000000,18.000000,18.000000,180
1940,2016-07-27,18.000000,18.000000,18.000000,18.000000,0
1940,2016-07-28,17.500000,17.500000,17.500000,17.500000,40
1940,2016-07-29,19.200000,19.200000,19.200000,19.200000,1520
1940,2016-08-01,19.750000,20.000000,18.900000,18.900000,1340
1940,2016-08-02,18.900000,18.900000,18.900000,18.900000,0
1940,2016-08-03,19.450000,19.450000,19.450000,19.450000,4920
1940,2016-08-04,19.400000,19.400000,19.400000,19.400000,100
1940,2016-08-05,19.400000,19.400000,19.400000,19.400000,0
1940,2016-08-08,18.800000,18.800000,18.800000,18.800000,20
1940,2016-08-09,19.000000,19.000000,19.000000,19.000000,40
1940,2016-08-10,19.000000,19.000000,18.750000,18.750000,440
1940,2016-08-11,19.750000,19.750000,19.050000,19.400000,2120
1940,2016-08-12,19.400000,19.400000,19.400000,19.400000,500
1940,2016-08-15,19.400000,19.400000,19.400000,19.400000,0
1940,2016-08-16,19.400000,19.400000,19.400000,19.400000,0
1940,2016-08-17,21.300000,21.300000,20.950000,20.950000,700
1940,2016-08-18,21.300000,21.300000,21.300000,21.300000,200
1940,2016-08-19,21.200000,21.200000,20.500000,20.550000,400
1940,2016-08-22,20.550000,20.550000,20.550000,20.550000,0
1940,2016-08-23,21.000000,21.000000,20.800000,20.850000,200
1940,2016-08-24,20.850000,20.850000,20.850000,20.850000,0
1940,2016-08-25,20.200000,20.200000,20.200000,20.200000,80
1940,2016-08-26,20.200000,20.200000,20.200000,20.200000,0
1940,2016-08-29,20.200000,20.200000,20.200000,20.200000,0
1940,2016-08-30,20.200000,20.200000,20.200000,20.200000,740
1940,2016-08-31,21.000000,21.000000,20.790000,20.790000,5300
1940,2016-09-01,20.650000,20.650000,20.650000,20.650000,60
1940,2016-09-02,21.450000,21.450000,21.450000,21.450000,100
1940,2016-09-06,22.245000,22.250000,22.245000,22.250000,40
1940,2016-09-07,22.000000,22.000000,21.300000,21.300000,60
1940,2016-09-08,21.250000,21.250000,21.250000,21.250000,6240
1940,2016-09-09,21.250000,21.850000,21.200000,21.200000,440
1940,2016-09-12,21.250000,21.250000,21.250000,21.250000,100
1940,2016-09-13,21.250000,21.250000,21.250000,21.250000,0
1940,2016-09-14,21.250000,21.250000,21.250000,21.250000,0
1940,2016-09-15,21.250000,21.250000,21.250000,21.250000,0
1940,2016-09-16,21.250000,21.250000,21.250000,21.250000,0
1940,2016-09-19,21.250000,21.250000,21.250000,21.250000,120
1940,2016-09-20,21.300000,21.300000,21.300000,21.300000,1120
1940,2016-09-21,21.300000,21.300000,21.300000,21.300000,0
1940,2016-09-22,21.300000,21.300000,21.300000,21.300000,60
1940,2016-09-23,21.300000,21.300000,21.300000,21.300000,0
1940,2016-09-26,19.800000,19.800000,19.550000,19.600000,480
1940,2016-09-27,19.600000,19.600000,19.600000,19.600000,320
1940,2016-09-28,19.450000,19.450000,19.450000,19.450000,1900
1940,2016-09-29,19.450000,19.450000,19.450000,19.450000,0
1940,2016-09-30,19.450000,19.450000,19.450000,19.450000,0
1940,2016-10-03,19.450000,19.450000,19.450000,19.450000,0
1940,2016-10-04,19.450000,19.450000,19.450000,19.450000,0
1940,2016-10-05,19.800000,19.800000,19.800000,19.800000,20
1940,2016-10-06,19.400000,20.075000,19.400000,20.075000,3420
1940,2016-10-07,19.500000,19.500000,19.500000,19.500000,100
1940,2016-10-10,19.500000,19.500000,19.250000,19.250000,220
1940,2016-10-11,19.250000,19.250000,19.250000,19.250000,0
1940,2016-10-12,18.700000,18.900000,18.650000,18.650000,840
1940,2016-10-13,19.050000,19.050000,19.050000,19.050000,60
1940,2016-10-14,19.250000,19.250000,19.250000,19.250000,580
1940,2016-10-17,18.250000,18.250000,18.250000,18.250000,360
1940,2016-10-18,18.900000,18.900000,18.900000,18.900000,220
1940,2016-10-19,19.350000,19.350000,18.900000,18.900000,440
1940,2016-10-20,19.135000,19.135000,19.050000,19.050000,1020
1940,2016-10-21,19.050000,19.050000,19.050000,19.050000,0
1940,2016-10-24,19.050000,19.050000,19.050000,19.050000,0
1940,2016-10-25,19.050000,19.200000,18.600000,18.650000,520
1940,2016-10-26,18.650000,18.650000,18.650000,18.650000,0
1940,2016-10-27,19.400000,19.400000,19.400000,19.400000,820
1940,2016-10-28,19.400000,19.400000,19.400000,19.400000,0
1940,2016-10-31,19.400000,19.400000,19.400000,19.400000,0
1940,2016-11-01,18.950000,19.200000,18.950000,19.200000,120
1940,2016-11-02,20.100000,21.850000,20.100000,21.850000,800
1940,2016-11-03,22.600000,22.600000,22.600000,22.600000,5640
1940,2016-11-04,22.600000,22.600000,22.600000,22.600000,0
1940,2016-11-07,22.600000,22.600000,22.600000,22.600000,0
1940,2016-11-08,22.600000,22.600000,22.600000,22.600000,0
1940,2016-11-09,22.600000,22.600000,22.600000,22.600000,0
1940,2016-11-10,21.550000,21.550000,21.550000,21.550000,420
1940,2016-11-11,21.550000,21.550000,21.550000,21.550000,0
1940,2016-11-14,21.700000,21.700000,21.400000,21.400000,420
1940,2016-11-15,21.595000,21.600000,21.595000,21.600000,180
1940,2016-11-16,21.600000,21.600000,21.600000,21.600000,0
1940,2016-11-17,21.000000,21.000000,21.000000,21.000000,60
1940,2016-11-18,21.000000,21.000000,21.000000,21.000000,0
1940,2016-11-21,20.900000,21.600000,20.800000,20.850000,1800
1940,2016-11-22,21.450000,21.450000,21.450000,21.450000,600
1940,2016-11-23,20.600000,20.600000,20.550000,20.550000,260
1940,2016-11-25,20.500000,20.650000,20.500000,20.650000,720
1940,2016-11-28,20.650000,20.650000,20.650000,20.650000,0
1940,2016-11-29,20.900000,20.900000,20.500000,20.500000,360
1940,2016-11-30,20.500000,20.500000,20.000000,20.400000,560
1940,2016-12-01,20.275000,20.275000,20.200000,20.200000,2840
1940,2016-12-02,20.000000,20.000000,20.000000,20.000000,100
1940,2016-12-05,20.000000,20.000000,20.000000,20.000000,0
1940,2016-12-06,20.000000,20.000000,19.880000,19.880000,80
1940,2016-12-07,19.880000,19.880000,19.880000,19.880000,0
1940,2016-12-08,18.900000,18.900000,18.900000,18.900000,120
1940,2016-12-09,18.900000,18.900000,18.900000,18.900000,0
1940,2016-12-12,18.650000,18.650000,17.900000,17.900000,1100
1940,2016-12-13,18.550000,18.550000,18.500000,18.500000,820
1940,2016-12-14,17.750000,18.000000,17.750000,17.750000,1320
1940,2016-12-15,17.050000,17.050000,17.000000,17.000000,180
1940,2016-12-16,17.000000,17.000000,17.000000,17.000000,0
1940,2016-12-19,17.450000,17.450000,17.250000,17.250000,380
1940,2016-12-20,17.100000,17.950000,17.100000,17.950000,480
1940,2016-12-21,17.850000,17.850000,17.850000,17.850000,1400
1940,2016-12-22,18.010000,18.150000,18.010000,18.150000,420
1940,2016-12-23,18.150000,18.150000,18.150000,18.150000,0
1940,2016-12-27,18.000000,18.000000,18.000000,18.000000,1100
1940,2016-12-28,17.850000,17.850000,17.850000,17.850000,6380
1940,2016-12-29,17.850000,17.850000,17.850000,17.850000,0
1940,2016-12-30,17.850000,17.850000,17.750000,17.750000,60
1940,2017-01-03,17.750000,17.750000,17.750000,17.750000,0
1940,2017-01-04,17.750000,17.750000,17.750000,17.750000,0
1940,2017-01-05,18.900000,18.900000,18.900000,18.900000,60
1940,2017-01-06,18.600000,18.600000,18.600000,18.600000,120
1940,2017-01-09,18.820000,18.820000,18.820000,18.820000,40
1940,2017-01-10,19.000000,19.000000,19.000000,19.000000,160
1940,2017-01-11,19.000000,19.000000,19.000000,19.000000,1200
1940,2017-01-12,18.550000,18.550000,18.050000,18.050000,120
1940,2017-01-13,18.900000,19.100000,18.900000,19.000000,740
1940,2017-01-17,18.250000,19.250000,18.250000,19.250000,2700
1940,2017-01-18,19.400000,19.400000,19.400000,19.400000,1260
1940,2017-01-19,19.050000,19.050000,18.150000,18.900000,640
1940,2017-01-20,18.435000,18.700000,18.435000,18.700000,200
1940,2017-01-23,18.750000,18.950000,18.300000,18.300000,360
1940,2017-01-24,18.050000,18.050000,18.050000,18.050000,200
1940,2017-01-25,18.700000,18.900000,18.700000,18.900000,200
1940,2017-01-26,18.500000,18.500000,18.500000,18.500000,40
1940,2017-01-27,18.450000,18.550000,18.450000,18.550000,200
1940,2017-01-30,18.550000,18.550000,18.550000,18.550000,0
1940,2017-01-31,18.150000,18.200000,18.150000,18.200000,60
1940,2017-02-01,19.125000,19.125000,19.125000,19.125000,3040
1940,2017-02-02,19.125000,19.125000,19.125000,19.125000,0
1940,2017-02-03,19.600000,20.000000,19.500000,20.000000,1000
1940,2017-02-06,20.200000,20.500000,20.200000,20.500000,420
1940,2017-02-07,21.500000,21.500000,21.500000,21.500000,20
1940,2017-02-08,21.700000,21.700000,21.700000,21.700000,100
1940,2017-02-09,21.800000,22.750000,21.800000,22.000000,560
1940,2017-02-10,22.545000,22.545000,22.500000,22.500000,820
1940,2017-02-13,22.000000,23.000000,22.000000,23.000000,500
1940,2017-02-14,23.150000,23.150000,22.250000,22.950000,720
1940,2017-02-15,22.950000,22.950000,22.950000,22.950000,0
1940,2017-02-16,22.500000,22.900000,22.500000,22.570000,380
1940,2017-02-17,22.455000,22.455000,22.450000,22.450000,100
1940,2017-02-21,22.950000,22.950000,22.600000,22.600000,180
1940,2017-02-22,22.600000,22.600000,22.600000,22.600000,0
1940,2017-02-23,21.190000,21.190000,21.050000,21.050000,260
1940,2017-02-24,21.800000,21.800000,21.800000,21.800000,20
1940,2017-02-27,21.500000,21.600000,21.500000,21.600000,140
1940,2017-02-28,21.600000,21.600000,21.600000,21.600000,0
1940,2017-03-01,21.600000,21.600000,21.600000,21.600000,300
1940,2017-03-02,21.350000,21.350000,21.350000,21.350000,520
1940,2017-03-03,21.350000,21.800000,21.350000,21.800000,620
1940,2017-03-06,20.850000,20.850000,20.850000,20.850000,60
1940,2017-03-07,20.850000,20.850000,20.850000,20.850000,0
1940,2017-03-08,21.350000,21.350000,21.350000,21.350000,1120
1940,2017-03-09,20.250000,20.250000,20.250000,20.250000,20
1940,2017-03-10,20.250000,20.250000,20.250000,20.250000,0
1940,2017-03-13,20.250000,20.250000,20.000000,20.250000,140
1940,2017-03-14,20.250000,20.250000,20.250000,20.250000,0
1940,2017-03-15,20.250000,20.250000,20.250000,20.250000,0
1940,2017-03-16,20.250000,20.250000,20.250000,20.250000,0
1940,2017-03-17,20.250000,20.250000,20.250000,20.250000,0
1940,2017-03-20,20.250000,20.250000,20.250000,20.250000,0
1940,2017-03-21,20.250000,20.250000,20.250000,20.250000,0
1940,2017-03-22,19.650000,19.700000,19.650000,19.700000,120
1940,2017-03-23,19.700000,19.700000,19.700000,19.700000,0
1940,2017-03-24,19.350000,19.350000,19.350000,19.350000,480
1940,2017-03-27,19.350000,19.350000,19.350000,19.350000,0
1940,2017-03-28,19.350000,19.350000,19.350000,19.350000,0
1940,2017-03-29,20.150000,20.150000,20.150000,20.150000,300
1940,2017-03-30,20.500000,20.500000,20.400000,20.400000,220
1940,2017-03-31,20.450000,20.500000,19.850000,19.850000,1100
1940,2017-04-03,20.400000,20.400000,20.400000,20.400000,300
1940,2017-04-04,20.090000,20.090000,20.090000,20.090000,1480
1940,2017-04-05,19.670000,19.670000,19.670000,19.670000,120
1940,2017-04-06,19.250000,19.250000,19.250000,19.250000,160
1940,2017-04-07,19.250000,19.250000,19.250000,19.250000,0
1940,2017-04-10,19.250000,19.250000,19.250000,19.250000,0
1940,2017-04-11,19.550000,19.550000,19.550000,19.550000,20
1940,2017-04-12,20.135000,20.135000,20.135000,20.135000,720
1940,2017-04-13,20.135000,20.135000,20.135000,20.135000,0
1940,2017-04-17,21.200000,21.200000,21.200000,21.200000,960
1940,2017-04-18,21.200000,21.200000,21.200000,21.200000,0
1940,2017-04-19,20.750000,20.750000,20.750000,20.750000,220
1940,2017-04-20,20.500000,20.800000,20.500000,20.800000,580
1940,2017-04-21,20.600000,20.650000,20.050000,20.650000,880
1940,2017-04-24,20.650000,20.650000,20.650000,20.650000,0
1940,2017-04-25,20.650000,20.650000,20.650000,20.650000,0
1940,2017-04-26,20.300000,20.600000,20.300000,20.600000,340
1940,2017-04-27,20.600000,20.600000,20.600000,20.600000,0
1940,2017-04-28,20.600000,20.600000,20.600000,20.600000,0
1940,2017-05-01,21.250000,21.250000,21.250000,21.250000,60
1940,2017-05-02,21.400000,21.400000,21.400000,21.400000,860
1940,2017-05-03,21.250000,21.475000,21.250000,21.475000,4340
1940,2017-05-04,20.800000,21.550000,20.800000,21.550000,540
1940,2017-05-05,21.075000,21.550000,20.900000,21.550000,1040
1940,2017-05-08,21.500000,21.500000,21.500000,21.500000,320
1940,2017-05-09,21.500000,21.500000,21.500000,21.500000,0
1940,2017-05-10,21.500000,21.500000,21.500000,21.500000,160
1940,2017-05-11,21.400000,21.400000,21.400000,21.400000,380
1940,2017-05-12,21.400000,21.400000,21.400000,21.400000,0
1940,2017-05-15,21.400000,21.400000,21.400000,21.400000,0
1940,2017-05-16,21.400000,21.400000,21.400000,21.400000,0
1940,2017-05-17,20.800000,20.800000,20.800000,20.800000,2160
1940,2017-05-18,21.200000,21.200000,21.200000,21.200000,2580
1940,2017-05-19,20.600000,20.600000,20.600000,20.600000,120
1940,2017-05-22,20.300000,20.300000,20.300000,20.300000,2680
1940,2017-05-23,20.250000,20.250000,20.250000,20.250000,1360
1940,2017-05-24,20.250000,20.250000,20.250000,20.250000,0
1940,2017-05-25,21.050000,21.050000,21.000000,21.000000,1200
1940,2017-05-26,21.000000,21.000000,21.000000,21.000000,0
1940,2017-05-30,21.000000,21.000000,21.000000,21.000000,0
1940,2017-05-31,21.000000,21.000000,21.000000,21.000000,0
1940,2017-06-01,21.000000,21.000000,20.650000,20.650000,220
1940,2017-06-02,20.650000,20.650000,20.650000,20.650000,0
1940,2017-06-05,21.350000,21.350000,21.350000,21.350000,500
1940,2017-06-06,21.500000,21.500000,21.250000,21.250000,40
1940,2017-06-07,21.250000,21.250000,21.250000,21.250000,0
1940,2017-06-08,21.250000,21.250000,21.250000,21.250000,0
1940,2017-06-09,20.050000,20.400000,20.050000,20.400000,520
1940,2017-06-12,20.250000,20.250000,20.250000,20.250000,300
1940,2017-06-13,20.300000,20.300000,20.300000,20.300000,500
1940,2017-06-14,20.300000,20.300000,20.300000,20.300000,0
1940,2017-06-15,20.000000,20.050000,20.000000,20.000000,720
1940,2017-06-16,20.000000,20.000000,20.000000,20.000000,100
1940,2017-06-19,20.000000,20.000000,20.000000,20.000000,0
1940,2017-06-20,20.000000,20.000000,20.000000,20.000000,0
1940,2017-06-21,20.450000,20.450000,20.450000,20.450000,100
1940,2017-06-22,20.450000,20.450000,20.450000,20.450000,0
1940,2017-06-23,20.450000,20.450000,20.450000,20.450000,0
1940,2017-06-26,20.450000,20.450000,20.450000,20.450000,0
1940,2017-06-27,20.600000,20.950000,20.300000,20.300000,640
1940,2017-06-28,20.400000,20.400000,20.400000,20.400000,140
1940,2017-06-29,20.400000,20.400000,20.400000,20.400000,1100
1940,2017-06-30,20.400000,20.400000,20.400000,20.400000,0
1940,2017-07-03,20.400000,20.400000,20.400000,20.400000,0
1940,2017-07-05,20.400000,20.400000,20.400000,20.400000,0
1940,2017-07-06,20.400000,20.400000,20.400000,20.400000,0
1940,2017-07-07,20.000000,20.000000,20.000000,20.000000,500
1940,2017-07-10,19.700000,20.050000,19.700000,20.050000,120
1940,2017-07-11,20.050000,20.050000,20.050000,20.050000,0
1940,2017-07-12,19.500000,19.750000,19.500000,19.750000,2600
1940,2017-07-13,19.750000,19.750000,19.750000,19.750000,0
1940,2017-07-14,20.250000,20.250000,19.900000,19.900000,60
1940,2017-07-17,19.900000,19.900000,19.900000,19.900000,0
1940,2017-07-18,19.900000,19.900000,19.900000,19.900000,0
1940,2017-07-19,20.050000,20.050000,20.050000,20.050000,840
1940,2017-07-20,20.050000,20.050000,20.050000,20.050000,0
1940,2017-07-21,20.050000,20.050000,20.050000,20.050000,0
1940,2017-07-24,20.050000,20.050000,20.050000,20.050000,0
1940,2017-07-25,20.050000,20.050000,20.050000,20.050000,0
1940,2017-07-26,20.050000,20.050000,20.050000,20.050000,0
1940,2017-07-27,24.025000,24.025000,23.650000,23.650000,140
1940,2017-07-28,23.500000,23.500000,23.500000,23.500000,960
1940,2017-07-31,24.650000,25.500000,24.650000,25.500000,540
1940,2017-08-01,25.705000,26.050000,25.705000,26.050000,360
1940,2017-08-02,25.595000,25.600000,25.000000,25.000000,2140
1940,2017-08-03,25.600000,25.750000,25.150000,25.750000,700
1940,2017-08-04,26.075000,26.400000,25.750000,26.400000,240
1940,2017-08-07,26.395000,26.400000,25.700000,25.700000,700
1940,2017-08-08,26.250000,26.250000,26.100000,26.250000,280
1940,2017-08-09,26.250000,26.250000,26.250000,26.250000,60
1940,2017-08-10,26.250000,26.250000,26.250000,26.250000,0
1940,2017-08-11,26.250000,26.250000,26.250000,26.250000,0
1940,2017-08-14,26.000000,26.100000,25.920000,26.100000,260
1940,2017-08-15,26.100000,26.550000,25.900000,25.900000,440
1940,2017-08-16,26.550000,27.250000,26.500000,26.500000,3760
1940,2017-08-17,26.925000,26.925000,26.550000,26.550000,220
1940,2017-08-18,26.550000,26.550000,26.550000,26.550000,0
1940,2017-08-21,26.700000,26.700000,26.700000,26.700000,20
1940,2017-08-22,26.700000,26.700000,26.700000,26.700000,0
1940,2017-08-23,26.700000,26.700000,26.700000,26.700000,0
1940,2017-08-24,26.050000,26.675000,26.050000,26.675000,1940
1940,2017-08-25,26.675000,26.675000,26.675000,26.675000,0
1940,2017-08-28,26.650000,27.100000,26.650000,27.100000,340
1940,2017-08-29,26.800000,26.950000,26.800000,26.800000,720
1940,2017-08-30,26.800000,26.840000,26.800000,26.800000,1380
1940,2017-08-31,27.000000,27.000000,27.000000,27.000000,200
1940,2017-09-01,17.800000,17.850000,17.500000,17.575000,3060
1940,2017-09-05,18.025000,18.550000,18.025000,18.450000,900
1940,2017-09-06,18.390000,19.005000,18.390000,19.005000,560
1940,2017-09-07,19.500000,19.550000,19.500000,19.550000,460
1940,2017-09-08,19.550000,19.550000,19.550000,19.550000,0
1940,2017-09-11,21.500000,21.500000,19.850000,20.250000,10300
1940,2017-09-12,20.425000,20.450000,20.425000,20.450000,80
1940,2017-09-13,20.250000,20.350000,20.150000,20.350000,1680
1940,2017-09-14,20.000000,20.100000,20.000000,20.100000,220
1940,2017-09-15,20.140000,20.650000,20.140000,20.650000,500
1940,2017-09-18,20.500000,20.550000,20.125000,20.550000,960
1940,2017-09-19,20.850000,21.250000,20.850000,21.250000,720
1940,2017-09-20,21.050000,21.650000,21.050000,21.535000,360
1940,2017-09-21,21.685000,21.700000,21.685000,21.700000,200
1940,2017-09-22,22.180000,22.250000,22.180000,22.250000,900
1940,2017-09-25,22.450000,22.450000,22.250000,22.250000,1620
1940,2017-09-26,22.215000,22.215000,22.135000,22.135000,27220
1940,2017-09-27,21.750000,21.750000,21.750000,21.750000,60
1940,2017-09-28,22.675000,22.850000,22.050000,22.255000,580
1940,2017-09-29,22.255000,22.255000,22.255000,22.255000,0
1940,2017-10-02,22.300000,22.300000,22.300000,22.300000,120
1940,2017-10-03,22.300000,22.300000,22.300000,22.300000,0
1940,2017-10-04,22.625000,22.625000,22.550000,22.550000,240
1940,2017-10-05,23.000000,23.000000,23.000000,23.000000,20
1940,2017-10-06,22.900000,22.900000,22.550000,22.750000,1220
1940,2017-10-09,22.975000,22.975000,22.975000,22.975000,420
1940,2017-10-10,22.975000,22.975000,22.975000,22.975000,0
1940,2017-10-11,22.500000,22.500000,22.500000,22.500000,260
1940,2017-10-12,22.650000,22.650000,22.650000,22.650000,20
1940,2017-10-13,22.500000,22.500000,22.500000,22.500000,20
1940,2017-10-16,22.500000,22.500000,22.500000,22.500000,0
1940,2017-10-17,22.500000,22.500000,22.500000,22.500000,0
1940,2017-10-18,22.500000,22.500000,22.500000,22.500000,0
1940,2017-10-19,22.500000,22.500000,22.500000,22.500000,0
1940,2017-10-20,21.600000,22.005000,21.500000,21.850000,5600
1940,2017-10-23,21.750000,21.750000,21.750000,21.750000,20
1940,2017-10-24,21.750000,21.750000,21.750000,21.750000,0
1940,2017-10-25,21.750000,21.750000,21.750000,21.750000,0
1940,2017-10-26,21.750000,21.750000,21.750000,21.750000,0
1940,2017-10-27,21.950000,21.950000,21.750000,21.750000,60
1940,2017-10-30,23.000000,23.000000,23.000000,23.000000,860
1940,2017-10-31,24.500000,25.000000,24.500000,25.000000,220
1940,2017-11-01,26.260000,26.950000,26.250000,26.950000,2880
1940,2017-11-02,25.750000,26.450000,25.700000,25.700000,4620
1940,2017-11-03,26.150000,26.250000,25.750000,25.750000,2280
1940,2017-11-06,25.545000,25.850000,25.500000,25.500000,1580
1940,2017-11-07,25.245000,25.245000,24.650000,25.050000,680
1940,2017-11-08,25.200000,25.200000,24.850000,24.850000,100
1940,2017-11-09,24.850000,24.850000,24.850000,24.850000,0
1940,2017-11-10,24.890000,24.890000,24.650000,24.650000,30700
1940,2017-11-13,24.500000,24.800000,24.500000,24.800000,200
1940,2017-11-14,24.800000,24.800000,24.800000,24.800000,40
1940,2017-11-15,25.050000,25.050000,24.500000,24.850000,660
1940,2017-11-16,24.850000,24.850000,24.850000,24.850000,0
1940,2017-11-17,24.925000,24.925000,24.925000,24.925000,20
1940,2017-11-20,24.520000,25.200000,24.500000,24.650000,1460
1940,2017-11-21,24.515000,24.515000,24.450000,24.470000,680
1940,2017-11-22,25.045000,25.045000,25.045000,25.045000,5260
1940,2017-11-24,24.350000,24.350000,24.350000,24.350000,80
1940,2017-11-27,24.350000,24.350000,24.350000,24.350000,0
1940,2017-11-28,24.450000,24.650000,24.250000,24.250000,280
1940,2017-11-29,24.250000,24.250000,24.250000,24.250000,0
1940,2017-11-30,24.250000,24.250000,24.250000,24.250000,0
1940,2017-12-01,26.915000,27.050000,25.850000,26.150000,4520
1940,2017-12-04,25.575000,25.950000,24.850000,25.000000,3720
1940,2017-12-05,24.750000,24.950000,24.600000,24.800000,1160
1940,2017-12-06,24.650000,24.650000,24.250000,24.650000,880
1940,2017-12-07,24.500000,24.500000,24.500000,24.500000,60
1940,2017-12-08,24.500000,24.500000,24.400000,24.405000,140
1940,2017-12-11,24.400000,24.750000,24.400000,24.750000,600
1940,2017-12-12,25.100000,25.700000,24.950000,25.530000,860
1940,2017-12-13,25.300000,25.300000,25.150000,25.150000,500
1940,2017-12-14,25.625000,26.550000,25.625000,26.550000,80
1940,2017-12-15,26.025000,26.400000,26.025000,26.400000,60
1940,2017-12-18,26.610000,26.850000,26.475000,26.850000,380
1940,2017-12-19,26.850000,26.850000,26.850000,26.850000,40
1940,2017-12-20,27.150000,27.250000,27.150000,27.250000,60
1940,2017-12-21,27.250000,27.250000,27.000000,27.095000,220
1940,2017-12-22,27.095000,27.095000,27.095000,27.095000,0
1940,2017-12-26,27.095000,27.095000,27.095000,27.095000,0
1940,2017-12-27,27.075000,27.380000,26.700000,26.975000,1840
1940,2017-12-28,26.975000,26.975000,26.975000,26.975000,0
1940,2017-12-29,27.190000,27.495000,27.190000,27.495000,160
1940,2018-01-02,27.495000,27.495000,27.495000,27.495000,0
1940,2018-01-03,27.350000,27.500000,27.350000,27.500000,1000
1940,2018-01-04,27.400000,27.400000,26.900000,27.245000,540
1940,2018-01-05,27.300000,27.500000,27.300000,27.300000,680
1940,2018-01-08,27.600000,27.600000,26.950000,26.950000,980
1940,2018-01-09,27.125000,27.125000,27.125000,27.125000,40
1940,2018-01-10,27.125000,27.125000,27.125000,27.125000,0
1940,2018-01-11,27.400000,27.825000,27.400000,27.825000,120
1940,2018-01-12,28.425000,28.425000,28.425000,28.425000,40
1940,2018-01-16,28.250000,28.250000,27.500000,27.550000,880
1940,2018-01-17,28.250000,28.250000,27.550000,27.550000,840
1940,2018-01-18,27.550000,27.550000,27.550000,27.550000,180
1940,2018-01-19,27.400000,27.605000,27.400000,27.550000,840
1940,2018-01-22,28.850000,29.085000,28.750000,28.750000,3400
1940,2018-01-23,29.050000,29.200000,28.300000,28.300000,400
1940,2018-01-24,28.800000,28.800000,28.300000,28.300000,240
1940,2018-01-25,29.500000,29.500000,29.500000,29.500000,220
1940,2018-01-26,29.345000,29.345000,29.300000,29.300000,41120
1940,2018-01-29,28.450000,28.450000,28.300000,28.300000,60
1940,2018-01-30,28.300000,28.300000,28.300000,28.300000,0
1940,2018-01-31,28.300000,28.300000,28.300000,28.300000,0
1940,2018-02-01,28.300000,29.365000,28.300000,29.365000,720
1940,2018-02-02,28.650000,28.650000,27.900000,27.900000,340
1940,2018-02-05,27.700000,27.700000,27.250000,27.250000,60
1940,2018-02-06,27.000000,27.000000,27.000000,27.000000,200
1940,2018-02-07,27.100000,27.100000,27.100000,27.100000,120
1940,2018-02-08,27.750000,27.750000,27.750000,27.750000,40
1940,2018-02-09,26.820000,26.820000,26.820000,26.820000,2520
1940,2018-02-12,26.960000,26.960000,26.960000,26.960000,200
1940,2018-02-13,27.625000,27.850000,27.500000,27.850000,4860
1940,2018-02-14,28.415000,28.415000,27.850000,27.850000,680
1940,2018-02-15,26.565000,26.565000,26.475000,26.475000,860
1940,2018-02-16,27.000000,27.000000,27.000000,27.000000,920
1940,2018-02-20,26.950000,27.050000,26.250000,26.250000,1780
1940,2018-02-21,26.950000,26.950000,26.950000,26.950000,20
1940,2018-02-22,27.505000,27.505000,27.505000,27.505000,3780
1940,2018-02-23,26.600000,26.600000,26.600000,26.600000,60
1940,2018-02-26,26.760000,26.760000,26.000000,26.000000,620
1940,2018-02-27,26.000000,26.000000,25.600000,25.600000,1040
1940,2018-02-28,26.690000,26.690000,25.850000,25.850000,160
1940,2018-03-01,25.850000,25.850000,25.850000,25.850000,0
1940,2018-03-02,25.850000,25.850000,25.850000,25.850000,0
1940,2018-03-05,26.350000,26.350000,26.350000,26.350000,560
1940,2018-03-06,27.000000,27.000000,27.000000,27.000000,480
1940,2018-03-07,27.250000,27.900000,27.250000,27.900000,540
1940,2018-03-08,27.750000,27.750000,27.750000,27.750000,680
1940,2018-03-09,27.750000,27.750000,27.750000,27.750000,0
1940,2018-03-12,28.000000,28.000000,28.000000,28.000000,80
1940,2018-03-13,28.000000,28.000000,28.000000,28.000000,0
1940,2018-03-14,27.980000,27.980000,27.980000,27.980000,920
1940,2018-03-15,27.980000,27.980000,27.980000,27.980000,0
1940,2018-03-16,27.980000,27.980000,27.980000,27.980000,0
1940,2018-03-19,28.225000,28.225000,28.225000,28.225000,40
1940,2018-03-20,28.225000,28.225000,28.225000,28.225000,0
1940,2018-03-21,28.400000,28.675000,28.250000,28.250000,1640
1940,2018-03-22,28.250000,28.250000,28.250000,28.250000,0
1940,2018-03-23,28.250000,28.250000,28.250000,28.250000,0
1940,2018-03-26,27.950000,28.250000,27.950000,28.250000,440
1940,2018-03-27,28.000000,28.000000,28.000000,28.000000,340
1940,2018-03-28,28.000000,28.000000,28.000000,28.000000,40
1940,2018-03-29,28.000000,28.000000,28.000000,28.000000,0
1940,2018-04-02,29.025000,29.025000,27.850000,27.850000,100
1940,2018-04-03,28.175000,28.175000,27.825000,27.825000,280
1940,2018-04-04,27.650000,27.650000,27.650000,27.650000,100
1940,2018-04-05,27.950000,27.950000,27.950000,27.950000,260
1940,2018-04-06,27.305000,27.910000,27.305000,27.910000,2900
1940,2018-04-09,27.150000,27.650000,27.150000,27.650000,280
1940,2018-04-10,27.650000,27.650000,27.650000,27.650000,0
1940,2018-04-11,28.200000,28.365000,28.200000,28.365000,220
1940,2018-04-12,28.450000,28.450000,28.450000,28.450000,420
1940,2018-04-13,28.450000,28.450000,28.450000,28.450000,0
1940,2018-04-16,28.450000,28.450000,28.450000,28.450000,0
1940,2018-04-17,28.450000,28.450000,28.450000,28.450000,0
1940,2018-04-18,30.250000,30.250000,30.175000,30.175000,60
1940,2018-04-19,30.500000,30.950000,30.400000,30.400000,440
1940,2018-04-20,30.400000,30.400000,30.400000,30.400000,0
1940,2018-04-23,31.050000,31.500000,30.860000,31.500000,540
1940,2018-04-24,31.025000,31.350000,30.925000,30.960000,6200
1940,2018-04-25,31.070000,31.070000,31.070000,31.070000,40
1940,2018-04-26,31.550000,31.550000,31.050000,31.055000,480
1940,2018-04-27,31.550000,31.800000,31.400000,31.800000,1040
1940,2018-04-30,31.100000,31.500000,31.100000,31.500000,9940
1940,2018-05-01,31.335000,31.400000,31.335000,31.400000,560
1940,2018-05-02,31.200000,31.200000,30.540000,30.650000,440
1940,2018-05-03,30.650000,30.650000,30.650000,30.650000,0
1940,2018-05-04,30.650000,30.650000,30.650000,30.650000,0
1940,2018-05-07,30.750000,30.750000,30.750000,30.750000,40
1940,2018-05-08,31.450000,31.450000,31.450000,31.450000,100
1940,2018-05-09,32.025000,32.025000,32.025000,32.025000,760
1940,2018-05-10,31.310000,31.310000,31.310000,31.310000,160
1940,2018-05-11,31.350000,31.350000,31.350000,31.350000,160
1940,2018-05-14,30.900000,30.900000,30.900000,30.900000,300
1940,2018-05-15,30.900000,30.900000,30.900000,30.900000,0
1940,2018-05-16,31.350000,31.445000,31.350000,31.445000,180
1940,2018-05-17,31.600000,31.600000,31.600000,31.600000,40
1940,2018-05-18,30.750000,31.150000,30.750000,31.150000,360
1940,2018-05-21,31.060000,31.800000,31.060000,31.790000,640
1940,2018-05-22,31.995000,31.995000,31.490000,31.490000,1340
1940,2018-05-23,31.050000,31.675000,31.050000,31.675000,1400
1940,2018-05-24,31.750000,31.750000,31.150000,31.150000,60
1940,2018-05-25,31.400000,31.400000,31.375000,31.375000,180
1940,2018-05-29,31.375000,31.375000,31.375000,31.375000,0
1940,2018-05-30,31.910000,31.910000,31.775000,31.775000,180
1940,2018-05-31,32.025000,32.025000,32.025000,32.025000,40
1940,2018-06-01,32.275000,32.300000,32.200000,32.250000,220
1940,2018-06-04,32.250000,32.850000,32.250000,32.325000,460
1940,2018-06-05,33.600000,33.600000,33.600000,33.600000,60
1940,2018-06-06,33.600000,33.600000,33.600000,33.600000,0
1940,2018-06-07,33.450000,33.450000,33.220000,33.300000,280
1940,2018-06-08,33.300000,33.400000,32.550000,33.400000,360
1940,2018-06-11,32.750000,32.750000,32.750000,32.750000,20
1940,2018-06-12,32.250000,33.200000,32.250000,33.200000,140
1940,2018-06-13,33.200000,33.200000,33.200000,33.200000,0
1940,2018-06-14,33.200000,33.200000,33.200000,33.200000,0
1940,2018-06-15,25.650000,25.650000,23.000000,23.000000,1960
1940,2018-06-18,23.625000,24.800000,23.550000,24.800000,1160
1940,2018-06-19,23.800000,23.990000,23.200000,23.440000,1100
1940,2018-06-20,24.005000,24.350000,24.005000,24.250000,540
1940,2018-06-21,24.250000,24.250000,24.250000,24.250000,0
1940,2018-06-22,24.250000,24.250000,24.250000,24.250000,0
1940,2018-06-25,24.960000,25.500000,24.960000,25.500000,1740
1940,2018-06-26,25.500000,25.500000,25.500000,25.500000,0
1940,2018-06-27,25.565000,25.565000,24.900000,24.900000,240
1940,2018-06-28,25.000000,25.000000,25.000000,25.000000,6040
1940,2018-06-29,25.220000,25.220000,25.220000,25.220000,740
1940,2018-07-02,24.950000,25.000000,24.445000,25.000000,540
1940,2018-07-03,25.100000,25.100000,25.100000,25.100000,40
1940,2018-07-05,25.100000,25.100000,25.100000,25.100000,0
1940,2018-07-06,24.650000,24.650000,24.500000,24.500000,580
1940,2018-07-09,24.750000,24.925000,24.750000,24.925000,2020
1940,2018-07-10,25.015000,25.015000,25.015000,25.015000,100
1940,2018-07-11,18.450000,18.550000,17.500000,17.750000,79620
1940,2018-07-12,17.800000,19.250000,17.800000,19.250000,660
1940,2018-07-13,19.200000,19.450000,19.200000,19.450000,920
1940,2018-07-16,23.600000,23.750000,22.850000,23.100000,3540
1940,2018-07-17,23.175000,23.275000,23.175000,23.275000,300
1940,2018-07-18,23.250000,23.250000,23.250000,23.250000,1240
1940,2018-07-19,22.900000,22.900000,22.590000,22.590000,1400
1940,2018-07-20,22.150000,22.250000,21.800000,22.000000,240
1940,2018-07-23,21.575000,21.575000,21.000000,21.000000,660
1940,2018-07-24,21.600000,21.850000,21.350000,21.850000,780
1940,2018-07-25,19.600000,20.800000,19.250000,19.750000,64040
1940,2018-07-26,19.705000,20.175000,19.705000,20.175000,180
1940,2018-07-27,20.925000,21.100000,20.925000,21.100000,260
1940,2018-07-30,20.550000,20.550000,19.950000,19.950000,500
1940,2018-07-31,20.000000,20.000000,20.000000,20.000000,60
1940,2018-08-01,20.000000,20.000000,20.000000,20.000000,0
1940,2018-08-02,20.000000,20.000000,20.000000,20.000000,0
1940,2018-08-03,19.900000,19.900000,19.550000,19.550000,220
1940,2018-08-06,19.550000,19.550000,19.550000,19.550000,0
1940,2018-08-07,18.950000,18.950000,18.950000,18.950000,40
1940,2018-08-08,18.950000,19.315000,18.950000,19.315000,1280
1940,2018-08-09,19.075000,19.650000,18.900000,18.900000,1080
1940,2018-08-10,18.900000,18.900000,18.900000,18.900000,0
1940,2018-08-13,18.900000,18.900000,18.900000,18.900000,0
1940,2018-08-14,19.300000,19.300000,18.300000,18.300000,360
1940,2018-08-15,18.300000,18.300000,18.300000,18.300000,0
1940,2018-08-16,17.250000,17.950000,17.250000,17.600000,6260
1940,2018-08-17,17.795000,17.795000,17.795000,17.795000,60
1940,2018-08-20,17.750000,17.750000,16.950000,16.950000,660
1940,2018-08-21,17.060000,17.200000,16.500000,16.500000,4440
1940,2018-08-22,16.850000,16.850000,16.800000,16.800000,140
1940,2018-08-23,17.240000,17.240000,17.000000,17.000000,2300
1940,2018-08-24,17.000000,17.000000,17.000000,17.000000,1680
1940,2018-08-27,17.475000,17.475000,17.475000,17.475000,60
1940,2018-08-28,17.300000,17.300000,17.300000,17.300000,400
1940,2018-08-29,17.250000,17.575000,17.250000,17.575000,280
1940,2018-08-30,17.575000,17.575000,17.575000,17.575000,0
1940,2018-08-31,17.575000,17.575000,17.575000,17.575000,0
1940,2018-09-04,16.825000,16.825000,16.825000,16.825000,20
1940,2018-09-05,16.555000,16.555000,16.555000,16.555000,40
1940,2018-09-06,16.555000,16.555000,16.555000,16.555000,0
1940,2018-09-07,16.650000,16.650000,16.650000,16.650000,180
1940,2018-09-10,16.650000,16.650000,16.650000,16.650000,0
1940,2018-09-11,16.650000,16.650000,16.650000,16.650000,0
1940,2018-09-12,17.625000,17.625000,17.625000,17.625000,40
1940,2018-09-13,17.625000,17.625000,17.625000,17.625000,0
1940,2018-09-14,17.625000,17.625000,17.625000,17.625000,60
1940,2018-09-17,17.200000,17.200000,17.200000,17.200000,20
1940,2018-09-18,17.200000,17.200000,17.200000,17.200000,0
1940,2018-09-19,17.650000,17.650000,17.650000,17.650000,20
1940,2018-09-20,17.650000,17.650000,17.650000,17.650000,0
1940,2018-09-21,17.650000,17.650000,17.650000,17.650000,0
1940,2018-09-24,17.150000,17.150000,17.150000,17.150000,100
1940,2018-09-25,16.800000,16.995000,16.800000,16.995000,680
1940,2018-09-26,17.100000,17.100000,13.750000,13.760000,740
1940,2018-09-27,12.200000,12.450000,11.800000,11.800000,780
1940,2018-09-28,12.100000,12.100000,12.100000,12.100000,120
1940,2018-10-01,12.200000,12.850000,12.200000,12.850000,900
1940,2018-10-02,11.800000,11.800000,11.750000,11.750000,280
1940,2018-10-03,12.900000,12.900000,12.690000,12.825000,940
1940,2018-10-04,13.650000,13.670000,13.000000,13.000000,160
1940,2018-10-05,13.000000,13.000000,13.000000,13.000000,0
1940,2018-10-08,13.000000,13.000000,13.000000,13.000000,0
1940,2018-10-09,12.750000,12.750000,12.750000,12.750000,20
1940,2018-10-10,13.450000,13.450000,13.050000,13.450000,540
1940,2018-10-11,13.450000,13.450000,13.450000,13.450000,0
1940,2018-10-12,13.450000,13.450000,13.450000,13.450000,0
1940,2018-10-15,12.850000,12.850000,12.850000,12.850000,20
1940,2018-10-16,13.000000,13.000000,12.700000,12.800000,360
1940,2018-10-17,12.500000,12.500000,12.500000,12.500000,20100
1940,2018-10-18,12.840000,12.840000,12.750000,12.750000,260
1940,2018-10-19,12.875000,12.875000,12.875000,12.875000,200
1940,2018-10-22,12.900000,12.900000,12.900000,12.900000,40
1940,2018-10-23,12.900000,12.900000,12.900000,12.900000,0
1940,2018-10-24,12.900000,12.900000,12.900000,12.900000,0
1940,2018-10-25,11.750000,11.750000,11.750000,11.750000,380
1940,2018-10-26,11.750000,11.750000,11.750000,11.750000,0
1940,2018-10-29,11.890000,12.050000,11.500000,11.500000,520
1940,2018-10-30,11.500000,11.500000,11.500000,11.500000,0
1940,2018-10-31,11.960000,11.960000,11.850000,11.850000,860
1940,2018-11-01,11.850000,11.850000,11.850000,11.850000,0
1940,2018-11-02,13.075000,13.100000,12.750000,13.100000,260
1940,2018-11-05,12.890000,12.890000,12.890000,12.890000,80
1940,2018-11-06,13.465000,13.790000,13.300000,13.790000,440
1940,2018-11-07,13.975000,13.975000,13.650000,13.650000,520
1940,2018-11-08,13.650000,13.650000,13.650000,13.650000,0
1940,2018-11-09,13.500000,13.500000,13.500000,13.500000,140
1940,2018-11-12,13.950000,13.950000,13.500000,13.500000,1760
1940,2018-11-13,14.000000,14.375000,13.750000,13.750000,5440
1940,2018-11-14,13.340000,13.370000,13.250000,13.370000,480
1940,2018-11-15,13.370000,13.370000,13.370000,13.370000,0
1940,2018-11-16,13.000000,13.000000,12.550000,12.550000,400
1940,2018-11-19,13.050000,13.400000,12.750000,12.750000,1000
1940,2018-11-20,12.625000,12.625000,7.175000,7.450000,800
1940,2018-11-21,7.450000,7.450000,7.450000,7.450000,0
1940,2018-11-23,7.450000,7.450000,7.450000,7.450000,0
1940,2018-11-26,7.450000,7.450000,7.450000,7.450000,0
1940,2018-11-27,7.450000,7.450000,7.450000,7.450000,0
1940,2018-11-28,6.050000,6.050000,6.050000,6.050000,240
1940,2018-11-29,6.425000,6.425000,6.200000,6.200000,620
1940,2018-11-30,6.325000,6.545000,6.250000,6.250000,600
1940,2018-12-03,6.250000,6.250000,6.250000,6.250000,0
1940,2018-12-04,6.200000,6.200000,6.200000,6.200000,160
1940,2018-12-06,5.150000,5.300000,5.150000,5.300000,600
1940,2018-12-07,5.300000,5.300000,5.300000,5.300000,0
1940,2018-12-10,4.755000,4.760000,4.750000,4.760000,3380
1940,2018-12-11,5.150000,5.150000,5.150000,5.150000,200
1940,2018-12-12,5.600000,5.750000,5.500000,5.500000,1240
1940,2018-12-13,5.710000,5.710000,5.710000,5.710000,200
1940,2018-12-14,6.000000,6.000000,5.800000,5.800000,280
1940,2018-12-17,5.800000,5.800000,5.800000,5.800000,0
1940,2018-12-18,7.400000,7.400000,7.025000,7.025000,40
1940,2018-12-19,7.025000,7.025000,7.025000,7.025000,0
1940,2018-12-20,6.950000,7.150000,6.900000,7.150000,460
1940,2018-12-21,7.400000,7.750000,7.400000,7.450000,480
1940,2018-12-24,6.550000,6.550000,6.550000,6.550000,200
1940,2018-12-26,6.600000,6.600000,6.600000,6.600000,260
1940,2018-12-27,6.750000,6.800000,6.500000,6.700000,1420
1940,2018-12-28,6.650000,6.650000,6.650000,6.650000,140
1940,2018-12-31,6.800000,7.010000,6.750000,6.750000,19000
1940,2019-01-02,7.170000,7.170000,7.170000,7.170000,600
1940,2019-01-03,6.850000,6.850000,6.850000,6.850000,40
1940,2019-01-04,7.600000,8.100000,7.600000,8.100000,2220
1940,2019-01-07,7.675000,7.675000,7.675000,7.675000,200
1940,2019-01-08,7.810000,7.850000,7.810000,7.810000,780
1940,2019-01-09,7.550000,7.825000,7.550000,7.825000,460
1940,2019-01-10,7.950000,7.950000,7.950000,7.950000,140
1940,2019-01-11,7.650000,7.850000,7.650000,7.850000,100
1940,2019-01-14,7.700000,7.700000,7.450000,7.450000,160
1940,2019-01-15,7.750000,7.775000,7.750000,7.775000,1160
1940,2019-01-16,7.975000,7.975000,7.975000,7.975000,60
1940,2019-01-17,7.650000,7.650000,7.650000,7.650000,140
1940,2019-01-18,8.025000,8.025000,8.025000,8.025000,20
1940,2019-01-22,8.025000,8.025000,8.025000,8.025000,0
1940,2019-01-23,8.025000,8.025000,8.025000,8.025000,0
1940,2019-01-24,7.375000,7.375000,7.100000,7.100000,80
1940,2019-01-25,7.100000,7.100000,7.100000,7.100000,0
1940,2019-01-28,7.200000,7.200000,7.000000,7.000000,180
1940,2019-01-29,7.350000,7.400000,7.350000,7.400000,2040
1940,2019-01-30,7.350000,7.450000,7.350000,7.450000,540
1940,2019-01-31,7.450000,7.450000,7.450000,7.450000,0
1940,2019-02-01,7.475000,7.475000,7.475000,7.475000,100
1940,2019-02-04,7.150000,7.150000,7.150000,7.150000,500
1940,2019-02-05,6.600000,6.625000,6.400000,6.400000,80
1940,2019-02-06,6.490000,6.490000,6.490000,6.490000,20
1940,2019-02-07,6.490000,6.490000,6.490000,6.490000,0
1940,2019-02-08,6.465000,6.480000,6.465000,6.480000,240
1940,2019-02-11,6.550000,6.825000,6.550000,6.825000,300
1940,2019-02-12,6.725000,6.745000,6.500000,6.500000,900
1940,2019-02-13,6.700000,6.900000,6.700000,6.900000,100
1940,2019-02-14,6.850000,6.850000,6.850000,6.850000,20
1940,2019-02-15,7.550000,7.550000,7.550000,7.550000,40
1940,2019-02-19,7.550000,7.550000,7.550000,7.550000,0
1940,2019-02-20,6.650000,6.650000,6.650000,6.650000,40
1940,2019-02-21,6.750000,6.750000,6.750000,6.750000,20
1940,2019-02-22,7.015000,7.015000,7.015000,7.015000,80
1940,2019-02-25,7.015000,7.015000,7.015000,7.015000,0
1940,2019-02-26,6.750000,6.750000,6.600000,6.600000,320
1940,2019-02-27,6.795000,7.025000,6.795000,7.000000,5180
1940,2019-02-28,6.850000,6.850000,6.850000,6.850000,1340
1940,2019-03-01,6.850000,6.850000,6.850000,6.850000,0
1940,2019-03-04,6.850000,6.850000,6.850000,6.850000,0
1940,2019-03-05,7.050000,7.050000,7.050000,7.050000,140
1940,2019-03-06,7.050000,7.050000,7.050000,7.050000,0
1940,2019-03-07,7.050000,7.050000,7.050000,7.050000,0
1940,2019-03-08,7.050000,7.050000,7.050000,7.050000,0
1940,2019-03-11,7.300000,7.500000,7.300000,7.500000,240
1940,2019-03-12,7.250000,7.250000,7.250000,7.250000,100
1940,2019-03-13,7.150000,7.150000,7.150000,7.150000,20
1940,2019-03-14,7.425000,7.425000,7.150000,7.150000,700
1940,2019-03-15,7.550000,7.550000,7.400000,7.400000,4220
1940,2019-03-18,7.200000,7.200000,7.200000,7.200000,40
1940,2019-03-19,7.310000,7.310000,7.200000,7.200000,120
1940,2019-03-20,7.380000,7.380000,7.200000,7.200000,120
1940,2019-03-21,7.000000,7.000000,7.000000,7.000000,100
1940,2019-03-22,7.050000,7.050000,7.050000,7.050000,100
1940,2019-03-25,6.780000,6.780000,6.435000,6.435000,360
1940,2019-03-26,6.750000,6.750000,6.500000,6.500000,120
1940,2019-03-27,6.500000,6.500000,6.500000,6.500000,0
1940,2019-03-28,6.500000,6.500000,6.500000,6.500000,0
1940,2019-03-29,6.000000,6.000000,6.000000,6.000000,20
1940,2019-04-01,6.250000,6.475000,6.250000,6.475000,420
1940,2019-04-02,6.700000,6.700000,6.700000,6.700000,40
1940,2019-04-03,6.700000,6.700000,6.700000,6.700000,0
1940,2019-04-04,6.275000,6.275000,6.100000,6.100000,2780
1940,2019-04-05,6.100000,6.100000,6.100000,6.100000,0
1940,2019-04-08,6.100000,6.100000,6.100000,6.100000,0
1940,2019-04-09,6.100000,6.100000,6.100000,6.100000,0
1940,2019-04-10,2.310000,2.500000,1.750000,2.400000,71680
1940,2019-04-11,2.050000,2.085000,2.005000,2.075000,9500
1940,2019-04-12,2.105000,2.450000,2.105000,2.450000,46440
1940,2019-04-15,2.825000,2.930000,2.750000,2.900000,16920
1940,2019-04-16,2.880000,2.930000,2.725000,2.900000,800
1940,2019-04-17,2.650000,2.850000,2.625000,2.850000,900
1940,2019-04-18,2.760000,2.825000,2.750000,2.810000,660
1940,2019-04-22,2.860000,2.860000,2.860000,2.860000,40
1940,2019-04-23,2.945000,2.945000,2.665000,2.910000,5420
1940,2019-04-24,2.900000,2.945000,2.715000,2.780000,1660
1940,2019-04-25,2.695000,2.695000,2.695000,2.695000,100
1940,2019-04-26,2.695000,2.695000,2.695000,2.695000,0
1940,2019-04-29,2.450000,2.450000,2.420000,2.420000,340
1940,2019-04-30,2.405000,2.405000,2.405000,2.405000,40
1940,2019-05-01,2.405000,2.405000,2.405000,2.405000,0
1940,2019-05-02,2.405000,2.405000,2.405000,2.405000,0
1940,2019-05-03,2.405000,2.405000,2.405000,2.405000,0
1940,2019-05-06,2.565000,2.565000,2.565000,2.565000,180
1940,2019-05-07,2.445000,2.445000,2.415000,2.415000,300
1940,2019-05-08,2.595000,2.595000,2.595000,2.595000,60
1940,2019-05-09,2.775000,2.775000,2.620000,2.620000,1980
1940,2019-05-10,2.620000,2.620000,2.620000,2.620000,0
1940,2019-05-13,2.740000,2.740000,2.740000,2.740000,1000
1940,2019-05-14,2.740000,2.740000,2.740000,2.740000,0
1940,2019-05-15,2.740000,2.740000,2.740000,2.740000,0
1940,2019-05-16,3.475000,3.475000,3.250000,3.250000,800
1940,2019-05-17,3.145000,3.145000,3.145000,3.145000,120
1940,2019-05-20,3.145000,3.145000,3.145000,3.145000,0
1940,2019-05-21,3.145000,3.145000,3.145000,3.145000,0
1940,2019-05-22,3.145000,3.145000,3.145000,3.145000,0
1940,2019-05-23,3.145000,3.145000,3.145000,3.145000,0
1940,2019-05-24,3.145000,3.145000,3.145000,3.145000,0
1940,2019-05-28,3.145000,3.145000,3.145000,3.145000,0
1940,2019-05-29,2.695000,2.695000,2.695000,2.695000,60
1940,2019-05-30,2.695000,2.695000,2.695000,2.695000,0
1940,2019-05-31,2.695000,2.695000,2.695000,2.695000,0
1940,2019-06-03,2.695000,2.695000,2.695000,2.695000,0
1940,2019-06-04,2.695000,2.695000,2.695000,2.695000,0
1940,2019-06-05,2.840000,2.840000,2.805000,2.805000,660
1940,2019-06-06,3.025000,3.025000,3.025000,3.025000,80
1940,2019-06-07,3.025000,3.025000,3.025000,3.025000,0
1940,2019-06-10,2.885000,2.885000,2.690000,2.690000,260
1940,2019-06-11,2.745000,2.865000,2.745000,2.865000,120
1940,2019-06-12,2.865000,2.865000,2.865000,2.865000,0
1940,2019-06-13,2.745000,2.745000,2.745000,2.745000,60
1940,2019-06-14,2.715000,2.715000,2.705000,2.705000,3320
1940,2019-06-17,2.770000,2.770000,2.770000,2.770000,80
1940,2019-06-18,2.770000,2.770000,2.770000,2.770000,0
1940,2019-06-19,2.770000,2.770000,2.770000,2.770000,0
1940,2019-06-20,2.725000,2.890000,2.725000,2.890000,100
1940,2019-06-21,2.900000,2.900000,2.695000,2.695000,52120
1940,2019-06-24,2.555000,2.555000,2.555000,2.555000,140
1940,2019-06-25,2.555000,2.555000,2.555000,2.555000,0
1940,2019-06-26,2.555000,2.555000,2.555000,2.555000,40
1940,2019-06-27,2.555000,2.555000,2.555000,2.555000,0
1940,2019-06-28,2.555000,2.555000,2.555000,2.555000,0
1940,2019-07-01,2.555000,2.555000,2.555000,2.555000,0
1940,2019-07-02,2.555000,2.555000,2.555000,2.555000,0
1940,2019-07-03,2.555000,2.555000,2.555000,2.555000,0
1940,2019-07-05,3.050000,3.050000,3.050000,3.050000,400
1940,2019-07-08,3.050000,3.050000,3.050000,3.050000,400
1940,2019-07-09,3.050000,3.050000,3.050000,3.050000,0
1940,2019-07-10,3.050000,3.050000,3.050000,3.050000,0
1940,2019-07-11,3.095000,3.150000,2.930000,3.020000,3620
1940,2019-07-12,2.910000,2.910000,2.765000,2.765000,120
1940,2019-07-15,2.560000,2.560000,2.560000,2.560000,660
1940,2019-07-16,2.520000,2.690000,2.520000,2.690000,420
1940,2019-07-17,2.690000,2.690000,2.690000,2.690000,0
1940,2019-07-18,2.690000,2.690000,2.690000,2.690000,0
1940,2019-07-19,2.525000,2.525000,2.525000,2.525000,80
1940,2019-07-22,2.525000,2.525000,2.525000,2.525000,0
1940,2019-07-23,2.525000,2.525000,2.525000,2.525000,0
1940,2019-07-24,3.145000,3.145000,3.140000,3.140000,100
1940,2019-07-25,3.315000,3.425000,3.315000,3.315000,500
1940,2019-07-26,3.335000,3.500000,3.335000,3.500000,180
1940,2019-07-29,3.500000,3.500000,3.500000,3.500000,0
1940,2019-07-30,3.200000,3.200000,3.200000,3.200000,40
1940,2019-07-31,3.200000,3.200000,3.200000,3.200000,0
1940,2019-08-01,3.370000,3.370000,3.370000,3.370000,120
1940,2019-08-02,3.440000,3.440000,3.440000,3.440000,1600
1940,2019-08-05,3.440000,3.440000,3.440000,3.440000,0
1940,2019-08-06,3.440000,3.440000,3.440000,3.440000,0
1940,2019-08-07,3.540000,3.620000,3.520000,3.520000,1160
1940,2019-08-08,3.525000,3.525000,3.405000,3.405000,740
1940,2019-08-09,3.405000,3.405000,3.405000,3.405000,0
1940,2019-08-12,3.405000,3.405000,3.405000,3.405000,0
1940,2019-08-13,3.405000,3.405000,3.405000,3.405000,0
1940,2019-08-14,3.555000,3.700000,3.555000,3.700000,4020
1940,2019-08-15,3.700000,3.700000,3.700000,3.700000,0
1940,2019-08-16,3.650000,3.650000,3.600000,3.600000,2620
1940,2019-08-19,3.545000,3.545000,3.520000,3.520000,660
1940,2019-08-20,3.825000,3.825000,3.825000,3.825000,20
1940,2019-08-21,3.825000,3.825000,3.825000,3.825000,0
1940,2019-08-22,3.575000,3.575000,3.575000,3.575000,40
1940,2019-08-23,3.660000,3.660000,3.660000,3.660000,20
1940,2019-08-26,3.660000,3.660000,3.660000,3.660000,0
1940,2019-08-27,3.660000,3.660000,3.660000,3.660000,0
1940,2019-08-28,3.660000,3.660000,3.660000,3.660000,0
1940,2019-08-29,3.590000,3.590000,3.590000,3.590000,200
1940,2019-08-30,3.710000,3.710000,3.555000,3.555000,240
1940,2019-09-03,3.690000,3.690000,3.690000,3.690000,120
1940,2019-09-04,3.615000,3.615000,3.615000,3.615000,40
1940,2019-09-05,3.810000,3.810000,3.810000,3.810000,320
1940,2019-09-06,3.650000,3.650000,3.650000,3.650000,140
1940,2019-09-09,3.465000,3.465000,3.465000,3.465000,40
1940,2019-09-10,3.465000,3.465000,3.465000,3.465000,0
1940,2019-09-11,3.645000,3.645000,3.645000,3.645000,140
1940,2019-09-12,3.265000,3.265000,3.265000,3.265000,80
1940,2019-09-13,3.265000,3.265000,3.265000,3.265000,0
1940,2019-09-16,3.265000,3.265000,3.265000,3.265000,0
1940,2019-09-17,3.085000,3.210000,3.085000,3.210000,2040
1940,2019-09-18,3.210000,3.210000,3.210000,3.210000,0
1940,2019-09-19,3.200000,3.200000,3.200000,3.200000,300
1940,2019-09-20,3.270000,3.270000,3.150000,3.265000,700
1940,2019-09-23,3.430000,3.430000,3.270000,3.270000,60
1940,2019-09-24,3.320000,3.320000,2.985000,2.985000,360
1940,2019-09-25,2.800000,2.800000,2.780000,2.780000,1700
1940,2019-09-26,2.965000,2.975000,2.965000,2.975000,400
1940,2019-09-27,2.830000,3.200000,2.830000,3.200000,500
1940,2019-09-30,2.865000,2.865000,2.865000,2.865000,20
1940,2019-10-01,3.050000,3.050000,3.050000,3.050000,160
1940,2019-10-02,3.230000,3.240000,3.005000,3.005000,860
1940,2019-10-03,3.005000,3.005000,2.845000,2.845000,260
1940,2019-10-04,3.060000,3.105000,3.060000,3.105000,720
1940,2019-10-07,3.105000,3.105000,3.105000,3.105000,0
1940,2019-10-08,3.105000,3.105000,3.105000,3.105000,0
1940,2019-10-09,3.105000,3.105000,3.105000,3.105000,0
1940,2019-10-10,3.250000,3.250000,2.855000,2.855000,240
1940,2019-10-11,2.985000,2.985000,2.985000,2.985000,400
1940,2019-10-14,2.990000,2.990000,2.990000,2.990000,140
1940,2019-10-15,3.125000,3.530000,3.125000,3.530000,1460
1940,2019-10-16,3.485000,3.485000,3.485000,3.485000,2200
1940,2019-10-17,3.500000,3.500000,3.165000,3.165000,380
1940,2019-10-18,3.225000,3.560000,3.225000,3.560000,360
1940,2019-10-21,3.390000,3.390000,2.970000,2.970000,180
1940,2019-10-22,2.970000,2.970000,2.970000,2.970000,0
1940,2019-10-23,2.940000,2.940000,2.540000,2.540000,240
1940,2019-10-24,2.685000,2.685000,2.560000,2.560000,1160
1940,2019-10-25,2.560000,2.560000,2.560000,2.560000,0
1940,2019-10-28,2.850000,2.850000,2.550000,2.550000,4580
1940,2019-10-29,2.755000,2.960000,2.755000,2.875000,4440
1940,2019-10-30,2.875000,2.875000,2.875000,2.875000,0
1940,2019-10-31,2.830000,2.830000,2.660000,2.705000,6540
1940,2019-11-01,2.750000,2.800000,2.475000,2.475000,7120
1940,2019-11-04,2.540000,2.540000,2.540000,2.540000,120
1940,2019-11-05,2.570000,2.690000,2.570000,2.690000,1440
1940,2019-11-06,2.695000,2.695000,2.695000,2.695000,200
1940,2019-11-07,2.605000,2.605000,2.535000,2.535000,960
1940,2019-11-08,2.950000,2.950000,2.730000,2.730000,340
1940,2019-11-11,2.750000,2.750000,2.750000,2.750000,200
1940,2019-11-12,2.560000,2.835000,2.560000,2.800000,36860
1940,2019-11-13,2.585000,2.820000,2.585000,2.820000,440
1940,2019-11-14,2.780000,2.780000,2.735000,2.735000,2840
1940,2019-11-15,2.785000,2.785000,2.515000,2.515000,2880
1940,2019-11-18,2.600000,2.635000,2.280000,2.280000,22300
1940,2019-11-19,2.280000,2.280000,2.280000,2.280000,0
1940,2019-11-20,2.355000,2.515000,2.355000,2.515000,27980
1940,2019-11-21,2.600000,2.600000,2.600000,2.600000,60
1940,2019-11-22,2.350000,2.650000,2.350000,2.650000,1880
1940,2019-11-25,2.510000,2.510000,2.340000,2.370000,34400
1940,2019-11-26,2.450000,2.650000,2.440000,2.650000,56340
1940,2019-11-27,2.650000,2.650000,2.650000,2.650000,0
1940,2019-11-29,2.790000,2.815000,2.650000,2.815000,4600
1940,2019-12-02,2.350000,2.730000,2.350000,2.730000,180
1940,2019-12-03,2.700000,2.735000,2.575000,2.735000,40580
1940,2019-12-04,2.680000,2.680000,2.535000,2.535000,300
1940,2019-12-05,2.540000,2.540000,2.540000,2.540000,20
1940,2019-12-06,2.550000,2.760000,2.550000,2.760000,120
1940,2019-12-09,2.760000,2.900000,2.740000,2.750000,1780
1940,2019-12-10,2.750000,2.750000,2.625000,2.635000,4620
1940,2019-12-11,2.650000,2.650000,2.650000,2.650000,200
1940,2019-12-12,2.980000,2.990000,2.950000,2.990000,380
1940,2019-12-13,2.650000,2.775000,2.650000,2.775000,220
1940,2019-12-16,2.720000,2.770000,2.650000,2.770000,1620
1940,2019-12-17,2.605000,2.650000,2.505000,2.650000,1340
1940,2019-12-18,2.545000,2.750000,2.545000,2.750000,3260
1940,2019-12-19,2.625000,2.665000,2.625000,2.665000,540
1940,2019-12-20,2.540000,2.555000,2.540000,2.555000,500
1940,2019-12-23,2.745000,2.750000,2.540000,2.635000,3520
1940,2019-12-24,2.770000,2.800000,2.630000,2.630000,3380
1940,2019-12-26,2.630000,2.630000,2.630000,2.630000,0
1940,2019-12-27,2.700000,2.850000,2.700000,2.835000,540
1940,2019-12-30,2.825000,2.825000,2.540000,2.600000,3560
1940,2019-12-31,2.600000,2.600000,2.600000,2.600000,20
1940,2020-01-02,2.820000,2.820000,2.635000,2.635000,1120
1940,2020-01-03,2.525000,2.725000,2.500000,2.580000,1040
1940,2020-01-06,2.625000,2.625000,2.625000,2.625000,100
1940,2020-01-07,2.675000,2.675000,2.650000,2.650000,5500
1940,2020-01-08,2.675000,2.675000,2.290000,2.600000,7020
1940,2020-01-09,2.600000,2.600000,2.600000,2.600000,0
1940,2020-01-10,2.435000,2.640000,2.435000,2.505000,280
1940,2020-01-13,2.500000,2.635000,2.500000,2.600000,2020
1940,2020-01-14,2.440000,2.550000,2.300000,2.505000,1100
1940,2020-01-15,2.345000,2.465000,2.285000,2.465000,23200
1940,2020-01-16,2.495000,2.495000,2.315000,2.315000,160
1940,2020-01-17,2.150000,2.500000,2.150000,2.450000,3180
1940,2020-01-21,2.225000,2.455000,2.225000,2.405000,540
1940,2020-01-22,2.150000,2.150000,2.150000,2.150000,100
1940,2020-01-23,2.350000,2.455000,2.280000,2.280000,1560
1940,2020-01-24,2.470000,2.470000,2.130000,2.350000,3060
1940,2020-01-27,2.355000,2.495000,2.355000,2.495000,1460
1940,2020-01-28,2.475000,2.475000,2.475000,2.475000,2000
1940,2020-01-29,2.475000,2.475000,2.475000,2.475000,0
1940,2020-01-30,2.660000,2.660000,2.550000,2.550000,20440
1940,2020-01-31,2.600000,2.600000,2.450000,2.490000,340
1940,2020-02-03,2.660000,2.670000,2.300000,2.495000,1760
1940,2020-02-04,2.615000,2.615000,2.515000,2.600000,1640
1940,2020-02-05,2.805000,2.880000,2.625000,2.750000,860
1940,2020-02-06,2.880000,2.880000,2.750000,2.750000,3060
1940,2020-02-07,2.800000,3.040000,2.755000,2.900000,31780
1940,2020-02-10,3.050000,3.050000,2.825000,2.825000,1060
1940,2020-02-11,2.900000,2.900000,2.900000,2.900000,660
1940,2020-02-12,3.300000,3.300000,3.300000,3.300000,620
1940,2020-02-13,2.990000,2.990000,2.300000,2.775000,9420
1940,2020-02-14,2.580000,2.790000,2.475000,2.640000,3440
1940,2020-02-18,2.595000,2.595000,2.245000,2.585000,4520
1940,2020-02-19,2.490000,2.520000,2.175000,2.350000,11080
1940,2020-02-20,2.300000,2.460000,2.285000,2.460000,1700
1940,2020-02-21,2.590000,2.590000,2.415000,2.415000,40
1940,2020-02-24,2.305000,2.305000,2.305000,2.305000,200
1940,2020-02-25,2.700000,2.745000,2.335000,2.520000,2900
1940,2020-02-26,2.525000,2.525000,2.525000,2.525000,260
1940,2020-02-27,2.615000,2.945000,2.560000,2.820000,10460
1940,2020-02-28,2.850000,2.850000,2.525000,2.640000,2300
1940,2020-03-02,2.735000,2.965000,2.650000,2.650000,2640
1940,2020-03-03,3.100000,3.260000,2.600000,2.600000,15620
1940,2020-03-04,3.300000,3.300000,2.950000,2.955000,5860
1940,2020-03-05,3.150000,3.300000,3.150000,3.300000,3440
1940,2020-03-06,3.460000,3.475000,3.100000,3.100000,8600
1940,2020-03-09,3.315000,3.320000,2.600000,2.600000,1000
1940,2020-03-10,2.920000,3.030000,2.720000,3.030000,720
1940,2020-03-11,2.775000,3.220000,2.755000,3.220000,2380
1940,2020-03-12,2.900000,2.900000,2.485000,2.740000,9260
1940,2020-03-13,3.025000,3.130000,2.850000,3.130000,2140
1940,2020-03-16,2.180000,2.865000,2.180000,2.550000,1500
1940,2020-03-17,2.470000,2.825000,2.470000,2.750000,3760
1940,2020-03-18,2.650000,2.650000,2.650000,2.650000,220
1940,2020-03-19,2.565000,2.650000,2.250000,2.650000,4800
1940,2020-03-20,2.650000,2.750000,2.250000,2.250000,1280
1940,2020-03-23,2.605000,2.925000,2.605000,2.925000,100
1940,2020-03-24,2.615000,2.615000,2.615000,2.615000,20
1940,2020-03-25,3.155000,3.350000,3.155000,3.275000,6940
1940,2020-03-26,3.475000,3.700000,3.425000,3.675000,8080
1940,2020-03-27,3.145000,3.320000,3.145000,3.320000,760
1940,2020-03-30,3.300000,3.300000,3.090000,3.090000,4060
1940,2020-03-31,3.000000,3.000000,3.000000,3.000000,1000
1940,2020-04-01,3.000000,3.000000,3.000000,3.000000,0
1940,2020-04-02,2.900000,2.900000,2.900000,2.900000,60
1940,2020-04-03,2.980000,2.980000,2.980000,2.980000,20
1940,2020-04-06,2.705000,2.705000,2.705000,2.705000,160
1940,2020-04-07,2.885000,2.885000,2.530000,2.875000,3660
1940,2020-04-08,2.940000,2.940000,2.940000,2.940000,2020
1940,2020-04-09,3.160000,3.160000,2.980000,2.980000,5800
1940,2020-04-13,2.980000,2.980000,2.980000,2.980000,0
1940,2020-04-14,2.980000,2.980000,2.980000,2.980000,0
1940,2020-04-15,2.775000,2.775000,2.775000,2.775000,40
1940,2020-04-16,2.750000,2.950000,2.750000,2.755000,460
1940,2020-04-17,2.875000,2.875000,2.875000,2.875000,780
1940,2020-04-20,2.775000,2.800000,2.775000,2.800000,60
1940,2020-04-21,2.750000,3.085000,2.750000,3.085000,220
1940,2020-04-22,2.750000,2.915000,2.750000,2.915000,1660
1940,2020-04-23,3.150000,3.150000,3.150000,3.150000,1740
1940,2020-04-24,3.240000,3.445000,2.865000,3.300000,9620
1940,2020-04-27,3.405000,3.405000,2.960000,2.960000,1880
1940,2020-04-28,3.350000,3.625000,3.350000,3.620000,1500
1940,2020-04-29,3.100000,3.285000,3.100000,3.150000,1140
1940,2020-04-30,3.450000,3.450000,3.165000,3.165000,380
1940,2020-05-01,3.320000,3.320000,3.320000,3.320000,120
1940,2020-05-04,3.100000,3.100000,2.975000,2.975000,620
1940,2020-05-05,2.950000,2.950000,2.900000,2.900000,5160
1940,2020-05-06,2.750000,3.145000,2.750000,3.145000,1360
1940,2020-05-07,2.795000,2.795000,2.795000,2.795000,60
1940,2020-05-08,3.275000,3.275000,3.050000,3.050000,2820
1940,2020-05-11,3.170000,3.170000,3.000000,3.000000,100
1940,2020-05-12,3.000000,3.000000,3.000000,3.000000,0
1940,2020-05-13,2.860000,3.115000,2.860000,3.100000,3060
1940,2020-05-14,2.910000,2.910000,2.910000,2.910000,40
1940,2020-05-15,2.750000,2.975000,2.750000,2.800000,1280
1940,2020-05-18,2.800000,2.800000,2.800000,2.800000,0
1940,2020-05-19,3.010000,3.800000,3.010000,3.750000,2240
1940,2020-05-20,3.600000,3.920000,3.405000,3.420000,13820
1940,2020-05-21,3.440000,4.000000,3.440000,3.750000,14280
1940,2020-05-22,4.045000,4.050000,3.500000,3.745000,22960
1940,2020-05-26,3.510000,4.145000,3.510000,3.820000,13920
1940,2020-05-27,3.750000,3.750000,3.605000,3.605000,42320
1940,2020-05-28,3.975000,4.050000,3.750000,4.000000,3200
1940,2020-05-29,4.000000,4.000000,4.000000,4.000000,40
1940,2020-06-01,4.050000,4.300000,4.050000,4.300000,1580
1940,2020-06-02,4.065000,4.075000,3.900000,3.900000,20900
1940,2020-06-03,3.900000,4.165000,3.900000,4.165000,6020
1940,2020-06-04,4.115000,4.115000,4.115000,4.115000,300
1940,2020-06-05,3.815000,4.125000,3.810000,4.125000,560
1940,2020-06-08,4.300000,4.300000,3.705000,4.000000,600
1940,2020-06-09,4.400000,4.400000,4.000000,4.060000,3380
1940,2020-06-10,4.060000,4.060000,4.060000,4.060000,0
1940,2020-06-11,4.060000,4.060000,4.060000,4.060000,0
1940,2020-06-12,4.400000,4.505000,4.400000,4.400000,10980
1940,2020-06-15,4.450000,4.600000,4.250000,4.400000,4680
1940,2020-06-16,4.400000,4.400000,4.400000,4.400000,0
1940,2020-06-17,4.650000,5.250000,4.515000,5.000000,57880
1940,2020-06-18,5.050000,5.800000,5.050000,5.250000,2820
1940,2020-06-19,5.500000,5.500000,5.000000,5.000000,900
1940,2020-06-22,4.710000,4.710000,4.710000,4.710000,180
1940,2020-06-23,4.800000,4.800000,4.800000,4.800000,32200
1940,2020-06-24,4.800000,4.800000,4.800000,4.800000,0
1940,2020-06-25,4.500000,4.825000,4.500000,4.825000,80
1940,2020-06-26,4.500000,4.500000,4.500000,4.500000,20
1940,2020-06-29,5.000000,5.550000,4.800000,5.550000,1060
1940,2020-06-30,5.150000,5.150000,5.150000,5.150000,420
1940,2020-07-01,4.545000,4.545000,4.545000,4.545000,40
1940,2020-07-02,4.700000,5.250000,4.700000,5.250000,1740
1940,2020-07-06,5.900000,6.100000,5.900000,6.100000,3640
1940,2020-07-07,6.075000,6.250000,5.750000,6.000000,10280
1940,2020-07-08,5.750000,5.750000,5.530000,5.530000,4260
1940,2020-07-09,5.610000,5.750000,5.050000,5.240000,2840
1940,2020-07-10,5.350000,5.350000,5.350000,5.350000,120
1940,2020-07-13,5.350000,5.350000,5.350000,5.350000,0
1940,2020-07-14,4.700000,4.980000,4.700000,4.980000,260
1940,2020-07-15,4.980000,4.980000,4.980000,4.980000,0
1940,2020-07-16,5.000000,5.050000,5.000000,5.050000,980
1940,2020-07-17,5.000000,5.150000,5.000000,5.150000,7200
1940,2020-07-20,5.000000,5.250000,5.000000,5.250000,520
1940,2020-07-21,5.350000,5.500000,5.350000,5.400000,760
1940,2020-07-22,5.500000,5.750000,5.500000,5.750000,8020
1940,2020-07-23,6.000000,6.000000,5.200000,5.200000,600
1940,2020-07-24,5.350000,8.400000,5.350000,7.500000,56980
1940,2020-07-27,9.150000,9.560000,8.500000,8.850000,134320
1940,2020-07-28,9.400000,9.400000,8.980000,8.980000,300
1940,2020-07-29,8.770000,9.095000,8.750000,8.850000,5580
1940,2020-07-30,8.500000,9.250000,8.500000,9.250000,5920
1940,2020-07-31,8.750000,8.750000,8.750000,8.750000,40
1940,2020-08-03,8.775000,8.775000,8.775000,8.775000,8760
1940,2020-08-04,8.780000,8.780000,8.500000,8.500000,14300
1940,2020-08-05,8.040000,8.100000,8.040000,8.050000,9940
1940,2020-08-06,7.900000,7.900000,7.900000,7.900000,860
1940,2020-08-07,7.900000,7.950000,7.780000,7.950000,6760
1940,2020-08-10,7.600000,7.750000,7.550000,7.750000,5160
1940,2020-08-11,7.750000,7.750000,7.750000,7.750000,0
1940,2020-08-12,7.750000,7.750000,7.550000,7.750000,9080
1940,2020-08-13,7.750000,7.750000,7.750000,7.750000,0
1940,2020-08-14,7.750000,7.750000,7.700000,7.700000,3440
1940,2020-08-17,7.500000,7.750000,7.500000,7.750000,1140
1940,2020-08-18,7.750000,7.750000,7.750000,7.750000,0
1940,2020-08-19,7.900000,7.900000,7.800000,7.800000,200
1940,2020-08-20,7.800000,7.800000,7.800000,7.800000,0
1940,2020-08-21,8.000000,8.175000,8.000000,8.175000,160
1940,2020-08-24,7.600000,7.900000,7.600000,7.800000,1880
1940,2020-08-25,7.800000,8.000000,7.800000,8.000000,420
1940,2020-08-26,8.000000,8.000000,8.000000,8.000000,0
1940,2020-08-27,7.840000,7.840000,7.840000,7.840000,200
1940,2020-08-28,7.600000,7.645000,7.600000,7.645000,2040
1940,2020-08-31,7.500000,7.750000,7.500000,7.720000,460
1940,2020-09-01,7.900000,8.500000,7.900000,8.500000,1900
1940,2020-09-02,8.200000,8.275000,8.200000,8.275000,600
1940,2020-09-03,7.925000,7.925000,7.600000,7.600000,580
1940,2020-09-04,7.600000,7.600000,7.600000,7.600000,940
1940,2020-09-08,7.600000,7.600000,7.600000,7.600000,0
1940,2020-09-09,8.000000,8.000000,8.000000,8.000000,12940
1940,2020-09-10,7.750000,7.750000,7.450000,7.450000,2500
1940,2020-09-11,7.450000,7.450000,7.450000,7.450000,0
1940,2020-09-14,7.525000,7.525000,7.525000,7.525000,20
1940,2020-09-15,7.550000,7.550000,7.400000,7.550000,2420
1940,2020-09-16,7.500000,7.500000,7.500000,7.500000,140
1940,2020-09-17,7.500000,7.500000,7.500000,7.500000,0
1940,2020-09-18,7.500000,7.750000,7.500000,7.750000,2080
1940,2020-09-21,7.475000,7.475000,7.450000,7.450000,760
1940,2020-09-22,7.450000,7.450000,7.100000,7.100000,580
1940,2020-09-23,7.100000,7.100000,7.100000,7.100000,0
1940,2020-09-24,7.430000,7.800000,7.375000,7.375000,420
1940,2020-09-25,7.375000,7.375000,7.375000,7.375000,0
1940,2020-09-28,7.510000,7.650000,7.510000,7.650000,240
1940,2020-09-29,7.650000,7.650000,7.650000,7.650000,0
1940,2020-09-30,7.000000,7.000000,7.000000,7.000000,20
1940,2020-10-01,7.000000,7.000000,7.000000,7.000000,0
1940,2020-10-02,7.300000,7.350000,7.300000,7.350000,1000
1940,2020-10-05,7.350000,7.350000,7.350000,7.350000,0
1940,2020-10-06,7.350000,7.350000,7.350000,7.350000,0
1940,2020-10-07,7.000000,7.000000,6.825000,6.825000,80
1940,2020-10-08,7.000000,7.000000,7.000000,7.000000,1000
1940,2020-10-09,6.900000,7.250000,6.900000,7.250000,240
1940,2020-10-12,7.250000,7.350000,7.250000,7.350000,1720
1940,2020-10-13,7.350000,7.350000,7.350000,7.350000,0
1940,2020-10-14,7.050000,7.050000,6.500000,6.500000,1080
1940,2020-10-15,6.600000,6.600000,6.600000,6.600000,1000
1940,2020-10-16,6.825000,6.825000,6.825000,6.825000,20
1940,2020-10-19,6.355000,6.355000,6.250000,6.250000,100
1940,2020-10-20,6.750000,6.750000,6.750000,6.750000,100
1940,2020-10-21,6.800000,6.800000,6.800000,6.800000,1480
1940,2020-10-22,6.800000,6.800000,6.550000,6.800000,4320
1940,2020-10-23,6.500000,6.500000,6.500000,6.500000,340
1940,2020-10-26,6.500000,6.500000,6.500000,6.500000,0
1940,2020-10-27,6.800000,6.850000,6.800000,6.850000,3360
1940,2020-10-28,6.890000,6.890000,6.890000,6.890000,20
1940,2020-10-29,6.750000,6.865000,6.750000,6.750000,37500
1940,2020-10-30,6.750000,6.750000,6.750000,6.750000,0
1940,2020-11-02,7.005000,7.005000,7.005000,7.005000,15500
1940,2020-11-03,6.755000,6.950000,6.755000,6.950000,260
1940,2020-11-04,7.150000,7.150000,7.150000,7.150000,40
1940,2020-11-05,7.150000,7.150000,7.150000,7.150000,0
1940,2020-11-06,7.400000,7.400000,7.400000,7.400000,20
1940,2020-11-09,7.550000,7.550000,7.550000,7.550000,40
1940,2020-11-10,7.650000,7.650000,7.650000,7.650000,300
1940,2020-11-11,7.800000,7.800000,7.800000,7.800000,20
1940,2020-11-12,8.000000,8.100000,8.000000,8.100000,120
1940,2020-11-13,8.150000,8.200000,8.150000,8.200000,5640
1940,2020-11-16,8.200000,8.200000,8.200000,8.200000,60
1940,2020-11-17,7.750000,7.750000,7.750000,7.750000,100
1940,2020-11-18,8.600000,8.800000,8.600000,8.800000,100
1940,2020-11-19,8.550000,8.550000,8.550000,8.550000,20
1940,2020-11-20,8.550000,8.550000,8.550000,8.550000,0
1940,2020-11-23,8.950000,8.950000,8.600000,8.600000,620
1940,2020-11-24,8.500000,8.750000,8.500000,8.750000,800
1940,2020-11-25,8.250000,8.250000,8.250000,8.250000,40
1940,2020-11-27,6.150000,6.600000,6.000000,6.570000,19540
1940,2020-11-30,6.600000,6.950000,6.600000,6.900000,14740
1940,2020-12-01,6.750000,6.900000,6.700000,6.900000,2380
1940,2020-12-02,6.250000,6.950000,6.250000,6.900000,3560
1940,2020-12-03,6.900000,6.900000,6.900000,6.900000,160
1940,2020-12-04,6.950000,6.950000,6.750000,6.800000,11080
1940,2020-12-07,7.000000,7.000000,7.000000,7.000000,20
1940,2020-12-08,7.000000,7.000000,7.000000,7.000000,280
1940,2020-12-09,7.050000,7.050000,7.050000,7.050000,20
1940,2020-12-10,7.050000,7.050000,7.050000,7.050000,0
1940,2020-12-11,7.000000,7.000000,7.000000,7.000000,20
1940,2020-12-14,6.750000,6.750000,6.750000,6.750000,420
1940,2020-12-15,6.815000,6.925000,6.815000,6.925000,2200
1940,2020-12-16,6.850000,6.870000,6.850000,6.870000,340
1940,2020-12-17,6.800000,6.870000,6.725000,6.870000,1740
1940,2020-12-18,6.870000,6.870000,6.870000,6.870000,0
1940,2020-12-21,6.500000,6.500000,6.250000,6.250000,240
1940,2020-12-22,6.250000,6.250000,6.250000,6.250000,0
1940,2020-12-23,6.550000,6.550000,6.550000,6.550000,120
1940,2020-12-24,6.880000,6.880000,6.880000,6.880000,400
1940,2020-12-28,6.675000,6.675000,6.650000,6.650000,120
1940,2020-12-29,6.650000,6.650000,6.650000,6.650000,0
1940,2020-12-30,7.050000,7.050000,7.050000,7.050000,20
1940,2020-12-31,7.100000,7.325000,7.100000,7.325000,1080
1940,2021-01-04,6.800000,7.025000,6.800000,7.025000,20500
1940,2021-01-05,6.950000,6.950000,6.950000,6.950000,200
1940,2021-01-06,6.950000,6.950000,6.950000,6.950000,0
1940,2021-01-07,6.810000,6.810000,6.800000,6.800000,480
1940,2021-01-08,7.000000,7.000000,7.000000,7.000000,80
1940,2021-01-11,6.770000,7.000000,6.770000,7.000000,500
1940,2021-01-12,7.000000,7.000000,7.000000,7.000000,80
1940,2021-01-13,6.900000,7.150000,6.900000,6.975000,640
1940,2021-01-14,7.050000,7.200000,7.050000,7.125000,1100
1940,2021-01-15,7.750000,7.750000,7.200000,7.650000,9120
1940,2021-01-19,8.700000,9.000000,8.700000,8.775000,23200
1940,2021-01-20,8.775000,8.775000,8.775000,8.775000,0
1940,2021-01-21,8.900000,9.175000,8.900000,9.175000,900
1940,2021-01-22,9.050000,9.050000,9.050000,9.050000,2340
1940,2021-01-25,8.650000,9.650000,8.650000,9.650000,17000
1940,2021-01-26,9.575000,10.100000,9.575000,10.000000,10500
1940,2021-01-27,9.350000,9.600000,9.350000,9.500000,4760
1940,2021-01-28,9.250000,9.300000,9.250000,9.300000,2380
1940,2021-01-29,8.700000,8.750000,8.700000,8.750000,320
1940,2021-02-01,8.800000,9.255000,8.800000,9.255000,10380
1940,2021-02-02,9.150000,9.250000,9.150000,9.250000,280
1940,2021-02-03,9.250000,9.550000,9.250000,9.550000,22280
1940,2021-02-04,9.825000,9.825000,9.550000,9.600000,1380
1940,2021-02-05,9.600000,9.600000,9.600000,9.600000,0
1940,2021-02-08,9.850000,10.210000,9.850000,10.210000,80
1940,2021-02-09,9.275000,9.875000,9.275000,9.875000,1520
1940,2021-02-10,10.000000,10.075000,10.000000,10.075000,100
1940,2021-02-11,10.075000,10.075000,10.075000,10.075000,0
1940,2021-02-12,10.075000,10.075000,10.075000,10.075000,0
1940,2021-02-16,10.000000,10.000000,9.250000,9.925000,820
1940,2021-02-17,10.220000,10.250000,10.200000,10.200000,1280
1940,2021-02-18,10.500000,10.500000,9.600000,9.600000,5380
1940,2021-02-19,9.050000,9.150000,8.950000,9.145000,8920
1940,2021-02-22,9.300000,9.300000,8.900000,9.275000,1160
1940,2021-02-23,8.950000,9.200000,8.775000,9.200000,7500
1940,2021-02-24,9.150000,9.200000,9.075000,9.200000,2000
1940,2021-02-25,9.000000,9.000000,9.000000,9.000000,20
1940,2021-02-26,9.050000,9.050000,9.000000,9.000000,1160
1940,2021-03-01,9.000000,9.000000,9.000000,9.000000,0
1940,2021-03-02,9.000000,9.000000,9.000000,9.000000,0
1940,2021-03-03,9.000000,9.000000,9.000000,9.000000,0
1940,2021-03-04,9.000000,9.000000,9.000000,9.000000,0
1940,2021-03-05,8.000000,8.350000,8.000000,8.350000,4160
1940,2021-03-08,8.800000,8.800000,8.350000,8.550000,1120
1940,2021-03-09,8.450000,8.800000,8.450000,8.700000,1240
1940,2021-03-10,8.700000,8.700000,8.700000,8.700000,0
1940,2021-03-11,8.550000,8.550000,8.300000,8.300000,5560
1940,2021-03-12,8.400000,8.500000,8.275000,8.275000,6300
1940,2021-03-15,8.600000,8.600000,8.600000,8.600000,40
1940,2021-03-16,8.745000,8.745000,8.745000,8.745000,60
1940,2021-03-17,8.745000,8.745000,8.745000,8.745000,20
1940,2021-03-18,8.745000,8.745000,8.745000,8.745000,0
1940,2021-03-19,8.205000,8.650000,8.205000,8.650000,540
1940,2021-03-22,8.200000,8.200000,8.200000,8.200000,20
1940,2021-03-23,8.200000,8.200000,8.200000,8.200000,0
1940,2021-03-24,8.600000,8.650000,8.500000,8.600000,2020
1940,2021-03-25,8.600000,8.600000,8.600000,8.600000,0
1940,2021-03-26,8.600000,8.600000,8.600000,8.600000,20
1940,2021-03-29,8.700000,8.700000,8.700000,8.700000,60
1940,2021-03-30,8.600000,8.600000,8.600000,8.600000,2020
1940,2021-03-31,8.625000,8.625000,8.625000,8.625000,20
1940,2021-04-01,9.200000,9.200000,9.200000,9.200000,3000
1940,2021-04-05,9.150000,9.150000,9.150000,9.150000,20
1940,2021-04-06,9.150000,9.150000,9.150000,9.150000,0
1940,2021-04-07,9.150000,9.150000,9.150000,9.150000,0
1940,2021-04-08,9.625000,9.625000,9.400000,9.400000,440
1940,2021-04-09,9.600000,9.600000,9.600000,9.600000,1400
1940,2021-04-12,9.600000,9.600000,9.600000,9.600000,0
1940,2021-04-13,9.600000,9.600000,9.600000,9.600000,0
1940,2021-04-14,9.190000,9.190000,9.100000,9.100000,60
1940,2021-04-15,9.000000,9.400000,9.000000,9.100000,3420
1940,2021-04-16,9.050000,9.300000,9.050000,9.300000,9740
1940,2021-04-19,9.670000,9.670000,9.600000,9.600000,1580
1940,2021-04-20,9.600000,9.600000,9.600000,9.600000,1600
1940,2021-04-21,10.000000,10.000000,9.800000,9.800000,1280
1940,2021-04-22,9.950000,9.950000,9.950000,9.950000,20
1940,2021-04-23,9.700000,9.700000,9.700000,9.700000,80
1940,2021-04-26,9.500000,9.750000,9.500000,9.750000,1040
1940,2021-04-27,10.400000,10.400000,9.950000,9.950000,460
1940,2021-04-28,9.800000,9.950000,9.800000,9.950000,2620
1940,2021-04-29,9.950000,9.965000,9.950000,9.950000,5000
1940,2021-04-30,10.300000,10.600000,10.300000,10.600000,980
1940,2021-05-03,10.700000,10.700000,10.700000,10.700000,20
1940,2021-05-04,10.150000,10.825000,10.150000,10.825000,60
1940,2021-05-05,10.825000,10.825000,10.825000,10.825000,0
1940,2021-05-06,10.510000,10.755000,10.510000,10.550000,1120
1940,2021-05-07,10.950000,10.950000,10.750000,10.750000,4000
1940,2021-05-10,10.700000,10.700000,10.700000,10.700000,60
1940,2021-05-11,10.450000,10.900000,10.450000,10.800000,1800
1940,2021-05-12,10.800000,10.800000,10.800000,10.800000,0
1940,2021-05-13,10.310000,10.310000,10.300000,10.300000,380
1940,2021-05-14,10.300000,10.300000,10.300000,10.300000,0
1940,2021-05-17,10.710000,10.710000,10.500000,10.500000,3040
1940,2021-05-18,10.700000,10.700000,10.700000,10.700000,80
1940,2021-05-19,10.000000,10.675000,10.000000,10.675000,1020
1940,2021-05-20,10.675000,10.675000,10.675000,10.675000,0
1940,2021-05-21,10.750000,10.850000,10.700000,10.700000,5600
1940,2021-05-24,10.700000,10.700000,10.000000,10.000000,10840
1940,2021-05-25,10.000000,10.000000,10.000000,10.000000,0
1940,2021-05-26,10.000000,10.000000,10.000000,10.000000,0
1940,2021-05-27,10.000000,10.000000,10.000000,10.000000,0
1940,2021-05-28,10.600000,11.145000,10.600000,10.750000,11160
1940,2021-06-01,10.500000,10.500000,10.500000,10.500000,120
1940,2021-06-02,10.625000,10.625000,10.625000,10.625000,720
1940,2021-06-03,11.650000,11.650000,10.500000,10.875000,300
1940,2021-06-04,10.750000,11.200000,10.750000,11.200000,4520
1940,2021-06-07,11.200000,11.200000,11.200000,11.200000,0
1940,2021-06-08,11.200000,11.200000,11.200000,11.200000,0
1940,2021-06-09,11.650000,11.650000,11.650000,11.650000,40
1940,2021-06-10,11.200000,11.200000,11.200000,11.200000,100
1940,2021-06-11,11.300000,11.300000,11.265000,11.265000,1040
1940,2021-06-14,11.265000,11.265000,11.265000,11.265000,0
1940,2021-06-15,11.300000,11.300000,11.300000,11.300000,80
1940,2021-06-16,11.300000,11.300000,11.300000,11.300000,0
1940,2021-06-17,11.300000,11.300000,11.300000,11.300000,0
1940,2021-06-18,11.000000,11.000000,11.000000,11.000000,440
1940,2021-06-21,10.850000,10.850000,10.650000,10.650000,720
1940,2021-06-22,10.650000,10.650000,10.650000,10.650000,0
1940,2021-06-23,10.650000,10.650000,10.650000,10.650000,0
1940,2021-06-24,10.650000,10.650000,10.650000,10.650000,0
1940,2021-06-25,10.025000,10.025000,10.025000,10.025000,120
1940,2021-06-28,10.000000,10.000000,10.000000,10.000000,5020
1940,2021-06-29,10.000000,10.000000,10.000000,10.000000,0
1940,2021-06-30,10.500000,10.750000,10.500000,10.550000,3000
1940,2021-07-01,11.050000,11.050000,11.050000,11.050000,980
1940,2021-07-02,10.605000,10.605000,10.605000,10.605000,1340
1940,2021-07-06,11.130000,11.130000,11.130000,11.130000,40
1940,2021-07-07,11.130000,11.130000,11.130000,11.130000,0
1940,2021-07-08,11.130000,11.130000,11.130000,11.130000,0
1940,2021-07-09,11.000000,11.000000,11.000000,11.000000,60
1940,2021-07-12,11.000000,11.000000,11.000000,11.000000,0
1940,2021-07-13,11.000000,11.000000,11.000000,11.000000,0
1940,2021-07-14,10.250000,10.600000,10.250000,10.600000,120
1940,2021-07-15,10.600000,10.600000,10.600000,10.600000,0
1940,2021-07-16,10.600000,10.600000,10.600000,10.600000,0
1940,2021-07-19,10.600000,10.600000,10.600000,10.600000,0
1940,2021-07-20,10.275000,10.275000,10.275000,10.275000,40
1940,2021-07-21,10.300000,10.300000,10.300000,10.300000,200
1940,2021-07-22,10.550000,10.550000,10.250000,10.550000,5320
1940,2021-07-23,10.550000,10.550000,10.550000,10.550000,0
1940,2021-07-26,10.250000,10.250000,10.250000,10.250000,1540
1940,2021-07-27,10.150000,10.200000,10.150000,10.150000,400
1940,2021-07-28,9.900000,9.900000,9.900000,9.900000,20
1940,2021-07-29,11.150000,11.150000,11.150000,11.150000,40
1940,2021-07-30,11.600000,11.600000,11.600000,11.600000,7000
1940,2021-08-02,11.200000,11.300000,11.200000,11.300000,2400
1940,2021-08-03,11.650000,11.975000,11.650000,11.975000,60
1940,2021-08-04,12.000000,12.000000,11.150000,11.150000,860
1940,2021-08-05,12.000000,12.000000,12.000000,12.000000,20
1940,2021-08-06,12.000000,12.000000,12.000000,12.000000,420
1940,2021-08-09,12.000000,12.000000,12.000000,12.000000,0
1940,2021-08-10,12.000000,12.000000,12.000000,12.000000,0
1940,2021-08-11,12.000000,12.000000,12.000000,12.000000,0
1940,2021-08-12,10.950000,11.700000,10.950000,11.700000,120
1940,2021-08-13,11.625000,11.950000,11.625000,11.950000,100
1940,2021-08-16,11.625000,12.000000,11.625000,12.000000,960
1940,2021-08-17,12.000000,12.000000,12.000000,12.000000,0
1940,2021-08-18,12.250000,12.900000,12.250000,12.775000,12400
1940,2021-08-19,13.250000,13.250000,13.250000,13.250000,20
1940,2021-08-20,13.250000,13.250000,13.250000,13.250000,2220
1940,2021-08-23,13.625000,13.625000,13.625000,13.625000,60
1940,2021-08-24,13.625000,13.625000,13.625000,13.625000,0
1940,2021-08-25,12.700000,13.500000,12.700000,13.300000,1040
1940,2021-08-26,13.000000,13.000000,13.000000,13.000000,800
1940,2021-08-27,13.225000,13.225000,13.225000,13.225000,200
1940,2021-08-30,13.225000,13.225000,13.225000,13.225000,0
1940,2021-08-31,13.225000,13.225000,13.225000,13.225000,0
1940,2021-09-01,13.475000,13.675000,13.425000,13.675000,440
1940,2021-09-02,13.700000,13.700000,13.550000,13.550000,4020
1940,2021-09-03,14.000000,14.000000,14.000000,14.000000,40
1940,2021-09-07,14.125000,14.125000,14.125000,14.125000,40
1940,2021-09-08,14.125000,14.125000,14.125000,14.125000,0
1940,2021-09-09,14.125000,14.125000,14.125000,14.125000,0
1940,2021-09-10,14.050000,14.050000,13.250000,13.950000,2980
1940,2021-09-13,13.950000,13.950000,13.950000,13.950000,0
1940,2021-09-14,13.950000,13.950000,13.950000,13.950000,0
1940,2021-09-15,13.950000,13.950000,13.950000,13.950000,0
1940,2021-09-16,13.650000,13.925000,13.650000,13.925000,60
1940,2021-09-17,14.300000,14.525000,14.000000,14.000000,80
1940,2021-09-20,14.150000,14.625000,14.150000,14.625000,4040
1940,2021-09-21,14.550000,14.550000,14.550000,14.550000,40
1940,2021-09-22,14.750000,14.750000,14.750000,14.750000,20
1940,2021-09-23,15.000000,15.000000,15.000000,15.000000,1020
1940,2021-09-24,14.750000,15.000000,14.750000,15.000000,1100
1940,2021-09-27,15.050000,15.050000,15.050000,15.050000,40
1940,2021-09-28,15.050000,15.050000,15.050000,15.050000,0
1940,2021-09-29,15.050000,15.050000,15.050000,15.050000,0
1940,2021-09-30,15.050000,15.050000,14.550000,14.550000,160
1940,2021-10-01,14.550000,14.550000,14.550000,14.550000,0
1940,2021-10-04,14.550000,14.550000,14.550000,14.550000,0
1940,2021-10-05,14.675000,14.675000,14.675000,14.675000,480
1940,2021-10-06,14.900000,14.900000,14.900000,14.900000,20
1940,2021-10-07,14.900000,14.900000,14.900000,14.900000,0
1940,2021-10-08,14.900000,14.900000,14.900000,14.900000,0
1940,2021-10-11,14.625000,14.900000,14.625000,14.900000,60
1940,2021-10-12,15.425000,15.450000,15.425000,15.450000,40
1940,2021-10-13,15.450000,15.450000,15.450000,15.450000,480
1940,2021-10-14,15.525000,15.650000,15.525000,15.650000,180
1940,2021-10-15,15.600000,15.850000,15.550000,15.850000,2060
1940,2021-10-18,15.850000,16.200000,15.850000,15.900000,1820
1940,2021-10-19,15.550000,16.100000,15.550000,16.100000,300
1940,2021-10-20,16.100000,16.100000,15.850000,15.850000,860
1940,2021-10-21,15.800000,15.925000,15.600000,15.750000,3300
1940,2021-10-22,15.900000,15.900000,15.900000,15.900000,2600
1940,2021-10-25,16.250000,16.550000,16.250000,16.550000,2040
1940,2021-10-26,16.150000,16.150000,16.150000,16.150000,200
1940,2021-10-27,16.390000,16.550000,15.600000,15.600000,3920
1940,2021-10-28,16.975000,17.000000,16.775000,16.775000,10060
1940,2021-10-29,16.625000,17.000000,16.625000,16.950000,3400
1940,2021-11-01,17.000000,17.000000,17.000000,17.000000,100
1940,2021-11-02,16.855000,16.855000,16.700000,16.850000,4640
1940,2021-11-03,17.625000,18.050000,17.600000,17.875000,26880
1940,2021-11-04,17.575000,17.575000,17.575000,17.575000,40
1940,2021-11-05,17.550000,17.550000,17.100000,17.100000,440
1940,2021-11-08,17.250000,18.050000,17.250000,18.050000,80
1940,2021-11-09,18.050000,18.050000,18.050000,18.050000,0
1940,2021-11-10,16.150000,16.350000,16.130000,16.350000,16660
1940,2021-11-11,16.450000,16.450000,16.000000,16.000000,1400
1940,2021-11-12,15.555000,15.555000,15.550000,15.550000,400
1940,2021-11-15,15.550000,15.650000,15.250000,15.650000,5820
1940,2021-11-16,15.300000,15.350000,15.300000,15.300000,7600
1940,2021-11-17,15.700000,16.445000,15.700000,16.445000,7120
1940,2021-11-18,16.445000,16.445000,16.445000,16.445000,0
1940,2021-11-19,17.125000,17.125000,17.125000,17.125000,60
1940,2021-11-22,17.125000,17.125000,17.125000,17.125000,0
1940,2021-11-23,17.125000,17.125000,17.125000,17.125000,20
1940,2021-11-24,17.125000,17.125000,17.125000,17.125000,0
1940,2021-11-26,15.375000,15.700000,15.375000,15.700000,1000
1940,2021-11-29,15.700000,15.700000,15.700000,15.700000,0
1940,2021-11-30,15.700000,15.700000,15.700000,15.700000,0
1940,2021-12-01,15.550000,15.550000,15.550000,15.550000,100
1940,2021-12-02,14.600000,14.800000,14.600000,14.650000,1280
1940,2021-12-03,14.550000,14.550000,14.200000,14.200000,2780
1940,2021-12-06,14.400000,14.400000,14.400000,14.400000,1200
1940,2021-12-07,14.400000,14.400000,14.400000,14.400000,0
1940,2021-12-08,14.900000,14.900000,14.900000,14.900000,400
1940,2021-12-09,14.900000,14.900000,14.900000,14.900000,0
1940,2021-12-10,15.000000,15.010000,15.000000,15.000000,1260
1940,2021-12-13,15.000000,15.000000,15.000000,15.000000,0
1940,2021-12-14,15.000000,15.000000,15.000000,15.000000,0
1940,2021-12-15,15.550000,15.550000,15.550000,15.550000,40
1940,2021-12-16,15.550000,15.550000,15.550000,15.550000,0
1940,2021-12-17,15.550000,15.550000,15.550000,15.550000,0
1940,2021-12-20,17.050000,17.050000,16.350000,16.350000,640
1940,2021-12-21,16.350000,16.350000,16.350000,16.350000,0
1940,2021-12-22,17.150000,17.150000,17.150000,17.150000,20
1940,2021-12-23,17.725000,17.725000,17.725000,17.725000,40
1940,2021-12-27,18.000000,18.000000,18.000000,18.000000,60
1940,2021-12-28,17.250000,17.250000,17.250000,17.250000,100
1940,2021-12-29,17.390000,17.750000,17.250000,17.750000,2700
1940,2021-12-30,17.310000,17.310000,17.265000,17.300000,4960
1940,2021-12-31,17.250000,17.250000,17.250000,17.250000,1460
1940,2022-01-03,17.530000,17.530000,16.550000,16.550000,1200
1940,2022-01-04,16.400000,16.400000,16.400000,16.400000,6000
1940,2022-01-05,16.440000,16.440000,16.440000,16.440000,20
1940,2022-01-06,15.750000,15.750000,15.750000,15.750000,300
1940,2022-01-07,15.800000,15.800000,15.800000,15.800000,40
1940,2022-01-10,15.800000,15.800000,15.800000,15.800000,0
1940,2022-01-11,15.800000,15.800000,15.800000,15.800000,0
1940,2022-01-12,15.800000,15.800000,15.800000,15.800000,0
1940,2022-01-13,15.800000,15.800000,15.800000,15.800000,0
1940,2022-01-14,15.800000,15.800000,15.800000,15.800000,0
1940,2022-01-18,15.760000,15.760000,15.590000,15.590000,6100
1940,2022-01-19,15.800000,15.800000,15.650000,15.800000,280
1940,2022-01-20,16.000000,16.000000,16.000000,16.000000,80
1940,2022-01-21,16.000000,16.000000,16.000000,16.000000,0
1940,2022-01-24,14.800000,14.800000,14.800000,14.800000,40
1940,2022-01-25,14.800000,14.800000,14.800000,14.800000,0
1940,2022-01-26,14.800000,14.800000,14.800000,14.800000,0
1940,2022-01-27,14.850000,14.850000,14.850000,14.850000,40
1940,2022-01-28,15.000000,15.000000,15.000000,15.000000,2000
1940,2022-01-31,14.700000,14.700000,14.700000,14.700000,120
1940,2022-02-01,14.700000,14.700000,14.700000,14.700000,0
1940,2022-02-02,15.000000,15.000000,15.000000,15.000000,2120
1940,2022-02-03,15.000000,15.000000,14.950000,14.950000,2480
1940,2022-02-04,14.950000,14.950000,14.950000,14.950000,0
1940,2022-02-07,14.850000,14.850000,14.850000,14.850000,40
1940,2022-02-08,14.650000,14.750000,14.650000,14.750000,1420
1940,2022-02-09,14.580000,15.000000,14.580000,15.000000,3180
1940,2022-02-10,14.900000,14.900000,14.900000,14.900000,240
1940,2022-02-11,14.900000,14.900000,14.900000,14.900000,0
1940,2022-02-14,14.950000,14.950000,14.950000,14.950000,200
1940,2022-02-15,14.950000,14.950000,14.950000,14.950000,0
1940,2022-02-16,16.500000,17.500000,16.500000,17.500000,1280
1940,2022-02-17,17.900000,17.900000,17.900000,17.900000,100
1940,2022-02-18,18.200000,18.200000,18.150000,18.150000,8020
1940,2022-02-22,18.450000,18.450000,18.450000,18.450000,160
1940,2022-02-23,18.450000,18.450000,18.450000,18.450000,0
1940,2022-02-24,17.850000,17.850000,17.850000,17.850000,400
1940,2022-02-25,17.850000,17.850000,17.850000,17.850000,0
1940,2022-02-28,18.000000,18.000000,18.000000,18.000000,40
1940,2022-03-01,18.000000,18.000000,18.000000,18.000000,0
1940,2022-03-02,18.500000,18.500000,18.500000,18.500000,20
1940,2022-03-03,18.500000,18.500000,18.500000,18.500000,0
1940,2022-03-04,18.500000,18.500000,18.500000,18.500000,0
1940,2022-03-07,18.500000,18.500000,18.500000,18.500000,0
1940,2022-03-08,17.050000,17.050000,17.050000,17.050000,100
1940,2022-03-09,17.050000,17.050000,17.050000,17.050000,0
1940,2022-03-10,17.050000,17.050000,17.050000,17.050000,0
1940,2022-03-11,17.050000,17.050000,17.050000,17.050000,0
1940,2022-03-14,17.750000,17.750000,17.750000,17.750000,200
1940,2022-03-15,17.750000,17.750000,17.750000,17.750000,0
1940,2022-03-16,18.500000,18.500000,18.500000,18.500000,620
1940,2022-03-17,18.500000,18.500000,18.500000,18.500000,0
1940,2022-03-18,17.315000,17.315000,17.315000,17.315000,80
1940,2022-03-21,17.315000,17.315000,17.315000,17.315000,0
1940,2022-03-22,17.315000,17.315000,17.315000,17.315000,0
1940,2022-03-23,17.750000,17.750000,17.750000,17.750000,220
1940,2022-03-24,17.750000,17.750000,17.750000,17.750000,1400
1940,2022-03-25,17.750000,17.750000,17.750000,17.750000,0
1940,2022-03-28,18.350000,18.350000,18.350000,18.350000,40
1940,2022-03-29,18.500000,18.750000,18.500000,18.750000,700
1940,2022-03-30,18.750000,18.750000,18.750000,18.750000,0
1940,2022-03-31,18.750000,18.750000,18.750000,18.750000,0
1940,2022-04-01,18.750000,18.750000,18.750000,18.750000,0
1940,2022-04-04,19.250000,19.700000,19.250000,19.700000,1500
1940,2022-04-05,19.700000,19.700000,19.700000,19.700000,20
1940,2022-04-06,20.665000,20.665000,20.035000,20.035000,80
1940,2022-04-07,20.450000,20.450000,20.450000,20.450000,200
1940,2022-04-08,20.450000,20.450000,20.450000,20.450000,0
1940,2022-04-11,21.550000,21.550000,21.550000,21.550000,40
1940,2022-04-12,21.550000,21.550000,21.550000,21.550000,0
1940,2022-04-13,21.550000,21.550000,21.550000,21.550000,0
1940,2022-04-14,21.550000,21.550000,21.550000,21.550000,20
1940,2022-04-18,21.625000,21.625000,21.625000,21.625000,60
1940,2022-04-19,20.900000,20.900000,20.900000,20.900000,600
1940,2022-04-20,20.800000,21.050000,20.800000,21.050000,1020
1940,2022-04-21,21.050000,21.050000,21.050000,21.050000,800
1940,2022-04-22,20.350000,20.450000,20.050000,20.350000,2120
1940,2022-04-25,20.300000,20.450000,20.250000,20.350000,3100
1940,2022-04-26,20.750000,20.750000,20.750000,20.750000,560
1940,2022-04-27,20.750000,20.750000,20.750000,20.750000,0
1940,2022-04-28,20.750000,20.750000,20.750000,20.750000,0
1940,2022-04-29,20.250000,20.250000,20.250000,20.250000,20
1940,2022-05-02,19.380000,19.380000,19.380000,19.380000,80
1940,2022-05-03,19.380000,19.380000,19.380000,19.380000,0
1940,2022-05-04,19.380000,19.380000,19.380000,19.380000,0
1940,2022-05-05,19.380000,19.380000,19.380000,19.380000,0
1940,2022-05-06,19.380000,19.380000,19.380000,19.380000,0
1940,2022-05-09,18.200000,18.200000,18.200000,18.200000,500
1940,2022-05-10,17.750000,17.770000,17.750000,17.770000,60
1940,2022-05-11,17.770000,17.770000,17.770000,17.770000,4900
1940,2022-05-12,17.325000,17.325000,17.325000,17.325000,560
1940,2022-05-13,17.325000,17.325000,17.325000,17.325000,0
1940,2022-05-16,17.325000,17.325000,17.325000,17.325000,0
1940,2022-05-17,17.325000,17.325000,17.325000,17.325000,0
1940,2022-05-18,17.325000,17.325000,17.325000,17.325000,0
1940,2022-05-19,17.325000,17.325000,17.325000,17.325000,0
1940,2022-05-20,17.325000,17.325000,17.325000,17.325000,0
1940,2022-05-23,20.200000,20.200000,20.200000,20.200000,60
1940,2022-05-24,20.200000,20.200000,20.200000,20.200000,240
1940,2022-05-25,19.700000,19.700000,19.700000,19.700000,40
1940,2022-05-26,19.700000,19.700000,19.700000,19.700000,0
1940,2022-05-27,19.700000,19.700000,19.700000,19.700000,80
1940,2022-05-31,20.600000,20.600000,20.600000,20.600000,600
1940,2022-06-01,20.750000,20.750000,20.750000,20.750000,200
1940,2022-06-02,20.750000,20.750000,20.750000,20.750000,0
1940,2022-06-03,20.750000,20.750000,20.750000,20.750000,0
1940,2022-06-06,20.750000,20.750000,20.750000,20.750000,0
1940,2022-06-07,20.750000,20.750000,20.750000,20.750000,0
1940,2022-06-08,20.000000,20.000000,20.000000,20.000000,100
1940,2022-06-09,20.000000,20.000000,20.000000,20.000000,0
1940,2022-06-10,17.750000,17.750000,17.700000,17.700000,2020
1940,2022-06-13,17.700000,17.700000,17.700000,17.700000,20
1940,2022-06-14,17.700000,17.700000,17.700000,17.700000,0
1940,2022-06-15,16.975000,16.975000,16.250000,16.250000,760
1940,2022-06-16,17.400000,17.400000,17.400000,17.400000,2380
1940,2022-06-17,17.400000,17.400000,17.400000,17.400000,0
1940,2022-06-21,17.050000,17.050000,17.000000,17.000000,260
1940,2022-06-22,17.000000,17.000000,17.000000,17.000000,0
1940,2022-06-23,17.000000,17.000000,17.000000,17.000000,140
1940,2022-06-24,17.000000,17.000000,17.000000,17.000000,0
1940,2022-06-27,17.000000,17.000000,17.000000,17.000000,0
1940,2022-06-28,19.000000,19.000000,19.000000,19.000000,1280
1940,2022-06-29,19.000000,19.000000,19.000000,19.000000,100
1940,2022-06-30,18.500000,18.500000,18.500000,18.500000,200
1940,2022-07-01,18.500000,18.500000,18.500000,18.500000,0
1940,2022-07-05,18.500000,18.500000,18.500000,18.500000,0
1940,2022-07-06,18.500000,18.500000,18.500000,18.500000,0
1940,2022-07-07,18.500000,18.500000,18.500000,18.500000,0
1940,2022-07-08,18.500000,18.500000,18.500000,18.500000,0
1940,2022-07-11,18.500000,18.500000,18.500000,18.500000,0
1940,2022-07-12,17.900000,18.450000,17.900000,18.450000,600
1940,2022-07-13,18.450000,18.450000,18.450000,18.450000,0
1940,2022-07-14,18.450000,18.450000,18.450000,18.450000,0
1940,2022-07-15,17.900000,17.900000,17.900000,17.900000,80
1940,2022-07-18,17.900000,17.900000,17.900000,17.900000,0
1940,2022-07-19,19.250000,19.250000,19.250000,19.250000,20
1940,2022-07-20,19.250000,19.250000,19.250000,19.250000,20
1940,2022-07-21,18.000000,18.000000,18.000000,18.000000,500
1940,2022-07-22,18.000000,18.000000,18.000000,18.000000,0
1940,2022-07-25,18.000000,18.000000,18.000000,18.000000,0
1940,2022-07-26,18.250000,18.250000,18.250000,18.250000,100
1940,2022-07-27,18.250000,18.250000,18.250000,18.250000,0
1940,2022-07-28,19.200000,19.200000,19.200000,19.200000,4840
1940,2022-07-29,19.525000,20.200000,18.850000,18.850000,1220
1940,2022-08-01,18.850000,18.850000,18.850000,18.850000,0
1940,2022-08-02,18.850000,18.850000,18.850000,18.850000,0
1940,2022-08-03,18.850000,18.850000,18.850000,18.850000,0
1940,2022-08-04,18.850000,18.850000,18.850000,18.850000,0
1940,2022-08-05,18.850000,18.850000,18.850000,18.850000,0
1940,2022-08-08,18.850000,18.850000,18.850000,18.850000,0
1940,2022-08-09,19.200000,19.200000,19.200000,19.200000,40
1940,2022-08-10,19.200000,19.200000,19.200000,19.200000,20
1940,2022-08-11,19.200000,19.200000,19.200000,19.200000,0
1940,2022-08-12,18.575000,18.575000,18.575000,18.575000,40
1940,2022-08-15,18.600000,18.750000,18.450000,18.750000,5160
1940,2022-08-16,19.000000,19.000000,19.000000,19.000000,2000
1940,2022-08-17,19.000000,19.000000,19.000000,19.000000,0
1940,2022-08-18,19.000000,19.000000,19.000000,19.000000,0
1940,2022-08-19,18.255000,18.505000,18.255000,18.505000,1520
1940,2022-08-22,18.505000,18.505000,18.505000,18.505000,0
1940,2022-08-23,18.505000,18.505000,18.505000,18.505000,240
1940,2022-08-24,18.505000,18.505000,18.505000,18.505000,0
1940,2022-08-25,18.505000,18.505000,18.505000,18.505000,0
1940,2022-08-26,18.500000,18.500000,18.500000,18.500000,100
1940,2022-08-29,18.500000,18.500000,18.500000,18.500000,0
1940,2022-08-30,18.000000,18.000000,18.000000,18.000000,60
1940,2022-08-31,17.350000,17.350000,17.350000,17.350000,1020
1940,2022-09-01,17.350000,17.350000,17.350000,17.350000,0
1940,2022-09-02,17.350000,17.350000,17.350000,17.350000,0
1940,2022-09-06,17.250000,17.250000,16.500000,16.500000,540
1940,2022-09-07,16.975000,16.975000,16.975000,16.975000,60
1940,2022-09-08,16.000000,16.000000,16.000000,16.000000,40
1940,2022-09-09,16.000000,16.000000,16.000000,16.000000,0
1940,2022-09-12,18.550000,18.550000,17.650000,17.650000,40
1940,2022-09-13,17.650000,17.650000,17.650000,17.650000,0
1940,2022-09-14,17.650000,17.650000,17.650000,17.650000,0
1940,2022-09-15,17.650000,17.650000,17.650000,17.650000,0
1940,2022-09-16,16.500000,16.500000,16.500000,16.500000,780
1940,2022-09-19,16.500000,16.500000,16.500000,16.500000,0
1940,2022-09-20,16.500000,16.500000,16.500000,16.500000,20
1940,2022-09-21,16.500000,16.500000,16.500000,16.500000,0
1940,2022-09-22,16.750000,16.750000,16.750000,16.750000,20
1940,2022-09-23,16.150000,16.150000,15.000000,15.000000,1020
1940,2022-09-26,15.000000,15.000000,15.000000,15.000000,0
1940,2022-09-27,15.000000,15.000000,15.000000,15.000000,0
1940,2022-09-28,15.000000,15.000000,15.000000,15.000000,40
1940,2022-09-29,15.000000,15.000000,15.000000,15.000000,660
1940,2022-09-30,15.000000,15.000000,15.000000,15.000000,0
1940,2022-10-03,15.000000,15.000000,15.000000,15.000000,0
1940,2022-10-04,15.500000,15.750000,15.500000,15.750000,1180
1940,2022-10-05,15.750000,15.750000,15.750000,15.750000,0
1940,2022-10-06,15.650000,15.650000,15.650000,15.650000,2800
1940,2022-10-07,15.650000,15.650000,15.650000,15.650000,0
1940,2022-10-10,15.650000,15.650000,15.650000,15.650000,0
1940,2022-10-11,15.650000,15.650000,15.650000,15.650000,0
1940,2022-10-12,15.650000,15.650000,15.650000,15.650000,100
1940,2022-10-13,15.650000,15.650000,15.650000,15.650000,100
1940,2022-10-14,15.650000,15.650000,15.650000,15.650000,0
1940,2022-10-17,17.300000,17.300000,17.300000,17.300000,100
1940,2022-10-18,17.300000,17.300000,17.300000,17.300000,0
1940,2022-10-19,17.300000,17.300000,17.300000,17.300000,0
1940,2022-10-20,16.667000,16.667000,16.667000,16.667000,2600
1940,2022-10-21,16.667000,16.667000,16.667000,16.667000,0
1940,2022-10-24,16.667000,16.667000,16.667000,16.667000,7500
1940,2022-10-25,16.667000,16.667000,16.667000,16.667000,5000
1940,2022-10-26,16.667000,16.667000,16.667000,16.667000,0
1940,2022-10-27,16.667000,16.667000,16.667000,16.667000,0
1940,2022-10-28,19.860000,19.860000,19.860000,19.860000,100
1940,2022-10-31,19.860000,19.860000,19.860000,19.860000,0
1940,2022-11-01,19.860000,19.860000,19.860000,19.860000,0
1940,2022-11-02,19.860000,19.860000,19.860000,19.860000,0
1940,2022-11-03,19.860000,19.860000,19.860000,19.860000,0
1940,2022-11-04,19.860000,19.860000,19.860000,19.860000,0
1940,2022-11-07,19.860000,19.860000,19.860000,19.860000,0
1940,2022-11-08,19.860000,19.860000,19.860000,19.860000,0
1940,2022-11-09,19.860000,19.860000,19.860000,19.860000,0
1940,2022-11-10,19.860000,19.860000,19.860000,19.860000,25000
1940,2022-11-11,19.642000,19.642000,19.642000,19.642000,25000
1940,2022-11-14,19.642000,19.642000,19.642000,19.642000,37500
1940,2022-11-15,19.642000,19.642000,19.642000,19.642000,63800
1940,2022-11-16,19.642000,19.642000,19.642000,19.642000,0
1940,2022-11-17,19.642000,19.642000,19.642000,19.642000,50000
1940,2022-11-18,19.642000,19.642000,19.642000,19.642000,50000
1940,2022-11-21,19.642000,19.642000,19.642000,19.642000,75000
1940,2022-11-22,19.642000,19.642000,19.642000,19.642000,50000
1940,2022-11-23,3.130000,3.130000,3.130000,3.130000,0
1940,2022-11-25,3.130000,3.130000,3.130000,3.130000,0
1940,2022-11-28,21.190000,21.190000,21.030000,21.030000,600
1940,2022-11-29,21.030000,21.030000,21.030000,21.030000,0
1940,2022-11-30,21.030000,21.030000,21.030000,21.030000,0
1940,2022-12-01,21.030000,21.030000,21.030000,21.030000,0
1940,2022-12-02,21.030000,21.030000,21.030000,21.030000,0
1940,2022-12-05,21.010000,21.010000,21.010000,21.010000,200
1940,2022-12-06,21.010000,21.010000,21.010000,21.010000,0
1940,2022-12-07,21.010000,21.010000,21.010000,21.010000,0
1940,2022-12-08,21.010000,21.010000,21.010000,21.010000,0
1940,2022-12-09,21.010000,21.010000,21.010000,21.010000,0
1940,2022-12-12,21.010000,21.010000,21.010000,21.010000,0
1940,2022-12-13,22.000000,22.000000,22.000000,22.000000,100
1940,2022-12-14,22.000000,22.000000,22.000000,22.000000,0
1940,2022-12-15,22.000000,22.000000,22.000000,22.000000,0
1940,2022-12-16,22.000000,22.000000,22.000000,22.000000,0
1940,2022-12-19,22.000000,22.000000,22.000000,22.000000,2000
1940,2022-12-20,22.000000,22.000000,22.000000,22.000000,0
1940,2022-12-21,22.000000,22.000000,22.000000,22.000000,0
1940,2022-12-22,22.000000,22.000000,22.000000,22.000000,100
1940,2022-12-23,22.000000,22.000000,22.000000,22.000000,0
1940,2022-12-27,22.000000,22.000000,22.000000,22.000000,0
1940,2022-12-28,22.000000,22.000000,22.000000,22.000000,0
1940,2022-12-29,21.700000,21.750000,21.700000,21.750000,600
1940,2022-12-30,21.750000,21.750000,21.750000,21.750000,0
1940,2023-01-03,21.750000,21.750000,21.750000,21.750000,0
1940,2023-01-04,21.750000,21.750000,21.750000,21.750000,0
1940,2023-01-05,21.750000,21.750000,21.750000,21.750000,0
1940,2023-01-06,21.950000,21.960000,21.950000,21.960000,1400
1940,2023-01-09,21.960000,21.960000,21.960000,21.960000,0
1940,2023-01-10,23.000000,23.000000,23.000000,23.000000,1000
1940,2023-01-11,23.200000,23.200000,23.200000,23.200000,300
1940,2023-01-12,23.250000,23.250000,23.250000,23.250000,4000
1940,2023-01-13,23.600000,23.600000,23.600000,23.600000,1000
1940,2023-01-17,23.600000,23.600000,23.600000,23.600000,0
1940,2023-01-18,23.828000,24.500000,23.828000,24.500000,1900
1940,2023-01-19,24.500000,24.500000,24.500000,24.500000,10700
1940,2023-01-20,24.500000,24.500000,24.500000,24.500000,61000
1940,2023-01-23,24.500000,24.500000,24.500000,24.500000,0
1940,2023-01-24,24.680000,24.680000,23.750000,23.750000,800
1940,2023-01-25,23.750000,23.750000,23.750000,23.750000,0
1940,2023-01-26,24.580000,24.580000,24.580000,24.580000,500
1940,2023-01-27,24.580000,24.580000,24.580000,24.580000,0
1940,2023-01-30,23.740000,23.740000,23.740000,23.740000,2400
1940,2023-01-31,24.280000,24.280000,24.280000,24.280000,800
1940,2023-02-01,24.280000,24.280000,24.280000,24.280000,0
1940,2023-02-02,24.280000,24.280000,24.280000,24.280000,0
1940,2023-02-03,24.280000,24.280000,24.280000,24.280000,0
1940,2023-02-06,24.280000,24.280000,24.280000,24.280000,0
1940,2023-02-07,24.280000,24.280000,24.280000,24.280000,0
1940,2023-02-08,24.280000,24.280000,24.280000,24.280000,0
1940,2023-02-09,24.000000,24.155000,24.000000,24.155000,800
1940,2023-02-10,24.155000,24.155000,24.155000,24.155000,0
1940,2023-02-13,24.150000,24.150000,23.506000,23.506000,500
1940,2023-02-14,23.506000,23.506000,23.506000,23.506000,0
1940,2023-02-15,23.506000,23.506000,23.506000,23.506000,0
1940,2023-02-16,20.150000,20.540000,20.150000,20.490000,3700
1940,2023-02-17,20.490000,20.490000,20.490000,20.490000,0
1940,2023-02-21,19.160000,19.160000,19.000000,19.000000,5200
1940,2023-02-22,19.000000,19.000000,19.000000,19.000000,0
1940,2023-02-23,19.000000,19.000000,19.000000,19.000000,0
1940,2023-02-24,19.000000,19.000000,19.000000,19.000000,0
1940,2023-02-27,18.500000,18.500000,18.040000,18.410000,1900
1940,2023-02-28,18.810000,18.810000,18.810000,18.810000,100
1940,2023-03-01,18.400000,18.400000,18.115000,18.115000,7300
1940,2023-03-02,18.115000,18.115000,18.115000,18.115000,0
1940,2023-03-03,18.115000,18.115000,18.115000,18.115000,0
1940,2023-03-06,18.115000,18.115000,18.115000,18.115000,0
1940,2023-03-07,18.015000,18.015000,17.360000,17.750000,2300
1940,2023-03-08,17.750000,17.750000,17.750000,17.750000,0
1940,2023-03-09,17.750000,17.750000,17.750000,17.750000,100
1940,2023-03-10,17.750000,17.750000,17.750000,17.750000,0
1940,2023-03-13,17.750000,17.750000,17.750000,17.750000,500
1940,2023-03-14,17.750000,17.750000,17.750000,17.750000,0
1940,2023-03-15,17.750000,17.750000,17.750000,17.750000,0
1940,2023-03-16,16.764000,16.764000,16.764000,16.764000,200
1940,2023-03-17,16.764000,16.764000,16.764000,16.764000,0
1940,2023-03-20,16.764000,16.764000,16.764000,16.764000,0
1940,2023-03-21,17.160000,17.590000,17.160000,17.590000,1500
1940,2023-03-22,17.590000,17.590000,17.590000,17.590000,0
1940,2023-03-23,17.180000,17.180000,17.180000,17.180000,1000
1940,2023-03-24,17.180000,17.180000,17.180000,17.180000,0
1940,2023-03-27,17.180000,17.180000,17.180000,17.180000,0
1940,2023-03-28,16.350000,16.350000,16.350000,16.350000,300
1940,2023-03-29,17.000000,17.000000,16.490000,16.490000,1000
1940,2023-03-30,17.500000,17.500000,17.500000,17.500000,200
1940,2023-03-31,16.760000,16.760000,16.760000,16.760000,1700
1940,2023-04-03,16.760000,16.760000,16.760000,16.760000,0
1940,2023-04-04,17.210000,17.210000,17.210000,17.210000,200
1940,2023-04-05,17.750000,17.750000,17.750000,17.750000,200
1940,2023-04-06,18.580000,18.580000,17.450000,17.450000,1100
1940,2023-04-10,17.450000,17.450000,17.450000,17.450000,0
1940,2023-04-11,17.450000,17.450000,17.450000,17.450000,1200
1940,2023-04-12,17.450000,17.450000,17.450000,17.450000,0
1940,2023-04-13,17.450000,17.450000,17.450000,17.450000,0
1940,2023-04-14,17.450000,17.450000,17.450000,17.450000,0
1940,2023-04-17,17.560000,18.600000,17.560000,18.600000,1100
1940,2023-04-18,18.549000,18.549000,18.549000,18.549000,6700
1940,2023-04-19,18.549000,18.549000,18.549000,18.549000,0
1940,2023-04-20,18.549000,18.549000,18.549000,18.549000,16600
1940,2023-04-21,18.549000,18.549000,18.549000,18.549000,0
1940,2023-04-24,17.800000,17.800000,17.750000,17.750000,18000
1940,2023-04-25,18.200000,18.200000,18.200000,18.200000,500
1940,2023-04-26,18.200000,18.200000,18.200000,18.200000,0
1940,2023-04-27,18.900000,18.900000,18.900000,18.900000,1000
1940,2023-04-28,18.750000,18.750000,18.750000,18.750000,1000
1940,2023-05-01,18.850000,18.850000,18.850000,18.850000,300
1940,2023-05-02,19.000000,19.000000,19.000000,19.000000,500
1940,2023-05-03,19.000000,19.000000,19.000000,19.000000,300
1940,2023-05-04,19.000000,19.000000,19.000000,19.000000,800
1940,2023-05-05,19.500000,20.030000,19.500000,20.030000,17800
1940,2023-05-08,20.100000,20.100000,20.100000,20.100000,1100
1940,2023-05-09,19.315000,19.315000,19.315000,19.315000,25600
1940,2023-05-10,19.315000,19.315000,19.315000,19.315000,5000
1940,2023-05-11,19.570000,19.570000,19.570000,19.570000,500
1940,2023-05-12,18.920000,18.920000,18.920000,18.920000,200
1940,2023-05-15,18.920000,18.920000,18.920000,18.920000,0
1940,2023-05-16,18.920000,18.920000,18.920000,18.920000,0
1940,2023-05-17,18.920000,18.920000,18.920000,18.920000,0
1940,2023-05-18,18.920000,18.920000,18.920000,18.920000,0
1940,2023-05-19,19.340000,19.340000,19.340000,19.340000,500
1940,2023-05-22,18.529000,18.529000,18.529000,18.529000,6800
1940,2023-05-23,18.580000,18.580000,18.325000,18.350000,3800
1940,2023-05-24,18.221000,18.221000,18.221000,18.221000,300
1940,2023-05-25,18.520000,18.520000,18.520000,18.520000,300
1940,2023-05-26,18.133000,18.133000,18.133000,18.133000,300
1940,2023-05-30,18.133000,18.133000,18.133000,18.133000,0
1940,2023-05-31,18.133000,18.133000,18.133000,18.133000,4000
1940,2023-06-01,18.133000,18.133000,18.133000,18.133000,0
