stock_id,date,open,high,low,close,volume
1337,2016-09-01,3083399936.000000,3148199936.000000,3024000000.000000,3027599872.000000,0
1337,2016-09-02,2995200000.000000,3079800064.000000,2980800000.000000,3043800064.000000,0
1337,2016-09-06,3041999872.000000,3106800128.000000,3011399936.000000,3063600128.000000,0
1337,2016-09-07,3056399872.000000,3146400000.000000,3036600064.000000,3133799936.000000,0
1337,2016-09-08,3157199872.000000,3204000000.000000,3121200128.000000,3150000128.000000,0
1337,2016-09-09,3211200000.000000,3511800064.000000,3211200000.000000,3495600128.000000,0
1337,2016-09-12,3592800000.000000,3610800128.000000,3267000064.000000,3277799936.000000,0
1337,2016-09-13,3329999872.000000,3418200064.000000,3247200000.000000,3373199872.000000,0
1337,2016-09-14,3356999936.000000,3401999872.000000,3257999872.000000,3274200064.000000,0
1337,2016-09-15,3254400000.000000,3294000128.000000,3032999936.000000,3052800000.000000,0
1337,2016-09-16,2996999936.000000,3123000064.000000,2969999872.000000,3047399936.000000,0
1337,2016-09-19,2988000000.000000,3061799936.000000,2899800064.000000,3038400000.000000,0
1337,2016-09-20,2991600128.000000,3101400064.000000,2979000064.000000,3076199936.000000,0
1337,2016-09-21,3029400064.000000,3068999936.000000,2935800064.000000,2946599936.000000,0
1337,2016-09-22,2914200064.000000,2943000064.000000,2858400000.000000,2910599936.000000,0
1337,2016-09-23,2928600064.000000,3013199872.000000,2921400064.000000,3011399936.000000,0
1337,2016-09-26,3052800000.000000,3132000000.000000,3041999872.000000,3096000000.000000,0
1337,2016-09-27,3128399872.000000,3128399872.000000,2934000128.000000,2934000128.000000,0
1337,2016-09-28,2934000128.000000,2975399936.000000,2872800000.000000,2916000000.000000,0
1337,2016-09-29,2921400064.000000,3007800064.000000,2757600000.000000,2804400128.000000,0
1337,2016-09-30,2770200064.000000,2770200064.000000,2622599936.000000,2678400000.000000,0
1337,2016-10-03,2687399936.000000,2744999936.000000,2620800000.000000,2728800000.000000,0
1337,2016-10-04,2698200064.000000,2780999936.000000,2671200000.000000,2752199936.000000,0
1337,2016-10-05,2737799936.000000,2744999936.000000,2631600128.000000,2687399936.000000,0
1337,2016-10-06,2692800000.000000,2744999936.000000,2633400064.000000,2638799872.000000,0
1337,2016-10-07,2628000000.000000,2723399936.000000,2620800000.000000,2653199872.000000,0
1337,2016-10-10,2609999872.000000,2696399872.000000,2586599936.000000,2692800000.000000,0
1337,2016-10-11,2710799872.000000,2932199936.000000,2703600128.000000,2862000128.000000,0
1337,2016-10-12,2897999872.000000,2971800064.000000,2865600000.000000,2894400000.000000,0
1337,2016-10-13,2968199936.000000,3133799936.000000,2964600064.000000,2998799872.000000,0
1337,2016-10-14,2928600064.000000,2932199936.000000,2820600064.000000,2923200000.000000,0
1337,2016-10-17,2941199872.000000,2973600000.000000,2883599872.000000,2973600000.000000,0
1337,2016-10-18,2838599936.000000,2880000000.000000,2829600000.000000,2862000128.000000,0
1337,2016-10-19,2934000128.000000,2984399872.000000,2892600064.000000,2905200128.000000,0
1337,2016-10-20,2919600128.000000,2973600000.000000,2813400064.000000,2844000000.000000,0
1337,2016-10-21,2871000064.000000,2943000064.000000,2854799872.000000,2867399936.000000,0
1337,2016-10-24,2813400064.000000,2813400064.000000,2701799936.000000,2707200000.000000,0
1337,2016-10-25,2696399872.000000,2728800000.000000,2676600064.000000,2714400000.000000,0
1337,2016-10-26,2772000000.000000,2780999936.000000,2676600064.000000,2727000064.000000,0
1337,2016-10-27,2655000064.000000,2772000000.000000,2624399872.000000,2761200128.000000,0
1337,2016-10-28,2748600064.000000,2822400000.000000,2680199936.000000,2813400064.000000,0
1337,2016-10-31,2784600064.000000,2784600064.000000,2727000064.000000,2766599936.000000,0
1337,2016-11-01,2748600064.000000,2932199936.000000,2705400064.000000,2840399872.000000,0
1337,2016-11-02,2844000000.000000,2921400064.000000,2784600064.000000,2897999872.000000,0
1337,2016-11-03,2890800128.000000,2943000064.000000,2836800000.000000,2916000000.000000,0
1337,2016-11-04,2966400000.000000,3024000000.000000,2888999936.000000,2966400000.000000,0
1337,2016-11-07,2795399936.000000,2838599936.000000,2707200000.000000,2710799872.000000,0
1337,2016-11-08,2712600064.000000,2759399936.000000,2646000128.000000,2694599936.000000,0
1337,2016-11-09,2863800064.000000,2912399872.000000,2708999936.000000,2732400128.000000,0
1337,2016-11-10,2680199936.000000,2988000000.000000,2635200000.000000,2908800000.000000,0
1337,2016-11-11,2816999936.000000,2816999936.000000,2564999936.000000,2586599936.000000,0
1337,2016-11-14,2527200000.000000,2636999936.000000,2527200000.000000,2617200128.000000,0
1337,2016-11-15,2568600064.000000,2588400128.000000,2448000000.000000,2469600000.000000,0
1337,2016-11-16,2485799936.000000,2485799936.000000,2376000000.000000,2381400064.000000,0
1337,2016-11-17,2370599936.000000,2401200128.000000,2269799936.000000,2309400064.000000,0
1337,2016-11-18,2321999872.000000,2323800064.000000,2246400000.000000,2257200128.000000,0
1337,2016-11-21,2233799936.000000,2259000064.000000,2199600128.000000,2210400000.000000,0
1337,2016-11-22,2187000064.000000,2187000064.000000,2132999936.000000,2136600064.000000,0
1337,2016-11-23,2147399936.000000,2174400000.000000,2118599936.000000,2131200000.000000,0
1337,2016-11-25,2131200000.000000,2147399936.000000,2113200000.000000,2125799936.000000,0
1337,2016-11-28,2129400064.000000,2147399936.000000,2109600000.000000,2138400000.000000,0
1337,2016-11-29,2143800064.000000,2181600000.000000,2111399936.000000,2152800000.000000,0
1337,2016-11-30,2138400000.000000,2188800000.000000,2138400000.000000,2187000064.000000,0
1337,2016-12-01,2192399872.000000,2547000064.000000,2192399872.000000,2511000064.000000,0
1337,2016-12-02,2547000064.000000,2547000064.000000,2403000064.000000,2413799936.000000,0
1337,2016-12-05,2368800000.000000,2399399936.000000,2304000000.000000,2325600000.000000,0
1337,2016-12-06,2309400064.000000,2309400064.000000,2221199872.000000,2226599936.000000,0
1337,2016-12-07,2235599872.000000,2251800064.000000,2073600000.000000,2086200064.000000,0
1337,2016-12-08,2088000000.000000,2088000000.000000,1998000000.000000,2035800064.000000,0
1337,2016-12-09,1996199936.000000,2100600064.000000,1972800000.000000,2059200000.000000,0
1337,2016-12-12,2082599936.000000,2154599936.000000,2070000000.000000,2106000000.000000,0
1337,2016-12-13,2073600000.000000,2093400064.000000,1990800000.000000,2032199936.000000,0
1337,2016-12-14,2030400000.000000,2059200000.000000,1998000000.000000,2041200000.000000,0
1337,2016-12-15,2026800000.000000,2026800000.000000,1902599936.000000,1927800064.000000,0
1337,2016-12-16,1906200064.000000,2017799936.000000,1888199936.000000,1990800000.000000,0
1337,2016-12-19,1956600064.000000,1978200064.000000,1908000000.000000,1931399936.000000,0
1337,2016-12-20,1884600064.000000,1902599936.000000,1864800000.000000,1879200000.000000,0
1337,2016-12-21,1890000000.000000,1890000000.000000,1850400000.000000,1873799936.000000,0
1337,2016-12-22,1816199936.000000,1870200064.000000,1801799936.000000,1848600064.000000,0
1337,2016-12-23,1846800000.000000,1863000064.000000,1818000000.000000,1818000000.000000,0
1337,2016-12-27,1823399936.000000,1823399936.000000,1742400000.000000,1751399936.000000,0
1337,2016-12-28,1720800000.000000,1855800064.000000,1713600000.000000,1855800064.000000,0
1337,2016-12-29,1884600064.000000,1911600000.000000,1850400000.000000,1852199936.000000,0
1337,2016-12-30,1832400000.000000,1956600064.000000,1807200000.000000,1940400000.000000,0
1337,2017-01-03,1902599936.000000,1985400064.000000,1852199936.000000,1935000064.000000,0
1337,2017-01-04,1911600000.000000,1947600000.000000,1893600000.000000,1918800000.000000,0
1337,2017-01-05,1915200000.000000,1981799936.000000,1888199936.000000,1969200000.000000,0
1337,2017-01-06,1954800000.000000,1992600064.000000,1906200064.000000,1924199936.000000,0
1337,2017-01-09,1913400064.000000,1916999936.000000,1839600000.000000,1861200000.000000,0
1337,2017-01-10,1864800000.000000,1864800000.000000,1823399936.000000,1836000000.000000,0
1337,2017-01-11,1832400000.000000,1857600000.000000,1816199936.000000,1816199936.000000,0
1337,2017-01-12,1837799936.000000,1942200064.000000,1837799936.000000,1861200000.000000,0
1337,2017-01-13,1844999936.000000,1857600000.000000,1810800000.000000,1825200000.000000,0
1337,2017-01-17,1846800000.000000,1931399936.000000,1844999936.000000,1915200000.000000,0
1337,2017-01-18,1909799936.000000,1911600000.000000,1828800000.000000,1834200064.000000,0
1337,2017-01-19,1857600000.000000,1863000064.000000,1796400000.000000,1861200000.000000,0
1337,2017-01-20,1819800064.000000,1819800064.000000,1749600000.000000,1787399936.000000,0
1337,2017-01-23,1821600000.000000,1861200000.000000,1798200064.000000,1819800064.000000,0
1337,2017-01-24,1800000000.000000,1800000000.000000,1706400000.000000,1711800064.000000,0
1337,2017-01-25,1652400000.000000,1684800000.000000,1628999936.000000,1638000000.000000,0
1337,2017-01-26,1630800000.000000,1686599936.000000,1630800000.000000,1664999936.000000,0
1337,2017-01-27,1641600000.000000,1643399936.000000,1602000000.000000,1603800064.000000,0
1337,2017-01-30,1634400000.000000,1688400000.000000,1621799936.000000,1627200000.000000,0
1337,2017-01-31,1652400000.000000,1720800000.000000,1652400000.000000,1692000000.000000,0
1337,2017-02-01,1634400000.000000,1661400064.000000,1603800064.000000,1609200000.000000,0
1337,2017-02-02,1636199936.000000,1664999936.000000,1596600064.000000,1612800000.000000,0
1337,2017-02-03,1584000000.000000,1605600000.000000,1576800000.000000,1585799936.000000,0
1337,2017-02-06,1580400000.000000,1605600000.000000,1566000000.000000,1569600000.000000,0
1337,2017-02-07,1553400064.000000,1578599936.000000,1535399936.000000,1553400064.000000,0
1337,2017-02-08,1540800000.000000,1567800064.000000,1524600064.000000,1544400000.000000,0
1337,2017-02-09,1540800000.000000,1589400064.000000,1533600000.000000,1582200064.000000,0
1337,2017-02-10,1553400064.000000,1632600064.000000,1548000000.000000,1587600000.000000,0
1337,2017-02-13,1573200000.000000,1585799936.000000,1544400000.000000,1576800000.000000,0
1337,2017-02-14,1585799936.000000,1618200064.000000,1582200064.000000,1591200000.000000,0
1337,2017-02-15,1582200064.000000,1600199936.000000,1548000000.000000,1551600000.000000,0
1337,2017-02-16,1555200000.000000,1575000064.000000,1537200000.000000,1548000000.000000,0
1337,2017-02-17,1567800064.000000,1584000000.000000,1520999936.000000,1522800000.000000,0
1337,2017-02-21,1510200064.000000,1510200064.000000,1454400000.000000,1456199936.000000,0
1337,2017-02-22,1465200000.000000,1472400000.000000,1450800000.000000,1454400000.000000,0
1337,2017-02-23,1461600000.000000,1553400064.000000,1459800064.000000,1528199936.000000,0
1337,2017-02-24,1600199936.000000,1614599936.000000,1528199936.000000,1531800064.000000,0
1337,2017-02-27,1530000000.000000,1537200000.000000,1483200000.000000,1483200000.000000,0
1337,2017-02-28,1481400064.000000,1551600000.000000,1481400064.000000,1540800000.000000,0
1337,2017-03-01,1486800000.000000,1531800064.000000,1463399936.000000,1467000064.000000,0
1337,2017-03-02,1456199936.000000,1520999936.000000,1443600000.000000,1515600000.000000,0
1337,2017-03-03,1506599936.000000,1544400000.000000,1506599936.000000,1517400064.000000,0
1337,2017-03-06,1530000000.000000,1567800064.000000,1506599936.000000,1513799936.000000,0
1337,2017-03-07,1519200000.000000,1535399936.000000,1474200064.000000,1504800000.000000,0
1337,2017-03-08,1486800000.000000,1503000064.000000,1456199936.000000,1494000000.000000,0
1337,2017-03-09,1501200000.000000,1519200000.000000,1477799936.000000,1484999936.000000,0
1337,2017-03-10,1458000000.000000,1458000000.000000,1423800064.000000,1432800000.000000,0
1337,2017-03-13,1422000000.000000,1429200000.000000,1398599936.000000,1402200064.000000,0
1337,2017-03-14,1416600064.000000,1447200000.000000,1409400064.000000,1412999936.000000,0
1337,2017-03-15,1402200064.000000,1429200000.000000,1373400064.000000,1380600064.000000,0
1337,2017-03-16,1366200064.000000,1393200000.000000,1364400000.000000,1384199936.000000,0
1337,2017-03-17,1373400064.000000,1387800064.000000,1371600000.000000,1376999936.000000,0
1337,2017-03-20,1373400064.000000,1376999936.000000,1330200064.000000,1348199936.000000,0
1337,2017-03-21,1340999936.000000,1447200000.000000,1326599936.000000,1441799936.000000,0
1337,2017-03-22,1440000000.000000,1450800000.000000,1389600000.000000,1393200000.000000,0
1337,2017-03-23,1398599936.000000,1414800000.000000,1382400000.000000,1404000000.000000,0
1337,2017-03-24,1351800064.000000,1389600000.000000,1321200000.000000,1371600000.000000,0
1337,2017-03-27,1416600064.000000,1429200000.000000,1357200000.000000,1368000000.000000,0
1337,2017-03-28,1366200064.000000,1376999936.000000,1337400064.000000,1353600000.000000,0
1337,2017-03-29,1351800064.000000,1375200000.000000,1351800064.000000,1364400000.000000,0
1337,2017-03-30,1359000064.000000,1364400000.000000,1333799936.000000,1340999936.000000,0
1337,2017-03-31,1348199936.000000,1355399936.000000,1323000064.000000,1342800000.000000,0
1337,2017-04-03,1335600000.000000,1393200000.000000,1328400000.000000,1366200064.000000,0
1337,2017-04-04,1391399936.000000,1398599936.000000,1360800000.000000,1386000000.000000,0
1337,2017-04-05,1375200000.000000,1420199936.000000,1348199936.000000,1416600064.000000,0
1337,2017-04-06,1422000000.000000,1454400000.000000,1402200064.000000,1411200000.000000,0
1337,2017-04-07,1411200000.000000,1420199936.000000,1378800000.000000,1393200000.000000,0
1337,2017-04-10,1389600000.000000,1434599936.000000,1387800064.000000,1423800064.000000,0
1337,2017-04-11,1441799936.000000,1520999936.000000,1441799936.000000,1461600000.000000,0
1337,2017-04-12,1472400000.000000,1544400000.000000,1467000064.000000,1533600000.000000,0
1337,2017-04-13,1560600064.000000,1566000000.000000,1495800064.000000,1564199936.000000,0
1337,2017-04-17,1548000000.000000,1548000000.000000,1503000064.000000,1506599936.000000,0
1337,2017-04-18,1520999936.000000,1533600000.000000,1481400064.000000,1486800000.000000,0
1337,2017-04-19,1447200000.000000,1468800000.000000,1420199936.000000,1459800064.000000,0
1337,2017-04-20,1427399936.000000,1448999936.000000,1384199936.000000,1393200000.000000,0
1337,2017-04-21,1404000000.000000,1443600000.000000,1402200064.000000,1409400064.000000,0
1337,2017-04-24,1339200000.000000,1364400000.000000,1335600000.000000,1350000000.000000,0
1337,2017-04-25,1324800000.000000,1339200000.000000,1301400064.000000,1308600064.000000,0
1337,2017-04-26,1312199936.000000,1355399936.000000,1306800000.000000,1339200000.000000,0
1337,2017-04-27,1310400000.000000,1317600000.000000,1278000000.000000,1283399936.000000,0
1337,2017-04-28,1306800000.000000,1360800000.000000,1297799936.000000,1350000000.000000,0
1337,2017-05-01,1334160000.000000,1359360000.000000,1307879936.000000,1309680000.000000,0
1337,2017-05-02,1333440000.000000,1370520064.000000,1333440000.000000,1351800064.000000,0
1337,2017-05-03,1382040064.000000,1382040064.000000,1330200064.000000,1336679936.000000,0
1337,2017-05-04,1329479936.000000,1355760000.000000,1324800000.000000,1339200000.000000,0
1337,2017-05-05,1328760064.000000,1361159936.000000,1324440064.000000,1324440064.000000,0
1337,2017-05-08,1324440064.000000,1346759936.000000,1319040000.000000,1339559936.000000,0
1337,2017-05-09,1326960000.000000,1326960000.000000,1287719936.000000,1298880000.000000,0
1337,2017-05-10,1252800000.000000,1252800000.000000,1209600000.000000,1216800000.000000,0
1337,2017-05-11,1230840064.000000,1249200000.000000,1186919936.000000,1203480064.000000,0
1337,2017-05-12,1196999936.000000,1213200000.000000,1188359936.000000,1191960064.000000,0
1337,2017-05-15,1186200064.000000,1188000000.000000,1135440000.000000,1137959936.000000,0
1337,2017-05-16,1128960000.000000,1138320000.000000,1086840064.000000,1086840064.000000,0
1337,2017-05-17,1130400000.000000,1231559936.000000,1119600000.000000,1229400064.000000,0
1337,2017-05-18,1220760064.000000,1238759936.000000,1148400000.000000,1159559936.000000,0
1337,2017-05-19,1134000000.000000,1145520000.000000,1108800000.000000,1121400064.000000,0
1337,2017-05-22,1111680000.000000,1111680000.000000,1083600000.000000,1085760000.000000,0
1337,2017-05-23,1078919936.000000,1123559936.000000,1077120000.000000,1096560000.000000,0
1337,2017-05-24,1083960064.000000,1092600064.000000,1069920000.000000,1076400000.000000,0
1337,2017-05-25,1065600000.000000,1079640064.000000,1049400000.000000,1059120000.000000,0
1337,2017-05-26,1065240000.000000,1081799936.000000,1044000000.000000,1044000000.000000,0
1337,2017-05-30,1044000000.000000,1045800000.000000,1016640000.000000,1024920000.000000,0
1337,2017-05-31,1004400000.000000,1039320000.000000,995400000.000000,1025640000.000000,0
1337,2017-06-01,1022040000.000000,1039680000.000000,1014840000.000000,1023120000.000000,0
1337,2017-06-02,1006920000.000000,1024560000.000000,986040000.000000,992880000.000000,0
1337,2017-06-05,989280000.000000,993960000.000000,967320000.000000,984240000.000000,0
1337,2017-06-06,984600000.000000,998640000.000000,953640000.000000,974160000.000000,0
1337,2017-06-07,961920000.000000,967320000.000000,940320000.000000,951480000.000000,0
1337,2017-06-08,933840000.000000,952920000.000000,898560000.000000,901800000.000000,0
1337,2017-06-09,884520000.000000,1065600000.000000,872280000.000000,1014120000.000000,0
1337,2017-06-12,1054800000.000000,1118520064.000000,1030320000.000000,1030320000.000000,0
1337,2017-06-13,991800000.000000,1048320000.000000,978480000.000000,1011240000.000000,0
1337,2017-06-14,995760000.000000,1076039936.000000,995760000.000000,1044000000.000000,0
1337,2017-06-15,1096199936.000000,1098720000.000000,1056960000.000000,1069560000.000000,0
1337,2017-06-16,1058400000.000000,1089360000.000000,1040760000.000000,1080720000.000000,0
1337,2017-06-19,1044360000.000000,1044720000.000000,1014120000.000000,1018440000.000000,0
1337,2017-06-20,1009080000.000000,1053360000.000000,997560000.000000,1052640000.000000,0
1337,2017-06-21,1038600000.000000,1050840000.000000,1014480000.000000,1017360000.000000,0
1337,2017-06-22,1018080000.000000,1036800000.000000,1008000000.000000,1023480000.000000,0
1337,2017-06-23,1022400000.000000,1032480000.000000,995760000.000000,1012320000.000000,0
1337,2017-06-26,987480000.000000,1056240000.000000,968040000.000000,1039320000.000000,0
1337,2017-06-27,1055880000.000000,1123559936.000000,1053000000.000000,1123200000.000000,0
1337,2017-06-28,1098720000.000000,1137600000.000000,1059840000.000000,1063800000.000000,0
1337,2017-06-29,1079280000.000000,1186919936.000000,1077120000.000000,1144800000.000000,0
1337,2017-06-30,1134000000.000000,1177560064.000000,1116720000.000000,1162439936.000000,0
1337,2017-07-03,1139399936.000000,1212839936.000000,1130400000.000000,1206720000.000000,0
1337,2017-07-05,1194119936.000000,1195200000.000000,1130040064.000000,1135800064.000000,0
1337,2017-07-06,1177200000.000000,1183320064.000000,1119960064.000000,1149479936.000000,0
1337,2017-07-07,1122840064.000000,1130400000.000000,1078919936.000000,1094759936.000000,0
1337,2017-07-10,1084679936.000000,1100880000.000000,1046160000.000000,1054440000.000000,0
1337,2017-07-11,1062720000.000000,1063080000.000000,1026000000.000000,1026000000.000000,0
1337,2017-07-12,1006200000.000000,1007640000.000000,972360000.000000,980640000.000000,0
1337,2017-07-13,977400000.000000,996480000.000000,956520000.000000,988560000.000000,0
1337,2017-07-14,978840000.000000,979200000.000000,946800000.000000,950040000.000000,0
1337,2017-07-17,938880000.000000,970200000.000000,938160000.000000,961200000.000000,0
1337,2017-07-18,972360000.000000,988200000.000000,950400000.000000,951120000.000000,0
1337,2017-07-19,936000000.000000,944280000.000000,923040000.000000,925200000.000000,0
1337,2017-07-20,924120000.000000,946800000.000000,913320000.000000,918000000.000000,0
1337,2017-07-21,936720000.000000,954720000.000000,936720000.000000,939600000.000000,0
1337,2017-07-24,939960000.000000,955800000.000000,938160000.000000,950040000.000000,0
1337,2017-07-25,951840000.000000,981000000.000000,943560000.000000,951120000.000000,0
1337,2017-07-26,929160000.000000,937440000.000000,906480000.000000,919800000.000000,0
1337,2017-07-27,914400000.000000,994680000.000000,907200000.000000,963000000.000000,0
1337,2017-07-28,976680000.000000,987480000.000000,959400000.000000,975600000.000000,0
1337,2017-07-31,970920000.000000,1004040000.000000,955800000.000000,994320000.000000,0
1337,2017-08-01,986760000.000000,1003680000.000000,977040000.000000,978840000.000000,0
1337,2017-08-02,959760000.000000,1019880000.000000,954000000.000000,1000080000.000000,0
1337,2017-08-03,1000800000.000000,1024920000.000000,990720000.000000,1011960000.000000,0
1337,2017-08-04,1005840000.000000,1018440000.000000,983160000.000000,1008360000.000000,0
1337,2017-08-07,1003320000.000000,1003320000.000000,955440000.000000,956520000.000000,0
1337,2017-08-08,956520000.000000,976320000.000000,930960000.000000,966960000.000000,0
1337,2017-08-09,986400000.000000,1000800000.000000,971280000.000000,976320000.000000,0
1337,2017-08-10,990720000.000000,1058760000.000000,990000000.000000,1056240000.000000,0
1337,2017-08-11,1068480000.000000,1076400000.000000,1032480000.000000,1040400000.000000,0
1337,2017-08-14,1003320000.000000,1006200000.000000,954720000.000000,959400000.000000,0
1337,2017-08-15,951480000.000000,972720000.000000,945360000.000000,951120000.000000,0
1337,2017-08-16,944280000.000000,961560000.000000,935640000.000000,947880000.000000,0
1337,2017-08-17,961200000.000000,1021320000.000000,953640000.000000,1021320000.000000,0
1337,2017-08-18,1004400000.000000,1030680000.000000,990720000.000000,1014480000.000000,0
1337,2017-08-21,1010160000.000000,1057680000.000000,1010160000.000000,1036440000.000000,0
1337,2017-08-22,1010160000.000000,1011960000.000000,979200000.000000,986040000.000000,0
1337,2017-08-23,1008360000.000000,1017720000.000000,965880000.000000,974160000.000000,0
1337,2017-08-24,961560000.000000,991080000.000000,957600000.000000,974880000.000000,0
1337,2017-08-25,960480000.000000,993240000.000000,959040000.000000,988560000.000000,0
1337,2017-08-28,984600000.000000,995760000.000000,978480000.000000,981000000.000000,0
1337,2017-08-29,1012680000.000000,1018800000.000000,966600000.000000,974160000.000000,0
1337,2017-08-30,959400000.000000,969480000.000000,920160000.000000,923760000.000000,0
1337,2017-08-31,916200000.000000,918720000.000000,893160000.000000,897120000.000000,0
1337,2017-09-01,890280000.000000,890280000.000000,870840000.000000,885600000.000000,0
1337,2017-09-05,901440000.000000,945000000.000000,891000000.000000,920880000.000000,0
1337,2017-09-06,910800000.000000,931320000.000000,904320000.000000,916560000.000000,0
1337,2017-09-07,914400000.000000,925200000.000000,902160000.000000,912960000.000000,0
1337,2017-09-08,915120000.000000,954720000.000000,913320000.000000,945720000.000000,0
1337,2017-09-11,919080000.000000,921600000.000000,884520000.000000,890280000.000000,0
1337,2017-09-12,883440000.000000,894600000.000000,870840000.000000,878760000.000000,0
1337,2017-09-13,884520000.000000,893520000.000000,867240000.000000,874440000.000000,0
1337,2017-09-14,887040000.000000,887400000.000000,847800000.000000,862560000.000000,0
1337,2017-09-15,858600000.000000,859320000.000000,815760000.000000,819000000.000000,0
1337,2017-09-18,803880000.000000,803880000.000000,771120000.000000,786600000.000000,0
1337,2017-09-19,783000000.000000,794880000.000000,769680000.000000,777960000.000000,0
1337,2017-09-20,775080000.000000,840600000.000000,775080000.000000,809640000.000000,0
1337,2017-09-21,816480000.000000,842040000.000000,812160000.000000,820800000.000000,0
1337,2017-09-22,829800000.000000,832320000.000000,804960000.000000,810000000.000000,0
1337,2017-09-25,821160000.000000,867600000.000000,821160000.000000,856440000.000000,0
1337,2017-09-26,826560000.000000,866520000.000000,826560000.000000,857880000.000000,0
1337,2017-09-27,833400000.000000,833400000.000000,786960000.000000,797400000.000000,0
1337,2017-09-28,801360000.000000,804960000.000000,778680000.000000,779400000.000000,0
1337,2017-09-29,771480000.000000,782640000.000000,756720000.000000,760320000.000000,0
1337,2017-10-02,751680000.000000,762480000.000000,735120000.000000,746640000.000000,0
1337,2017-10-03,744120000.000000,748800000.000000,732600000.000000,739440000.000000,0
1337,2017-10-04,745200000.000000,753840000.000000,733680000.000000,734760000.000000,0
1337,2017-10-05,723600000.000000,744120000.000000,722520000.000000,732240000.000000,0
1337,2017-10-06,741600000.000000,743400000.000000,722520000.000000,723600000.000000,0
1337,2017-10-09,719640000.000000,719640000.000000,704520000.000000,707040000.000000,0
1337,2017-10-10,690120000.000000,716400000.000000,687240000.000000,694800000.000000,0
1337,2017-10-11,702000000.000000,702000000.000000,680040000.000000,681120000.000000,0
1337,2017-10-12,684000000.000000,689040000.000000,673560000.000000,687960000.000000,0
1337,2017-10-13,679680000.000000,683640000.000000,667080000.000000,674640000.000000,0
1337,2017-10-16,667080000.000000,678240000.000000,663840000.000000,664560000.000000,0
1337,2017-10-17,664920000.000000,675720000.000000,664560000.000000,666000000.000000,0
1337,2017-10-18,659880000.000000,685440000.000000,655920000.000000,659160000.000000,0
1337,2017-10-19,677880000.000000,694800000.000000,664200000.000000,664560000.000000,0
1337,2017-10-20,651240000.000000,657720000.000000,644400000.000000,654840000.000000,0
1337,2017-10-23,649080000.000000,653760000.000000,633960000.000000,644760000.000000,0
1337,2017-10-24,639000000.000000,647640000.000000,628920000.000000,631800000.000000,0
1337,2017-10-25,644760000.000000,675000000.000000,637200000.000000,656640000.000000,0
1337,2017-10-26,652320000.000000,655560000.000000,640080000.000000,644760000.000000,0
1337,2017-10-27,629640000.000000,640440000.000000,601200000.000000,603720000.000000,0
1337,2017-10-30,629640000.000000,629640000.000000,599400000.000000,599400000.000000,0
1337,2017-10-31,592200000.000000,600120000.000000,579240000.000000,584640000.000000,0
1337,2017-11-01,572040000.000000,606600000.000000,569880000.000000,590760000.000000,0
1337,2017-11-02,590040000.000000,603000000.000000,577800000.000000,582840000.000000,0
1337,2017-11-03,574560000.000000,588960000.000000,551520000.000000,552240000.000000,0
1337,2017-11-06,538560000.000000,547920000.000000,527400000.000000,528840000.000000,0
1337,2017-11-07,531000000.000000,540360000.000000,526320000.000000,530280000.000000,0
1337,2017-11-08,534960000.000000,537840000.000000,523440000.000000,524520000.000000,0
1337,2017-11-09,540720000.000000,575280000.000000,540360000.000000,555840000.000000,0
1337,2017-11-10,551160000.000000,555480000.000000,543960000.000000,546480000.000000,0
1337,2017-11-13,554040000.000000,554400000.000000,539280000.000000,541440000.000000,0
1337,2017-11-14,544680000.000000,555120000.000000,537120000.000000,543240000.000000,0
1337,2017-11-15,553320000.000000,570240000.000000,549720000.000000,557280000.000000,0
1337,2017-11-16,550080000.000000,551520000.000000,524520000.000000,531720000.000000,0
1337,2017-11-17,524520000.000000,541440000.000000,522000000.000000,538920000.000000,0
1337,2017-11-20,535680000.000000,535680000.000000,516600000.000000,519840000.000000,0
1337,2017-11-21,509040000.000000,513000000.000000,499680000.000000,501480000.000000,0
1337,2017-11-22,496440000.000000,513360000.000000,496440000.000000,510840000.000000,0
1337,2017-11-24,506880000.000000,506880000.000000,496440000.000000,497880000.000000,0
1337,2017-11-27,505440000.000000,518400000.000000,505440000.000000,515520000.000000,0
1337,2017-11-28,510840000.000000,525240000.000000,507600000.000000,516600000.000000,0
1337,2017-11-29,517680000.000000,599040000.000000,517680000.000000,583920000.000000,0
1337,2017-11-30,568800000.000000,585360000.000000,555480000.000000,573480000.000000,0
1337,2017-12-01,590760000.000000,637200000.000000,583200000.000000,592920000.000000,0
1337,2017-12-04,570240000.000000,646560000.000000,569880000.000000,636120000.000000,0
1337,2017-12-05,640800000.000000,657720000.000000,599760000.000000,635760000.000000,0
1337,2017-12-06,654120000.000000,663120000.000000,625320000.000000,628560000.000000,0
1337,2017-12-07,614880000.000000,622800000.000000,604080000.000000,610200000.000000,0
1337,2017-12-08,592560000.000000,621360000.000000,587520000.000000,619920000.000000,0
1337,2017-12-11,618840000.000000,622800000.000000,603360000.000000,609120000.000000,0
1337,2017-12-12,612360000.000000,629280000.000000,612360000.000000,626760000.000000,0
1337,2017-12-13,620280000.000000,628200000.000000,609480000.000000,627840000.000000,0
1337,2017-12-14,624600000.000000,633600000.000000,616320000.000000,628560000.000000,0
1337,2017-12-15,621720000.000000,630000000.000000,594360000.000000,600120000.000000,0
1337,2017-12-18,580320000.000000,586800000.000000,559440000.000000,560160000.000000,0
1337,2017-12-19,560520000.000000,570960000.000000,555840000.000000,561960000.000000,0
1337,2017-12-20,545040000.000000,565200000.000000,541800000.000000,551160000.000000,0
1337,2017-12-21,547920000.000000,570600000.000000,547920000.000000,568440000.000000,0
1337,2017-12-22,573480000.000000,582120000.000000,568080000.000000,570240000.000000,0
1337,2017-12-26,588960000.000000,601200000.000000,584640000.000000,586080000.000000,0
1337,2017-12-27,588600000.000000,590400000.000000,571680000.000000,579960000.000000,0
1337,2017-12-28,572760000.000000,579240000.000000,571320000.000000,576720000.000000,0
1337,2017-12-29,575640000.000000,594000000.000000,573840000.000000,594000000.000000,0
1337,2018-01-02,584640000.000000,586440000.000000,544680000.000000,545400000.000000,0
1337,2018-01-03,537840000.000000,540000000.000000,516600000.000000,517680000.000000,0
1337,2018-01-04,509400000.000000,520920000.000000,503280000.000000,508680000.000000,0
1337,2018-01-05,503280000.000000,510480000.000000,493920000.000000,499680000.000000,0
1337,2018-01-08,501840000.000000,503280000.000000,483120000.000000,488160000.000000,0
1337,2018-01-09,484200000.000000,504000000.000000,484200000.000000,502200000.000000,0
1337,2018-01-10,522000000.000000,532080000.000000,513360000.000000,520200000.000000,0
1337,2018-01-11,513720000.000000,521640000.000000,510480000.000000,510840000.000000,0
1337,2018-01-12,511200000.000000,514080000.000000,499680000.000000,502920000.000000,0
1337,2018-01-16,491040000.000000,506160000.000000,479880000.000000,497520000.000000,0
1337,2018-01-17,491040000.000000,491040000.000000,452880000.000000,454680000.000000,0
1337,2018-01-18,458280000.000000,458280000.000000,441720000.000000,448560000.000000,0
1337,2018-01-19,443160000.000000,455400000.000000,440640000.000000,447120000.000000,0
1337,2018-01-22,443520000.000000,451800000.000000,437400000.000000,437400000.000000,0
1337,2018-01-23,432000000.000000,435960000.000000,426600000.000000,427680000.000000,0
1337,2018-01-24,440640000.000000,465120000.000000,435240000.000000,456120000.000000,0
1337,2018-01-25,440280000.000000,480240000.000000,437040000.000000,480240000.000000,0
1337,2018-01-26,461160000.000000,461520000.000000,433800000.000000,434520000.000000,0
1337,2018-01-29,439560000.000000,451440000.000000,426960000.000000,435960000.000000,0
1337,2018-01-30,457560000.000000,463680000.000000,446400000.000000,461520000.000000,0
1337,2018-01-31,445680000.000000,458280000.000000,440640000.000000,450720000.000000,0
1337,2018-02-01,460080000.000000,462240000.000000,437760000.000000,457560000.000000,0
1337,2018-02-02,464760000.000000,495000000.000000,464760000.000000,494640000.000000,0
1337,2018-02-05,511920000.000000,567360000.000000,482760000.000000,563760000.000000,0
1337,2018-02-06,591840000.000000,594000000.000000,500400000.000000,501840000.000000,0
1337,2018-02-07,509760000.000000,535320000.000000,498960000.000000,535320000.000000,0
1337,2018-02-08,524520000.000000,603720000.000000,522720000.000000,603000000.000000,0
1337,2018-02-09,559800000.000000,626400000.000000,537480000.000000,550080000.000000,0
1337,2018-02-12,533520000.000000,543600000.000000,507600000.000000,518400000.000000,0
1337,2018-02-13,531000000.000000,533160000.000000,516960000.000000,519120000.000000,0
1337,2018-02-14,531000000.000000,531000000.000000,480960000.000000,484560000.000000,0
1337,2018-02-15,474120000.000000,501120000.000000,466560000.000000,466560000.000000,0
1337,2018-02-16,476640000.000000,476640000.000000,454680000.000000,472320000.000000,0
1337,2018-02-20,474480000.000000,478800000.000000,433800000.000000,446760000.000000,0
1337,2018-02-21,439200000.000000,462960000.000000,437760000.000000,462600000.000000,0
1337,2018-02-22,455760000.000000,469440000.000000,450720000.000000,466200000.000000,0
1337,2018-02-23,454320000.000000,455040000.000000,435600000.000000,435960000.000000,0
1337,2018-02-26,426960000.000000,428760000.000000,407160000.000000,407520000.000000,0
1337,2018-02-27,407520000.000000,411840000.000000,390960000.000000,411840000.000000,0
1337,2018-02-28,403560000.000000,423360000.000000,396720000.000000,422280000.000000,0
1337,2018-03-01,422640000.000000,457200000.000000,417240000.000000,443160000.000000,0
1337,2018-03-02,459360000.000000,460800000.000000,417960000.000000,420120000.000000,0
1337,2018-03-05,426960000.000000,432720000.000000,402480000.000000,408600000.000000,0
1337,2018-03-06,400680000.000000,403920000.000000,387000000.000000,390240000.000000,0
1337,2018-03-07,401040000.000000,401760000.000000,385200000.000000,387000000.000000,0
1337,2018-03-08,383040000.000000,392400000.000000,378720000.000000,385920000.000000,0
1337,2018-03-09,378720000.000000,378720000.000000,361080000.000000,361080000.000000,0
1337,2018-03-12,354240000.000000,357120000.000000,344520000.000000,350640000.000000,0
1337,2018-03-13,344520000.000000,371160000.000000,336600000.000000,366480000.000000,0
1337,2018-03-14,361800000.000000,376920000.000000,361080000.000000,366480000.000000,0
1337,2018-03-15,363240000.000000,373320000.000000,360360000.000000,367560000.000000,0
1337,2018-03-16,366120000.000000,369720000.000000,361440000.000000,368280000.000000,0
1337,2018-03-19,378000000.000000,404640000.000000,373680000.000000,389520000.000000,0
1337,2018-03-20,388080000.000000,388080000.000000,376200000.000000,379440000.000000,0
1337,2018-03-21,383760000.000000,383760000.000000,362880000.000000,376920000.000000,0
1337,2018-03-22,394920000.000000,408600000.000000,383760000.000000,407880000.000000,0
1337,2018-03-23,409680000.000000,448920000.000000,407880000.000000,448560000.000000,0
1337,2018-03-26,418680000.000000,434520000.000000,392040000.000000,392760000.000000,0
1337,2018-03-27,381960000.000000,445680000.000000,380160000.000000,437040000.000000,0
1337,2018-03-28,443880000.000000,469800000.000000,432360000.000000,464400000.000000,0
1337,2018-03-29,453600000.000000,464760000.000000,420480000.000000,434160000.000000,0
1337,2018-04-02,446400000.000000,495720000.000000,435600000.000000,483840000.000000,0
1337,2018-04-03,466560000.000000,481680000.000000,452160000.000000,456120000.000000,0
1337,2018-04-04,493920000.000000,496080000.000000,434520000.000000,438120000.000000,0
1337,2018-04-05,428760000.000000,460800000.000000,427680000.000000,451080000.000000,0
1337,2018-04-06,469440000.000000,499320000.000000,455760000.000000,493200000.000000,0
1337,2018-04-09,476280000.000000,484920000.000000,441000000.000000,483840000.000000,0
1337,2018-04-10,451800000.000000,460080000.000000,429480000.000000,437400000.000000,0
1337,2018-04-11,441720000.000000,448200000.000000,425160000.000000,437040000.000000,0
1337,2018-04-12,425520000.000000,428400000.000000,408600000.000000,411840000.000000,0
1337,2018-04-13,398160000.000000,426600000.000000,396000000.000000,421920000.000000,0
1337,2018-04-16,414000000.000000,429840000.000000,412560000.000000,419400000.000000,0
1337,2018-04-17,410760000.000000,412560000.000000,392400000.000000,395280000.000000,0
1337,2018-04-18,402480000.000000,418680000.000000,401040000.000000,407880000.000000,0
1337,2018-04-19,430920000.000000,465120000.000000,430200000.000000,460440000.000000,0
1337,2018-04-20,461160000.000000,483120000.000000,453960000.000000,477000000.000000,0
1337,2018-04-23,470520000.000000,499320000.000000,468000000.000000,496440000.000000,0
1337,2018-04-24,484200000.000000,521280000.000000,469080000.000000,508320000.000000,0
1337,2018-04-25,500400000.000000,534240000.000000,498600000.000000,510480000.000000,0
1337,2018-04-26,486720000.000000,495360000.000000,477360000.000000,478440000.000000,0
1337,2018-04-27,460440000.000000,496080000.000000,460080000.000000,488880000.000000,0
1337,2018-04-30,492840000.000000,511560000.000000,480240000.000000,505440000.000000,0
1337,2018-05-01,506880000.000000,510480000.000000,478080000.000000,479880000.000000,0
1337,2018-05-02,480240000.000000,492480000.000000,474120000.000000,486000000.000000,0
1337,2018-05-03,497160000.000000,509400000.000000,471600000.000000,477720000.000000,0
1337,2018-05-04,486720000.000000,493200000.000000,442080000.000000,443160000.000000,0
1337,2018-05-07,435600000.000000,438480000.000000,425160000.000000,431280000.000000,0
1337,2018-05-08,434520000.000000,437760000.000000,421920000.000000,421920000.000000,0
1337,2018-05-09,418680000.000000,422280000.000000,403920000.000000,404280000.000000,0
1337,2018-05-10,397080000.000000,398160000.000000,382320000.000000,382320000.000000,0
1337,2018-05-11,390240000.000000,393480000.000000,380160000.000000,390960000.000000,0
1337,2018-05-14,375480000.000000,379080000.000000,362160000.000000,376200000.000000,0
1337,2018-05-15,384840000.000000,396720000.000000,380880000.000000,389520000.000000,0
1337,2018-05-16,388440000.000000,388800000.000000,371160000.000000,372960000.000000,0
1337,2018-05-17,378000000.000000,385200000.000000,367560000.000000,377280000.000000,0
1337,2018-05-18,386280000.000000,397440000.000000,385920000.000000,393480000.000000,0
1337,2018-05-21,376200000.000000,392040000.000000,369360000.000000,380880000.000000,0
1337,2018-05-22,372600000.000000,378720000.000000,366480000.000000,374760000.000000,0
1337,2018-05-23,386280000.000000,388440000.000000,368640000.000000,369000000.000000,0
1337,2018-05-24,369360000.000000,378360000.000000,362520000.000000,364680000.000000,0
1337,2018-05-25,365760000.000000,367200000.000000,354960000.000000,356400000.000000,0
1337,2018-05-29,362160000.000000,370080000.000000,353520000.000000,362880000.000000,0
1337,2018-05-30,357480000.000000,360720000.000000,347760000.000000,355680000.000000,0
1337,2018-05-31,357480000.000000,364680000.000000,352440000.000000,363240000.000000,0
1337,2018-06-01,356400000.000000,357480000.000000,338760000.000000,338760000.000000,0
1337,2018-06-04,335520000.000000,340200000.000000,329400000.000000,330480000.000000,0
1337,2018-06-05,329760000.000000,331920000.000000,323280000.000000,326160000.000000,0
1337,2018-06-06,326520000.000000,330120000.000000,320040000.000000,320040000.000000,0
1337,2018-06-07,319680000.000000,335160000.000000,317880000.000000,328320000.000000,0
1337,2018-06-08,339840000.000000,345240000.000000,335160000.000000,336960000.000000,0
1337,2018-06-11,338760000.000000,342720000.000000,334080000.000000,339480000.000000,0
1337,2018-06-12,336600000.000000,343080000.000000,333360000.000000,334440000.000000,0
1337,2018-06-13,334440000.000000,336600000.000000,324720000.000000,335520000.000000,0
1337,2018-06-14,331200000.000000,335880000.000000,324720000.000000,329760000.000000,0
1337,2018-06-15,336240000.000000,339480000.000000,329760000.000000,330480000.000000,0
1337,2018-06-18,338040000.000000,349200000.000000,337680000.000000,340560000.000000,0
1337,2018-06-19,356040000.000000,366840000.000000,350640000.000000,351000000.000000,0
1337,2018-06-20,343800000.000000,350640000.000000,340560000.000000,345960000.000000,0
1337,2018-06-21,338400000.000000,360360000.000000,338400000.000000,358920000.000000,0
1337,2018-06-22,353520000.000000,369720000.000000,352800000.000000,367920000.000000,0
1337,2018-06-25,380880000.000000,414000000.000000,380880000.000000,399960000.000000,0
1337,2018-06-26,393480000.000000,401760000.000000,389520000.000000,395640000.000000,0
1337,2018-06-27,390240000.000000,424800000.000000,386280000.000000,424800000.000000,0
1337,2018-06-28,427680000.000000,429840000.000000,411480000.000000,413640000.000000,0
1337,2018-06-29,403920000.000000,412200000.000000,396720000.000000,411840000.000000,0
1337,2018-07-02,423000000.000000,432360000.000000,403920000.000000,404280000.000000,0
1337,2018-07-03,398880000.000000,427680000.000000,397800000.000000,426240000.000000,0
1337,2018-07-05,414720000.000000,414720000.000000,392400000.000000,392760000.000000,0
1337,2018-07-06,394920000.000000,399240000.000000,376200000.000000,378360000.000000,0
1337,2018-07-09,366480000.000000,384480000.000000,366480000.000000,370800000.000000,0
1337,2018-07-10,370440000.000000,370440000.000000,356760000.000000,359280000.000000,0
1337,2018-07-11,376560000.000000,388080000.000000,370800000.000000,387360000.000000,0
1337,2018-07-12,387720000.000000,397440000.000000,377640000.000000,379080000.000000,0
1337,2018-07-13,379080000.000000,385560000.000000,376920000.000000,383760000.000000,0
1337,2018-07-16,383760000.000000,386280000.000000,378000000.000000,385560000.000000,0
1337,2018-07-17,393120000.000000,394560000.000000,368280000.000000,368280000.000000,0
1337,2018-07-18,363240000.000000,367920000.000000,358920000.000000,360360000.000000,0
1337,2018-07-19,364320000.000000,369720000.000000,358200000.000000,362880000.000000,0
1337,2018-07-20,365760000.000000,373680000.000000,362520000.000000,368640000.000000,0
1337,2018-07-23,372240000.000000,388080000.000000,364680000.000000,366840000.000000,0
1337,2018-07-24,360360000.000000,380520000.000000,354240000.000000,379080000.000000,0
1337,2018-07-25,381600000.000000,394200000.000000,372960000.000000,372960000.000000,0
1337,2018-07-26,366840000.000000,366840000.000000,352080000.000000,352440000.000000,0
1337,2018-07-27,351360000.000000,365400000.000000,342720000.000000,357480000.000000,0
1337,2018-07-30,357840000.000000,372960000.000000,354960000.000000,367920000.000000,0
1337,2018-07-31,360360000.000000,362880000.000000,345600000.000000,360360000.000000,0
1337,2018-08-01,360360000.000000,366840000.000000,351360000.000000,362520000.000000,0
1337,2018-08-02,371520000.000000,375840000.000000,350280000.000000,351720000.000000,0
1337,2018-08-03,351360000.000000,356760000.000000,348480000.000000,350280000.000000,0
1337,2018-08-06,351720000.000000,357840000.000000,343440000.000000,343800000.000000,0
1337,2018-08-07,341640000.000000,343080000.000000,334800000.000000,335520000.000000,0
1337,2018-08-08,338400000.000000,339120000.000000,331200000.000000,332640000.000000,0
1337,2018-08-09,338040000.000000,343800000.000000,336600000.000000,343440000.000000,0
1337,2018-08-10,363600000.000000,373320000.000000,360000000.000000,368640000.000000,0
1337,2018-08-13,366480000.000000,368640000.000000,357120000.000000,367920000.000000,0
1337,2018-08-14,362520000.000000,370440000.000000,358920000.000000,369360000.000000,0
1337,2018-08-15,378000000.000000,396360000.000000,374040000.000000,384480000.000000,0
1337,2018-08-16,375480000.000000,389520000.000000,375120000.000000,386280000.000000,0
1337,2018-08-17,398160000.000000,412200000.000000,392040000.000000,394920000.000000,0
1337,2018-08-20,390240000.000000,409680000.000000,388800000.000000,396000000.000000,0
1337,2018-08-21,392040000.000000,393120000.000000,370080000.000000,372600000.000000,0
1337,2018-08-22,376560000.000000,382680000.000000,366480000.000000,367920000.000000,0
1337,2018-08-23,369360000.000000,369360000.000000,358560000.000000,366840000.000000,0
1337,2018-08-24,362520000.000000,362520000.000000,350640000.000000,350640000.000000,0
1337,2018-08-27,344160000.000000,344880000.000000,326520000.000000,334800000.000000,0
1337,2018-08-28,331200000.000000,340560000.000000,326520000.000000,330480000.000000,0
1337,2018-08-29,330480000.000000,334080000.000000,325440000.000000,328320000.000000,0
1337,2018-08-30,330480000.000000,338400000.000000,326520000.000000,337320000.000000,0
1337,2018-08-31,338760000.000000,340560000.000000,329760000.000000,331560000.000000,0
1337,2018-09-04,334800000.000000,337680000.000000,323280000.000000,323640000.000000,0
1337,2018-09-05,324720000.000000,336600000.000000,321840000.000000,328680000.000000,0
1337,2018-09-06,331920000.000000,355680000.000000,331200000.000000,354600000.000000,0
1337,2018-09-07,358560000.000000,361800000.000000,343440000.000000,359280000.000000,0
1337,2018-09-10,351000000.000000,358200000.000000,347400000.000000,347760000.000000,0
1337,2018-09-11,354960000.000000,363240000.000000,350280000.000000,357840000.000000,0
1337,2018-09-12,369000000.000000,393480000.000000,369000000.000000,369360000.000000,0
1337,2018-09-13,356760000.000000,361440000.000000,343440000.000000,357480000.000000,0
1337,2018-09-14,352080000.000000,354960000.000000,341280000.000000,345960000.000000,0
1337,2018-09-17,352080000.000000,361800000.000000,346680000.000000,360720000.000000,0
1337,2018-09-18,355320000.000000,355680000.000000,344520000.000000,350640000.000000,0
1337,2018-09-19,351360000.000000,353520000.000000,344160000.000000,348480000.000000,0
1337,2018-09-20,341640000.000000,342720000.000000,332640000.000000,336240000.000000,0
1337,2018-09-21,335520000.000000,342360000.000000,332280000.000000,340200000.000000,0
1337,2018-09-24,345960000.000000,350280000.000000,335520000.000000,336240000.000000,0
1337,2018-09-25,337680000.000000,353880000.000000,337680000.000000,352440000.000000,0
1337,2018-09-26,354240000.000000,363240000.000000,349920000.000000,362160000.000000,0
1337,2018-09-27,358560000.000000,362160000.000000,353880000.000000,357120000.000000,0
1337,2018-09-28,359640000.000000,362520000.000000,347760000.000000,350640000.000000,0
1337,2018-10-01,347400000.000000,350280000.000000,339120000.000000,347760000.000000,0
1337,2018-10-02,348480000.000000,350640000.000000,333720000.000000,348120000.000000,0
1337,2018-10-03,343800000.000000,356760000.000000,339840000.000000,346680000.000000,0
1337,2018-10-04,352080000.000000,374760000.000000,352080000.000000,366120000.000000,0
1337,2018-10-05,367200000.000000,401760000.000000,364680000.000000,391680000.000000,0
1337,2018-10-08,400680000.000000,415080000.000000,390240000.000000,404640000.000000,0
1337,2018-10-09,408600000.000000,414000000.000000,400320000.000000,406080000.000000,0
1337,2018-10-10,422280000.000000,460800000.000000,421200000.000000,459360000.000000,0
1337,2018-10-11,461520000.000000,484560000.000000,432720000.000000,474480000.000000,0
1337,2018-10-12,434160000.000000,469440000.000000,426600000.000000,447120000.000000,0
1337,2018-10-15,452880000.000000,464400000.000000,444240000.000000,459000000.000000,0
1337,2018-10-16,442440000.000000,445680000.000000,412560000.000000,413640000.000000,0
1337,2018-10-17,408240000.000000,428400000.000000,402840000.000000,419400000.000000,0
1337,2018-10-18,423360000.000000,455400000.000000,423360000.000000,451440000.000000,0
1337,2018-10-19,439920000.000000,477360000.000000,434880000.000000,472320000.000000,0
1337,2018-10-22,462600000.000000,475920000.000000,454320000.000000,462960000.000000,0
1337,2018-10-23,500040000.000000,514440000.000000,462600000.000000,470880000.000000,0
1337,2018-10-24,492480000.000000,565560000.000000,492480000.000000,564120000.000000,0
1337,2018-10-25,549720000.000000,555480000.000000,511560000.000000,524880000.000000,0
1337,2018-10-26,557280000.000000,577800000.000000,525240000.000000,552960000.000000,0
1337,2018-10-29,522000000.000000,600840000.000000,511560000.000000,569160000.000000,0
1337,2018-10-30,572040000.000000,576360000.000000,496800000.000000,498240000.000000,0
1337,2018-10-31,476280000.000000,492840000.000000,468000000.000000,479880000.000000,0
1337,2018-11-01,473760000.000000,473760000.000000,409320000.000000,413640000.000000,0
1337,2018-11-02,416880000.000000,447120000.000000,411480000.000000,432000000.000000,0
1337,2018-11-05,432000000.000000,464760000.000000,432000000.000000,443160000.000000,0
1337,2018-11-06,445680000.000000,446040000.000000,422280000.000000,427680000.000000,0
1337,2018-11-07,411120000.000000,427680000.000000,408600000.000000,411840000.000000,0
1337,2018-11-08,424800000.000000,428400000.000000,408240000.000000,417600000.000000,0
1337,2018-11-09,433440000.000000,451800000.000000,429840000.000000,440640000.000000,0
1337,2018-11-12,461160000.000000,503640000.000000,460800000.000000,498960000.000000,0
1337,2018-11-13,491760000.000000,491760000.000000,448560000.000000,479160000.000000,0
1337,2018-11-14,464040000.000000,487080000.000000,451080000.000000,473400000.000000,0
1337,2018-11-15,478440000.000000,480960000.000000,420120000.000000,425880000.000000,0
1337,2018-11-16,472680000.000000,472680000.000000,434880000.000000,440640000.000000,0
1337,2018-11-19,451440000.000000,492840000.000000,442800000.000000,491760000.000000,0
1337,2018-11-20,533160000.000000,534960000.000000,470160000.000000,489960000.000000,0
1337,2018-11-21,470520000.000000,484200000.000000,461520000.000000,483480000.000000,0
1337,2018-11-23,493200000.000000,495000000.000000,471240000.000000,483840000.000000,0
1337,2018-11-26,463680000.000000,478080000.000000,456480000.000000,456840000.000000,0
1337,2018-11-27,465480000.000000,471600000.000000,443160000.000000,454320000.000000,0
1337,2018-11-28,442800000.000000,466200000.000000,422280000.000000,422280000.000000,0
1337,2018-11-29,429480000.000000,435600000.000000,420120000.000000,433080000.000000,0
1337,2018-11-30,430560000.000000,445680000.000000,414000000.000000,414720000.000000,0
1337,2018-12-03,377280000.000000,394200000.000000,372600000.000000,381600000.000000,0
1337,2018-12-04,390960000.000000,437400000.000000,388800000.000000,436320000.000000,0
1337,2018-12-06,474840000.000000,494280000.000000,443520000.000000,443520000.000000,0
1337,2018-12-07,445320000.000000,499680000.000000,442800000.000000,493200000.000000,0
1337,2018-12-10,495000000.000000,501480000.000000,466560000.000000,472320000.000000,0
1337,2018-12-11,448920000.000000,472680000.000000,430920000.000000,464400000.000000,0
1337,2018-12-12,441720000.000000,454680000.000000,424080000.000000,443880000.000000,0
1337,2018-12-13,435960000.000000,454320000.000000,429120000.000000,449280000.000000,0
1337,2018-12-14,465120000.000000,468720000.000000,441000000.000000,468360000.000000,0
1337,2018-12-17,472680000.000000,494280000.000000,448920000.000000,486000000.000000,0
1337,2018-12-18,474120000.000000,474120000.000000,443160000.000000,466200000.000000,0
1337,2018-12-19,472680000.000000,532080000.000000,459000000.000000,525240000.000000,0
1337,2018-12-20,525600000.000000,558000000.000000,501840000.000000,538920000.000000,0
1337,2018-12-21,528840000.000000,569520000.000000,509040000.000000,563760000.000000,0
1337,2018-12-24,577440000.000000,612360000.000000,560880000.000000,611640000.000000,0
1337,2018-12-26,588600000.000000,618480000.000000,505800000.000000,506520000.000000,0
1337,2018-12-27,532080000.000000,545040000.000000,493560000.000000,493560000.000000,0
1337,2018-12-28,484560000.000000,496080000.000000,456120000.000000,483480000.000000,0
1337,2018-12-31,465480000.000000,488520000.000000,461520000.000000,474840000.000000,0
1337,2019-01-02,504720000.000000,505440000.000000,451080000.000000,462240000.000000,0
1337,2019-01-03,496440000.000000,544680000.000000,487080000.000000,543240000.000000,0
1337,2019-01-04,516960000.000000,520560000.000000,466200000.000000,472320000.000000,0
1337,2019-01-07,464760000.000000,473400000.000000,432360000.000000,446040000.000000,0
1337,2019-01-08,432720000.000000,469440000.000000,431640000.000000,451800000.000000,0
1337,2019-01-09,440640000.000000,440640000.000000,411120000.000000,417960000.000000,0
1337,2019-01-10,429840000.000000,430200000.000000,403920000.000000,405720000.000000,0
1337,2019-01-11,412200000.000000,415080000.000000,383040000.000000,394200000.000000,0
1337,2019-01-14,408960000.000000,419040000.000000,404640000.000000,412560000.000000,0
1337,2019-01-15,408600000.000000,415080000.000000,395280000.000000,410400000.000000,0
1337,2019-01-16,405360000.000000,420480000.000000,399600000.000000,419760000.000000,0
1337,2019-01-17,426960000.000000,435960000.000000,398520000.000000,405720000.000000,0
1337,2019-01-18,393480000.000000,399960000.000000,370080000.000000,377640000.000000,0
1337,2019-01-22,388800000.000000,417960000.000000,388080000.000000,409680000.000000,0
1337,2019-01-23,403200000.000000,429840000.000000,397440000.000000,418320000.000000,0
1337,2019-01-24,390240000.000000,392400000.000000,341640000.000000,347040000.000000,0
1337,2019-01-25,343080000.000000,349920000.000000,320760000.000000,324720000.000000,0
1337,2019-01-28,360720000.000000,363240000.000000,336240000.000000,343800000.000000,0
1337,2019-01-29,341640000.000000,360360000.000000,339840000.000000,358920000.000000,0
1337,2019-01-30,339840000.000000,351720000.000000,323640000.000000,327960000.000000,0
1337,2019-01-31,328680000.000000,336960000.000000,319320000.000000,327960000.000000,0
1337,2019-02-01,324000000.000000,327240000.000000,311760000.000000,316080000.000000,0
1337,2019-02-04,315720000.000000,324360000.000000,311760000.000000,311760000.000000,0
1337,2019-02-05,311040000.000000,313560000.000000,303120000.000000,307440000.000000,0
1337,2019-02-06,296640000.000000,296640000.000000,275760000.000000,282960000.000000,0
1337,2019-02-07,293400000.000000,308520000.000000,289440000.000000,301320000.000000,0
1337,2019-02-08,314640000.000000,318600000.000000,300960000.000000,302400000.000000,0
1337,2019-02-11,299160000.000000,306720000.000000,296280000.000000,298080000.000000,0
1337,2019-02-12,286920000.000000,288720000.000000,277560000.000000,279720000.000000,0
1337,2019-02-13,274680000.000000,280080000.000000,270720000.000000,276840000.000000,0
1337,2019-02-14,280800000.000000,280800000.000000,268920000.000000,274680000.000000,0
1337,2019-02-15,268560000.000000,275760000.000000,266760000.000000,271080000.000000,0
1337,2019-02-19,275040000.000000,275400000.000000,266760000.000000,272160000.000000,0
1337,2019-02-20,270000000.000000,270000000.000000,260280000.000000,265320000.000000,0
1337,2019-02-21,264240000.000000,273600000.000000,263520000.000000,271080000.000000,0
1337,2019-02-22,264960000.000000,268200000.000000,261360000.000000,262800000.000000,0
1337,2019-02-25,249840000.000000,256680000.000000,246960000.000000,255960000.000000,0
1337,2019-02-26,259200000.000000,263160000.000000,255240000.000000,261000000.000000,0
1337,2019-02-27,264960000.000000,278280000.000000,264960000.000000,270720000.000000,0
1337,2019-02-28,274320000.000000,276480000.000000,267480000.000000,270000000.000000,0
1337,2019-03-01,261000000.000000,271440000.000000,258840000.000000,262440000.000000,0
1337,2019-03-04,257040000.000000,272520000.000000,254880000.000000,262440000.000000,0
1337,2019-03-05,263880000.000000,269640000.000000,261360000.000000,266400000.000000,0
1337,2019-03-06,266760000.000000,279720000.000000,266400000.000000,279720000.000000,0
1337,2019-03-07,283320000.000000,293760000.000000,282600000.000000,288720000.000000,0
1337,2019-03-08,303120000.000000,306360000.000000,288720000.000000,289080000.000000,0
1337,2019-03-11,283680000.000000,285480000.000000,264600000.000000,268560000.000000,0
1337,2019-03-12,266760000.000000,272880000.000000,261360000.000000,265320000.000000,0
1337,2019-03-13,261000000.000000,263520000.000000,255960000.000000,262440000.000000,0
1337,2019-03-14,262440000.000000,267480000.000000,258480000.000000,267120000.000000,0
1337,2019-03-15,258480000.000000,259200000.000000,237960000.000000,243720000.000000,0
1337,2019-03-18,243000000.000000,249840000.000000,239040000.000000,245520000.000000,0
1337,2019-03-19,239400000.000000,239400000.000000,232920000.000000,235080000.000000,0
1337,2019-03-20,235440000.000000,245880000.000000,231120000.000000,241920000.000000,0
1337,2019-03-21,241560000.000000,241560000.000000,212400000.000000,216360000.000000,0
1337,2019-03-22,220680000.000000,235440000.000000,218520000.000000,234720000.000000,0
1337,2019-03-25,239040000.000000,249840000.000000,233640000.000000,244080000.000000,0
1337,2019-03-26,234000000.000000,242280000.000000,230040000.000000,236520000.000000,0
1337,2019-03-27,236160000.000000,252000000.000000,234000000.000000,246960000.000000,0
1337,2019-03-28,244080000.000000,253080000.000000,239040000.000000,248040000.000000,0
1337,2019-03-29,239400000.000000,241920000.000000,235440000.000000,236520000.000000,0
1337,2019-04-01,226080000.000000,229320000.000000,218880000.000000,219240000.000000,0
1337,2019-04-02,219240000.000000,222840000.000000,217080000.000000,218520000.000000,0
1337,2019-04-03,210960000.000000,211320000.000000,198360000.000000,203760000.000000,0
1337,2019-04-04,206280000.000000,206280000.000000,199080000.000000,203400000.000000,0
1337,2019-04-05,199440000.000000,203040000.000000,198360000.000000,198360000.000000,0
1337,2019-04-08,201600000.000000,202320000.000000,196560000.000000,196920000.000000,0
1337,2019-04-09,200520000.000000,206280000.000000,200520000.000000,203760000.000000,0
1337,2019-04-10,203760000.000000,204480000.000000,196920000.000000,198720000.000000,0
1337,2019-04-11,197640000.000000,200880000.000000,194760000.000000,198720000.000000,0
1337,2019-04-12,193320000.000000,195840000.000000,190800000.000000,190800000.000000,0
1337,2019-04-15,190800000.000000,198360000.000000,190080000.000000,194760000.000000,0
1337,2019-04-16,191160000.000000,191520000.000000,176400000.000000,176400000.000000,0
1337,2019-04-17,166680000.000000,172080000.000000,161280000.000000,168480000.000000,0
1337,2019-04-18,168120000.000000,170640000.000000,166320000.000000,167760000.000000,0
1337,2019-04-22,171000000.000000,172440000.000000,166680000.000000,168120000.000000,0
1337,2019-04-23,166320000.000000,167040000.000000,161280000.000000,163080000.000000,0
1337,2019-04-24,163440000.000000,163440000.000000,153360000.000000,158040000.000000,0
1337,2019-04-25,159840000.000000,171000000.000000,159480000.000000,166680000.000000,0
1337,2019-04-26,176760000.000000,181800000.000000,171000000.000000,171000000.000000,0
1337,2019-04-29,171000000.000000,174240000.000000,169560000.000000,171720000.000000,0
1337,2019-04-30,172800000.000000,173160000.000000,167040000.000000,168120000.000000,0
1337,2019-05-01,162720000.000000,172440000.000000,160560000.000000,172080000.000000,0
1337,2019-05-02,172800000.000000,173520000.000000,160920000.000000,166320000.000000,0
1337,2019-05-03,163800000.000000,169200000.000000,163080000.000000,163080000.000000,0
1337,2019-05-06,180000000.000000,181440000.000000,170640000.000000,171720000.000000,0
1337,2019-05-07,177480000.000000,189720000.000000,176760000.000000,183960000.000000,0
1337,2019-05-08,187560000.000000,189360000.000000,180000000.000000,188280000.000000,0
1337,2019-05-09,197640000.000000,207720000.000000,192240000.000000,194760000.000000,0
1337,2019-05-10,199800000.000000,208080000.000000,190800000.000000,194040000.000000,0
1337,2019-05-13,214560000.000000,224280000.000000,209880000.000000,222120000.000000,1
1337,2019-05-14,213480000.000000,216360000.000000,202320000.000000,205560000.000000,0
1337,2019-05-15,212400000.000000,213120000.000000,196560000.000000,200520000.000000,0
1337,2019-05-16,209880000.000000,214560000.000000,204480000.000000,210960000.000000,0
1337,2019-05-17,220680000.000000,226080000.000000,208080000.000000,223560000.000000,0
1337,2019-05-20,244080000.000000,254520000.000000,239400000.000000,250200000.000000,1
1337,2019-05-21,234360000.000000,240840000.000000,230040000.000000,234360000.000000,0
1337,2019-05-22,247320000.000000,251280000.000000,242280000.000000,249120000.000000,0
1337,2019-05-23,262800000.000000,273240000.000000,260640000.000000,261720000.000000,0
1337,2019-05-24,255960000.000000,268920000.000000,251640000.000000,268560000.000000,0
1337,2019-05-28,263880000.000000,277200000.000000,260640000.000000,275400000.000000,0
1337,2019-05-29,283320000.000000,284400000.000000,268560000.000000,271800000.000000,1
1337,2019-05-30,269640000.000000,272160000.000000,258840000.000000,266040000.000000,0
1337,2019-05-31,275760000.000000,278280000.000000,264240000.000000,276840000.000000,0
1337,2019-06-03,270000000.000000,279720000.000000,259200000.000000,275400000.000000,0
1337,2019-06-04,260280000.000000,267480000.000000,239400000.000000,240120000.000000,0
1337,2019-06-05,232560000.000000,254160000.000000,231840000.000000,244800000.000000,0
1337,2019-06-06,244800000.000000,246600000.000000,232200000.000000,235080000.000000,0
1337,2019-06-07,234000000.000000,234360000.000000,225000000.000000,227160000.000000,0
1337,2019-06-10,217440000.000000,218520000.000000,201600000.000000,209160000.000000,0
1337,2019-06-11,198000000.000000,212760000.000000,197280000.000000,208080000.000000,0
1337,2019-06-12,215280000.000000,223200000.000000,213480000.000000,222480000.000000,0
1337,2019-06-13,217440000.000000,223920000.000000,216000000.000000,218880000.000000,0
1337,2019-06-14,238320000.000000,240120000.000000,232560000.000000,235800000.000000,0
1337,2019-06-17,234360000.000000,241200000.000000,232920000.000000,240840000.000000,0
1337,2019-06-18,231480000.000000,233280000.000000,204480000.000000,209520000.000000,1
1337,2019-06-19,206640000.000000,212040000.000000,204480000.000000,209160000.000000,0
1337,2019-06-20,194760000.000000,206280000.000000,193680000.000000,202680000.000000,0
1337,2019-06-21,206280000.000000,208080000.000000,200880000.000000,207360000.000000,0
1337,2019-06-24,205920000.000000,208080000.000000,203400000.000000,205560000.000000,0
1337,2019-06-25,205560000.000000,215280000.000000,201960000.000000,214560000.000000,0
1337,2019-06-26,200520000.000000,201240000.000000,191160000.000000,194040000.000000,0
1337,2019-06-27,190080000.000000,190800000.000000,182520000.000000,185040000.000000,0
1337,2019-06-28,180684000.000000,186156000.000000,179820000.000000,185436000.000000,0
1337,2019-07-01,160812000.000000,174708000.000000,155700000.000000,170208000.000000,1
1337,2019-07-02,172404000.000000,179532000.000000,172260000.000000,177264000.000000,0
1337,2019-07-03,176832000.000000,183672000.000000,176796000.000000,179856000.000000,0
1337,2019-07-05,186804000.000000,188856000.000000,182160000.000000,183096000.000000,0
1337,2019-07-08,188064000.000000,190512000.000000,185508000.000000,187200000.000000,0
1337,2019-07-09,190800000.000000,191520000.000000,182556000.000000,183060000.000000,0
1337,2019-07-10,177084000.000000,180036000.000000,171360000.000000,179496000.000000,1
1337,2019-07-11,176688000.000000,180900000.000000,175608000.000000,177336000.000000,0
1337,2019-07-12,176220000.000000,176220000.000000,167544000.000000,167760000.000000,0
1337,2019-07-15,165420000.000000,166536000.000000,162000000.000000,163728000.000000,0
1337,2019-07-16,165564000.000000,171540000.000000,165132000.000000,169344000.000000,0
1337,2019-07-17,165960000.000000,169344000.000000,164952000.000000,167832000.000000,0
1337,2019-07-18,167220000.000000,167400000.000000,158940000.000000,160200000.000000,0
1337,2019-07-19,158040000.000000,161244000.000000,156420000.000000,161028000.000000,0
1337,2019-07-22,158040000.000000,158580000.000000,150876000.000000,151704000.000000,1
1337,2019-07-23,148320000.000000,150984000.000000,146016000.000000,146124000.000000,0
1337,2019-07-24,142956000.000000,143208000.000000,131652000.000000,132624000.000000,1
1337,2019-07-25,135216000.000000,140328000.000000,135216000.000000,139392000.000000,1
1337,2019-07-26,136224000.000000,139608000.000000,136224000.000000,139392000.000000,0
1337,2019-07-29,140040000.000000,143784000.000000,137736000.000000,138528000.000000,1
1337,2019-07-30,142308000.000000,143532000.000000,138276000.000000,139248000.000000,1
1337,2019-07-31,141300000.000000,157068000.000000,141300000.000000,153000000.000000,1
1337,2019-08-01,155520000.000000,165888000.000000,141768000.000000,162144000.000000,1
1337,2019-08-02,166968000.000000,173520000.000000,163008000.000000,169380000.000000,1
1337,2019-08-05,184932000.000000,195804000.000000,183708000.000000,191664000.000000,1
1337,2019-08-06,181404000.000000,190548000.000000,176292000.000000,183960000.000000,1
1337,2019-08-07,192600000.000000,192780000.000000,178668000.000000,180180000.000000,1
1337,2019-08-08,174492000.000000,178992000.000000,165312000.000000,165672000.000000,1
1337,2019-08-09,171072000.000000,177876000.000000,168624000.000000,174780000.000000,1
1337,2019-08-12,179316000.000000,183600000.000000,174780000.000000,180936000.000000,0
1337,2019-08-13,182376000.000000,184968000.000000,160632000.000000,164988000.000000,1
1337,2019-08-14,177048000.000000,182880000.000000,172404000.000000,180468000.000000,1
1337,2019-08-15,176148000.000000,186516000.000000,175680000.000000,181656000.000000,0
1337,2019-08-16,174600000.000000,175248000.000000,165492000.000000,166824000.000000,0
1337,2019-08-19,155592000.000000,160092000.000000,153288000.000000,157608000.000000,0
1337,2019-08-20,158760000.000000,162468000.000000,156636000.000000,159876000.000000,0
1337,2019-08-21,155556000.000000,158040000.000000,153288000.000000,155448000.000000,0
1337,2019-08-22,154836000.000000,160524000.000000,153036000.000000,155700000.000000,0
1337,2019-08-23,161316000.000000,177372000.000000,157824000.000000,175932000.000000,1
1337,2019-08-26,168408000.000000,173664000.000000,167472000.000000,171504000.000000,0
1337,2019-08-27,167400000.000000,176112000.000000,165420000.000000,173304000.000000,0
1337,2019-08-28,176328000.000000,179496000.000000,169092000.000000,170100000.000000,0
1337,2019-08-29,162000000.000000,162396000.000000,155088000.000000,158472000.000000,0
1337,2019-08-30,154152000.000000,158328000.000000,151632000.000000,155736000.000000,0
1337,2019-09-03,160632000.000000,166500000.000000,159264000.000000,163764000.000000,0
1337,2019-09-04,156168000.000000,156168000.000000,150228000.000000,150372000.000000,0
1337,2019-09-05,141084000.000000,141120000.000000,131256000.000000,136512000.000000,1
1337,2019-09-06,136080000.000000,138528000.000000,134532000.000000,135936000.000000,0
1337,2019-09-09,133200000.000000,135648000.000000,130680000.000000,133956000.000000,0
1337,2019-09-10,136188000.000000,138636000.000000,132192000.000000,132264000.000000,0
1337,2019-09-11,130860000.000000,132732000.000000,126288000.000000,126288000.000000,1
1337,2019-09-12,123228000.000000,127800000.000000,121752000.000000,125316000.000000,1
1337,2019-09-13,125316000.000000,128304000.000000,124488000.000000,126360000.000000,0
1337,2019-09-16,129708000.000000,132300000.000000,127224000.000000,128916000.000000,0
1337,2019-09-17,129528000.000000,131940000.000000,127440000.000000,127836000.000000,0
1337,2019-09-18,128304000.000000,132876000.000000,127260000.000000,127548000.000000,0
1337,2019-09-19,126360000.000000,129960000.000000,125496000.000000,129600000.000000,0
1337,2019-09-20,128412000.000000,138348000.000000,128412000.000000,136656000.000000,1
1337,2019-09-23,137556000.000000,137556000.000000,130284000.000000,132444000.000000,1
1337,2019-09-24,129456000.000000,140040000.000000,128448000.000000,138132000.000000,1
1337,2019-09-25,139500000.000000,143640000.000000,129600000.000000,130752000.000000,0
1337,2019-09-26,130752000.000000,134388000.000000,129312000.000000,130824000.000000,0
1337,2019-09-27,132624000.000000,142920000.000000,131904000.000000,139896000.000000,1
1337,2019-09-30,138276000.000000,139716000.000000,135144000.000000,135828000.000000,0
1337,2019-10-01,133236000.000000,140832000.000000,128016000.000000,139320000.000000,1
1337,2019-10-02,143316000.000000,148608000.000000,141876000.000000,145980000.000000,1
1337,2019-10-03,146088000.000000,151128000.000000,138132000.000000,138528000.000000,1
1337,2019-10-04,136764000.000000,137376000.000000,130788000.000000,131076000.000000,1
1337,2019-10-07,132372000.000000,133956000.000000,129780000.000000,133920000.000000,0
1337,2019-10-08,138312000.000000,146520000.000000,137772000.000000,146232000.000000,1
1337,2019-10-09,140148000.000000,141516000.000000,135936000.000000,138852000.000000,0
1337,2019-10-10,137772000.000000,138312000.000000,130464000.000000,134784000.000000,1
1337,2019-10-11,127800000.000000,127800000.000000,120888000.000000,125820000.000000,1
1337,2019-10-14,126144000.000000,127620000.000000,124884000.000000,125820000.000000,0
1337,2019-10-15,123876000.000000,123948000.000000,116568000.000000,117504000.000000,1
1337,2019-10-16,119088000.000000,123264000.000000,117540000.000000,122652000.000000,1
1337,2019-10-17,117828000.000000,123624000.000000,117036000.000000,121212000.000000,0
1337,2019-10-18,122112000.000000,128736000.000000,121212000.000000,125388000.000000,1
1337,2019-10-21,122148000.000000,122796000.000000,118152000.000000,118332000.000000,0
1337,2019-10-22,117540000.000000,121140000.000000,116856000.000000,120960000.000000,0
1337,2019-10-23,127620000.000000,130320000.000000,124884000.000000,128088000.000000,1
1337,2019-10-24,122652000.000000,123696000.000000,118584000.000000,118692000.000000,1
1337,2019-10-25,118260000.000000,118260000.000000,111132000.000000,111456000.000000,1
1337,2019-10-28,109296000.000000,109296000.000000,105156000.000000,105588000.000000,1
1337,2019-10-29,105300000.000000,108684000.000000,102960000.000000,108432000.000000,1
1337,2019-10-30,106668000.000000,110808000.000000,106200000.000000,108360000.000000,1
1337,2019-10-31,109584000.000000,114480000.000000,109404000.000000,110304000.000000,1
1337,2019-11-01,107568000.000000,108540000.000000,102780000.000000,102780000.000000,1
1337,2019-11-04,99216000.000000,99252000.000000,95508000.000000,96012000.000000,1
1337,2019-11-05,95292000.000000,96588000.000000,93312000.000000,95436000.000000,1
1337,2019-11-06,96084000.000000,100476000.000000,95976000.000000,97740000.000000,1
1337,2019-11-07,93240000.000000,97164000.000000,92592000.000000,95652000.000000,1
1337,2019-11-08,97020000.000000,98640000.000000,94212000.000000,94284000.000000,1
1337,2019-11-11,96840000.000000,97848000.000000,95112000.000000,95760000.000000,1
1337,2019-11-12,94428000.000000,96192000.000000,92772000.000000,94932000.000000,1
1337,2019-11-13,96912000.000000,97884000.000000,93996000.000000,94968000.000000,1
1337,2019-11-14,95760000.000000,97848000.000000,95400000.000000,95760000.000000,1
1337,2019-11-15,92484000.000000,94464000.000000,90756000.000000,93276000.000000,1
1337,2019-11-18,93096000.000000,95292000.000000,91980000.000000,93924000.000000,1
1337,2019-11-19,92556000.000000,96768000.000000,92052000.000000,95292000.000000,1
1337,2019-11-20,96696000.000000,100692000.000000,95076000.000000,98676000.000000,1
1337,2019-11-21,99612000.000000,103032000.000000,99036000.000000,101808000.000000,1
1337,2019-11-22,100620000.000000,102780000.000000,99252000.000000,101988000.000000,1
1337,2019-11-25,99360000.000000,99360000.000000,94320000.000000,94392000.000000,1
1337,2019-11-26,94716000.000000,96948000.000000,94716000.000000,95796000.000000,1
1337,2019-11-27,94464000.000000,95040000.000000,93636000.000000,93744000.000000,0
1337,2019-11-29,95004000.000000,97092000.000000,94824000.000000,96768000.000000,0
1337,2019-12-02,96588000.000000,101592000.000000,96012000.000000,101088000.000000,1
1337,2019-12-03,107352000.000000,109188000.000000,105588000.000000,105768000.000000,1
1337,2019-12-04,101268000.000000,101988000.000000,99576000.000000,100800000.000000,1
1337,2019-12-05,99036000.000000,100872000.000000,97992000.000000,99612000.000000,1
1337,2019-12-06,96012000.000000,96336000.000000,94284000.000000,94968000.000000,1
1337,2019-12-09,95004000.000000,96516000.000000,94140000.000000,96480000.000000,1
1337,2019-12-10,95328000.000000,96552000.000000,93348000.000000,95508000.000000,1
1337,2019-12-11,94392000.000000,94572000.000000,88920000.000000,89172000.000000,1
1337,2019-12-12,89280000.000000,89676000.000000,81648000.000000,82008000.000000,2
1337,2019-12-13,82152000.000000,84312000.000000,79488000.000000,83340000.000000,1
1337,2019-12-16,80460000.000000,80964000.000000,78624000.000000,80892000.000000,1
1337,2019-12-17,79884000.000000,81036000.000000,79236000.000000,79848000.000000,1
1337,2019-12-18,79632000.000000,80748000.000000,79164000.000000,79992000.000000,1
1337,2019-12-19,79200000.000000,80100000.000000,77976000.000000,78012000.000000,1
1337,2019-12-20,76860000.000000,77364000.000000,75204000.000000,75528000.000000,1
1337,2019-12-23,73656000.000000,75096000.000000,73620000.000000,74844000.000000,1
1337,2019-12-24,74592000.000000,75600000.000000,74268000.000000,74268000.000000,0
1337,2019-12-26,73656000.000000,74988000.000000,73656000.000000,74016000.000000,1
1337,2019-12-27,73188000.000000,75384000.000000,73188000.000000,74772000.000000,1
1337,2019-12-30,75060000.000000,78084000.000000,75060000.000000,76464000.000000,1
1337,2019-12-31,77400000.000000,77688000.000000,75636000.000000,75924000.000000,1
1337,2020-01-02,72936000.000000,74052000.000000,71136000.000000,71208000.000000,1
1337,2020-01-03,74412000.000000,75492000.000000,73224000.000000,75060000.000000,1
1337,2020-01-06,77688000.000000,78984000.000000,76680000.000000,77292000.000000,1
1337,2020-01-07,75240000.000000,76104000.000000,72252000.000000,73404000.000000,1
1337,2020-01-08,73296000.000000,74376000.000000,71928000.000000,73260000.000000,1
1337,2020-01-09,70740000.000000,74124000.000000,70488000.000000,71928000.000000,1
1337,2020-01-10,71028000.000000,73908000.000000,70920000.000000,73404000.000000,1
1337,2020-01-13,71784000.000000,72684000.000000,70380000.000000,70560000.000000,1
1337,2020-01-14,70488000.000000,71424000.000000,68508000.000000,70128000.000000,2
1337,2020-01-15,70416000.000000,73332000.000000,70128000.000000,72612000.000000,1
1337,2020-01-16,70848000.000000,70992000.000000,68976000.000000,69048000.000000,1
1337,2020-01-17,68220000.000000,69228000.000000,67536000.000000,67680000.000000,1
1337,2020-01-21,68400000.000000,68544000.000000,66960000.000000,67824000.000000,1
1337,2020-01-22,66420000.000000,66744000.000000,63972000.000000,66168000.000000,2
1337,2020-01-23,65448000.000000,67356000.000000,64548000.000000,64584000.000000,1
1337,2020-01-24,62244000.000000,68184000.000000,61632000.000000,66816000.000000,2
1337,2020-01-27,72576000.000000,74880000.000000,72036000.000000,74556000.000000,2
1337,2020-01-28,71604000.000000,73332000.000000,68472000.000000,69192000.000000,1
1337,2020-01-29,70200000.000000,73188000.000000,69480000.000000,73044000.000000,1
1337,2020-01-30,74628000.000000,77508000.000000,72540000.000000,73224000.000000,2
1337,2020-01-31,74736000.000000,82044000.000000,74736000.000000,81072000.000000,2
1337,2020-02-03,79992000.000000,80496000.000000,77688000.000000,78156000.000000,1
1337,2020-02-04,72036000.000000,73260000.000000,70560000.000000,70776000.000000,1
1337,2020-02-05,66852000.000000,69228000.000000,65700000.000000,66132000.000000,1
1337,2020-02-06,66024000.000000,68508000.000000,65844000.000000,66024000.000000,1
1337,2020-02-07,68148000.000000,70884000.000000,67932000.000000,70848000.000000,1
1337,2020-02-10,72720000.000000,72720000.000000,67572000.000000,67608000.000000,1
1337,2020-02-11,65772000.000000,65772000.000000,62424000.000000,63432000.000000,2
1337,2020-02-12,61560000.000000,61632000.000000,60372000.000000,60696000.000000,1
1337,2020-02-13,62352000.000000,62424000.000000,59256000.000000,60624000.000000,2
1337,2020-02-14,59400000.000000,62028000.000000,58500000.000000,60948000.000000,1
1337,2020-02-18,64332000.000000,64764000.000000,63144000.000000,63540000.000000,1
1337,2020-02-19,60840000.000000,61056000.000000,58320000.000000,58572000.000000,1
1337,2020-02-20,59400000.000000,63864000.000000,58716000.000000,61164000.000000,2
1337,2020-02-21,62460000.000000,67392000.000000,62280000.000000,66708000.000000,3
1337,2020-02-24,75960000.000000,77400000.000000,73296000.000000,76176000.000000,3
1337,2020-02-25,72972000.000000,84384000.000000,72900000.000000,83232000.000000,4
1337,2020-02-26,80784000.000000,84312000.000000,77112000.000000,82512000.000000,4
1337,2020-02-27,90144000.000000,94644000.000000,85140000.000000,94104000.000000,4
1337,2020-02-28,104148000.000000,104544000.000000,85824000.000000,87408000.000000,3
1337,2020-03-02,82260000.000000,91764000.000000,78624000.000000,78660000.000000,2
1337,2020-03-03,78120000.000000,88524000.000000,74340000.000000,86760000.000000,2
1337,2020-03-04,80784000.000000,85032000.000000,73800000.000000,73836000.000000,3
1337,2020-03-05,79488000.000000,82116000.000000,74808000.000000,80388000.000000,1
1337,2020-03-06,87660000.000000,91224000.000000,83268000.000000,85320000.000000,2
1337,2020-03-09,103572000.000000,106992000.000000,94536000.000000,106992000.000000,2
1337,2020-03-10,93888000.000000,106380000.000000,86652000.000000,86652000.000000,1
1337,2020-03-11,94824000.000000,103860000.000000,91260000.000000,101520000.000000,1
1337,2020-03-12,121680000.000000,135000000.000000,110124000.000000,135000000.000000,2
1337,2020-03-13,107316000.000000,134640000.000000,90360000.000000,90360000.000000,1
1337,2020-03-16,122364000.000000,133200000.000000,106956000.000000,132156000.000000,1
1337,2020-03-17,123660000.000000,138600000.000000,92556000.000000,94644000.000000,1
1337,2020-03-18,116532000.000000,131292000.000000,103896000.000000,117612000.000000,1
1337,2020-03-19,124524000.000000,130824000.000000,95400000.000000,106416000.000000,1
1337,2020-03-20,95112000.000000,115632000.000000,89280000.000000,115596000.000000,1
1337,2020-03-23,108792000.000000,120240000.000000,97596000.000000,105120000.000000,1
1337,2020-03-24,87768000.000000,88200000.000000,69300000.000000,70236000.000000,2
1337,2020-03-25,67680000.000000,75168000.000000,61092000.000000,71640000.000000,2
1337,2020-03-26,66636000.000000,68328000.000000,57600000.000000,57672000.000000,3
1337,2020-03-27,63432000.000000,66276000.000000,60264000.000000,65808000.000000,2
1337,2020-03-30,63612000.000000,65160000.000000,58500000.000000,58644000.000000,2
1337,2020-03-31,58896000.000000,63792000.000000,55836000.000000,62532000.000000,2
1337,2020-04-01,68400000.000000,74340000.000000,64008000.000000,72576000.000000,3
1337,2020-04-02,73800000.000000,74448000.000000,65448000.000000,65700000.000000,2
1337,2020-04-03,66528000.000000,72072000.000000,63648000.000000,69444000.000000,2
1337,2020-04-06,60840000.000000,61200000.000000,47700000.000000,48456000.000000,3
1337,2020-04-07,42840000.000000,48780000.000000,42768000.000000,48708000.000000,4
1337,2020-04-08,46080000.000000,48240000.000000,43236000.000000,43812000.000000,3
1337,2020-04-09,41940000.000000,47808000.000000,41040000.000000,46548000.000000,4
1337,2020-04-13,46836000.000000,48132000.000000,44460000.000000,44712000.000000,3
1337,2020-04-14,41760000.000000,41976000.000000,38808000.000000,38916000.000000,3
1337,2020-04-15,41148000.000000,43272000.000000,41148000.000000,41868000.000000,2
1337,2020-04-16,40104000.000000,41652000.000000,38412000.000000,38772000.000000,3
1337,2020-04-17,36468000.000000,39240000.000000,36360000.000000,37800000.000000,3
1337,2020-04-20,39276000.000000,40320000.000000,37800000.000000,40212000.000000,3
1337,2020-04-21,42300000.000000,46548000.000000,41400000.000000,46080000.000000,5
1337,2020-04-22,41904000.000000,42408000.000000,37620000.000000,38052000.000000,3
1337,2020-04-23,37800000.000000,39420000.000000,36684000.000000,39060000.000000,3
1337,2020-04-24,39024000.000000,40068000.000000,36288000.000000,36504000.000000,3
1337,2020-04-27,35064000.000000,35568000.000000,33984000.000000,35028000.000000,2
1337,2020-04-28,33156000.000000,35712000.000000,32544000.000000,35676000.000000,3
1337,2020-04-29,33876000.000000,33912000.000000,30096000.000000,30420000.000000,3
1337,2020-04-30,31032000.000000,33840000.000000,30996000.000000,33660000.000000,3
1337,2020-05-01,36144000.000000,39096000.000000,35784000.000000,38736000.000000,5
1337,2020-05-04,39960000.000000,40176000.000000,37440000.000000,37620000.000000,3
1337,2020-05-05,35388000.000000,36432000.000000,33552000.000000,35676000.000000,2
1337,2020-05-06,34668000.000000,34740000.000000,32940000.000000,34488000.000000,2
1337,2020-05-07,32544000.000000,33984000.000000,32184000.000000,33444000.000000,2
1337,2020-05-08,32508000.000000,32760000.000000,30420000.000000,30456000.000000,3
1337,2020-05-11,31428000.000000,31536000.000000,29736000.000000,30528000.000000,2
1337,2020-05-12,30024000.000000,33120000.000000,29664000.000000,33048000.000000,3
1337,2020-05-13,32472000.000000,36396000.000000,32040000.000000,34992000.000000,5
1337,2020-05-14,35784000.000000,37548000.000000,32004000.000000,32076000.000000,4
1337,2020-05-15,35208000.000000,35892000.000000,33768000.000000,34092000.000000,4
1337,2020-05-18,31680000.000000,31680000.000000,28872000.000000,29232000.000000,3
1337,2020-05-19,29484000.000000,29700000.000000,27720000.000000,29628000.000000,3
1337,2020-05-20,27900000.000000,27900000.000000,25920000.000000,26316000.000000,3
1337,2020-05-21,26244000.000000,28440000.000000,26244000.000000,28332000.000000,3
1337,2020-05-22,28152000.000000,29304000.000000,27792000.000000,27828000.000000,3
1337,2020-05-26,25668000.000000,27180000.000000,25272000.000000,27036000.000000,3
1337,2020-05-27,26676000.000000,29124000.000000,25812000.000000,25848000.000000,4
1337,2020-05-28,26316000.000000,27900000.000000,25344000.000000,27540000.000000,4
1337,2020-05-29,27216000.000000,27468000.000000,25128000.000000,25344000.000000,5
1337,2020-06-01,25920000.000000,26388000.000000,25416000.000000,25740000.000000,2
1337,2020-06-02,25560000.000000,25920000.000000,24048000.000000,24084000.000000,3
1337,2020-06-03,23184000.000000,23184000.000000,21672000.000000,21996000.000000,3
1337,2020-06-04,22248000.000000,22464000.000000,20880000.000000,21384000.000000,3
1337,2020-06-05,19944000.000000,20016000.000000,18900000.000000,19692000.000000,3
1337,2020-06-08,19368000.000000,20520000.000000,19368000.000000,19872000.000000,2
1337,2020-06-09,20556000.000000,20808000.000000,19656000.000000,19872000.000000,3
1337,2020-06-10,19476000.000000,19908000.000000,19080000.000000,19728000.000000,2
1337,2020-06-11,21132000.000000,23472000.000000,20952000.000000,23436000.000000,5
1337,2020-06-12,21348000.000000,24012000.000000,21024000.000000,22428000.000000,5
1337,2020-06-15,24120000.000000,24156000.000000,21420000.000000,21456000.000000,2
1337,2020-06-16,19620000.000000,21456000.000000,19260000.000000,20304000.000000,3
1337,2020-06-17,19944000.000000,20160000.000000,19224000.000000,19728000.000000,2
1337,2020-06-18,20016000.000000,20196000.000000,19584000.000000,19872000.000000,1
1337,2020-06-19,19188000.000000,20340000.000000,18972000.000000,20196000.000000,2
1337,2020-06-22,20268000.000000,20808000.000000,19584000.000000,19728000.000000,2
1337,2020-06-23,19368000.000000,19620000.000000,18900000.000000,19512000.000000,2
1337,2020-06-24,19872000.000000,21276000.000000,19548000.000000,20808000.000000,3
1337,2020-06-25,20952000.000000,21852000.000000,20232000.000000,20340000.000000,2
1337,2020-06-26,20484000.000000,21672000.000000,20196000.000000,21456000.000000,2
1337,2020-06-29,21492000.000000,22284000.000000,20808000.000000,20808000.000000,2
1337,2020-06-30,20520000.000000,20520000.000000,18936000.000000,19152000.000000,3
1337,2020-07-01,19116000.000000,19944000.000000,19080000.000000,19908000.000000,1
1337,2020-07-02,19080000.000000,19368000.000000,18576000.000000,19152000.000000,2
1337,2020-07-06,18180000.000000,18180000.000000,17424000.000000,17568000.000000,2
1337,2020-07-07,17856000.000000,18360000.000000,17424000.000000,18288000.000000,2
1337,2020-07-08,17820000.000000,18252000.000000,17460000.000000,17496000.000000,1
1337,2020-07-09,17352000.000000,18072000.000000,16488000.000000,16740000.000000,3
1337,2020-07-10,16956000.000000,17460000.000000,16632000.000000,16920000.000000,2
1337,2020-07-13,16236000.000000,17892000.000000,15696000.000000,17856000.000000,3
1337,2020-07-14,18144000.000000,18900000.000000,16776000.000000,16848000.000000,3
1337,2020-07-15,16524000.000000,17820000.000000,16524000.000000,16992000.000000,2
1337,2020-07-16,17568000.000000,17820000.000000,17028000.000000,17208000.000000,2
1337,2020-07-17,16956000.000000,17208000.000000,16740000.000000,16884000.000000,1
1337,2020-07-20,16884000.000000,17172000.000000,15768000.000000,15912000.000000,1
1337,2020-07-21,15624000.000000,16380000.000000,15516000.000000,16236000.000000,2
1337,2020-07-22,16056000.000000,16416000.000000,15624000.000000,15948000.000000,1
1337,2020-07-23,15984000.000000,17172000.000000,15588000.000000,16740000.000000,3
1337,2020-07-24,17604000.000000,18288000.000000,16812000.000000,17604000.000000,3
1337,2020-07-27,16884000.000000,16884000.000000,15840000.000000,15840000.000000,3
1337,2020-07-28,16164000.000000,16884000.000000,16164000.000000,16776000.000000,2
1337,2020-07-29,16236000.000000,16380000.000000,15516000.000000,15732000.000000,2
1337,2020-07-30,15876000.000000,15876000.000000,14760000.000000,14760000.000000,4
1337,2020-07-31,14580000.000000,15660000.000000,14580000.000000,15012000.000000,3
1337,2020-08-03,14688000.000000,14724000.000000,14040000.000000,14148000.000000,2
1337,2020-08-04,14220000.000000,14220000.000000,13500000.000000,13500000.000000,2
1337,2020-08-05,13536000.000000,13860000.000000,13392000.000000,13536000.000000,1
1337,2020-08-06,13608000.000000,14004000.000000,13536000.000000,13608000.000000,1
1337,2020-08-07,13716000.000000,14544000.000000,13500000.000000,14040000.000000,2
1337,2020-08-10,13932000.000000,14652000.000000,13860000.000000,14040000.000000,2
1337,2020-08-11,14112000.000000,14616000.000000,13644000.000000,14544000.000000,2
1337,2020-08-12,14076000.000000,14256000.000000,12996000.000000,13032000.000000,3
1337,2020-08-13,13032000.000000,13644000.000000,12996000.000000,13464000.000000,2
1337,2020-08-14,13320000.000000,13608000.000000,12996000.000000,13464000.000000,2
1337,2020-08-17,13248000.000000,13248000.000000,12816000.000000,12996000.000000,1
1337,2020-08-18,12852000.000000,13356000.000000,12744000.000000,13248000.000000,1
1337,2020-08-19,13176000.000000,13572000.000000,13104000.000000,13500000.000000,1
1337,2020-08-20,14004000.000000,14112000.000000,13608000.000000,13824000.000000,2
1337,2020-08-21,13824000.000000,14040000.000000,13500000.000000,13536000.000000,1
1337,2020-08-24,13104000.000000,13428000.000000,12960000.000000,13104000.000000,1
1337,2020-08-25,13104000.000000,13104000.000000,12708000.000000,12708000.000000,1
1337,2020-08-26,12636000.000000,12816000.000000,12456000.000000,12600000.000000,1
1337,2020-08-27,12564000.000000,13284000.000000,12420000.000000,13068000.000000,2
1337,2020-08-28,12942000.000000,13038000.000000,12291000.000000,12294000.000000,2
1337,2020-08-31,12300000.000000,12624000.000000,12069000.000000,12345000.000000,3
1337,2020-09-01,12150000.000000,12282000.000000,11619000.000000,11619000.000000,3
1337,2020-09-02,11121000.000000,11439000.000000,10437000.000000,10608000.000000,7
1337,2020-09-03,11064000.000000,12606000.000000,11064000.000000,12444000.000000,10
1337,2020-09-04,12720000.000000,14094000.000000,12135000.000000,12819000.000000,8
1337,2020-09-08,14205000.000000,14610000.000000,13443000.000000,14580000.000000,6
1337,2020-09-09,13500000.000000,14055000.000000,12978000.000000,13323000.000000,3
1337,2020-09-10,12903000.000000,14133000.000000,12714000.000000,13914000.000000,4
1337,2020-09-11,13569000.000000,14379000.000000,13152000.000000,13920000.000000,4
1337,2020-09-14,13068000.000000,13401000.000000,12801000.000000,13068000.000000,3
1337,2020-09-15,12537000.000000,12612000.000000,12123000.000000,12366000.000000,3
1337,2020-09-16,12189000.000000,12789000.000000,12084000.000000,12750000.000000,3
1337,2020-09-17,13689000.000000,13815000.000000,12678000.000000,12798000.000000,5
1337,2020-09-18,12540000.000000,13839000.000000,12483000.000000,13368000.000000,4
1337,2020-09-21,14202000.000000,14445000.000000,13431000.000000,13458000.000000,5
1337,2020-09-22,13134000.000000,13866000.000000,12936000.000000,12972000.000000,5
1337,2020-09-23,12990000.000000,14037000.000000,12780000.000000,13911000.000000,4
1337,2020-09-24,14220000.000000,14244000.000000,12954000.000000,13542000.000000,6
1337,2020-09-25,13449000.000000,14064000.000000,12840000.000000,12942000.000000,4
1337,2020-09-28,12453000.000000,12681000.000000,11865000.000000,11865000.000000,3
1337,2020-09-29,11922000.000000,11946000.000000,11484000.000000,11784000.000000,5
1337,2020-09-30,11853000.000000,11952000.000000,11400000.000000,11763000.000000,6
1337,2020-10-01,11310000.000000,11439000.000000,10923000.000000,11019000.000000,5
1337,2020-10-02,11817000.000000,12036000.000000,11319000.000000,12033000.000000,6
1337,2020-10-05,11658000.000000,11661000.000000,10827000.000000,10827000.000000,4
1337,2020-10-06,10872000.000000,11136000.000000,10233000.000000,10998000.000000,8
1337,2020-10-07,10554000.000000,10554000.000000,10266000.000000,10332000.000000,4
1337,2020-10-08,10092000.000000,10188000.000000,9912000.000000,9960000.000000,4
1337,2020-10-09,9603000.000000,9660000.000000,9366000.000000,9444000.000000,8
1337,2020-10-12,9096000.000000,9222000.000000,8883000.000000,9003000.000000,6
1337,2020-10-13,8991000.000000,9198000.000000,8844000.000000,9048000.000000,6
1337,2020-10-14,8967000.000000,9342000.000000,8880000.000000,9186000.000000,5
1337,2020-10-15,9657000.000000,9753000.000000,9201000.000000,9270000.000000,7
1337,2020-10-16,9012000.000000,9405000.000000,9012000.000000,9387000.000000,3
1337,2020-10-19,9171000.000000,9636000.000000,9000000.000000,9546000.000000,4
1337,2020-10-20,9396000.000000,9642000.000000,9318000.000000,9567000.000000,3
1337,2020-10-21,9546000.000000,9783000.000000,9456000.000000,9783000.000000,3
1337,2020-10-22,9708000.000000,10107000.000000,9597000.000000,9732000.000000,3
1337,2020-10-23,9807000.000000,10140000.000000,9807000.000000,9888000.000000,2
1337,2020-10-26,10104000.000000,10872000.000000,9993000.000000,10515000.000000,5
1337,2020-10-27,10302000.000000,10734000.000000,10191000.000000,10632000.000000,3
1337,2020-10-28,11115000.000000,11715000.000000,11115000.000000,11715000.000000,5
1337,2020-10-29,11610000.000000,11697000.000000,10395000.000000,10749000.000000,4
1337,2020-10-30,11082000.000000,11601000.000000,10896000.000000,11205000.000000,4
1337,2020-11-02,10875000.000000,11355000.000000,10710000.000000,11031000.000000,4
1337,2020-11-03,10776000.000000,10776000.000000,10146000.000000,10392000.000000,4
1337,2020-11-04,9753000.000000,10140000.000000,9174000.000000,9309000.000000,4
1337,2020-11-05,8553000.000000,8553000.000000,8019000.000000,8061000.000000,9
1337,2020-11-06,8178000.000000,8214000.000000,7602000.000000,7671000.000000,9
1337,2020-11-09,7197000.000000,7974000.000000,6969000.000000,7950000.000000,9
1337,2020-11-10,8139000.000000,8721000.000000,8055000.000000,8679000.000000,9
1337,2020-11-11,8286000.000000,8286000.000000,7683000.000000,7728000.000000,6
1337,2020-11-12,7725000.000000,8127000.000000,7626000.000000,8010000.000000,6
1337,2020-11-13,7722000.000000,7878000.000000,7506000.000000,7710000.000000,5
1337,2020-11-16,7545000.000000,7584000.000000,7134000.000000,7134000.000000,5
1337,2020-11-17,7212000.000000,7476000.000000,7203000.000000,7320000.000000,5
1337,2020-11-18,7272000.000000,7485000.000000,7116000.000000,7479000.000000,6
1337,2020-11-19,7530000.000000,7656000.000000,7116000.000000,7137000.000000,5
1337,2020-11-20,7119000.000000,7260000.000000,6951000.000000,7236000.000000,6
1337,2020-11-23,7125000.000000,7206000.000000,6846000.000000,6906000.000000,6
1337,2020-11-24,6765000.000000,7122000.000000,6765000.000000,6795000.000000,5
1337,2020-11-25,6810000.000000,6948000.000000,6696000.000000,6867000.000000,4
1337,2020-11-27,6765000.000000,6765000.000000,6489000.000000,6624000.000000,5
1337,2020-11-30,6597000.000000,6828000.000000,6351000.000000,6351000.000000,6
1337,2020-12-01,6213000.000000,6276000.000000,5940000.000000,6042000.000000,9
1337,2020-12-02,6117000.000000,6132000.000000,5913000.000000,6000000.000000,6
1337,2020-12-03,5913000.000000,6012000.000000,5796000.000000,5988000.000000,7
1337,2020-12-04,5901000.000000,5934000.000000,5478000.000000,5478000.000000,13
1337,2020-12-07,5415000.000000,5565000.000000,5391000.000000,5409000.000000,7
1337,2020-12-08,5451000.000000,5499000.000000,5286000.000000,5343000.000000,7
1337,2020-12-09,5385000.000000,5901000.000000,5304000.000000,5805000.000000,16
1337,2020-12-10,5961000.000000,6018000.000000,5679000.000000,5826000.000000,10
1337,2020-12-11,5940000.000000,6189000.000000,5871000.000000,5988000.000000,13
1337,2020-12-14,5841000.000000,5862000.000000,5685000.000000,5784000.000000,7
1337,2020-12-15,5568000.000000,5679000.000000,5490000.000000,5538000.000000,6
1337,2020-12-16,5496000.000000,5679000.000000,5490000.000000,5547000.000000,4
1337,2020-12-17,5460000.000000,5586000.000000,5442000.000000,5514000.000000,4
1337,2020-12-18,5499000.000000,5697000.000000,5460000.000000,5595000.000000,6
1337,2020-12-21,5820000.000000,5958000.000000,5667000.000000,5697000.000000,7
1337,2020-12-22,5613000.000000,5850000.000000,5613000.000000,5709000.000000,3
1337,2020-12-23,5679000.000000,5850000.000000,5649000.000000,5850000.000000,3
1337,2020-12-24,5796000.000000,5796000.000000,5667000.000000,5679000.000000,2
1337,2020-12-28,5478000.000000,5721000.000000,5469000.000000,5697000.000000,4
1337,2020-12-29,5607000.000000,5931000.000000,5607000.000000,5739000.000000,6
1337,2020-12-30,5685000.000000,5685000.000000,5424000.000000,5451000.000000,6
1337,2020-12-31,5436000.000000,5553000.000000,5373000.000000,5382000.000000,6
1337,2021-01-04,5304000.000000,5583000.000000,4944000.000000,5451000.000000,17
1337,2021-01-05,5496000.000000,5496000.000000,5139000.000000,5139000.000000,8
1337,2021-01-06,5310000.000000,5325000.000000,4875000.000000,5184000.000000,13
1337,2021-01-07,4962000.000000,4962000.000000,4557000.000000,4602000.000000,12
1337,2021-01-08,4434000.000000,4746000.000000,4332000.000000,4590000.000000,16
1337,2021-01-11,4731000.000000,4731000.000000,4329000.000000,4440000.000000,14
1337,2021-01-12,4389000.000000,4479000.000000,4233000.000000,4347000.000000,15
1337,2021-01-13,4260000.000000,4398000.000000,4215000.000000,4338000.000000,8
1337,2021-01-14,4200000.000000,4200000.000000,3912000.000000,4062000.000000,22
1337,2021-01-15,4074000.000000,4377000.000000,4071000.000000,4302000.000000,20
1337,2021-01-19,4125000.000000,4128000.000000,3858000.000000,3870000.000000,16
1337,2021-01-20,3738000.000000,3939000.000000,3702000.000000,3906000.000000,10
1337,2021-01-21,3801000.000000,3924000.000000,3687000.000000,3726000.000000,12
1337,2021-01-22,3825000.000000,3933000.000000,3780000.000000,3927000.000000,15
1337,2021-01-25,3828000.000000,4137000.000000,3798000.000000,3912000.000000,14
1337,2021-01-26,3903000.000000,4101000.000000,3903000.000000,4095000.000000,10
1337,2021-01-27,4305000.000000,4788000.000000,4305000.000000,4725000.000000,42
1337,2021-01-28,4464000.000000,4569000.000000,4215000.000000,4434000.000000,17
1337,2021-01-29,4380000.000000,4704000.000000,4332000.000000,4641000.000000,15
1337,2021-02-01,4419000.000000,4470000.000000,4068000.000000,4101000.000000,12
1337,2021-02-02,3906000.000000,4083000.000000,3897000.000000,3897000.000000,11
1337,2021-02-03,3873000.000000,4155000.000000,3831000.000000,4149000.000000,11
1337,2021-02-04,4173000.000000,4272000.000000,4035000.000000,4038000.000000,8
1337,2021-02-05,3960000.000000,4146000.000000,3957000.000000,4131000.000000,7
1337,2021-02-08,4041000.000000,4044000.000000,3747000.000000,3747000.000000,10
1337,2021-02-09,3807000.000000,3849000.000000,3705000.000000,3795000.000000,8
1337,2021-02-10,3699000.000000,3909000.000000,3630000.000000,3753000.000000,14
1337,2021-02-11,3681000.000000,3681000.000000,3372000.000000,3375000.000000,23
1337,2021-02-12,3408000.000000,3450000.000000,3225000.000000,3237000.000000,14
1337,2021-02-16,3132000.000000,3237000.000000,3093000.000000,3192000.000000,14
1337,2021-02-17,3270000.000000,3489000.000000,3243000.000000,3357000.000000,18
1337,2021-02-18,3498000.000000,3588000.000000,3414000.000000,3459000.000000,16
1337,2021-02-19,3315000.000000,3330000.000000,3147000.000000,3201000.000000,20
1337,2021-02-22,3339000.000000,3597000.000000,3267000.000000,3564000.000000,17
1337,2021-02-23,3774000.000000,4062000.000000,3555000.000000,3630000.000000,36
1337,2021-02-24,3711000.000000,3804000.000000,3270000.000000,3273000.000000,20
1337,2021-02-25,3399000.000000,3882000.000000,3330000.000000,3861000.000000,38
1337,2021-02-26,3687000.000000,3888000.000000,3474000.000000,3579000.000000,33
1337,2021-03-01,3405000.000000,3495000.000000,3222000.000000,3222000.000000,15
1337,2021-03-02,3195000.000000,3531000.000000,3195000.000000,3522000.000000,19
1337,2021-03-03,3513000.000000,3864000.000000,3483000.000000,3849000.000000,30
1337,2021-03-04,3876000.000000,4566000.000000,3828000.000000,4413000.000000,76
1337,2021-03-05,4086000.000000,4725000.000000,3957000.000000,3990000.000000,67
1337,2021-03-08,4002000.000000,4650000.000000,3963000.000000,4635000.000000,47
1337,2021-03-09,4170000.000000,4191000.000000,3684000.000000,3786000.000000,40
1337,2021-03-10,3579000.000000,3996000.000000,3579000.000000,3987000.000000,46
1337,2021-03-11,3654000.000000,3705000.000000,3420000.000000,3495000.000000,31
1337,2021-03-12,3696000.000000,3762000.000000,3588000.000000,3606000.000000,32
1337,2021-03-15,3543000.000000,3624000.000000,3360000.000000,3360000.000000,20
1337,2021-03-16,3258000.000000,3303000.000000,3084000.000000,3240000.000000,41
1337,2021-03-17,3369000.000000,3450000.000000,3042000.000000,3108000.000000,39
1337,2021-03-18,3246000.000000,3516000.000000,3231000.000000,3507000.000000,39
1337,2021-03-19,3477000.000000,3621000.000000,3279000.000000,3375000.000000,37
1337,2021-03-22,3252000.000000,3288000.000000,3039000.000000,3153000.000000,33
1337,2021-03-23,3123000.000000,3453000.000000,3108000.000000,3408000.000000,32
1337,2021-03-24,3246000.000000,3555000.000000,3195000.000000,3549000.000000,37
1337,2021-03-25,3729000.000000,3819000.000000,3486000.000000,3525000.000000,58
1337,2021-03-26,3519000.000000,3534000.000000,3000000.000000,3009000.000000,49
1337,2021-03-29,3099000.000000,3252000.000000,3060000.000000,3159000.000000,32
1337,2021-03-30,3210000.000000,3285000.000000,3153000.000000,3180000.000000,16
1337,2021-03-31,3090000.000000,3102000.000000,2862000.000000,2931000.000000,38
1337,2021-04-01,2787000.000000,2787000.000000,2607000.000000,2613000.000000,36
1337,2021-04-05,2487000.000000,2580000.000000,2433000.000000,2457000.000000,34
1337,2021-04-06,2499000.000000,2610000.000000,2454000.000000,2532000.000000,36
1337,2021-04-07,2514000.000000,2598000.000000,2499000.000000,2541000.000000,26
1337,2021-04-08,2460000.000000,2523000.000000,2445000.000000,2454000.000000,21
1337,2021-04-09,2502000.000000,2547000.000000,2466000.000000,2466000.000000,16
1337,2021-04-12,2505000.000000,2619000.000000,2505000.000000,2550000.000000,21
1337,2021-04-13,2499000.000000,2637000.000000,2484000.000000,2565000.000000,17
1337,2021-04-14,2586000.000000,2694000.000000,2523000.000000,2658000.000000,17
1337,2021-04-15,2580000.000000,2634000.000000,2502000.000000,2517000.000000,18
1337,2021-04-16,2520000.000000,2571000.000000,2505000.000000,2556000.000000,14
1337,2021-04-19,2625000.000000,2826000.000000,2583000.000000,2748000.000000,33
1337,2021-04-20,2808000.000000,2922000.000000,2748000.000000,2877000.000000,29
1337,2021-04-21,2865000.000000,2901000.000000,2640000.000000,2640000.000000,20
1337,2021-04-22,2661000.000000,2865000.000000,2649000.000000,2826000.000000,37
1337,2021-04-23,2790000.000000,2793000.000000,2625000.000000,2655000.000000,22
1337,2021-04-26,2658000.000000,2664000.000000,2505000.000000,2526000.000000,17
1337,2021-04-27,2484000.000000,2595000.000000,2478000.000000,2571000.000000,23
1337,2021-04-28,2613000.000000,2697000.000000,2607000.000000,2685000.000000,17
1337,2021-04-29,2577000.000000,2754000.000000,2565000.000000,2631000.000000,22
1337,2021-04-30,2748000.000000,2874000.000000,2706000.000000,2856000.000000,24
1337,2021-05-03,2790000.000000,2991000.000000,2781000.000000,2955000.000000,19
1337,2021-05-04,3057000.000000,3252000.000000,3048000.000000,3093000.000000,37
1337,2021-05-05,2979000.000000,3102000.000000,2916000.000000,3042000.000000,27
1337,2021-05-06,3054000.000000,3156000.000000,2955000.000000,2967000.000000,26
1337,2021-05-07,2862000.000000,2913000.000000,2775000.000000,2835000.000000,20
1337,2021-05-10,2898000.000000,3228000.000000,2898000.000000,3228000.000000,28
1337,2021-05-11,3498000.000000,3534000.000000,3168000.000000,3195000.000000,54
1337,2021-05-12,3387000.000000,3624000.000000,3342000.000000,3603000.000000,60
1337,2021-05-13,3405000.000000,3558000.000000,3276000.000000,3426000.000000,46
1337,2021-05-14,3288000.000000,3396000.000000,3030000.000000,3126000.000000,36
1337,2021-05-17,3219000.000000,3363000.000000,3198000.000000,3198000.000000,34
1337,2021-05-18,3135000.000000,3291000.000000,3099000.000000,3288000.000000,20
1337,2021-05-19,3477000.000000,3507000.000000,3078000.000000,3087000.000000,47
1337,2021-05-20,3021000.000000,3030000.000000,2808000.000000,2841000.000000,33
1337,2021-05-21,2787000.000000,2907000.000000,2784000.000000,2877000.000000,35
1337,2021-05-24,2808000.000000,2817000.000000,2628000.000000,2682000.000000,29
1337,2021-05-25,2619000.000000,2697000.000000,2589000.000000,2658000.000000,40
1337,2021-05-26,2637000.000000,2703000.000000,2595000.000000,2631000.000000,23
1337,2021-05-27,2643000.000000,2661000.000000,2556000.000000,2583000.000000,24
1337,2021-05-28,2565000.000000,2580000.000000,2487000.000000,2523000.000000,20
1337,2021-06-01,2475000.000000,2586000.000000,2406000.000000,2553000.000000,32
1337,2021-06-02,2541000.000000,2574000.000000,2466000.000000,2493000.000000,24
1337,2021-06-03,2580000.000000,2661000.000000,2547000.000000,2622000.000000,39
1337,2021-06-04,2547000.000000,2553000.000000,2418000.000000,2439000.000000,38
1337,2021-06-07,2466000.000000,2532000.000000,2454000.000000,2487000.000000,27
1337,2021-06-08,2427000.000000,2589000.000000,2418000.000000,2532000.000000,25
1337,2021-06-09,2496000.000000,2571000.000000,2487000.000000,2565000.000000,15
1337,2021-06-10,2556000.000000,2577000.000000,2448000.000000,2475000.000000,31
1337,2021-06-11,2463000.000000,2502000.000000,2442000.000000,2448000.000000,15
1337,2021-06-14,2433000.000000,2472000.000000,2340000.000000,2343000.000000,28
1337,2021-06-15,2364000.000000,2421000.000000,2316000.000000,2406000.000000,24
1337,2021-06-16,2373000.000000,2520000.000000,2352000.000000,2454000.000000,31
1337,2021-06-17,2490000.000000,2490000.000000,2331000.000000,2388000.000000,31
1337,2021-06-18,2442000.000000,2595000.000000,2427000.000000,2556000.000000,33
1337,2021-06-21,2538000.000000,2610000.000000,2502000.000000,2505000.000000,31
1337,2021-06-22,2520000.000000,2553000.000000,2460000.000000,2472000.000000,22
1337,2021-06-23,2475000.000000,2475000.000000,2406000.000000,2451000.000000,14
1337,2021-06-24,2385000.000000,2388000.000000,2307000.000000,2322000.000000,27
1337,2021-06-25,2316000.000000,2358000.000000,2283000.000000,2343000.000000,17
1337,2021-06-28,2295000.000000,2295000.000000,2142000.000000,2169000.000000,35
1337,2021-06-29,2181000.000000,2205000.000000,2115000.000000,2115000.000000,26
1337,2021-06-30,2127000.000000,2163000.000000,2112000.000000,2121000.000000,22
1337,2021-07-01,2145000.000000,2235000.000000,2130000.000000,2217000.000000,24
1337,2021-07-02,2160000.000000,2229000.000000,2154000.000000,2175000.000000,16
1337,2021-07-06,2154000.000000,2274000.000000,2133000.000000,2190000.000000,28
1337,2021-07-07,2148000.000000,2310000.000000,2142000.000000,2280000.000000,24
1337,2021-07-08,2433000.000000,2472000.000000,2328000.000000,2361000.000000,32
1337,2021-07-09,2340000.000000,2391000.000000,2232000.000000,2241000.000000,20
1337,2021-07-12,2220000.000000,2241000.000000,2157000.000000,2160000.000000,17
1337,2021-07-13,2184000.000000,2220000.000000,2157000.000000,2196000.000000,22
1337,2021-07-14,2148000.000000,2232000.000000,2082000.000000,2220000.000000,39
1337,2021-07-15,2235000.000000,2409000.000000,2232000.000000,2361000.000000,35
1337,2021-07-16,2322000.000000,2529000.000000,2298000.000000,2523000.000000,39
1337,2021-07-19,2631000.000000,2661000.000000,2505000.000000,2520000.000000,52
1337,2021-07-20,2496000.000000,2580000.000000,2361000.000000,2412000.000000,37
1337,2021-07-21,2388000.000000,2394000.000000,2190000.000000,2190000.000000,35
1337,2021-07-22,2238000.000000,2292000.000000,2202000.000000,2253000.000000,22
1337,2021-07-23,2208000.000000,2292000.000000,2196000.000000,2202000.000000,18
1337,2021-07-26,2238000.000000,2253000.000000,2187000.000000,2211000.000000,16
1337,2021-07-27,2235000.000000,2463000.000000,2235000.000000,2331000.000000,41
1337,2021-07-28,2307000.000000,2337000.000000,2187000.000000,2208000.000000,34
1337,2021-07-29,2208000.000000,2208000.000000,2073000.000000,2091000.000000,45
1337,2021-07-30,2148000.000000,2151000.000000,2034000.000000,2046000.000000,41
1337,2021-08-02,2007000.000000,2019000.000000,1926000.000000,2007000.000000,45
1337,2021-08-03,2001000.000000,2073000.000000,1968000.000000,1971000.000000,41
1337,2021-08-04,1971000.000000,1971000.000000,1875000.000000,1905000.000000,52
1337,2021-08-05,1881000.000000,1944000.000000,1875000.000000,1914000.000000,30
1337,2021-08-06,1947000.000000,1956000.000000,1911000.000000,1935000.000000,21
1337,2021-08-09,1920000.000000,1983000.000000,1911000.000000,1959000.000000,19
1337,2021-08-10,1944000.000000,2067000.000000,1938000.000000,2025000.000000,25
1337,2021-08-11,1998000.000000,2121000.000000,1998000.000000,2043000.000000,30
1337,2021-08-12,2070000.000000,2163000.000000,2070000.000000,2112000.000000,24
1337,2021-08-13,2112000.000000,2130000.000000,2064000.000000,2070000.000000,17
1337,2021-08-16,2097000.000000,2142000.000000,2073000.000000,2094000.000000,21
1337,2021-08-17,2142000.000000,2271000.000000,2142000.000000,2214000.000000,43
1337,2021-08-18,2220000.000000,2319000.000000,2190000.000000,2316000.000000,28
1337,2021-08-19,2340000.000000,2400000.000000,2217000.000000,2259000.000000,51
1337,2021-08-20,2241000.000000,2292000.000000,2196000.000000,2208000.000000,22
1337,2021-08-23,2145000.000000,2145000.000000,2019000.000000,2034000.000000,27
1337,2021-08-24,2013000.000000,2043000.000000,1995000.000000,2025000.000000,15
1337,2021-08-25,2007000.000000,2010000.000000,1935000.000000,1983000.000000,23
1337,2021-08-26,1995000.000000,2025000.000000,1953000.000000,1980000.000000,22
1337,2021-08-27,1971000.000000,1980000.000000,1854000.000000,1866000.000000,33
1337,2021-08-30,1839000.000000,1872000.000000,1797000.000000,1848000.000000,31
1337,2021-08-31,1848000.000000,1938000.000000,1842000.000000,1890000.000000,37
1337,2021-09-01,1866000.000000,1923000.000000,1860000.000000,1920000.000000,24
1337,2021-09-02,1902000.000000,1929000.000000,1884000.000000,1905000.000000,20
1337,2021-09-03,1908000.000000,1917000.000000,1839000.000000,1863000.000000,25
1337,2021-09-07,1863000.000000,1917000.000000,1860000.000000,1884000.000000,18
1337,2021-09-08,1914000.000000,2004000.000000,1899000.000000,1953000.000000,40
1337,2021-09-09,1959000.000000,1959000.000000,1896000.000000,1932000.000000,26
1337,2021-09-10,1890000.000000,1890000.000000,1797000.000000,1884000.000000,72
1337,2021-09-13,1830000.000000,1911000.000000,1821000.000000,1836000.000000,48
1337,2021-09-14,1818000.000000,1860000.000000,1788000.000000,1827000.000000,55
1337,2021-09-15,1827000.000000,1875000.000000,1800000.000000,1806000.000000,37
1337,2021-09-16,1836000.000000,1863000.000000,1770000.000000,1791000.000000,48
1337,2021-09-17,1803000.000000,1899000.000000,1800000.000000,1872000.000000,50
1337,2021-09-20,1986000.000000,2094000.000000,1971000.000000,2013000.000000,63
1337,2021-09-21,1968000.000000,2052000.000000,1950000.000000,1992000.000000,40
1337,2021-09-22,1950000.000000,1971000.000000,1857000.000000,1869000.000000,46
1337,2021-09-23,1845000.000000,1866000.000000,1779000.000000,1794000.000000,38
1337,2021-09-24,1842000.000000,1845000.000000,1791000.000000,1803000.000000,29
1337,2021-09-27,1857000.000000,1893000.000000,1794000.000000,1809000.000000,36
1337,2021-09-28,1905000.000000,2028000.000000,1884000.000000,2022000.000000,67
1337,2021-09-29,2016000.000000,2136000.000000,1995000.000000,2124000.000000,49
1337,2021-09-30,2073000.000000,2127000.000000,2022000.000000,2124000.000000,43
1337,2021-10-01,2094000.000000,2226000.000000,2085000.000000,2124000.000000,35
1337,2021-10-04,2160000.000000,2304000.000000,2151000.000000,2286000.000000,50
1337,2021-10-05,2244000.000000,2265000.000000,2133000.000000,2181000.000000,42
1337,2021-10-06,2250000.000000,2277000.000000,2151000.000000,2160000.000000,43
1337,2021-10-07,2073000.000000,2088000.000000,1992000.000000,2079000.000000,37
1337,2021-10-08,2055000.000000,2151000.000000,2049000.000000,2136000.000000,27
1337,2021-10-11,2178000.000000,2190000.000000,2079000.000000,2187000.000000,24
1337,2021-10-12,2139000.000000,2298000.000000,2136000.000000,2262000.000000,44
1337,2021-10-13,2226000.000000,2253000.000000,2187000.000000,2223000.000000,30
1337,2021-10-14,2100000.000000,2127000.000000,2025000.000000,2025000.000000,43
1337,2021-10-15,1980000.000000,2013000.000000,1962000.000000,1980000.000000,28
1337,2021-10-18,2022000.000000,2052000.000000,1932000.000000,1932000.000000,26
1337,2021-10-19,1923000.000000,1950000.000000,1863000.000000,1866000.000000,27
1337,2021-10-20,1881000.000000,1899000.000000,1854000.000000,1878000.000000,25
1337,2021-10-21,1914000.000000,1914000.000000,1809000.000000,1815000.000000,31
1337,2021-10-22,1848000.000000,1887000.000000,1788000.000000,1878000.000000,35
1337,2021-10-25,1854000.000000,1872000.000000,1806000.000000,1839000.000000,26
1337,2021-10-26,1794000.000000,1854000.000000,1776000.000000,1836000.000000,46
1337,2021-10-27,1869000.000000,1893000.000000,1809000.000000,1878000.000000,37
1337,2021-10-28,1800000.000000,1809000.000000,1743000.000000,1743000.000000,52
1337,2021-10-29,1791000.000000,1800000.000000,1722000.000000,1725000.000000,41
1337,2021-11-01,1722000.000000,1728000.000000,1638000.000000,1644000.000000,40
1337,2021-11-02,1647000.000000,1650000.000000,1578000.000000,1584000.000000,45
1337,2021-11-03,1575000.000000,1590000.000000,1515000.000000,1524000.000000,42
1337,2021-11-04,1473000.000000,1497000.000000,1350000.000000,1374000.000000,101
1337,2021-11-05,1341000.000000,1365000.000000,1293000.000000,1326000.000000,95
1337,2021-11-08,1302000.000000,1314000.000000,1242000.000000,1269000.000000,89
1337,2021-11-09,1233000.000000,1311000.000000,1227000.000000,1269000.000000,108
1337,2021-11-10,1341000.000000,1398000.000000,1290000.000000,1380000.000000,119
1337,2021-11-11,1311000.000000,1344000.000000,1284000.000000,1293000.000000,76
1337,2021-11-12,1275000.000000,1302000.000000,1236000.000000,1257000.000000,60
1337,2021-11-15,1233000.000000,1296000.000000,1224000.000000,1254000.000000,50
1337,2021-11-16,1278000.000000,1281000.000000,1194000.000000,1203000.000000,61
1337,2021-11-17,1200000.000000,1245000.000000,1200000.000000,1227000.000000,52
1337,2021-11-18,1164000.000000,1200000.000000,1146000.000000,1167000.000000,72
1337,2021-11-19,1170000.000000,1182000.000000,1131000.000000,1152000.000000,59
1337,2021-11-22,1131000.000000,1209000.000000,1086000.000000,1206000.000000,96
1337,2021-11-23,1215000.000000,1281000.000000,1182000.000000,1215000.000000,103
1337,2021-11-24,1248000.000000,1284000.000000,1176000.000000,1179000.000000,69
1337,2021-11-26,1245000.000000,1302000.000000,1209000.000000,1275000.000000,70
1337,2021-11-29,1218000.000000,1233000.000000,1119000.000000,1119000.000000,82
1337,2021-11-30,1140000.000000,1215000.000000,1110000.000000,1182000.000000,93
1337,2021-12-01,1137000.000000,1215000.000000,1068000.000000,1209000.000000,127
1337,2021-12-02,1248000.000000,1278000.000000,1182000.000000,1209000.000000,113
1337,2021-12-03,1158000.000000,1260000.000000,1119000.000000,1218000.000000,108
1337,2021-12-06,1233000.000000,1338000.000000,1209000.000000,1221000.000000,123
1337,2021-12-07,1140000.000000,1140000.000000,1029000.000000,1038000.000000,152
1337,2021-12-08,1053000.000000,1092000.000000,1050000.000000,1056000.000000,75
1337,2021-12-09,1077000.000000,1134000.000000,1044000.000000,1128000.000000,92
1337,2021-12-10,1068000.000000,1143000.000000,1050000.000000,1098000.000000,77
1337,2021-12-13,1089000.000000,1191000.000000,1083000.000000,1185000.000000,82
1337,2021-12-14,1227000.000000,1248000.000000,1182000.000000,1197000.000000,121
1337,2021-12-15,1188000.000000,1245000.000000,1068000.000000,1068000.000000,91
1337,2021-12-16,1059000.000000,1230000.000000,1053000.000000,1215000.000000,92
1337,2021-12-17,1248000.000000,1257000.000000,1158000.000000,1212000.000000,99
1337,2021-12-20,1269000.000000,1287000.000000,1218000.000000,1239000.000000,71
1337,2021-12-21,1164000.000000,1215000.000000,1110000.000000,1116000.000000,68
1337,2021-12-22,1134000.000000,1146000.000000,1086000.000000,1086000.000000,48
1337,2021-12-23,1074000.000000,1074000.000000,1026000.000000,1044000.000000,75
1337,2021-12-27,1035000.000000,1035000.000000,960000.000000,960000.000000,80
1337,2021-12-28,945000.000000,1005000.000000,945000.000000,990000.000000,93
1337,2021-12-29,996000.000000,1005000.000000,966000.000000,990000.000000,40
1337,2021-12-30,990000.000000,1029000.000000,981000.000000,1026000.000000,52
1337,2021-12-31,1020000.000000,1029000.000000,996000.000000,1026000.000000,53
1337,2022-01-03,1011000.000000,1020000.000000,966000.000000,966000.000000,72
1337,2022-01-04,957000.000000,1047000.000000,936000.000000,978000.000000,116
1337,2022-01-05,1002000.000000,1077000.000000,972000.000000,1074000.000000,127
1337,2022-01-06,1080000.000000,1113000.000000,1035000.000000,1047000.000000,114
1337,2022-01-07,1056000.000000,1152000.000000,1041000.000000,1140000.000000,105
1337,2022-01-10,1179000.000000,1257000.000000,1131000.000000,1134000.000000,178
1337,2022-01-11,1155000.000000,1176000.000000,1071000.000000,1071000.000000,104
1337,2022-01-12,1044000.000000,1086000.000000,1020000.000000,1050000.000000,130
1337,2022-01-13,1005000.000000,1134000.000000,978000.000000,1122000.000000,182
1337,2022-01-14,1152000.000000,1155000.000000,1041000.000000,1044000.000000,178
1337,2022-01-18,1101000.000000,1191000.000000,1095000.000000,1179000.000000,167
1337,2022-01-19,1158000.000000,1290000.000000,1131000.000000,1287000.000000,208
1337,2022-01-20,1254000.000000,1416000.000000,1227000.000000,1413000.000000,209
1337,2022-01-21,1428000.000000,1491000.000000,1317000.000000,1485000.000000,238
1337,2022-01-24,1584000.000000,1722000.000000,1419000.000000,1419000.000000,255
1337,2022-01-25,1542000.000000,1614000.000000,1485000.000000,1590000.000000,194
1337,2022-01-26,1452000.000000,1590000.000000,1314000.000000,1506000.000000,241
1337,2022-01-27,1458000.000000,1731000.000000,1458000.000000,1716000.000000,183
1337,2022-01-28,1731000.000000,1869000.000000,1617000.000000,1620000.000000,191
1337,2022-01-31,1590000.000000,1620000.000000,1350000.000000,1353000.000000,178
1337,2022-02-01,1317000.000000,1422000.000000,1305000.000000,1311000.000000,215
1337,2022-02-02,1239000.000000,1299000.000000,1209000.000000,1215000.000000,276
1337,2022-02-03,1311000.000000,1392000.000000,1251000.000000,1377000.000000,220
1337,2022-02-04,1404000.000000,1452000.000000,1314000.000000,1350000.000000,187
1337,2022-02-07,1341000.000000,1371000.000000,1290000.000000,1350000.000000,159
1337,2022-02-08,1374000.000000,1380000.000000,1242000.000000,1260000.000000,199
1337,2022-02-09,1206000.000000,1251000.000000,1128000.000000,1134000.000000,190
1337,2022-02-10,1212000.000000,1254000.000000,1107000.000000,1239000.000000,296
1337,2022-02-11,1227000.000000,1449000.000000,1200000.000000,1419000.000000,259
1337,2022-02-14,1407000.000000,1476000.000000,1332000.000000,1419000.000000,214
1337,2022-02-15,1329000.000000,1335000.000000,1179000.000000,1179000.000000,237
1337,2022-02-16,1221000.000000,1257000.000000,1170000.000000,1182000.000000,214
1337,2022-02-17,1230000.000000,1320000.000000,1224000.000000,1314000.000000,256
1337,2022-02-18,1308000.000000,1413000.000000,1296000.000000,1350000.000000,269
1337,2022-02-22,1401000.000000,1449000.000000,1284000.000000,1383000.000000,315
1337,2022-02-23,1335000.000000,1494000.000000,1290000.000000,1485000.000000,268
1337,2022-02-24,1647000.000000,1665000.000000,1311000.000000,1320000.000000,299
1337,2022-02-25,1311000.000000,1374000.000000,1254000.000000,1257000.000000,225
1337,2022-02-28,1299000.000000,1350000.000000,1239000.000000,1281000.000000,250
1337,2022-03-01,1287000.000000,1455000.000000,1266000.000000,1413000.000000,205
1337,2022-03-02,1383000.000000,1389000.000000,1248000.000000,1275000.000000,178
1337,2022-03-03,1251000.000000,1380000.000000,1251000.000000,1356000.000000,230
1337,2022-03-04,1398000.000000,1509000.000000,1359000.000000,1455000.000000,201
1337,2022-03-07,1446000.000000,1683000.000000,1422000.000000,1677000.000000,170
1337,2022-03-08,1650000.000000,1734000.000000,1398000.000000,1584000.000000,304
1337,2022-03-09,1431000.000000,1482000.000000,1353000.000000,1389000.000000,221
1337,2022-03-10,1464000.000000,1554000.000000,1455000.000000,1473000.000000,213
1337,2022-03-11,1407000.000000,1575000.000000,1398000.000000,1566000.000000,182
1337,2022-03-14,1578000.000000,1743000.000000,1557000.000000,1710000.000000,210
1337,2022-03-15,1659000.000000,1701000.000000,1473000.000000,1488000.000000,203
1337,2022-03-16,1416000.000000,1458000.000000,1263000.000000,1266000.000000,331
1337,2022-03-17,1290000.000000,1326000.000000,1233000.000000,1236000.000000,194
1337,2022-03-18,1254000.000000,1281000.000000,1143000.000000,1158000.000000,227
1337,2022-03-21,1167000.000000,1227000.000000,1137000.000000,1164000.000000,289
1337,2022-03-22,1164000.000000,1176000.000000,1104000.000000,1146000.000000,213
1337,2022-03-23,1179000.000000,1233000.000000,1134000.000000,1230000.000000,267
1337,2022-03-24,1194000.000000,1209000.000000,1047000.000000,1050000.000000,283
1337,2022-03-25,1047000.000000,1107000.000000,1038000.000000,1047000.000000,248
1337,2022-03-28,1075500.000000,1116000.000000,1028100.000000,1028100.000000,428
1337,2022-03-29,978600.000000,1020900.000000,951900.000000,959100.000000,417
1337,2022-03-30,981000.000000,1064400.000000,969300.000000,1050000.000000,341
1337,2022-03-31,1053900.000000,1128600.000000,1036500.000000,1123200.000000,414
1337,2022-04-01,1105800.000000,1235100.000000,1096500.000000,1186500.000000,485
1337,2022-04-04,1175400.000000,1190100.000000,1122600.000000,1130700.000000,184
1337,2022-04-05,1157400.000000,1292400.000000,1152300.000000,1285800.000000,370
1337,2022-04-06,1367100.000000,1411200.000000,1310400.000000,1375500.000000,459
1337,2022-04-07,1386000.000000,1457400.000000,1332000.000000,1374000.000000,350
1337,2022-04-08,1404600.000000,1479300.000000,1401000.000000,1472400.000000,331
1337,2022-04-11,1541400.000000,1573800.000000,1501500.000000,1564800.000000,241
1337,2022-04-12,1471800.000000,1602000.000000,1426500.000000,1583100.000000,316
1337,2022-04-13,1549200.000000,1575000.000000,1441500.000000,1468500.000000,223
1337,2022-04-14,1447200.000000,1601700.000000,1444800.000000,1597500.000000,216
1337,2022-04-18,1620300.000000,1626000.000000,1468800.000000,1507500.000000,280
1337,2022-04-19,1530000.000000,1553400.000000,1403400.000000,1410600.000000,226
1337,2022-04-20,1344300.000000,1436700.000000,1308300.000000,1422600.000000,248
1337,2022-04-21,1368600.000000,1559100.000000,1320000.000000,1539600.000000,325
1337,2022-04-22,1554900.000000,1646400.000000,1516500.000000,1640400.000000,245
1337,2022-04-25,1673100.000000,1694100.000000,1551600.000000,1557600.000000,293
1337,2022-04-26,1615500.000000,1767600.000000,1605600.000000,1759800.000000,368
1337,2022-04-27,1828800.000000,1831500.000000,1659900.000000,1791600.000000,262
1337,2022-04-28,1683300.000000,1751700.000000,1433100.000000,1490700.000000,362
1337,2022-04-29,1567800.000000,1695900.000000,1470600.000000,1686900.000000,346
1337,2022-05-02,1677300.000000,1717200.000000,1506000.000000,1512300.000000,269
1337,2022-05-03,1521000.000000,1556700.000000,1438200.000000,1471200.000000,235
1337,2022-05-04,1440300.000000,1578900.000000,1295400.000000,1301400.000000,315
1337,2022-05-05,1369200.000000,1546500.000000,1365600.000000,1484100.000000,433
1337,2022-05-06,1533300.000000,1613100.000000,1429500.000000,1529100.000000,367
1337,2022-05-09,1629000.000000,1788900.000000,1574700.000000,1764300.000000,444
1337,2022-05-10,1606500.000000,1760400.000000,1540500.000000,1631400.000000,313
1337,2022-05-11,1687200.000000,1798800.000000,1564800.000000,1785000.000000,366
1337,2022-05-12,1842000.000000,1896300.000000,1705500.000000,1757100.000000,294
1337,2022-05-13,1654500.000000,1689300.000000,1444800.000000,1480200.000000,332
1337,2022-05-16,1526700.000000,1565400.000000,1479300.000000,1551600.000000,277
1337,2022-05-17,1426800.000000,1445400.000000,1311000.000000,1320300.000000,471
1337,2022-05-18,1383000.000000,1534800.000000,1332000.000000,1517400.000000,458
1337,2022-05-19,1553400.000000,1586100.000000,1428900.000000,1543500.000000,426
1337,2022-05-20,1459200.000000,1755900.000000,1455300.000000,1552500.000000,586
1337,2022-05-23,1582500.000000,1620900.000000,1515600.000000,1531200.000000,328
1337,2022-05-24,1594800.000000,1694400.000000,1586100.000000,1646400.000000,390
1337,2022-05-25,1679400.000000,1679700.000000,1504800.000000,1548000.000000,330
1337,2022-05-26,1589400.000000,1605000.000000,1350000.000000,1367700.000000,439
1337,2022-05-27,1307400.000000,1307400.000000,1194600.000000,1204200.000000,410
1337,2022-05-31,1209600.000000,1275000.000000,1187400.000000,1220400.000000,407
1337,2022-06-01,1198500.000000,1328100.000000,1180500.000000,1279800.000000,419
1337,2022-06-02,1296000.000000,1299900.000000,1140600.000000,1143000.000000,362
1337,2022-06-03,1217100.000000,1260600.000000,1198500.000000,1241400.000000,409
1337,2022-06-06,1171200.000000,1264500.000000,1155000.000000,1239600.000000,320
1337,2022-06-07,1287900.000000,1312200.000000,1198800.000000,1206300.000000,298
1337,2022-06-08,1227600.000000,1312500.000000,1212900.000000,1290000.000000,335
1337,2022-06-09,1322700.000000,1395000.000000,1252200.000000,1394100.000000,336
1337,2022-06-10,1464600.000000,1552500.000000,1428900.000000,1546500.000000,429
1337,2022-06-13,1698900.000000,1829100.000000,1656600.000000,1815000.000000,462
1337,2022-06-14,1754700.000000,1847100.000000,1727100.000000,1778400.000000,311
1337,2022-06-15,1713600.000000,1813500.000000,1594200.000000,1680900.000000,261
1337,2022-06-16,1835700.000000,2053200.000000,1831200.000000,1993200.000000,344
1337,2022-06-17,1980600.000000,2107800.000000,1923300.000000,1968900.000000,289
1337,2022-06-21,1848900.000000,1849500.000000,1720500.000000,1808700.000000,143
1337,2022-06-22,1899900.000000,1914600.000000,1788900.000000,1868700.000000,211
1337,2022-06-23,1835400.000000,1995600.000000,1828200.000000,1907700.000000,200
1337,2022-06-24,1813500.000000,1830000.000000,1654500.000000,1655700.000000,205
1337,2022-06-27,1606500.000000,1704000.000000,1591800.000000,1656300.000000,183
1337,2022-06-28,1637400.000000,1794900.000000,1577100.000000,1789800.000000,240
1337,2022-06-29,1859700.000000,1979400.000000,1854900.000000,1915500.000000,249
1337,2022-06-30,1995000.000000,2079000.000000,1875300.000000,1983900.000000,285
1337,2022-07-01,2100000.000000,2276400.000000,2055000.000000,2203200.000000,289
1337,2022-07-05,2374800.000000,2409300.000000,2149200.000000,2151000.000000,217
1337,2022-07-06,2147400.000000,2213400.000000,2040000.000000,2114400.000000,152
1337,2022-07-07,1962300.000000,1969200.000000,1800600.000000,1830300.000000,257
1337,2022-07-08,1913100.000000,1930200.000000,1768500.000000,1801800.000000,288
1337,2022-07-11,1888800.000000,1966200.000000,1861200.000000,1932300.000000,236
1337,2022-07-12,1888500.000000,1957500.000000,1849200.000000,1917300.000000,210
1337,2022-07-13,2036400.000000,2046600.000000,1835400.000000,1876800.000000,251
1337,2022-07-14,1895100.000000,1979400.000000,1737300.000000,1759800.000000,277
1337,2022-07-15,1681800.000000,1766700.000000,1629300.000000,1631400.000000,195
1337,2022-07-18,1557600.000000,1683300.000000,1518000.000000,1655400.000000,309
1337,2022-07-19,1574100.000000,1588500.000000,1404900.000000,1434600.000000,423
1337,2022-07-20,1439100.000000,1464300.000000,1301700.000000,1316400.000000,509
1337,2022-07-21,1301100.000000,1359000.000000,1255200.000000,1258500.000000,513
1337,2022-07-22,1272000.000000,1385100.000000,1268100.000000,1354800.000000,627
1337,2022-07-25,1383000.000000,1444800.000000,1373400.000000,1381200.000000,428
1337,2022-07-26,1406100.000000,1461600.000000,1383300.000000,1449900.000000,399
1337,2022-07-27,1369800.000000,1381200.000000,1210200.000000,1246800.000000,472
1337,2022-07-28,1240500.000000,1319400.000000,1192200.000000,1201200.000000,461
1337,2022-07-29,1250700.000000,1265400.000000,1162500.000000,1172400.000000,455
1337,2022-08-01,1197900.000000,1220700.000000,1127100.000000,1161300.000000,471
1337,2022-08-02,1197000.000000,1214400.000000,1111500.000000,1166700.000000,450
1337,2022-08-03,1163700.000000,1169700.000000,1061400.000000,1071300.000000,405
1337,2022-08-04,1076400.000000,1087200.000000,1035900.000000,1043400.000000,402
1337,2022-08-05,1098900.000000,1116000.000000,1044000.000000,1069500.000000,568
1337,2022-08-08,1116900.000000,1168500.000000,1078800.000000,1121400.000000,548
1337,2022-08-09,1195500.000000,1318800.000000,1192500.000000,1276200.000000,633
1337,2022-08-10,1172700.000000,1223400.000000,1106700.000000,1111500.000000,543
1337,2022-08-11,1084200.000000,1125300.000000,1020000.000000,1120800.000000,586
1337,2022-08-12,1092600.000000,1108500.000000,1010700.000000,1017600.000000,544
1337,2022-08-15,1035900.000000,1054200.000000,999600.000000,1007400.000000,509
1337,2022-08-16,1023300.000000,1072800.000000,1010700.000000,1038600.000000,669
1337,2022-08-17,1084800.000000,1158000.000000,1083000.000000,1117500.000000,780
1337,2022-08-18,1107600.000000,1119600.000000,1012800.000000,1038600.000000,816
1337,2022-08-19,1079700.000000,1139100.000000,1065300.000000,1124700.000000,714
1337,2022-08-22,1191300.000000,1266000.000000,1185000.000000,1251600.000000,649
1337,2022-08-23,1249200.000000,1256100.000000,1173000.000000,1224900.000000,527
1337,2022-08-24,1231500.000000,1266600.000000,1208400.000000,1222500.000000,458
1337,2022-08-25,1220400.000000,1220400.000000,1083300.000000,1083300.000000,710
1337,2022-08-26,1093200.000000,1277400.000000,1086000.000000,1274700.000000,835
1337,2022-08-29,1314900.000000,1356000.000000,1267800.000000,1349700.000000,678
1337,2022-08-30,1308900.000000,1445400.000000,1302000.000000,1401600.000000,790
1337,2022-08-31,1377300.000000,1477800.000000,1377300.000000,1443300.000000,611
1337,2022-09-01,1545900.000000,1654800.000000,1521000.000000,1527000.000000,776
1337,2022-09-02,1453200.000000,1593300.000000,1419300.000000,1574100.000000,692
1337,2022-09-06,1560600.000000,1663500.000000,1546200.000000,1621500.000000,512
1337,2022-09-07,1614900.000000,1645800.000000,1503000.000000,1542600.000000,460
1337,2022-09-08,1585200.000000,1619700.000000,1450200.000000,1462800.000000,561
1337,2022-09-09,1402500.000000,1409100.000000,1339800.000000,1358100.000000,666
1337,2022-09-12,1342800.000000,1392000.000000,1322400.000000,1343400.000000,508
1337,2022-09-13,1496400.000000,1606800.000000,1464900.000000,1594200.000000,856
1337,2022-09-14,1567200.000000,1611900.000000,1505400.000000,1536000.000000,672
1337,2022-09-15,1569900.000000,1647900.000000,1515600.000000,1610700.000000,792
1337,2022-09-16,1663200.000000,1707600.000000,1582500.000000,1586700.000000,595
1337,2022-09-19,1648500.000000,1652700.000000,1538700.000000,1560300.000000,427
1337,2022-09-20,1608000.000000,1662300.000000,1584900.000000,1631700.000000,350
1337,2022-09-21,1618500.000000,1672500.000000,1458300.000000,1670100.000000,687
1337,2022-09-22,1704600.000000,1841100.000000,1683000.000000,1813200.000000,513
1337,2022-09-23,1887000.000000,1983000.000000,1862700.000000,1890000.000000,571
1337,2022-09-26,1907700.000000,1981500.000000,1817100.000000,1973100.000000,401
1337,2022-09-27,1871100.000000,2004000.000000,1818900.000000,1911300.000000,401
1337,2022-09-28,1963200.000000,1987500.000000,1811700.000000,1837500.000000,446
1337,2022-09-29,1933800.000000,2092800.000000,1923300.000000,2012700.000000,512
1337,2022-09-30,2091300.000000,2121900.000000,1931100.000000,2121900.000000,461
1337,2022-10-03,2035500.000000,2087100.000000,1817400.000000,1881300.000000,492
1337,2022-10-04,1721700.000000,1725000.000000,1619700.000000,1626000.000000,533
1337,2022-10-05,1704600.000000,1749000.000000,1538400.000000,1581600.000000,635
1337,2022-10-06,1583400.000000,1623000.000000,1503000.000000,1611600.000000,561
1337,2022-10-07,1750800.000000,1923600.000000,1736100.000000,1896300.000000,706
1337,2022-10-10,1914900.000000,2167500.000000,1909800.000000,2091900.000000,657
1337,2022-10-11,2195700.000000,2350800.000000,2142000.000000,2267700.000000,701
1337,2022-10-12,2271000.000000,2359200.000000,2239500.000000,2331600.000000,473
1337,2022-10-13,2618700.000000,2687700.000000,1995600.000000,2118900.000000,969
1337,2022-10-14,2046000.000000,2418000.000000,2044500.000000,2401500.000000,580
1337,2022-10-17,2208600.000000,2303100.000000,2140500.000000,2257500.000000,435
1337,2022-10-18,2040600.000000,2341200.000000,1987500.000000,2228100.000000,561
1337,2022-10-19,2268900.000000,2295000.000000,2115000.000000,2173200.000000,385
1337,2022-10-20,2147100.000000,2176500.000000,1938000.000000,2134800.000000,577
1337,2022-10-21,2161200.000000,2184300.000000,1886100.000000,1905000.000000,604
1337,2022-10-24,1886100.000000,2010900.000000,1850100.000000,1868700.000000,479
1337,2022-10-25,1852800.000000,1863000.000000,1709400.000000,1751700.000000,459
1337,2022-10-26,1852800.000000,1884600.000000,1676700.000000,1803600.000000,577
1337,2022-10-27,1770900.000000,1904400.000000,1714500.000000,1898400.000000,454
1337,2022-10-28,1890300.000000,1905000.000000,1667100.000000,1674300.000000,499
1337,2022-10-31,1714200.000000,1809600.000000,1705500.000000,1781700.000000,390
1337,2022-11-01,1680000.000000,1775100.000000,1658400.000000,1741500.000000,369
1337,2022-11-02,1710900.000000,1915200.000000,1616700.000000,1907400.000000,666
1337,2022-11-03,2015100.000000,2072700.000000,1896900.000000,1986900.000000,532
1337,2022-11-04,1781100.000000,1854300.000000,1696800.000000,1704600.000000,702
1337,2022-11-07,1657800.000000,1729200.000000,1576500.000000,1591800.000000,342
1337,2022-11-08,1510200.000000,1591800.000000,1434000.000000,1497300.000000,716
1337,2022-11-09,1562700.000000,1643400.000000,1550400.000000,1638300.000000,637
1337,2022-11-10,1355100.000000,1398000.000000,1113300.000000,1133100.000000,1186
1337,2022-11-11,1107300.000000,1148100.000000,1002000.000000,1016700.000000,1057
1337,2022-11-14,1039200.000000,1056600.000000,996900.000000,1052100.000000,864
1337,2022-11-15,927000.000000,1008600.000000,916500.000000,960000.000000,1532
1337,2022-11-16,1028400.000000,1100700.000000,1024200.000000,1085100.000000,1202
1337,2022-11-17,1155600.000000,1157400.000000,1041900.000000,1054800.000000,1494
1337,2022-11-18,1006800.000000,1085700.000000,1001700.000000,1049100.000000,925
1337,2022-11-21,1085100.000000,1113300.000000,1074600.000000,1101900.000000,774
1337,2022-11-22,1078800.000000,1103700.000000,1002300.000000,1003200.000000,820
1337,2022-11-23,1005000.000000,1009500.000000,939300.000000,971100.000000,1137
1337,2022-11-25,981900.000000,1008900.000000,977700.000000,1008900.000000,412
1337,2022-11-28,1046400.000000,1105800.000000,1014600.000000,1088400.000000,843
1337,2022-11-29,1079400.000000,1118100.000000,1056000.000000,1095900.000000,796
1337,2022-11-30,1088100.000000,1116900.000000,898500.000000,900300.000000,1280
1337,2022-12-01,884700.000000,957600.000000,881400.000000,921300.000000,1071
1337,2022-12-02,991500.000000,1004100.000000,947100.000000,953700.000000,1108
1337,2022-12-05,970500.000000,1014300.000000,943800.000000,985800.000000,742
1337,2022-12-06,987000.000000,1080900.000000,985500.000000,1054500.000000,866
1337,2022-12-07,1084200.000000,1089000.000000,1035300.000000,1054800.000000,737
1337,2022-12-08,1038300.000000,1060800.000000,964500.000000,969000.000000,860
1337,2022-12-09,982200.000000,1006200.000000,944400.000000,996900.000000,847
1337,2022-12-12,1008000.000000,1026000.000000,939300.000000,939600.000000,731
1337,2022-12-13,816000.000000,930000.000000,804000.000000,893700.000000,1451
1337,2022-12-14,900900.000000,965700.000000,868800.000000,935400.000000,1060
1337,2022-12-15,993900.000000,1057800.000000,981000.000000,1051800.000000,1097
1337,2022-12-16,1070100.000000,1110300.000000,1044000.000000,1079100.000000,866
1337,2022-12-19,1077600.000000,1151700.000000,1074900.000000,1120500.000000,734
1337,2022-12-20,1158900.000000,1167600.000000,1106100.000000,1138800.000000,686
1337,2022-12-21,1119600.000000,1122900.000000,1049100.000000,1058700.000000,761
1337,2022-12-22,1116300.000000,1253700.000000,1116300.000000,1191000.000000,1288
1337,2022-12-23,1221000.000000,1259100.000000,1187400.000000,1189800.000000,923
1337,2022-12-27,1214400.000000,1269600.000000,1213500.000000,1255800.000000,769
1337,2022-12-28,1277400.000000,1324200.000000,1231200.000000,1308000.000000,809
1337,2022-12-29,1246500.000000,1259700.000000,1165200.000000,1179000.000000,931
1337,2022-12-30,1236300.000000,1261800.000000,1183500.000000,1185300.000000,651
1337,2023-01-03,1125000.000000,1245000.000000,1122000.000000,1226700.000000,719
1337,2023-01-04,1158300.000000,1197000.000000,1106400.000000,1126800.000000,1078
1337,2023-01-05,1161000.000000,1191900.000000,1139100.000000,1188900.000000,806
1337,2023-01-06,1142400.000000,1188000.000000,1001100.000000,1022700.000000,1204
1337,2023-01-09,964200.000000,985500.000000,894000.000000,963300.000000,1341
1337,2023-01-10,975900.000000,989700.000000,924000.000000,926100.000000,843
1337,2023-01-11,925200.000000,949800.000000,890400.000000,891300.000000,888
1337,2023-01-12,879300.000000,933900.000000,843600.000000,862200.000000,1726
1337,2023-01-13,892800.000000,899400.000000,850500.000000,853500.000000,946
1337,2023-01-17,858300.000000,872400.000000,822300.000000,845700.000000,958
1337,2023-01-18,821700.000000,862500.000000,801900.000000,861300.000000,1221
1337,2023-01-19,885600.000000,943200.000000,882600.000000,934500.000000,1504
1337,2023-01-20,907500.000000,934200.000000,845400.000000,848400.000000,1122
1337,2023-01-23,824700.000000,828300.000000,711900.000000,721500.000000,2006
1337,2023-01-24,744900.000000,749400.000000,716400.000000,734400.000000,1084
1337,2023-01-25,773100.000000,792600.000000,726300.000000,729000.000000,1466
1337,2023-01-26,706200.000000,742800.000000,692400.000000,695100.000000,1371
1337,2023-01-27,731100.000000,736500.000000,690300.000000,708600.000000,1318
1337,2023-01-30,737400.000000,766800.000000,725100.000000,762000.000000,1336
1337,2023-01-31,771900.000000,771900.000000,721500.000000,722100.000000,1199
1337,2023-02-01,713100.000000,714000.000000,586800.000000,609300.000000,2314
1337,2023-02-02,591300.000000,609300.000000,552300.000000,569700.000000,2094
1337,2023-02-03,605700.000000,611400.000000,562800.000000,600600.000000,2151
1337,2023-02-06,629400.000000,639300.000000,603300.000000,630000.000000,1518
1337,2023-02-07,625800.000000,629100.000000,561600.000000,570000.000000,1892
1337,2023-02-08,580800.000000,611400.000000,568200.000000,606600.000000,1246
1337,2023-02-09,575700.000000,617400.000000,555000.000000,602400.000000,1802
1337,2023-02-10,622500.000000,652500.000000,617100.000000,632700.000000,1720
1337,2023-02-13,624900.000000,641700.000000,599400.000000,605700.000000,1049
1337,2023-02-14,620700.000000,635400.000000,566400.000000,572100.000000,2279
1337,2023-02-15,591300.000000,603600.000000,565200.000000,565500.000000,1459
1337,2023-02-16,595500.000000,610800.000000,578700.000000,606900.000000,1766
1337,2023-02-17,618900.000000,654000.000000,613500.000000,636300.000000,1714
1337,2023-02-21,666600.000000,703200.000000,645000.000000,699000.000000,1318
1337,2023-02-22,693600.000000,722700.000000,678000.000000,709500.000000,1368
1337,2023-02-23,639600.000000,683400.000000,630000.000000,639300.000000,1793
1337,2023-02-24,675900.000000,689700.000000,665400.000000,672900.000000,1349
1337,2023-02-27,644100.000000,665400.000000,641400.000000,662700.000000,910
1337,2023-02-28,669600.000000,674400.000000,630600.000000,658200.000000,1168
1337,2023-03-01,652500.000000,666600.000000,633900.000000,656400.000000,1242
1337,2023-03-02,687600.000000,703800.000000,632700.000000,642000.000000,1343
1337,2023-03-03,641400.000000,658800.000000,611400.000000,614100.000000,1118
1337,2023-03-06,609000.000000,639900.000000,592500.000000,634500.000000,1084
1337,2023-03-07,634200.000000,663600.000000,624600.000000,655500.000000,1346
1337,2023-03-08,647100.000000,647700.000000,601200.000000,603600.000000,1509
1337,2023-03-09,607200.000000,643200.000000,577200.000000,639600.000000,1852
1337,2023-03-10,630600.000000,686400.000000,624600.000000,675600.000000,2456
1337,2023-03-13,697200.000000,719400.000000,651900.000000,677400.000000,2064
1337,2023-03-14,642000.000000,652500.000000,605100.000000,615600.000000,1670
1337,2023-03-15,644700.000000,678600.000000,635100.000000,639000.000000,1654
1337,2023-03-16,648900.000000,657600.000000,561000.000000,565500.000000,1885
1337,2023-03-17,563100.000000,585300.000000,549000.000000,574200.000000,1496
1337,2023-03-20,573600.000000,587400.000000,551700.000000,555900.000000,1149
1337,2023-03-21,538200.000000,574200.000000,520800.000000,549600.000000,1333
1337,2023-03-22,549000.000000,564900.000000,505200.000000,564300.000000,1863
1337,2023-03-23,537000.000000,550500.000000,496500.000000,519000.000000,2452
1337,2023-03-24,531900.000000,563100.000000,528300.000000,546000.000000,1568
1337,2023-03-27,541500.000000,572700.000000,536100.000000,567000.000000,1127
1337,2023-03-28,571500.000000,606000.000000,570600.000000,579600.000000,1247
1337,2023-03-29,553200.000000,554700.000000,511500.000000,523500.000000,1790
1337,2023-03-30,505200.000000,510000.000000,489600.000000,499500.000000,1691
1337,2023-03-31,510000.000000,513600.000000,488100.000000,488400.000000,1410
1337,2023-04-03,499200.000000,520800.000000,493200.000000,502500.000000,1372
1337,2023-04-04,501000.000000,539400.000000,499800.000000,531000.000000,1439
1337,2023-04-05,549000.000000,576600.000000,546900.000000,560100.000000,1504
1337,2023-04-06,576900.000000,589200.000000,556500.000000,568200.000000,1246
1337,2023-04-10,584700.000000,587700.000000,537900.000000,539700.000000,1124
1337,2023-04-11,529800.000000,551100.000000,528900.000000,548700.000000,854
1337,2023-04-12,532500.000000,579600.000000,530100.000000,577500.000000,1535
1337,2023-04-13,575400.000000,588600.000000,554100.000000,564600.000000,1004
1337,2023-04-14,566400.000000,585900.000000,546300.000000,567000.000000,1054
1337,2023-04-17,586500.000000,591300.000000,566700.000000,567900.000000,797
1337,2023-04-18,552600.000000,574500.000000,540000.000000,559500.000000,834
1337,2023-04-19,581700.000000,590100.000000,575100.000000,579000.000000,776
1337,2023-04-20,597900.000000,599100.000000,555300.000000,580500.000000,1257
1337,2023-04-21,587400.000000,610200.000000,587100.000000,594000.000000,1090
1337,2023-04-24,598500.000000,615300.000000,588000.000000,603000.000000,706
1337,2023-04-25,614100.000000,665100.000000,613800.000000,664500.000000,1133
1337,2023-04-26,642600.000000,664200.000000,633600.000000,652800.000000,1078
1337,2023-04-27,660000.000000,696600.000000,643800.000000,645900.000000,1148
1337,2023-04-28,639300.000000,646500.000000,612000.000000,612600.000000,852
1337,2023-05-01,604200.000000,610200.000000,590100.000000,595500.000000,763
1337,2023-05-02,595500.000000,626100.000000,585600.000000,609000.000000,1016
1337,2023-05-03,618000.000000,631200.000000,596700.000000,629700.000000,1145
1337,2023-05-04,645900.000000,658500.000000,622500.000000,641100.000000,951
1337,2023-05-05,639900.000000,649500.000000,590700.000000,599400.000000,921
1337,2023-05-08,600900.000000,616200.000000,590400.000000,591600.000000,647
1337,2023-05-09,616800.000000,629400.000000,614400.000000,622200.000000,677
1337,2023-05-10,601500.000000,622500.000000,590100.000000,603600.000000,1010
1337,2023-05-11,603000.000000,633000.000000,600000.000000,615300.000000,787
1337,2023-05-12,610500.000000,636300.000000,602100.000000,616200.000000,701
1337,2023-05-15,614100.000000,619500.000000,567900.000000,568500.000000,1025
1337,2023-05-16,574800.000000,575100.000000,552000.000000,571200.000000,963
1337,2023-05-17,555600.000000,568500.000000,522600.000000,529800.000000,1468
1337,2023-05-18,523200.000000,524400.000000,476400.000000,479400.000000,2037
1337,2023-05-19,483000.000000,496500.000000,481200.000000,487500.000000,1219
1337,2023-05-22,501000.000000,502200.000000,478500.000000,482700.000000,1042
1337,2023-05-23,492600.000000,504000.000000,483300.000000,500700.000000,1061
1337,2023-05-24,531000.000000,543300.000000,520800.000000,527100.000000,1730
1337,2023-05-25,456900.000000,474300.000000,417000.000000,423000.000000,3300
1337,2023-05-26,405000.000000,405300.000000,333900.000000,340500.000000,3603
1337,2023-05-30,316800.000000,345900.000000,313200.000000,341400.000000,3079
1337,2023-05-31,359100.000000,368400.000000,344700.000000,367500.000000,3256
1337,2023-06-01,361800.000000,372900.000000,339600.000000,349800.000000,2477
1337,2023-06-02,341100.000000,360000.000000,338400.000000,351600.000000,1962
1337,2023-06-05,357000.000000,374100.000000,357000.000000,369000.000000,1396
1337,2023-06-06,376800.000000,378600.000000,349800.000000,355800.000000,1758
1337,2023-06-07,349200.000000,359700.000000,333300.000000,357000.000000,2482
1337,2023-06-08,355200.000000,360300.000000,343800.000000,346800.000000,1613
1337,2023-06-09,335100.000000,350100.000000,328200.000000,344400.000000,1844
1337,2023-06-12,332400.000000,333900.000000,309900.000000,311400.000000,2090
1337,2023-06-13,296400.000000,309600.000000,292500.000000,298500.000000,2564
1337,2023-06-14,302100.000000,307800.000000,285600.000000,286500.000000,2937
1337,2023-06-15,296100.000000,299700.000000,287100.000000,294000.000000,2335
1337,2023-06-16,284700.000000,303300.000000,284400.000000,303000.000000,1855
1337,2023-06-20,306900.000000,317700.000000,298500.000000,309300.000000,1685
1337,2023-06-21,311700.000000,329700.000000,307200.000000,328500.000000,2327
1337,2023-06-22,336600.000000,337200.000000,320100.000000,323100.000000,1668
1337,2023-06-23,340200.000000,346500.000000,336000.000000,341700.000000,1664
1337,2023-06-26,335100.000000,338700.000000,318900.000000,338100.000000,1724
1337,2023-06-27,335100.000000,339600.000000,301500.000000,303300.000000,2027
1337,2023-06-28,318300.000000,319200.000000,302400.000000,311700.000000,1920
1337,2023-06-29,306600.000000,318600.000000,306000.000000,309300.000000,1869
1337,2023-06-30,301200.000000,304200.000000,292500.000000,296100.000000,1518
1337,2023-07-03,292200.000000,298800.000000,286200.000000,288600.000000,747
1337,2023-07-05,295200.000000,308100.000000,292800.000000,307800.000000,1444
1337,2023-07-06,324300.000000,331800.000000,318300.000000,319200.000000,1988
1337,2023-07-07,317700.000000,321300.000000,304500.000000,319200.000000,1520
1337,2023-07-10,317100.000000,318000.000000,298800.000000,299700.000000,1769
1337,2023-07-11,296400.000000,313500.000000,295500.000000,299400.000000,1602
1337,2023-07-12,287100.000000,292500.000000,281700.000000,283500.000000,2074
1337,2023-07-13,275100.000000,278100.000000,264300.000000,266100.000000,1972
1337,2023-07-14,266100.000000,279600.000000,258900.000000,275700.000000,2274
1337,2023-07-17,276000.000000,281400.000000,252300.000000,256500.000000,2247
1337,2023-07-18,260400.000000,266100.000000,252600.000000,255300.000000,1764
1337,2023-07-19,254100.000000,266700.000000,254100.000000,264300.000000,1846
1337,2023-07-20,279000.000000,297600.000000,276300.000000,293700.000000,3083
1337,2023-07-21,284700.000000,291300.000000,277800.000000,285600.000000,2252
1337,2023-07-24,285900.000000,290700.000000,279900.000000,285900.000000,1481
1337,2023-07-25,281700.000000,281700.000000,266700.000000,271500.000000,1754
1337,2023-07-26,281700.000000,291900.000000,276300.000000,283500.000000,2135
1337,2023-07-27,261900.000000,272400.000000,249600.000000,267000.000000,3999
1337,2023-07-28,252000.000000,260400.000000,247500.000000,250500.000000,2446
1337,2023-07-31,248100.000000,252300.000000,245100.000000,247500.000000,1898
1337,2023-08-01,253200.000000,256500.000000,245400.000000,246600.000000,2026
1337,2023-08-02,256500.000000,279600.000000,256200.000000,275100.000000,3424
1337,2023-08-03,286500.000000,288600.000000,271500.000000,277500.000000,2761
1337,2023-08-04,280800.000000,288900.000000,267900.000000,279600.000000,2581
1337,2023-08-07,273300.000000,278700.000000,269700.000000,270300.000000,1690
1337,2023-08-08,283500.000000,294600.000000,282600.000000,284100.000000,1903
1337,2023-08-09,284700.000000,301200.000000,284100.000000,299400.000000,2032
1337,2023-08-10,292500.000000,309900.000000,282600.000000,303900.000000,2518
1337,2023-08-11,315300.000000,327600.000000,314400.000000,325200.000000,2452
1337,2023-08-14,330300.000000,333300.000000,297900.000000,297900.000000,2241
1337,2023-08-15,301800.000000,314100.000000,299400.000000,313200.000000,2218
1337,2023-08-16,314400.000000,332100.000000,313200.000000,331500.000000,2281
1337,2023-08-17,329700.000000,344400.000000,327600.000000,341400.000000,2015
1337,2023-08-18,352800.000000,355200.000000,332400.000000,336000.000000,1921
1337,2023-08-21,330900.000000,333300.000000,305700.000000,307800.000000,1753
1337,2023-08-22,296400.000000,319200.000000,294900.000000,315600.000000,1964
1337,2023-08-23,321600.000000,322500.000000,292800.000000,297000.000000,2101
1337,2023-08-24,280500.000000,328200.000000,279900.000000,326700.000000,3238
1337,2023-08-25,327000.000000,342000.000000,313800.000000,321600.000000,3391
1337,2023-08-28,312600.000000,320100.000000,307200.000000,309900.000000,1559
1337,2023-08-29,314700.000000,316500.000000,282600.000000,285900.000000,2391
1337,2023-08-30,288000.000000,294600.000000,278100.000000,282000.000000,2143
1337,2023-08-31,285000.000000,285600.000000,271500.000000,276300.000000,2006
1337,2023-09-01,270900.000000,280800.000000,269100.000000,274200.000000,2052
1337,2023-09-05,278100.000000,282300.000000,268500.000000,274800.000000,1913
1337,2023-09-06,276900.000000,290700.000000,271800.000000,281100.000000,2110
1337,2023-09-07,300900.000000,311400.000000,298200.000000,300600.000000,2580
1337,2023-09-08,302700.000000,309600.000000,296400.000000,305700.000000,1736
1337,2023-09-11,295200.000000,318900.000000,294300.000000,306300.000000,1696
1337,2023-09-12,313200.000000,315300.000000,298800.000000,313800.000000,1710
1337,2023-09-13,315000.000000,316200.000000,300000.000000,308700.000000,1992
1337,2023-09-14,300300.000000,312300.000000,299400.000000,303000.000000,1932
1337,2023-09-15,309300.000000,334500.000000,309000.000000,329700.000000,2632
1337,2023-09-18,338100.000000,339900.000000,322800.000000,326700.000000,1790
1337,2023-09-19,324600.000000,335700.000000,323700.000000,330000.000000,1801
1337,2023-09-20,325800.000000,347100.000000,321900.000000,347100.000000,1626
1337,2023-09-21,360000.000000,366900.000000,352800.000000,366000.000000,2255
1337,2023-09-22,356400.000000,362100.000000,346500.000000,357000.000000,1645
1337,2023-09-25,362400.000000,367800.000000,348600.000000,350100.000000,1821
1337,2023-09-26,359400.000000,373800.000000,355800.000000,368400.000000,1889
1337,2023-09-27,359700.000000,376200.000000,351000.000000,359100.000000,2088
1337,2023-09-28,362400.000000,366600.000000,328200.000000,339600.000000,3068
1337,2023-09-29,325800.000000,339900.000000,321600.000000,336000.000000,2703
1337,2023-10-02,334500.000000,344100.000000,323400.000000,331500.000000,2254
1337,2023-10-03,341100.000000,359400.000000,327000.000000,352500.000000,2528
1337,2023-10-04,347400.000000,355500.000000,334800.000000,338100.000000,2136
1337,2023-10-05,339000.000000,353100.000000,334200.000000,342900.000000,1870
1337,2023-10-06,349500.000000,356400.000000,316800.000000,321900.000000,2860
1337,2023-10-09,332400.000000,339600.000000,321600.000000,324600.000000,1800
1337,2023-10-10,321600.000000,325800.000000,303300.000000,312300.000000,2067
1337,2023-10-11,309000.000000,316500.000000,303300.000000,305400.000000,1766
1337,2023-10-12,303900.000000,312300.000000,290100.000000,303300.000000,2730
1337,2023-10-13,301800.000000,330300.000000,300600.000000,328200.000000,2664
1337,2023-10-16,326100.000000,326700.000000,310800.000000,314100.000000,1849
1337,2023-10-17,333000.000000,344400.000000,315000.000000,321900.000000,2703
1337,2023-10-18,337800.000000,344400.000000,330600.000000,339000.000000,2177
1337,2023-10-19,330000.000000,359100.000000,327300.000000,355200.000000,3225
1337,2023-10-20,355200.000000,372900.000000,348000.000000,371100.000000,2153
1337,2023-10-23,377700.000000,389700.000000,357600.000000,376800.000000,2329
1337,2023-10-24,371100.000000,376500.000000,360300.000000,361500.000000,1926
1337,2023-10-25,377400.000000,411900.000000,373200.000000,405900.000000,2387
1337,2023-10-26,402000.000000,419700.000000,387000.000000,413400.000000,2598
1337,2023-10-27,396900.000000,407100.000000,389400.000000,401100.000000,1965
1337,2023-10-30,409800.000000,431100.000000,402300.000000,417600.000000,2157
1337,2023-10-31,417300.000000,432600.000000,403200.000000,406800.000000,1840
1337,2023-11-01,405900.000000,406200.000000,376200.000000,377700.000000,2115
1337,2023-11-02,357000.000000,368400.000000,344100.000000,351900.000000,2070
1337,2023-11-03,341100.000000,343500.000000,317100.000000,324600.000000,2694
1337,2023-11-06,323700.000000,336600.000000,320400.000000,326400.000000,1821
1337,2023-11-07,329100.000000,330900.000000,316200.000000,321000.000000,2047
1337,2023-11-08,319800.000000,326700.000000,315000.000000,319800.000000,1665
1337,2023-11-09,313800.000000,326700.000000,302700.000000,324900.000000,2481
1337,2023-11-10,312900.000000,317100.000000,282600.000000,285900.000000,2949
1337,2023-11-13,292500.000000,299700.000000,291300.000000,293700.000000,1762
1337,2023-11-14,271800.000000,273600.000000,258900.000000,262200.000000,2974
1337,2023-11-15,257100.000000,262200.000000,250200.000000,256500.000000,2714
1337,2023-11-16,259800.000000,262200.000000,253500.000000,255900.000000,2507
1337,2023-11-17,258600.000000,259800.000000,249300.000000,251100.000000,1784
1337,2023-11-20,251700.000000,252000.000000,237000.000000,239400.000000,2049
1337,2023-11-21,245700.000000,257100.000000,245700.000000,252900.000000,2529
1337,2023-11-22,249000.000000,253500.000000,238800.000000,251100.000000,2486
1337,2023-11-24,252000.000000,254400.000000,249900.000000,250800.000000,925
1337,2023-11-27,254100.000000,255900.000000,245700.000000,252300.000000,1630
1337,2023-11-28,257400.000000,263100.000000,252900.000000,256800.000000,2061
1337,2023-11-29,246300.000000,249900.000000,236700.000000,248700.000000,2520
1337,2023-11-30,246900.000000,260100.000000,246600.000000,253500.000000,2793
1337,2023-12-01,258600.000000,264600.000000,249000.000000,250200.000000,2677
1337,2023-12-04,258600.000000,270000.000000,257400.000000,258900.000000,2161
1337,2023-12-05,266700.000000,270300.000000,261600.000000,263700.000000,1948
1337,2023-12-06,252600.000000,269700.000000,252000.000000,269100.000000,1880
1337,2023-12-07,262200.000000,264900.000000,244800.000000,247800.000000,2575
1337,2023-12-08,249900.000000,250200.000000,238500.000000,242100.000000,2595
1337,2023-12-11,235200.000000,236100.000000,214800.000000,217500.000000,3367
1337,2023-12-12,220800.000000,222000.000000,212400.000000,213000.000000,2267
1337,2023-12-13,212700.000000,215100.000000,198900.000000,202500.000000,2975
1337,2023-12-14,198000.000000,198300.000000,184200.000000,186600.000000,4070
1337,2023-12-15,185100.000000,185700.000000,177900.000000,184500.000000,3556
1337,2023-12-18,184200.000000,191100.000000,183300.000000,185700.000000,2211
1337,2023-12-19,185700.000000,186000.000000,181800.000000,183300.000000,1754
1337,2023-12-20,186300.000000,199200.000000,183900.000000,198900.000000,3057
1337,2023-12-21,184800.000000,187500.000000,180000.000000,181200.000000,3120
1337,2023-12-22,179100.000000,183600.000000,176100.000000,179400.000000,2164
1337,2023-12-26,177000.000000,177300.000000,167700.000000,170100.000000,2090
1337,2023-12-27,168000.000000,171600.000000,166800.000000,169500.000000,1850
1337,2023-12-28,168000.000000,170700.000000,166800.000000,169800.000000,1258
1337,2023-12-29,170100.000000,177000.000000,169200.000000,174600.000000,2324
1337,2024-01-02,182400.000000,197400.000000,182400.000000,192900.000000,3820
1337,2024-01-03,203100.000000,207900.000000,199800.000000,205500.000000,3592
1337,2024-01-04,215700.000000,216900.000000,204600.000000,210900.000000,3611
1337,2024-01-05,210000.000000,212100.000000,201900.000000,207600.000000,3175
1337,2024-01-08,203400.000000,204000.000000,185700.000000,187500.000000,2907
1337,2024-01-09,193800.000000,194700.000000,183000.000000,187500.000000,2543
1337,2024-01-10,186600.000000,196500.000000,186000.000000,189000.000000,2310
1337,2024-01-11,189300.000000,198900.000000,183900.000000,187200.000000,3927
1337,2024-01-12,187200.000000,193200.000000,184200.000000,190200.000000,2200
1337,2024-01-16,189900.000000,192900.000000,178200.000000,182400.000000,3885
1337,2024-01-17,187800.000000,196500.000000,186600.000000,187200.000000,4221
1337,2024-01-18,172800.000000,178500.000000,168300.000000,169200.000000,5386
1337,2024-01-19,162600.000000,165600.000000,148800.000000,149400.000000,4552
1337,2024-01-22,146100.000000,152100.000000,141900.000000,147900.000000,3725
1337,2024-01-23,147900.000000,152100.000000,144300.000000,145200.000000,2667
1337,2024-01-24,140100.000000,143700.000000,132600.000000,138900.000000,5808
1337,2024-01-25,131100.000000,142500.000000,131100.000000,140100.000000,5046
1337,2024-01-26,148200.000000,153000.000000,146100.000000,151800.000000,4423
1337,2024-01-29,150900.000000,154200.000000,146700.000000,147300.000000,2832
1337,2024-01-30,149400.000000,155700.000000,146700.000000,153600.000000,3272
1337,2024-01-31,161100.000000,164700.000000,152100.000000,160500.000000,5710
1337,2024-02-01,159300.000000,164700.000000,157200.000000,158700.000000,3507
1337,2024-02-02,158700.000000,159900.000000,151200.000000,152700.000000,4789
1337,2024-02-05,148500.000000,153600.000000,144000.000000,146100.000000,4498
1337,2024-02-06,144900.000000,156300.000000,144900.000000,151200.000000,4039
1337,2024-02-07,148800.000000,153000.000000,144000.000000,144600.000000,3783
1337,2024-02-08,143100.000000,143700.000000,134100.000000,137400.000000,3899
1337,2024-02-09,134700.000000,137400.000000,128400.000000,129300.000000,3325
1337,2024-02-12,129000.000000,131700.000000,122700.000000,130200.000000,4583
1337,2024-02-13,141600.000000,143400.000000,133800.000000,137700.000000,6645
1337,2024-02-14,132600.000000,134700.000000,128400.000000,129000.000000,4138
1337,2024-02-15,126900.000000,131100.000000,125700.000000,129000.000000,3303
1337,2024-02-16,126600.000000,132900.000000,123600.000000,131700.000000,4261
1337,2024-02-20,135300.000000,144300.000000,134100.000000,138300.000000,4532
1337,2024-02-21,143100.000000,145500.000000,139200.000000,139200.000000,4516
1337,2024-02-22,123000.000000,125100.000000,117000.000000,118800.000000,6156
1337,2024-02-23,117300.000000,124800.000000,115800.000000,122700.000000,4553
1337,2024-02-26,119400.000000,121800.000000,117600.000000,119400.000000,3272
1337,2024-02-27,117600.000000,120600.000000,116700.000000,119700.000000,2960
1337,2024-02-28,123900.000000,125400.000000,121800.000000,123600.000000,3164
1337,2024-02-29,119100.000000,120600.000000,113100.000000,114000.000000,4763
1337,2024-03-01,110100.000000,110400.000000,97800.000000,99600.000000,6473
1337,2024-03-04,96300.000000,98400.000000,93300.000000,96600.000000,5312
1337,2024-03-05,99900.000000,105300.000000,98100.000000,102000.000000,6795
1337,2024-03-06,95700.000000,98400.000000,91500.000000,95100.000000,7255
1337,2024-03-07,91500.000000,91500.000000,84000.000000,85200.000000,7568
1337,2024-03-08,84600.000000,95700.000000,82800.000000,95400.000000,12467
1337,2024-03-11,98700.000000,102600.000000,97200.000000,99300.000000,8790
1337,2024-03-12,95700.000000,100800.000000,93000.000000,93000.000000,7598
1337,2024-03-13,96300.000000,101700.000000,96000.000000,99900.000000,5804
1337,2024-03-14,101400.000000,108300.000000,99300.000000,105300.000000,7763
1337,2024-03-15,109500.000000,110400.000000,103800.000000,107700.000000,6298
1337,2024-03-18,102300.000000,108300.000000,100800.000000,107700.000000,5251
1337,2024-03-19,111300.000000,115800.000000,108000.000000,109500.000000,6237
1337,2024-03-20,108600.000000,111600.000000,102900.000000,103800.000000,4563
1337,2024-03-21,93900.000000,97800.000000,91500.000000,97200.000000,5163
1337,2024-03-22,98700.000000,99600.000000,94800.000000,96600.000000,3775
1337,2024-03-25,101100.000000,101700.000000,95400.000000,97800.000000,4028
1337,2024-03-26,96000.000000,100200.000000,94800.000000,100200.000000,3756
1337,2024-03-27,97500.000000,102600.000000,96600.000000,96600.000000,4131
1337,2024-03-28,97200.000000,97800.000000,95100.000000,96300.000000,2534
1337,2024-04-01,96300.000000,96600.000000,89400.000000,93300.000000,3694
1337,2024-04-02,97800.000000,100800.000000,97200.000000,97500.000000,3952
1337,2024-04-03,101400.000000,101400.000000,94800.000000,96900.000000,4283
1337,2024-04-04,93000.000000,106200.000000,92400.000000,105600.000000,4894
1337,2024-04-05,104100.000000,106200.000000,99600.000000,101700.000000,5279
1337,2024-04-08,99900.000000,102300.000000,98400.000000,101100.000000,2874
1337,2024-04-09,97800.000000,103200.000000,96900.000000,98100.000000,3618
1337,2024-04-10,102900.000000,105000.000000,99300.000000,102900.000000,5816
1337,2024-04-11,101400.000000,104100.000000,95700.000000,96300.000000,3737
1337,2024-04-12,101700.000000,106500.000000,101100.000000,105600.000000,3900
1337,2024-04-15,101460.000000,111570.000000,100440.000000,109860.000000,5084
1337,2024-04-16,109710.000000,111330.000000,105930.000000,107580.000000,5155
1337,2024-04-17,107640.000000,118170.000000,106830.000000,117450.000000,9209
1337,2024-04-18,120090.000000,124980.000000,117690.000000,123810.000000,8494
1337,2024-04-19,127110.000000,140520.000000,124890.000000,138390.000000,10932
1337,2024-04-22,134460.000000,139680.000000,128970.000000,131910.000000,6536
1337,2024-04-23,129300.000000,130380.000000,121860.000000,123540.000000,6572
1337,2024-04-24,114000.000000,122340.000000,111900.000000,118830.000000,9169
1337,2024-04-25,120150.000000,122070.000000,110190.000000,112320.000000,9494
1337,2024-04-26,112950.000000,113940.000000,104070.000000,105300.000000,7539
1337,2024-04-29,106110.000000,108480.000000,102870.000000,103170.000000,5448
1337,2024-04-30,104700.000000,109800.000000,101220.000000,109710.000000,6859
1337,2024-05-01,115800.000000,122700.000000,109950.000000,120690.000000,12129
1337,2024-05-02,115050.000000,121500.000000,111600.000000,112800.000000,7318
1337,2024-05-03,106230.000000,108030.000000,103500.000000,105360.000000,7219
1337,2024-05-06,102810.000000,104010.000000,98910.000000,99030.000000,6228
1337,2024-05-07,98580.000000,101520.000000,97650.000000,101370.000000,6560
1337,2024-05-08,104430.000000,104850.000000,101010.000000,101190.000000,6274
1337,2024-05-09,101400.000000,104070.000000,100800.000000,102390.000000,5487
1337,2024-05-10,99510.000000,101010.000000,96600.000000,99480.000000,5759
1337,2024-05-13,98310.000000,99600.000000,97200.000000,99000.000000,3991
1337,2024-05-14,99420.000000,99600.000000,93930.000000,94110.000000,6467
1337,2024-05-15,91320.000000,92820.000000,86100.000000,86250.000000,7439
1337,2024-05-16,86400.000000,87750.000000,84420.000000,87630.000000,5696
1337,2024-05-17,86160.000000,91320.000000,85590.000000,89070.000000,6554
1337,2024-05-20,88320.000000,88560.000000,81720.000000,83430.000000,7623
1337,2024-05-21,86640.000000,86850.000000,83790.000000,84000.000000,5412
1337,2024-05-22,81900.000000,83970.000000,80640.000000,81180.000000,8761
1337,2024-05-23,75600.000000,84720.000000,75540.000000,82680.000000,15158
1337,2024-05-24,80670.000000,81750.000000,77190.000000,78000.000000,10367
1337,2024-05-28,75330.000000,77790.000000,73020.000000,73980.000000,12967
1337,2024-05-29,78270.000000,78960.000000,77220.000000,78870.000000,9764
1337,2024-05-30,78750.000000,81600.000000,77940.000000,80280.000000,8819
1337,2024-05-31,79740.000000,89190.000000,78900.000000,82620.000000,14440
1337,2024-06-03,78600.000000,86610.000000,78390.000000,82080.000000,10011
1337,2024-06-04,82680.000000,86040.000000,82260.000000,84090.000000,9333
1337,2024-06-05,79740.000000,80550.000000,72960.000000,73140.000000,14266
1337,2024-06-06,73170.000000,76590.000000,73110.000000,74850.000000,11051
1337,2024-06-07,75300.000000,77310.000000,74280.000000,75600.000000,11969
1337,2024-06-10,77790.000000,77910.000000,71880.000000,72390.000000,11178
1337,2024-06-11,73470.000000,75780.000000,72030.000000,72270.000000,10148
1337,2024-06-12,68430.000000,68940.000000,65460.000000,66300.000000,18715
1337,2024-06-13,64800.000000,66870.000000,63270.000000,63930.000000,13763
1337,2024-06-14,66000.000000,66690.000000,64380.000000,64860.000000,11026
1337,2024-06-17,63720.000000,66090.000000,61530.000000,61860.000000,12192
1337,2024-06-18,61350.000000,61650.000000,58620.000000,59520.000000,14434
1337,2024-06-20,59310.000000,65460.000000,59040.000000,64410.000000,24411
1337,2024-06-21,66030.000000,68640.000000,64200.000000,66390.000000,19306
1337,2024-06-24,68310.000000,72240.000000,67110.000000,72060.000000,16544
1337,2024-06-25,69720.000000,72180.000000,67890.000000,67890.000000,12895
1337,2024-06-26,68340.000000,71160.000000,67020.000000,68820.000000,12011
1337,2024-06-27,69570.000000,71250.000000,67770.000000,69900.000000,10469
1337,2024-06-28,68730.000000,69690.000000,63840.000000,68040.000000,15485
1337,2024-07-01,68100.000000,71910.000000,67830.000000,68130.000000,13754
1337,2024-07-02,69300.000000,69420.000000,65070.000000,65070.000000,10968
1337,2024-07-03,64770.000000,65820.000000,60960.000000,61920.000000,9576
1337,2024-07-05,60690.000000,62820.000000,60210.000000,61620.000000,10431
1337,2024-07-08,60360.000000,60420.000000,58080.000000,58200.000000,13296
1337,2024-07-09,57570.000000,59970.000000,56610.000000,58290.000000,12852
1337,2024-07-10,56790.000000,57660.000000,54000.000000,54180.000000,16778
1337,2024-07-11,53280.000000,60210.000000,53190.000000,59670.000000,24427
1337,2024-07-12,58740.000000,59940.000000,54450.000000,57420.000000,21493
1337,2024-07-15,56820.000000,58500.000000,55140.000000,57480.000000,16365
1337,2024-07-16,56610.000000,59220.000000,56160.000000,56370.000000,15349
1337,2024-07-17,62280.000000,68670.000000,61710.000000,68250.000000,29061
1337,2024-07-18,64650.000000,71490.000000,64650.000000,67860.000000,31046
1337,2024-07-19,68160.000000,74550.000000,67530.000000,74100.000000,19461
1337,2024-07-22,69390.000000,71370.000000,64800.000000,64800.000000,19375
1337,2024-07-23,67950.000000,68520.000000,65910.000000,67830.000000,11690
1337,2024-07-24,70740.000000,79080.000000,70230.000000,78570.000000,20368
1337,2024-07-25,80970.000000,88140.000000,76350.000000,83880.000000,30529
1337,2024-07-26,78570.000000,81690.000000,76800.000000,78840.000000,17544
1337,2024-07-29,76530.000000,80340.000000,73260.000000,79410.000000,15285
1337,2024-07-30,78240.000000,88920.000000,77640.000000,88020.000000,20861
1337,2024-07-31,76020.000000,78060.000000,70140.000000,70230.000000,21397
1337,2024-08-01,74760.000000,88260.000000,72330.000000,85380.000000,25904
1337,2024-08-02,96720.000000,102600.000000,93990.000000,99720.000000,35639
1337,2024-08-05,120000.000000,120000.000000,96810.000000,104370.000000,31454
1337,2024-08-06,101550.000000,107190.000000,93570.000000,101790.000000,19628
1337,2024-08-07,92250.000000,111270.000000,90000.000000,110640.000000,20737
1337,2024-08-08,100440.000000,107490.000000,87390.000000,87750.000000,24552
1337,2024-08-09,90090.000000,93240.000000,87090.000000,89280.000000,18752
1337,2024-08-12,89070.000000,91410.000000,84690.000000,87780.000000,14239
1337,2024-08-13,84720.000000,85920.000000,76830.000000,77190.000000,15989
1337,2024-08-14,75450.000000,81660.000000,74310.000000,77910.000000,17566
1337,2024-08-15,72660.000000,73710.000000,65760.000000,66570.000000,21472
1337,2024-08-16,68760.000000,69930.000000,66360.000000,67230.000000,17065
1337,2024-08-19,68010.000000,70380.000000,63810.000000,63840.000000,16152
1337,2024-08-20,65070.000000,67860.000000,63540.000000,66330.000000,20456
1337,2024-08-21,65220.000000,65910.000000,62580.000000,63600.000000,19604
1337,2024-08-22,62460.000000,70680.000000,61890.000000,69990.000000,26296
1337,2024-08-23,66990.000000,68010.000000,63120.000000,64560.000000,27275
1337,2024-08-26,65670.000000,70200.000000,64770.000000,69450.000000,20818
1337,2024-08-27,71100.000000,72960.000000,66510.000000,67170.000000,18133
1337,2024-08-28,67950.000000,72990.000000,66690.000000,70800.000000,23702
1337,2024-08-29,69750.000000,72570.000000,66150.000000,71490.000000,24225
1337,2024-08-30,66630.000000,69780.000000,65550.000000,66210.000000,20468
1337,2024-09-03,69750.000000,82350.000000,69720.000000,81210.000000,32244
1337,2024-09-04,83700.000000,84690.000000,76710.000000,80430.000000,23245
1337,2024-09-05,83850.000000,84330.000000,78060.000000,81870.000000,21744
1337,2024-09-06,83550.000000,93780.000000,83550.000000,92490.000000,27770
1337,2024-09-09,88110.000000,91680.000000,86070.000000,86910.000000,18411
1337,2024-09-10,86790.000000,90900.000000,84060.000000,84210.000000,16639
1337,2024-09-11,82590.000000,87990.000000,72090.000000,72480.000000,27007
1337,2024-09-12,73770.000000,76860.000000,71580.000000,73620.000000,19314
1337,2024-09-13,72000.000000,72360.000000,69210.000000,69870.000000,18113
1337,2024-09-16,72810.000000,75300.000000,71550.000000,72510.000000,16705
1337,2024-09-17,69990.000000,74310.000000,69390.000000,72450.000000,18058
1337,2024-09-18,71700.000000,75030.000000,68400.000000,74760.000000,24787
1337,2024-09-19,66450.000000,68220.000000,62130.000000,65220.000000,30839
1337,2024-09-20,67290.000000,71040.000000,66600.000000,68100.000000,20959
1337,2024-09-23,67290.000000,68970.000000,66540.000000,67500.000000,11384
1337,2024-09-24,64920.000000,67350.000000,63120.000000,64350.000000,18166
1337,2024-09-25,65250.000000,65250.000000,61830.000000,63090.000000,17776
1337,2024-09-26,55350.000000,61440.000000,54750.000000,56400.000000,33591
1337,2024-09-27,55860.000000,59940.000000,55800.000000,59100.000000,22334
1337,2024-09-30,61350.000000,63270.000000,59550.000000,60750.000000,23492
1337,2024-10-01,60930.000000,67290.000000,60210.000000,65880.000000,36029
1337,2024-10-02,65340.000000,66720.000000,60990.000000,63030.000000,25260
1337,2024-10-03,64830.000000,64920.000000,60210.000000,62610.000000,20735
1337,2024-10-04,58800.000000,62340.000000,58590.000000,60060.000000,21871
1337,2024-10-07,61350.000000,61950.000000,59220.000000,60690.000000,18088
1337,2024-10-08,60660.000000,61800.000000,58200.000000,58770.000000,16071
1337,2024-10-09,59040.000000,60270.000000,56790.000000,56940.000000,17541
1337,2024-10-10,59250.000000,60360.000000,57330.000000,58200.000000,20477
1337,2024-10-11,59610.000000,59700.000000,56310.000000,56880.000000,15967
1337,2024-10-14,55830.000000,55920.000000,53400.000000,53760.000000,18349
1337,2024-10-15,54150.000000,63240.000000,53310.000000,62100.000000,31627
1337,2024-10-16,59820.000000,63000.000000,59790.000000,62100.000000,13948
1337,2024-10-17,57240.000000,60720.000000,56880.000000,60630.000000,17974
1337,2024-10-18,59040.000000,61410.000000,58980.000000,60660.000000,12152
1337,2024-10-21,61500.000000,63390.000000,60510.000000,60990.000000,13809
1337,2024-10-22,62070.000000,63240.000000,61140.000000,61680.000000,15072
1337,2024-10-23,62250.000000,66030.000000,61440.000000,63300.000000,21598
1337,2024-10-24,61620.000000,63840.000000,61500.000000,62340.000000,14420
1337,2024-10-25,60720.000000,60810.000000,57750.000000,60540.000000,21823
1337,2024-10-28,60660.000000,61590.000000,59280.000000,60450.000000,11589
1337,2024-10-29,60360.000000,61230.000000,55260.000000,56100.000000,18931
1337,2024-10-30,60420.000000,62100.000000,59430.000000,62040.000000,20123
1337,2024-10-31,63780.000000,70710.000000,63780.000000,69240.000000,22120
1337,2024-11-01,67890.000000,68430.000000,65040.000000,67290.000000,15601
1337,2024-11-04,67740.000000,69120.000000,65520.000000,68340.000000,12095
1337,2024-11-05,68400.000000,68640.000000,65820.000000,65970.000000,12930
1337,2024-11-06,62160.000000,63960.000000,59610.000000,60300.000000,15640
1337,2024-11-07,57510.000000,58020.000000,56370.000000,56490.000000,13046
1337,2024-11-08,57600.000000,58800.000000,56580.000000,57810.000000,12741
1337,2024-11-11,59430.000000,64380.000000,59430.000000,62250.000000,14659
1337,2024-11-12,63030.000000,66870.000000,62640.000000,64290.000000,14164
1337,2024-11-13,66030.000000,68820.000000,65280.000000,68520.000000,14405
1337,2024-11-14,66300.000000,69060.000000,65700.000000,68550.000000,10824
1337,2024-11-15,72330.000000,75990.000000,71130.000000,75390.000000,14574
1337,2024-11-18,75300.000000,76440.000000,72060.000000,72300.000000,9433
1337,2024-11-19,73530.000000,74040.000000,71610.000000,71910.000000,7889
1337,2024-11-20,73200.000000,76890.000000,72810.000000,73890.000000,11801
1337,2024-11-21,71310.000000,75750.000000,69090.000000,70290.000000,14530
1337,2024-11-22,70950.000000,71910.000000,69810.000000,70260.000000,7734
1337,2024-11-25,67650.000000,69720.000000,66330.000000,68190.000000,9338
1337,2024-11-26,66600.000000,72570.000000,66150.000000,70920.000000,8443
1337,2024-11-27,72150.000000,77490.000000,71970.000000,73800.000000,11247
1337,2024-11-29,72600.000000,72600.000000,68340.000000,70950.000000,8326
1337,2024-12-02,69720.000000,69960.000000,64110.000000,65520.000000,15064
1337,2024-12-03,66900.000000,67320.000000,65460.000000,66630.000000,8721
1337,2024-12-04,62670.000000,65520.000000,62550.000000,63960.000000,9245
1337,2024-12-05,64320.000000,68190.000000,64050.000000,67620.000000,8815
1337,2024-12-06,67500.000000,68250.000000,66000.000000,66420.000000,7595
1337,2024-12-09,67770.000000,68730.000000,64950.000000,67350.000000,9300
1337,2024-12-10,67050.000000,73620.000000,66780.000000,72240.000000,9945
1337,2024-12-11,69150.000000,70530.000000,65580.000000,66960.000000,11229
1337,2024-12-12,68550.000000,70080.000000,67620.000000,68520.000000,10115
1337,2024-12-13,63840.000000,66000.000000,61590.000000,62730.000000,14683
1337,2024-12-16,62250.000000,63660.000000,58440.000000,59310.000000,12939
1337,2024-12-17,61140.000000,62910.000000,60090.000000,61800.000000,13628
1337,2024-12-18,60600.000000,70170.000000,59220.000000,68940.000000,17972
1337,2024-12-19,68250.000000,72720.000000,67890.000000,72240.000000,17291
1337,2024-12-20,73380.000000,74130.000000,66390.000000,69330.000000,16144
1337,2024-12-23,66870.000000,66870.000000,62040.000000,62220.000000,13704
1337,2024-12-24,61080.000000,62310.000000,60360.000000,60420.000000,6232
1337,2024-12-26,61770.000000,62010.000000,59340.000000,60420.000000,7861
1337,2024-12-27,61590.000000,64350.000000,61170.000000,62010.000000,11607
1337,2024-12-30,65160.000000,67140.000000,64050.000000,65430.000000,11994
1337,2024-12-31,65190.000000,68250.000000,64410.000000,67410.000000,9509
1337,2025-01-02,65310.000000,68070.000000,63090.000000,66360.000000,13440
1337,2025-01-03,64950.000000,65310.000000,60660.000000,61230.000000,13316
1337,2025-01-06,57150.000000,57240.000000,53550.000000,55890.000000,20377
1337,2025-01-07,54000.000000,59100.000000,53790.000000,58080.000000,18520
1337,2025-01-08,58950.000000,61860.000000,58440.000000,59880.000000,16231
1337,2025-01-10,62250.000000,65490.000000,62190.000000,64350.000000,17250
1337,2025-01-13,68100.000000,68400.000000,64650.000000,64770.000000,12998
1337,2025-01-14,63240.000000,66300.000000,62130.000000,63870.000000,10721
1337,2025-01-15,60630.000000,61410.000000,58830.000000,59970.000000,13276
1337,2025-01-16,56940.000000,59790.000000,56400.000000,59790.000000,15588
1337,2025-01-17,55800.000000,56940.000000,54510.000000,54990.000000,17976
1337,2025-01-21,53460.000000,54930.000000,51510.000000,52950.000000,15486
1337,2025-01-22,51420.000000,51780.000000,49050.000000,50700.000000,17312
1337,2025-01-23,53100.000000,53730.000000,51000.000000,51000.000000,13837
1337,2025-01-24,51030.000000,54810.000000,51000.000000,54270.000000,13798
1337,2025-01-27,62520.000000,68970.000000,61950.000000,66660.000000,39012
1337,2025-01-28,66000.000000,70380.000000,64830.000000,66000.000000,18590
1337,2025-01-29,64170.000000,67380.000000,63630.000000,65340.000000,12380
1337,2025-01-30,62820.000000,64080.000000,60180.000000,61380.000000,14214
1337,2025-01-31,60360.000000,62490.000000,56760.000000,61830.000000,22410
1337,2025-02-03,66750.000000,68010.000000,63000.000000,65010.000000,18986
1337,2025-02-04,65730.000000,66120.000000,62460.000000,63300.000000,10764
1337,2025-02-05,63750.000000,65100.000000,59280.000000,59610.000000,10981
1337,2025-02-06,60990.000000,61950.000000,59670.000000,60000.000000,8686
1337,2025-02-07,59580.000000,64020.000000,58620.000000,62730.000000,17142
1337,2025-02-10,61290.000000,61530.000000,59940.000000,60390.000000,9782
1337,2025-02-11,61860.000000,61950.000000,59220.000000,60300.000000,10876
1337,2025-02-12,63000.000000,63540.000000,60030.000000,60090.000000,13019
1337,2025-02-13,60150.000000,60300.000000,57780.000000,57840.000000,12550
1337,2025-02-14,58110.000000,58770.000000,57300.000000,57870.000000,8291
1337,2025-02-18,56490.000000,57540.000000,54450.000000,54960.000000,11127
1337,2025-02-19,54570.000000,55380.000000,51480.000000,52320.000000,15544
1337,2025-02-20,51300.000000,53490.000000,50340.000000,51930.000000,13014
1337,2025-02-21,51450.000000,57330.000000,51450.000000,56670.000000,17458
1337,2025-02-24,55980.000000,60900.000000,55770.000000,60540.000000,19160
1337,2025-02-25,60930.000000,65100.000000,60300.000000,64440.000000,19296
1337,2025-02-26,61980.000000,63330.000000,59520.000000,61110.000000,13456
1337,2025-02-27,60240.000000,72180.000000,59940.000000,72060.000000,20989
1337,2025-02-28,71760.000000,74280.000000,66930.000000,68580.000000,18527
1337,2025-03-03,65550.000000,77760.000000,65550.000000,75780.000000,22081
1337,2025-03-04,76020.000000,80940.000000,68490.000000,74610.000000,22490
1337,2025-03-05,72540.000000,76530.000000,69180.000000,69840.000000,18639
1337,2025-03-06,77070.000000,79290.000000,72840.000000,78360.000000,18782
1337,2025-03-07,77700.000000,80580.000000,70920.000000,71700.000000,17286
1337,2025-03-10,77100.000000,84750.000000,75480.000000,81510.000000,17310
1337,2025-03-11,81420.000000,88380.000000,79290.000000,84570.000000,18293
1337,2025-03-12,78900.000000,81840.000000,75990.000000,79320.000000,12117
1337,2025-03-13,79350.000000,82980.000000,75660.000000,80430.000000,10521
1337,2025-03-14,76500.000000,76770.000000,72600.000000,73200.000000,11729
1337,2025-03-17,74160.000000,74250.000000,67710.000000,69660.000000,11072
1337,2025-03-18,71610.000000,73740.000000,70830.000000,71820.000000,9218
1337,2025-03-19,72570.000000,74130.000000,67200.000000,70650.000000,11390
1337,2025-03-20,73440.000000,73590.000000,70140.000000,72210.000000,10023
1337,2025-03-21,76410.000000,78120.000000,73980.000000,74730.000000,8728
1337,2025-03-24,69960.000000,70440.000000,66630.000000,68250.000000,11281
1337,2025-03-25,67920.000000,69390.000000,67230.000000,68640.000000,6311
1337,2025-03-26,69600.000000,76650.000000,68940.000000,74580.000000,12195
1337,2025-03-27,77310.000000,80400.000000,76200.000000,78840.000000,12512
1337,2025-03-28,80700.000000,87840.000000,79530.000000,86370.000000,11973
1337,2025-03-31,91710.000000,95400.000000,86820.000000,86970.000000,12827
1337,2025-04-01,88200.000000,93150.000000,86730.000000,86880.000000,12145
1337,2025-04-02,91080.000000,91890.000000,81840.000000,85080.000000,13364
1337,2025-04-03,98520.000000,111840.000000,96540.000000,110430.000000,16989
1337,2025-04-04,123840.000000,142200.000000,120120.000000,136560.000000,33647
1337,2025-04-07,150570.000000,160290.000000,102630.000000,127050.000000,44797
1337,2025-04-08,112200.000000,150510.000000,106500.000000,141060.000000,26965
1337,2025-04-09,137910.000000,141600.000000,57000.000000,62100.000000,56501
1337,2025-04-10,70710.000000,82920.000000,69510.000000,76350.000000,44542
1337,2025-04-11,78900.000000,82470.000000,70530.000000,71580.000000,33097
1337,2025-04-14,65550.000000,73590.000000,65370.000000,70290.000000,22958
1337,2025-04-15,69300.000000,70500.000000,66450.000000,69270.000000,15676
1337,2025-04-16,78870.000000,84210.000000,74850.000000,77430.000000,23949
1337,2025-04-17,75960.000000,81300.000000,75840.000000,78840.000000,17116
1337,2025-04-21,83400.000000,87840.000000,82590.000000,82980.000000,12657
1337,2025-04-22,80640.000000,81570.000000,76260.000000,78270.000000,14863
1337,2025-04-23,66480.000000,70440.000000,63900.000000,69300.000000,29848
1337,2025-04-24,63690.000000,65250.000000,57000.000000,57240.000000,36164
1337,2025-04-25,59220.000000,59700.000000,54630.000000,55740.000000,23991
1337,2025-04-28,56700.000000,59820.000000,54930.000000,56160.000000,21159
1337,2025-04-29,58230.000000,59100.000000,56100.000000,57960.000000,18728
1337,2025-04-30,62220.000000,63450.000000,56250.000000,56580.000000,28118
1337,2025-05-01,54840.000000,57090.000000,53520.000000,56850.000000,19122
1337,2025-05-02,52980.000000,53190.000000,49440.000000,51090.000000,31479
1337,2025-05-05,52590.000000,52800.000000,50760.000000,52140.000000,14822
1337,2025-05-06,54900.000000,55890.000000,52530.000000,53850.000000,23465
1337,2025-05-07,53970.000000,55500.000000,50550.000000,51090.000000,21550
1337,2025-05-08,48900.000000,50670.000000,47010.000000,49500.000000,28090
1337,2025-05-09,47640.000000,49290.000000,46710.000000,48000.000000,18910
1337,2025-05-12,38550.000000,39870.000000,36570.000000,37620.000000,52972
1337,2025-05-13,37200.000000,37350.000000,33900.000000,34470.000000,44938
1337,2025-05-14,33750.000000,34770.000000,33060.000000,34020.000000,34800
1337,2025-05-15,34950.000000,35820.000000,33870.000000,34650.000000,37120
1337,2025-05-16,34440.000000,36030.000000,34440.000000,34800.000000,25905
1337,2025-05-19,37140.000000,37290.000000,35190.000000,35460.000000,34225
1337,2025-05-20,36420.000000,36720.000000,35580.000000,35640.000000,24836
1337,2025-05-21,36570.000000,38280.000000,34440.000000,37620.000000,48788
1337,2025-05-22,37620.000000,38760.000000,36630.000000,38670.000000,35579
1337,2025-05-23,41790.000000,42030.000000,39900.000000,40470.000000,44017
1337,2025-05-27,37950.000000,38910.000000,35940.000000,36420.000000,36025
1337,2025-05-28,36210.000000,37320.000000,35910.000000,37020.000000,29252
1337,2025-05-29,34530.000000,37350.000000,34440.000000,36630.000000,40427
1337,2025-05-30,37290.000000,40890.000000,37290.000000,38880.000000,47911
1337,2025-06-02,39150.000000,39210.000000,36660.000000,37110.000000,33136
1337,2025-06-03,37110.000000,37830.000000,33870.000000,34050.000000,42269
1337,2025-06-04,33330.000000,34200.000000,32250.000000,32610.000000,42433
1337,2025-06-05,31860.000000,33720.000000,31050.000000,32970.000000,55019
1337,2025-06-06,32070.000000,32460.000000,31110.000000,32430.000000,30519
1337,2025-06-09,31500.000000,31590.000000,29250.000000,30090.000000,47198
1337,2025-06-10,29820.000000,29940.000000,27870.000000,28200.000000,43605
1337,2025-06-11,27540.000000,29310.000000,27270.000000,28500.000000,42827
1337,2025-06-12,29070.000000,29190.000000,27930.000000,28350.000000,31981
1337,2025-06-13,30240.000000,30870.000000,29250.000000,30510.000000,46517
1337,2025-06-16,29400.000000,29460.000000,27300.000000,27690.000000,50205
1337,2025-06-17,28170.000000,28440.000000,26940.000000,28320.000000,43463
1337,2025-06-18,27960.000000,28620.000000,27060.000000,28050.000000,40960
1337,2025-06-20,27300.000000,29730.000000,27180.000000,28620.000000,44553
1337,2025-06-23,28680.000000,29910.000000,27600.000000,28110.000000,48451
1337,2025-06-24,26490.000000,26520.000000,24660.000000,24780.000000,60106
1337,2025-06-25,24300.000000,24870.000000,24090.000000,24120.000000,40017
1337,2025-06-26,23580.000000,24150.000000,23370.000000,23610.000000,38299
1337,2025-06-27,23490.000000,24390.000000,22950.000000,23640.000000,61037
1337,2025-06-30,23280.000000,24030.000000,23250.000000,23670.000000,44462
1337,2025-07-01,24300.000000,25110.000000,23580.000000,24000.000000,74729
1337,2025-07-02,24210.000000,24240.000000,22350.000000,22650.000000,86958
1337,2025-07-03,22410.000000,22560.000000,22140.000000,22350.000000,44874
1337,2025-07-07,22980.000000,23910.000000,22710.000000,23610.000000,80265
1337,2025-07-08,23010.000000,23250.000000,21690.000000,22320.000000,79853
1337,2025-07-09,22080.000000,22710.000000,21420.000000,22080.000000,79048
1337,2025-07-10,21450.000000,22050.000000,21180.000000,21420.000000,72846
1337,2025-07-11,21840.000000,22110.000000,21330.000000,21540.000000,71109
1337,2025-07-14,22050.000000,23100.000000,21930.000000,22140.000000,72565
1337,2025-07-15,20880.000000,21570.000000,20550.000000,21540.000000,86925
1337,2025-07-16,22050.000000,23400.000000,21660.000000,21660.000000,78906
1337,2025-07-17,21780.000000,22200.000000,21330.000000,21450.000000,63191
1337,2025-07-18,21180.000000,21960.000000,21030.000000,21480.000000,66744
1337,2025-07-21,21300.000000,21390.000000,20580.000000,21390.000000,67765
1337,2025-07-22,21690.000000,23040.000000,21540.000000,22290.000000,98655
1337,2025-07-23,22830.000000,23550.000000,22620.000000,22680.000000,66745
1337,2025-07-24,22860.000000,23490.000000,22740.000000,22890.000000,55486
1337,2025-07-25,23310.000000,23610.000000,22860.000000,22950.000000,37240
1337,2025-07-28,22230.000000,22260.000000,21630.000000,21690.000000,46433
1337,2025-07-29,21330.000000,22050.000000,20730.000000,21600.000000,69219
1337,2025-07-30,21060.000000,21720.000000,20760.000000,21180.000000,65305
1337,2025-07-31,21900.000000,23790.000000,21840.000000,23160.000000,67273
1337,2025-08-01,24480.000000,25470.000000,23340.000000,24030.000000,92499
1337,2025-08-04,23520.000000,23880.000000,22950.000000,23070.000000,44479
1337,2025-08-05,22740.000000,24390.000000,22500.000000,23550.000000,66484
1337,2025-08-06,24240.000000,25080.000000,23940.000000,24090.000000,55950
1337,2025-08-07,22560.000000,23520.000000,22200.000000,22980.000000,66353
1337,2025-08-08,22950.000000,23160.000000,22290.000000,22380.000000,45195
1337,2025-08-11,22140.000000,22650.000000,21390.000000,22470.000000,49829
1337,2025-08-12,21990.000000,22440.000000,20310.000000,20310.000000,70056
1337,2025-08-13,19890.000000,20160.000000,19410.000000,19440.000000,54347
1337,2025-08-14,20250.000000,20370.000000,19200.000000,19380.000000,56693
1337,2025-08-15,19830.000000,20940.000000,19830.000000,20730.000000,54317
1337,2025-08-18,20910.000000,21000.000000,20520.000000,20550.000000,38014
1337,2025-08-19,20580.000000,21690.000000,20340.000000,21510.000000,53547
1337,2025-08-20,21690.000000,23700.000000,21690.000000,21960.000000,73630
1337,2025-08-21,22350.000000,22710.000000,21840.000000,22320.000000,49302
1337,2025-08-22,22170.000000,22380.000000,19740.000000,20430.000000,76374
1337,2025-08-25,20610.000000,20970.000000,20370.000000,20580.000000,29123
1337,2025-08-26,20400.000000,20430.000000,19890.000000,20100.000000,30977
1337,2025-08-27,20340.000000,20580.000000,19890.000000,19950.000000,36089
1337,2025-08-28,19770.000000,20100.000000,19290.000000,19710.000000,45348
1337,2025-08-29,20550.000000,21690.000000,20550.000000,21420.000000,50445
1337,2025-09-02,23100.000000,23340.000000,22050.000000,22050.000000,57762
1337,2025-09-03,21990.000000,23100.000000,21960.000000,22410.000000,43183
1337,2025-09-04,22830.000000,23250.000000,21630.000000,21660.000000,44247
1337,2025-09-05,20730.000000,21780.000000,20610.000000,21000.000000,63442
1337,2025-09-08,20670.000000,20880.000000,20280.000000,20550.000000,41266
1337,2025-09-09,20550.000000,20970.000000,20340.000000,20490.000000,36214
1337,2025-09-10,19530.000000,19830.000000,19260.000000,19410.000000,54161
1337,2025-09-11,19110.000000,19170.000000,18750.000000,19050.000000,47765
1337,2025-09-12,18930.000000,19290.000000,18780.000000,18930.000000,31756
1337,2025-09-15,19080.000000,19230.000000,18480.000000,18480.000000,38633
1337,2025-09-16,18330.000000,18630.000000,18090.000000,18120.000000,40195
1337,2025-09-17,18360.000000,19020.000000,17760.000000,18180.000000,64984
1337,2025-09-18,16860.000000,17070.000000,16050.000000,16320.000000,81202
1337,2025-09-19,16380.000000,17070.000000,16380.000000,16590.000000,39757
1337,2025-09-22,16530.000000,16560.000000,15750.000000,15840.000000,53901
1337,2025-09-23,15630.000000,16110.000000,15330.000000,15780.000000,52496
1337,2025-09-24,15930.000000,16500.000000,15750.000000,15840.000000,58445
1337,2025-09-25,16680.000000,17190.000000,15900.000000,16020.000000,74679
1337,2025-09-26,16020.000000,16500.000000,15840.000000,15930.000000,55465
1337,2025-09-29,15480.000000,15960.000000,15240.000000,15930.000000,56000
1337,2025-09-30,15930.000000,16170.000000,15510.000000,15510.000000,55707
1337,2025-10-01,15900.000000,15960.000000,14610.000000,14700.000000,67095
1337,2025-10-02,13860.000000,14160.000000,13680.000000,13800.000000,77522
1337,2025-10-03,13680.000000,14310.000000,13440.000000,14070.000000,69580
1337,2025-10-06,12420.000000,12810.000000,12270.000000,12810.000000,93225
1337,2025-10-07,12480.000000,13740.000000,12420.000000,13650.000000,94587
1337,2025-10-08,13680.000000,13770.000000,12270.000000,12270.000000,89829
1337,2025-10-09,12390.000000,12810.000000,12300.000000,12420.000000,61766
1337,2025-10-10,12390.000000,14880.000000,12300.000000,14820.000000,170120
1337,2025-10-13,13080.000000,13470.000000,12540.000000,12630.000000,103505
1337,2025-10-14,13500.000000,13710.000000,12720.000000,13440.000000,101007
1337,2025-10-15,12450.000000,13080.000000,12180.000000,12210.000000,116814
1337,2025-10-16,11820.000000,12450.000000,11670.000000,12060.000000,129081
1337,2025-10-17,12360.000000,12750.000000,12000.000000,12180.000000,117091
1337,2025-10-20,11880.000000,11910.000000,11310.000000,11580.000000,70456
1337,2025-10-21,11670.000000,12030.000000,11610.000000,11760.000000,65059
1337,2025-10-22,12180.000000,13350.000000,11970.000000,12600.000000,106004
1337,2025-10-23,12870.000000,12900.000000,11640.000000,11700.000000,83421
1337,2025-10-24,11100.000000,11220.000000,10890.000000,11160.000000,69233
1337,2025-10-27,10560.000000,10680.000000,10140.000000,10200.000000,84023
1337,2025-10-28,10320.000000,10410.000000,10050.000000,10170.000000,58537
1337,2025-10-29,9660.000000,9960.000000,9390.000000,9690.000000,93921
1337,2025-10-30,9840.000000,10080.000000,9540.000000,10050.000000,92849
1337,2025-10-31,9780.000000,10200.000000,9510.000000,9960.000000,81288
1337,2025-11-03,9630.000000,9960.000000,9480.000000,9810.000000,67652
1337,2025-11-04,10590.000000,11040.000000,10170.000000,10950.000000,115322
1337,2025-11-05,10890.000000,10890.000000,9540.000000,9930.000000,114489
1337,2025-11-06,10020.000000,10950.000000,9930.000000,10710.000000,130555
1337,2025-11-07,11250.000000,12240.000000,11040.000000,11040.000000,151293
1337,2025-11-10,10170.000000,10620.000000,10080.000000,10200.000000,86178
1337,2025-11-11,10500.000000,10980.000000,10410.000000,10890.000000,83196
1337,2025-11-12,10350.000000,10680.000000,10200.000000,10440.000000,89039
1337,2025-11-13,10800.000000,11820.000000,10680.000000,11490.000000,120345
1337,2025-11-14,12510.000000,12720.000000,11100.000000,11580.000000,133848
1337,2025-11-17,11910.000000,12600.000000,11250.000000,12210.000000,110365
1337,2025-11-18,12750.000000,13440.000000,12480.000000,13050.000000,137820
1337,2025-11-19,12900.000000,13110.000000,11910.000000,12390.000000,117202
1337,2025-11-20,11460.000000,14340.000000,11310.000000,14160.000000,199494
1337,2025-11-21,14190.000000,15450.000000,13170.000000,13770.000000,234488
1337,2025-11-24,13350.000000,13380.000000,11790.000000,11940.000000,120599
1337,2025-11-25,12480.000000,13260.000000,11760.000000,11850.000000,104248
1337,2025-11-26,11460.000000,11520.000000,10620.000000,10890.000000,89116
1337,2025-11-28,10770.000000,10890.000000,10290.000000,10290.000000,40881
1337,2025-12-01,10710.000000,10770.000000,10050.000000,10290.000000,90587
1337,2025-12-02,9930.000000,10140.000000,9480.000000,9660.000000,121978
1337,2025-12-03,9570.000000,9840.000000,9030.000000,9060.000000,107063
1337,2025-12-04,9210.000000,9480.000000,9150.000000,9360.000000,86668
1337,2025-12-05,9090.000000,9120.000000,8760.000000,9030.000000,100052
1337,2025-12-08,8850.000000,9030.000000,8670.000000,8790.000000,96242
1337,2025-12-09,8970.000000,9060.000000,8760.000000,8790.000000,72764
1337,2025-12-10,8850.000000,8970.000000,8400.000000,8460.000000,101573
1337,2025-12-11,8760.000000,9330.000000,8580.000000,8610.000000,121221
1337,2025-12-12,8970.000000,9990.000000,8880.000000,9870.000000,177331
1337,2025-12-15,9540.000000,10110.000000,9480.000000,10020.000000,148630
1337,2025-12-16,10110.000000,10500.000000,9870.000000,10170.000000,147475
1337,2025-12-17,10020.000000,11400.000000,9960.000000,11280.000000,198108
1337,2025-12-18,10050.000000,10650.000000,9900.000000,10440.000000,178657
1337,2025-12-19,10200.000000,10230.000000,9450.000000,9630.000000,110813
1337,2025-12-22,9000.000000,9390.000000,8970.000000,9300.000000,73727
1337,2025-12-23,9300.000000,9390.000000,9030.000000,9030.000000,58881
1337,2025-12-24,9060.000000,9090.000000,8910.000000,8970.000000,26168
1337,2025-12-26,8820.000000,9060.000000,8820.000000,8970.000000,41377
1337,2025-12-29,9240.000000,9360.000000,8940.000000,9060.000000,72363
1337,2025-12-30,9000.000000,9090.000000,8850.000000,9090.000000,45782
1337,2025-12-31,9030.000000,9420.000000,8970.000000,9390.000000,51021
1337,2026-01-02,8730.000000,8730.000000,8070.000000,8250.000000,154190
1337,2026-01-05,7740.000000,8010.000000,7560.000000,7920.000000,112771
1337,2026-01-06,7560.000000,7620.000000,7110.000000,7140.000000,166504
1337,2026-01-07,7380.000000,7560.000000,7290.000000,7350.000000,90600
1337,2026-01-08,7440.000000,7950.000000,7440.000000,7710.000000,140293
1337,2026-01-09,7500.000000,7650.000000,6930.000000,7080.000000,132997
1337,2026-01-12,7290.000000,7320.000000,6900.000000,6960.000000,73576
1337,2026-01-13,6840.000000,6870.000000,6600.000000,6810.000000,125952
1337,2026-01-14,6900.000000,7170.000000,6840.000000,6840.000000,144947
1337,2026-01-15,6210.000000,6540.000000,6150.000000,6510.000000,126994
1337,2026-01-16,6210.000000,6390.000000,6120.000000,6270.000000,102135
1337,2026-01-20,6600.000000,6630.000000,6210.000000,6510.000000,173649
1337,2026-01-21,6270.000000,6360.000000,5760.000000,5910.000000,193419
1337,2026-01-22,5610.000000,5970.000000,5580.000000,5880.000000,89883
1337,2026-01-23,6000.000000,6240.000000,5910.000000,6060.000000,142960
1337,2026-01-26,6180.000000,6300.000000,6060.000000,6180.000000,113612
1337,2026-01-27,5910.000000,6000.000000,5640.000000,5730.000000,117765
1337,2026-01-28,5400.000000,5490.000000,5220.000000,5280.000000,168901
1337,2026-01-29,5280.000000,5850.000000,5160.000000,5280.000000,205194
1337,2026-01-30,5520.000000,6030.000000,5310.000000,5910.000000,208903
1337,2026-02-02,6150.000000,6150.000000,5400.000000,5550.000000,195642
1337,2026-02-03,5430.000000,6300.000000,5370.000000,5910.000000,260699
1337,2026-02-04,6090.000000,7080.000000,5940.000000,6690.000000,357774
1337,2026-02-05,6930.000000,7110.000000,6390.000000,6720.000000,328336
1337,2026-02-06,6330.000000,6390.000000,5550.000000,5610.000000,195360
1337,2026-02-09,5790.000000,5850.000000,5310.000000,5430.000000,142206
1337,2026-02-10,5370.000000,5640.000000,5310.000000,5460.000000,150143
1337,2026-02-11,5160.000000,5490.000000,4980.000000,5040.000000,292055
1337,2026-02-12,4950.000000,5460.000000,4860.000000,5430.000000,285367
1337,2026-02-13,5370.000000,5580.000000,5160.000000,5280.000000,220007
1337,2026-02-17,5550.000000,5730.000000,5190.000000,5310.000000,274622
1337,2026-02-18,5250.000000,5370.000000,4980.000000,5130.000000,194625
1337,2026-02-19,5340.000000,5430.000000,5220.000000,5250.000000,180268
1337,2026-02-20,5400.000000,5400.000000,5010.000000,5100.000000,252441
1337,2026-02-23,5190.000000,5370.000000,5040.000000,5220.000000,164627
1337,2026-02-24,5010.000000,5160.000000,4860.000000,4980.000000,202262
1337,2026-02-25,4800.000000,4830.000000,4710.000000,4770.000000,121089
1337,2026-02-26,4800.000000,5430.000000,4800.000000,5160.000000,329687
1337,2026-02-27,5490.000000,5550.000000,5280.000000,5370.000000,243064
1337,2026-03-02,5790.000000,5790.000000,5370.000000,5370.000000,332117
1337,2026-03-03,6000.000000,6360.000000,5970.000000,6180.000000,420941
1337,2026-03-04,5910.000000,6090.000000,5670.000000,5790.000000,286038
1337,2026-03-05,5938.500000,6375.000000,5704.500000,6013.500000,512786
1337,2026-03-06,6513.000000,6885.000000,6157.500000,6775.500000,840440
1337,2026-03-09,7092.000000,7239.000000,5920.500000,5967.000000,863680
1337,2026-03-10,5976.000000,5976.000000,5482.500000,5823.000000,505639
1337,2026-03-11,5742.000000,5757.000000,5500.500000,5659.500000,374588
1337,2026-03-12,5925.000000,6345.000000,5901.000000,6262.500000,369717
1337,2026-03-13,6046.500000,6297.000000,5802.000000,6195.000000,341045
1337,2026-03-16,5791.500000,5928.000000,5610.000000,5829.000000,230871
1337,2026-03-17,5689.500000,5889.000000,5664.000000,5710.500000,190836
1337,2026-03-18,5704.500000,5811.000000,5551.500000,5805.000000,241469
1337,2026-03-19,6300.000000,6409.500000,5584.500000,5716.500000,329813
1337,2026-03-20,5748.000000,6339.000000,5665.500000,6099.000000,287993
1337,2026-03-23,5701.500000,5968.500000,5433.000000,5878.500000,365695
1337,2026-03-24,6012.000000,6012.000000,5505.000000,5619.000000,292215
1337,2026-03-25,5448.000000,5559.000000,5284.500000,5403.000000,286821
1337,2026-03-26,5676.000000,6189.000000,5655.000000,6177.000000,311710
1337,2026-03-27,6291.000000,6556.500000,6120.000000,6465.000000,273925
1337,2026-03-30,6300.000000,7464.000000,6235.500000,7311.000000,370206
1337,2026-03-31,6880.500000,6957.000000,5941.500000,5979.000000,373337
1337,2026-04-01,5710.500000,5773.500000,5217.000000,5439.000000,481170
1337,2026-04-02,6085.500000,6088.500000,5359.500000,5389.500000,438581
1337,2026-04-06,5277.000000,5380.500000,5101.500000,5182.500000,280739
1337,2026-04-07,5223.000000,5439.000000,5014.500000,5014.500000,416163
1337,2026-04-08,4155.000000,4396.500000,4012.500000,4044.000000,588378
1337,2026-04-09,4014.000000,4014.000000,3763.500000,3780.000000,509357
1337,2026-04-10,3657.000000,3663.000000,3451.500000,3553.500000,571848
1337,2026-04-13,3588.000000,3604.500000,3348.000000,3363.000000,505248
1337,2026-04-14,3240.000000,3351.000000,3150.000000,3157.500000,473802
1337,2026-04-15,3184.500000,3364.500000,3135.000000,3141.000000,540404
1337,2026-04-16,3169.500000,3234.000000,3010.500000,3042.000000,588719
1337,2026-04-17,2884.500000,2970.000000,2829.000000,2830.500000,680637
1337,2026-04-20,2796.000000,2911.500000,2766.000000,2794.500000,530283
1337,2026-04-21,2737.500000,2814.000000,2677.500000,2730.000000,673555
1337,2026-04-22,2605.500000,2692.500000,2508.000000,2520.000000,739988
1337,2026-04-23,2452.500000,2478.000000,2259.000000,2355.000000,1276979
1337,2026-04-24,2098.500000,2199.000000,1995.000000,2028.000000,1551551
1337,2026-04-27,2026.500000,2194.500000,2011.500000,2104.500000,1368814
1337,2026-04-28,2356.500000,2440.500000,2239.500000,2338.500000,1585779
1337,2026-04-29,2236.500000,2286.000000,2157.000000,2160.000000,1008970
1337,2026-04-30,2076.000000,2173.500000,1987.500000,1995.000000,1283032
1337,2026-05-01,2041.500000,2083.500000,1930.500000,1947.000000,830471
1337,2026-05-04,1920.000000,2046.000000,1897.500000,1989.000000,902468
1337,2026-05-05,1875.000000,1888.500000,1681.500000,1726.500000,1426679
1337,2026-05-06,1564.500000,1671.000000,1470.000000,1471.500000,2230305
1337,2026-05-07,1503.000000,1632.000000,1495.500000,1590.000000,1925821
1337,2026-05-08,1479.000000,1495.500000,1326.000000,1327.500000,2087944
1337,2026-05-11,1297.500000,1315.500000,1222.500000,1230.000000,2004827
1337,2026-05-12,1312.500000,1486.500000,1282.500000,1342.500000,3466026
1337,2026-05-13,1257.000000,1347.000000,1221.000000,1252.500000,2373893
1337,2026-05-14,1264.500000,1294.500000,1218.000000,1240.500000,1699488
1337,2026-05-15,1369.500000,1408.500000,1320.000000,1384.500000,2685397
1337,2026-05-18,1315.500000,1570.500000,1302.000000,1492.500000,2743099
1337,2026-05-19,1596.000000,1660.500000,1405.500000,1489.500000,3594585
1337,2026-05-20,1395.000000,1402.500000,1276.500000,1281.000000,1885623
1337,2026-05-21,1297.500000,1317.000000,1231.500000,1243.500000,1714514
1337,2026-05-22,1200.000000,1209.000000,1125.000000,1159.500000,1883589
