stock_id,date,open,high,low,close,volume
606,2016-05-05,26.830000,26.830000,26.830000,26.830000,0
606,2016-05-06,26.830000,26.830000,26.830000,26.830000,0
606,2016-05-09,26.830000,26.830000,26.830000,26.830000,0
606,2016-05-10,26.830000,26.830000,26.830000,26.830000,0
606,2016-05-11,26.830000,26.830000,26.830000,26.830000,0
606,2016-05-12,26.830000,26.830000,26.830000,26.830000,0
606,2016-05-13,26.830000,26.830000,26.830000,26.830000,0
606,2016-05-16,26.830000,26.830000,26.830000,26.830000,0
606,2016-05-17,26.830000,26.830000,26.830000,26.830000,0
606,2016-05-18,26.830000,26.830000,26.830000,26.830000,0
606,2016-05-19,26.590000,26.590000,26.590000,26.590000,300
606,2016-05-20,26.590000,26.590000,26.590000,26.590000,0
606,2016-05-23,26.590000,26.590000,26.590000,26.590000,0
606,2016-05-24,26.590000,26.590000,26.590000,26.590000,0
606,2016-05-25,26.590000,26.590000,26.590000,26.590000,0
606,2016-05-26,27.680000,27.680000,27.680000,27.680000,300
606,2016-05-27,27.680000,27.680000,27.680000,27.680000,0
606,2016-05-31,27.680000,27.680000,27.680000,27.680000,0
606,2016-06-01,27.680000,27.680000,27.680000,27.680000,0
606,2016-06-02,27.680000,27.680000,27.680000,27.680000,0
606,2016-06-03,27.680000,27.680000,27.680000,27.680000,0
606,2016-06-06,27.230000,27.230000,27.230000,27.230000,300
606,2016-06-07,27.230000,27.230000,27.230000,27.230000,0
606,2016-06-08,27.230000,27.230000,27.230000,27.230000,0
606,2016-06-09,27.230000,27.230000,27.230000,27.230000,0
606,2016-06-10,27.230000,27.230000,27.230000,27.230000,0
606,2016-06-13,26.500000,26.500000,26.500000,26.500000,185000
606,2016-06-14,24.180000,24.180000,24.180000,24.180000,100
606,2016-06-15,24.850000,24.900000,24.850000,24.900000,600
606,2016-06-16,24.900000,24.900000,24.900000,24.900000,0
606,2016-06-17,24.900000,24.900000,24.900000,24.900000,0
606,2016-06-20,25.480000,25.480000,25.480000,25.480000,4400
606,2016-06-21,25.480000,25.480000,25.480000,25.480000,0
606,2016-06-22,25.480000,25.480000,25.480000,25.480000,0
606,2016-06-23,26.280000,26.280000,26.280000,26.280000,3800
606,2016-06-24,23.090000,23.090000,22.800000,22.800000,2200
606,2016-06-27,22.800000,22.800000,22.800000,22.800000,0
606,2016-06-28,22.800000,22.800000,22.800000,22.800000,0
606,2016-06-29,22.800000,22.800000,22.800000,22.800000,0
606,2016-06-30,22.800000,22.800000,22.800000,22.800000,0
606,2016-07-01,22.800000,22.800000,22.800000,22.800000,0
606,2016-07-05,22.800000,22.800000,22.800000,22.800000,0
606,2016-07-06,22.800000,22.800000,22.800000,22.800000,0
606,2016-07-07,22.800000,22.800000,22.800000,22.800000,0
606,2016-07-08,22.800000,22.800000,22.800000,22.800000,0
606,2016-07-11,22.360000,22.370000,22.360000,22.360000,900
606,2016-07-12,22.360000,22.360000,22.360000,22.360000,0
606,2016-07-13,22.560000,22.600000,22.560000,22.600000,800
606,2016-07-14,22.770000,22.770000,22.740000,22.740000,900
606,2016-07-15,22.740000,22.740000,22.740000,22.740000,0
606,2016-07-18,23.300000,23.300000,23.100000,23.100000,600
606,2016-07-19,23.100000,23.100000,23.100000,23.100000,0
606,2016-07-20,23.100000,23.100000,23.100000,23.100000,0
606,2016-07-21,23.100000,23.100000,23.100000,23.100000,0
606,2016-07-22,23.100000,23.100000,23.100000,23.100000,0
606,2016-07-25,23.100000,23.100000,23.100000,23.100000,0
606,2016-07-26,23.100000,23.100000,23.100000,23.100000,0
606,2016-07-27,23.100000,23.100000,23.100000,23.100000,0
606,2016-07-28,23.100000,23.100000,23.100000,23.100000,0
606,2016-07-29,23.100000,23.100000,23.100000,23.100000,0
606,2016-08-01,23.100000,23.100000,23.100000,23.100000,0
606,2016-08-02,23.100000,23.100000,23.100000,23.100000,0
606,2016-08-03,23.100000,23.100000,23.100000,23.100000,0
606,2016-08-04,23.100000,23.100000,23.100000,23.100000,0
606,2016-08-05,23.100000,23.100000,23.100000,23.100000,0
606,2016-08-08,23.100000,23.100000,23.100000,23.100000,0
606,2016-08-09,23.100000,23.100000,23.100000,23.100000,0
606,2016-08-10,23.100000,23.100000,23.100000,23.100000,0
606,2016-08-11,23.100000,23.100000,23.100000,23.100000,0
606,2016-08-12,23.100000,23.100000,23.100000,23.100000,0
606,2016-08-15,23.100000,23.100000,23.100000,23.100000,0
606,2016-08-16,23.100000,23.100000,23.100000,23.100000,0
606,2016-08-17,23.100000,23.100000,23.100000,23.100000,0
606,2016-08-18,23.100000,23.100000,23.100000,23.100000,0
606,2016-08-19,23.100000,23.100000,23.100000,23.100000,0
606,2016-08-22,23.100000,23.100000,23.100000,23.100000,0
606,2016-08-23,23.100000,23.100000,23.100000,23.100000,0
606,2016-08-24,23.100000,23.100000,23.100000,23.100000,0
606,2016-08-25,23.100000,23.100000,23.100000,23.100000,0
606,2016-08-26,23.100000,23.100000,23.100000,23.100000,0
606,2016-08-29,23.100000,23.100000,23.100000,23.100000,0
606,2016-08-30,23.100000,23.100000,23.100000,23.100000,0
606,2016-08-31,23.100000,23.100000,23.100000,23.100000,0
606,2016-09-01,23.100000,23.100000,23.100000,23.100000,0
606,2016-09-02,23.100000,23.100000,23.100000,23.100000,0
606,2016-09-06,26.230000,26.230000,26.230000,26.230000,400
606,2016-09-07,26.230000,26.230000,26.230000,26.230000,0
606,2016-09-08,26.230000,26.230000,26.230000,26.230000,0
606,2016-09-09,26.230000,26.230000,26.230000,26.230000,0
606,2016-09-12,26.230000,26.230000,26.230000,26.230000,0
606,2016-09-13,26.230000,26.230000,26.230000,26.230000,0
606,2016-09-14,26.230000,26.230000,26.230000,26.230000,0
606,2016-09-15,26.230000,26.230000,26.230000,26.230000,0
606,2016-09-16,26.230000,26.230000,26.230000,26.230000,0
606,2016-09-19,26.230000,26.230000,26.230000,26.230000,0
606,2016-09-20,26.230000,26.230000,26.230000,26.230000,0
606,2016-09-21,26.230000,26.230000,26.230000,26.230000,0
606,2016-09-22,26.230000,26.230000,26.230000,26.230000,0
606,2016-09-23,26.230000,26.230000,26.230000,26.230000,0
606,2016-09-26,26.230000,26.230000,26.230000,26.230000,0
606,2016-09-27,26.230000,26.230000,26.230000,26.230000,0
606,2016-09-28,26.230000,26.230000,26.230000,26.230000,0
606,2016-09-29,26.230000,26.230000,26.230000,26.230000,4300
606,2016-09-30,26.230000,26.230000,26.230000,26.230000,0
606,2016-10-03,26.230000,26.230000,26.230000,26.230000,0
606,2016-10-04,21.870000,21.870000,21.860000,21.860000,600
606,2016-10-05,21.860000,21.860000,21.860000,21.860000,0
606,2016-10-06,21.910000,21.910000,21.910000,21.910000,1300
606,2016-10-07,21.910000,21.910000,21.910000,21.910000,39100
606,2016-10-10,21.910000,21.910000,21.910000,21.910000,0
606,2016-10-11,21.910000,21.910000,21.910000,21.910000,0
606,2016-10-12,21.910000,21.910000,21.910000,21.910000,0
606,2016-10-13,21.910000,21.910000,21.910000,21.910000,0
606,2016-10-14,21.910000,21.910000,21.910000,21.910000,0
606,2016-10-17,21.910000,21.910000,21.910000,21.910000,0
606,2016-10-18,21.910000,21.910000,21.910000,21.910000,0
606,2016-10-19,21.910000,21.910000,21.910000,21.910000,0
606,2016-10-20,21.910000,21.910000,21.910000,21.910000,0
606,2016-10-21,21.910000,21.910000,21.910000,21.910000,0
606,2016-10-24,21.910000,21.910000,21.910000,21.910000,0
606,2016-10-25,21.910000,21.910000,21.910000,21.910000,0
606,2016-10-26,21.910000,21.910000,21.910000,21.910000,0
606,2016-10-27,21.910000,21.910000,21.910000,21.910000,0
606,2016-10-28,21.910000,21.910000,21.910000,21.910000,0
606,2016-10-31,21.910000,21.910000,21.910000,21.910000,0
606,2016-11-01,21.910000,21.910000,21.910000,21.910000,0
606,2016-11-02,21.910000,21.910000,21.910000,21.910000,0
606,2016-11-03,21.910000,21.910000,21.910000,21.910000,0
606,2016-11-04,21.910000,21.910000,21.910000,21.910000,0
606,2016-11-07,21.910000,21.910000,21.910000,21.910000,0
606,2016-11-08,21.910000,21.910000,21.910000,21.910000,900
606,2016-11-09,21.910000,21.910000,21.910000,21.910000,0
606,2016-11-10,21.910000,21.910000,21.910000,21.910000,0
606,2016-11-11,21.910000,21.910000,21.910000,21.910000,0
606,2016-11-14,21.700000,21.700000,21.700000,21.700000,17200
606,2016-11-15,21.700000,21.700000,21.700000,21.700000,0
606,2016-11-16,21.700000,21.700000,21.700000,21.700000,0
606,2016-11-17,21.700000,21.700000,21.700000,21.700000,0
606,2016-11-18,21.700000,21.700000,21.700000,21.700000,0
606,2016-11-21,21.700000,21.700000,21.700000,21.700000,0
606,2016-11-22,21.700000,21.700000,21.700000,21.700000,0
606,2016-11-23,21.700000,21.700000,21.700000,21.700000,0
606,2016-11-25,21.700000,21.700000,21.700000,21.700000,0
606,2016-11-28,21.700000,21.700000,21.700000,21.700000,0
606,2016-11-29,21.700000,21.700000,21.700000,21.700000,0
606,2016-11-30,21.700000,21.700000,21.700000,21.700000,0
606,2016-12-01,21.700000,21.700000,21.700000,21.700000,0
606,2016-12-02,21.700000,21.700000,21.700000,21.700000,0
606,2016-12-05,21.700000,21.700000,21.700000,21.700000,0
606,2016-12-06,22.210000,22.210000,22.210000,22.210000,100
606,2016-12-07,22.210000,22.210000,22.210000,22.210000,0
606,2016-12-08,23.700000,23.700000,23.700000,23.700000,900
606,2016-12-09,23.700000,23.700000,23.700000,23.700000,0
606,2016-12-12,23.700000,23.700000,23.700000,23.700000,0
606,2016-12-13,23.700000,23.700000,23.700000,23.700000,0
606,2016-12-14,22.770000,22.770000,22.770000,22.770000,200
606,2016-12-15,22.770000,22.770000,22.770000,22.770000,0
606,2016-12-16,22.770000,22.770000,22.770000,22.770000,0
606,2016-12-19,22.770000,22.770000,22.770000,22.770000,0
606,2016-12-20,22.770000,22.770000,22.770000,22.770000,0
606,2016-12-21,22.770000,22.770000,22.770000,22.770000,0
606,2016-12-22,22.770000,22.770000,22.770000,22.770000,0
606,2016-12-23,22.770000,22.770000,22.770000,22.770000,0
606,2016-12-27,22.770000,22.770000,22.770000,22.770000,0
606,2016-12-28,22.770000,22.770000,22.770000,22.770000,32400
606,2016-12-29,22.770000,22.770000,22.770000,22.770000,3400
606,2016-12-30,22.770000,22.770000,22.770000,22.770000,0
606,2017-01-03,22.770000,22.770000,22.770000,22.770000,0
606,2017-01-04,22.770000,22.770000,22.770000,22.770000,0
606,2017-01-05,24.410000,24.410000,24.410000,24.410000,19500
606,2017-01-06,24.410000,24.410000,24.410000,24.410000,0
606,2017-01-09,24.410000,24.410000,24.410000,24.410000,0
606,2017-01-10,24.410000,24.410000,24.410000,24.410000,0
606,2017-01-11,24.410000,24.410000,24.410000,24.410000,0
606,2017-01-12,24.410000,24.410000,24.410000,24.410000,0
606,2017-01-13,25.800000,25.800000,25.800000,25.800000,100
606,2017-01-17,25.800000,25.800000,25.800000,25.800000,0
606,2017-01-18,25.800000,25.800000,25.800000,25.800000,0
606,2017-01-19,25.800000,25.800000,25.800000,25.800000,0
606,2017-01-20,26.590000,26.590000,26.590000,26.590000,200
606,2017-01-23,27.230000,27.230000,27.230000,27.230000,3600
606,2017-01-24,27.230000,27.230000,27.230000,27.230000,0
606,2017-01-25,27.230000,27.230000,27.230000,27.230000,0
606,2017-01-26,27.230000,27.230000,27.230000,27.230000,0
606,2017-01-27,27.230000,27.230000,27.230000,27.230000,0
606,2017-01-30,27.230000,27.230000,27.230000,27.230000,0
606,2017-01-31,26.200000,26.200000,26.180000,26.180000,1800
606,2017-02-01,26.070000,26.070000,26.070000,26.070000,300
606,2017-02-02,26.070000,26.070000,26.070000,26.070000,0
606,2017-02-03,26.070000,26.070000,26.070000,26.070000,0
606,2017-02-06,26.070000,26.070000,26.070000,26.070000,0
606,2017-02-07,26.600000,26.600000,26.600000,26.600000,100
606,2017-02-08,26.600000,26.600000,26.600000,26.600000,0
606,2017-02-09,26.350000,26.350000,26.350000,26.350000,1000
606,2017-02-10,26.400000,26.790000,26.400000,26.790000,22700
606,2017-02-13,26.790000,26.790000,26.790000,26.790000,19800
606,2017-02-14,26.600000,26.600000,26.600000,26.600000,59000
606,2017-02-15,26.740000,26.880000,26.740000,26.880000,11900
606,2017-02-16,27.370000,27.370000,27.370000,27.370000,2000
606,2017-02-17,27.370000,27.370000,27.370000,27.370000,0
606,2017-02-21,27.370000,27.370000,27.370000,27.370000,0
606,2017-02-22,27.370000,27.370000,27.370000,27.370000,1000
606,2017-02-23,27.370000,27.370000,27.370000,27.370000,0
606,2017-02-24,26.630000,26.760000,26.630000,26.760000,300
606,2017-02-27,26.760000,26.760000,26.760000,26.760000,0
606,2017-02-28,26.760000,26.760000,26.760000,26.760000,19500
606,2017-03-01,26.760000,26.760000,26.760000,26.760000,0
606,2017-03-02,26.520000,26.520000,26.520000,26.520000,1400
606,2017-03-03,26.620000,26.890000,26.620000,26.890000,1200
606,2017-03-06,26.890000,26.890000,26.890000,26.890000,0
606,2017-03-07,26.890000,26.890000,26.890000,26.890000,0
606,2017-03-08,26.890000,26.890000,26.890000,26.890000,0
606,2017-03-09,26.650000,26.650000,26.630000,26.630000,4400
606,2017-03-10,26.620000,26.620000,26.620000,26.620000,1400
606,2017-03-13,26.990000,26.990000,26.990000,26.990000,300
606,2017-03-14,26.990000,26.990000,26.990000,26.990000,0
606,2017-03-15,26.670000,26.670000,26.670000,26.670000,600
606,2017-03-16,26.670000,26.670000,26.670000,26.670000,0
606,2017-03-17,26.670000,26.670000,26.670000,26.670000,0
606,2017-03-20,26.670000,26.670000,26.670000,26.670000,0
606,2017-03-21,27.280000,27.280000,26.860000,26.860000,20100
606,2017-03-22,26.860000,26.860000,26.860000,26.860000,0
606,2017-03-23,26.860000,26.860000,26.860000,26.860000,0
606,2017-03-24,26.430000,26.560000,26.430000,26.430000,1600
606,2017-03-27,26.040000,26.040000,26.040000,26.040000,100
606,2017-03-28,26.820000,27.040000,26.820000,27.040000,2500
606,2017-03-29,26.690000,26.740000,26.290000,26.590000,1200
606,2017-03-30,26.960000,26.980000,26.960000,26.980000,111300
606,2017-03-31,26.490000,26.490000,26.490000,26.490000,1400
606,2017-04-03,26.490000,26.490000,26.490000,26.490000,0
606,2017-04-04,26.490000,26.490000,26.490000,26.490000,0
606,2017-04-05,26.490000,26.490000,26.490000,26.490000,0
606,2017-04-06,26.490000,26.490000,26.490000,26.490000,0
606,2017-04-07,26.490000,26.490000,26.490000,26.490000,0
606,2017-04-10,26.490000,26.490000,26.490000,26.490000,0
606,2017-04-11,26.490000,26.490000,26.490000,26.490000,0
606,2017-04-12,25.730000,25.730000,25.730000,25.730000,900
606,2017-04-13,25.730000,25.730000,25.730000,25.730000,0
606,2017-04-17,25.730000,25.730000,25.730000,25.730000,0
606,2017-04-18,25.540000,25.540000,25.540000,25.540000,200
606,2017-04-19,25.540000,25.540000,25.540000,25.540000,1500
606,2017-04-20,25.540000,25.540000,25.540000,25.540000,1100
606,2017-04-21,25.540000,25.540000,25.540000,25.540000,0
606,2017-04-24,25.540000,25.540000,25.540000,25.540000,0
606,2017-04-25,25.540000,25.540000,25.540000,25.540000,0
606,2017-04-26,27.020000,27.020000,27.020000,27.020000,100
606,2017-04-27,26.730000,26.730000,26.730000,26.730000,100
606,2017-04-28,26.730000,26.730000,26.730000,26.730000,0
606,2017-05-01,26.730000,26.730000,26.730000,26.730000,0
606,2017-05-02,26.730000,26.730000,26.730000,26.730000,0
606,2017-05-03,27.410000,27.410000,27.410000,27.410000,500
606,2017-05-04,27.410000,27.410000,27.410000,27.410000,8300
606,2017-05-05,27.410000,27.410000,27.410000,27.410000,2100
606,2017-05-08,27.410000,27.410000,27.410000,27.410000,0
606,2017-05-09,28.240000,28.240000,28.240000,28.240000,300
606,2017-05-10,28.240000,28.240000,28.240000,28.240000,0
606,2017-05-11,28.240000,28.240000,28.240000,28.240000,0
606,2017-05-12,28.240000,28.240000,28.240000,28.240000,0
606,2017-05-15,28.240000,28.240000,28.240000,28.240000,0
606,2017-05-16,28.010000,28.300000,28.010000,28.300000,1000
606,2017-05-17,28.300000,28.300000,28.300000,28.300000,0
606,2017-05-18,28.300000,28.300000,28.300000,28.300000,0
606,2017-05-19,28.140000,28.140000,28.140000,28.140000,600
606,2017-05-22,27.900000,27.900000,27.900000,27.900000,500
606,2017-05-23,28.060000,28.060000,28.060000,28.060000,1500
606,2017-05-24,28.060000,28.060000,28.060000,28.060000,0
606,2017-05-25,27.920000,27.920000,27.920000,27.920000,400
606,2017-05-26,27.950000,27.950000,27.950000,27.950000,1100
606,2017-05-30,27.950000,27.950000,27.950000,27.950000,0
606,2017-05-31,27.950000,27.950000,27.950000,27.950000,0
606,2017-06-01,27.950000,27.950000,27.950000,27.950000,0
606,2017-06-02,27.950000,27.950000,27.950000,27.950000,0
606,2017-06-05,28.600000,28.650000,28.330000,28.650000,1300
606,2017-06-06,28.650000,28.650000,28.650000,28.650000,0
606,2017-06-07,28.650000,28.650000,28.650000,28.650000,0
606,2017-06-08,27.920000,27.920000,27.920000,27.920000,100
606,2017-06-09,28.930000,28.930000,28.930000,28.930000,200
606,2017-06-12,28.770000,28.770000,28.770000,28.770000,500
606,2017-06-13,29.490000,29.490000,29.490000,29.490000,9100
606,2017-06-14,30.150000,30.150000,30.150000,30.150000,1300
606,2017-06-15,30.150000,30.150000,30.150000,30.150000,0
606,2017-06-16,30.150000,30.150000,30.150000,30.150000,0
606,2017-06-19,30.150000,30.150000,30.150000,30.150000,0
606,2017-06-20,30.150000,30.150000,30.150000,30.150000,0
606,2017-06-21,30.150000,30.150000,30.150000,30.150000,0
606,2017-06-22,30.150000,30.150000,30.150000,30.150000,0
606,2017-06-23,30.150000,30.150000,30.150000,30.150000,0
606,2017-06-26,30.150000,30.150000,30.150000,30.150000,2200
606,2017-06-27,30.150000,30.150000,30.150000,30.150000,10000
606,2017-06-28,29.920000,29.920000,29.920000,29.920000,4500
606,2017-06-29,29.920000,29.920000,29.920000,29.920000,0
606,2017-06-30,29.920000,29.920000,29.920000,29.920000,0
606,2017-07-03,29.920000,29.920000,29.920000,29.920000,0
606,2017-07-05,30.940000,30.940000,30.940000,30.940000,300
606,2017-07-06,30.940000,30.940000,30.940000,30.940000,0
606,2017-07-07,30.470000,30.470000,30.470000,30.470000,300
606,2017-07-10,30.470000,30.470000,30.470000,30.470000,0
606,2017-07-11,30.470000,30.470000,30.470000,30.470000,0
606,2017-07-12,30.470000,30.470000,30.470000,30.470000,0
606,2017-07-13,30.470000,30.470000,30.470000,30.470000,0
606,2017-07-14,30.300000,30.300000,30.300000,30.300000,200
606,2017-07-17,30.300000,30.300000,30.300000,30.300000,0
606,2017-07-18,30.300000,30.300000,30.300000,30.300000,0
606,2017-07-19,30.300000,30.300000,30.300000,30.300000,4500
606,2017-07-20,30.300000,30.300000,30.300000,30.300000,0
606,2017-07-21,30.300000,30.300000,30.300000,30.300000,0
606,2017-07-24,30.300000,30.300000,30.300000,30.300000,0
606,2017-07-25,30.300000,30.300000,30.300000,30.300000,0
606,2017-07-26,30.300000,30.300000,30.300000,30.300000,0
606,2017-07-27,30.320000,30.320000,30.320000,30.320000,500
606,2017-07-28,30.030000,30.030000,30.030000,30.030000,700
606,2017-07-31,30.030000,30.030000,30.030000,30.030000,0
606,2017-08-01,30.030000,30.030000,30.030000,30.030000,0
606,2017-08-02,29.850000,29.850000,29.850000,29.850000,100
606,2017-08-03,29.850000,29.850000,29.850000,29.850000,0
606,2017-08-04,29.850000,29.850000,29.850000,29.850000,0
606,2017-08-07,29.850000,29.850000,29.850000,29.850000,0
606,2017-08-08,29.850000,29.850000,29.850000,29.850000,0
606,2017-08-09,29.850000,29.850000,29.850000,29.850000,0
606,2017-08-10,29.850000,29.850000,29.850000,29.850000,0
606,2017-08-11,29.850000,29.850000,29.850000,29.850000,0
606,2017-08-14,29.210000,29.210000,29.210000,29.210000,900
606,2017-08-15,29.210000,29.210000,29.210000,29.210000,0
606,2017-08-16,29.210000,29.210000,29.210000,29.210000,0
606,2017-08-17,29.210000,29.210000,29.210000,29.210000,3800
606,2017-08-18,29.210000,29.210000,29.210000,29.210000,133400
606,2017-08-21,29.710000,29.710000,29.700000,29.700000,28200
606,2017-08-22,29.790000,29.790000,29.790000,29.790000,500
606,2017-08-23,29.920000,29.920000,29.660000,29.660000,12500
606,2017-08-24,29.660000,29.660000,29.660000,29.660000,0
606,2017-08-25,29.660000,29.660000,29.660000,29.660000,0
606,2017-08-28,29.660000,29.660000,29.660000,29.660000,0
606,2017-08-29,29.660000,29.660000,29.660000,29.660000,0
606,2017-08-30,29.660000,29.660000,29.660000,29.660000,0
606,2017-08-31,29.660000,29.660000,29.660000,29.660000,1300
606,2017-09-01,30.700000,30.780000,30.700000,30.780000,600
606,2017-09-05,30.780000,30.780000,30.780000,30.780000,0
606,2017-09-06,30.780000,30.780000,30.780000,30.780000,100
606,2017-09-07,30.400000,30.400000,30.400000,30.400000,100
606,2017-09-08,30.600000,30.720000,30.580000,30.720000,1100
606,2017-09-11,31.080000,31.080000,31.080000,31.080000,8300
606,2017-09-12,31.700000,31.700000,31.700000,31.700000,100
606,2017-09-13,32.030000,32.030000,32.030000,32.030000,100
606,2017-09-14,32.030000,32.030000,32.030000,32.030000,0
606,2017-09-15,32.030000,32.030000,32.030000,32.030000,0
606,2017-09-18,32.030000,32.030000,32.030000,32.030000,0
606,2017-09-19,32.800000,32.800000,32.800000,32.800000,100
606,2017-09-20,32.800000,32.800000,32.800000,32.800000,0
606,2017-09-21,32.800000,32.800000,32.800000,32.800000,0
606,2017-09-22,32.800000,32.800000,32.800000,32.800000,0
606,2017-09-25,32.800000,32.800000,32.800000,32.800000,0
606,2017-09-26,32.800000,32.800000,32.800000,32.800000,0
606,2017-09-27,32.800000,32.800000,32.800000,32.800000,0
606,2017-09-28,32.800000,32.800000,32.800000,32.800000,0
606,2017-09-29,32.800000,32.800000,32.800000,32.800000,0
606,2017-10-02,32.800000,32.800000,32.800000,32.800000,0
606,2017-10-03,32.800000,32.800000,32.800000,32.800000,0
606,2017-10-04,32.800000,32.800000,32.800000,32.800000,0
606,2017-10-05,32.800000,32.800000,32.800000,32.800000,0
606,2017-10-06,32.800000,32.800000,32.800000,32.800000,0
606,2017-10-09,32.800000,32.800000,32.800000,32.800000,0
606,2017-10-10,32.800000,32.800000,32.800000,32.800000,0
606,2017-10-11,29.150000,29.150000,29.150000,29.150000,500
606,2017-10-12,29.150000,29.150000,29.150000,29.150000,0
606,2017-10-13,29.150000,29.150000,29.150000,29.150000,0
606,2017-10-16,29.150000,29.150000,29.150000,29.150000,0
606,2017-10-17,29.150000,29.150000,29.150000,29.150000,0
606,2017-10-18,29.150000,29.150000,29.150000,29.150000,0
606,2017-10-19,29.150000,29.150000,29.150000,29.150000,0
606,2017-10-20,29.150000,29.150000,29.150000,29.150000,0
606,2017-10-23,29.150000,29.150000,29.150000,29.150000,0
606,2017-10-24,29.150000,29.150000,29.150000,29.150000,0
606,2017-10-25,29.150000,29.150000,29.150000,29.150000,0
606,2017-10-26,29.790000,29.790000,29.790000,29.790000,900
606,2017-10-27,29.790000,29.790000,29.790000,29.790000,0
606,2017-10-30,29.900000,29.900000,29.900000,29.900000,10000
606,2017-10-31,29.900000,29.900000,29.900000,29.900000,0
606,2017-11-01,30.670000,30.670000,30.670000,30.670000,200
606,2017-11-02,30.670000,30.670000,30.670000,30.670000,0
606,2017-11-03,30.670000,30.670000,30.670000,30.670000,0
606,2017-11-06,30.670000,30.670000,30.670000,30.670000,0
606,2017-11-07,30.670000,30.670000,30.670000,30.670000,0
606,2017-11-08,30.670000,30.670000,30.670000,30.670000,0
606,2017-11-09,30.670000,30.670000,30.670000,30.670000,0
606,2017-11-10,30.670000,30.670000,30.670000,30.670000,0
606,2017-11-13,30.670000,30.670000,30.670000,30.670000,0
606,2017-11-14,30.670000,30.670000,30.670000,30.670000,0
606,2017-11-15,30.670000,30.670000,30.670000,30.670000,0
606,2017-11-16,30.670000,30.670000,30.670000,30.670000,1000
606,2017-11-17,30.220000,30.220000,30.220000,30.220000,200
606,2017-11-20,30.220000,30.220000,30.220000,30.220000,0
606,2017-11-21,30.220000,30.220000,30.220000,30.220000,0
606,2017-11-22,30.220000,30.220000,30.220000,30.220000,0
606,2017-11-24,30.220000,30.220000,30.220000,30.220000,0
606,2017-11-27,31.580000,31.580000,31.580000,31.580000,200
606,2017-11-28,31.580000,31.580000,31.580000,31.580000,0
606,2017-11-29,31.540000,31.540000,31.540000,31.540000,200
606,2017-11-30,31.540000,31.540000,31.540000,31.540000,0
606,2017-12-01,31.540000,31.540000,31.540000,31.540000,0
606,2017-12-04,31.540000,31.540000,31.540000,31.540000,0
606,2017-12-05,31.540000,31.540000,31.540000,31.540000,0
606,2017-12-06,31.540000,31.540000,31.540000,31.540000,0
606,2017-12-07,31.540000,31.540000,31.540000,31.540000,0
606,2017-12-08,31.540000,31.540000,31.540000,31.540000,0
606,2017-12-11,31.540000,31.540000,31.540000,31.540000,0
606,2017-12-12,31.540000,31.540000,31.540000,31.540000,3900
606,2017-12-13,31.440000,31.440000,31.440000,31.440000,200
606,2017-12-14,31.440000,31.440000,31.440000,31.440000,0
606,2017-12-15,31.440000,31.440000,31.440000,31.440000,5000
606,2017-12-18,31.440000,31.440000,31.440000,31.440000,0
606,2017-12-19,31.440000,31.440000,31.440000,31.440000,0
606,2017-12-20,31.440000,31.440000,31.440000,31.440000,0
606,2017-12-21,31.440000,31.440000,31.440000,31.440000,0
606,2017-12-22,33.120000,33.270000,33.120000,33.270000,200
606,2017-12-26,33.270000,33.270000,33.270000,33.270000,0
606,2017-12-27,33.270000,33.270000,33.270000,33.270000,0
606,2017-12-28,33.150000,33.150000,33.150000,33.150000,800
606,2017-12-29,33.150000,33.150000,33.150000,33.150000,0
606,2018-01-02,33.290000,33.290000,33.290000,33.290000,200
606,2018-01-03,33.580000,33.580000,33.580000,33.580000,100
606,2018-01-04,33.580000,33.580000,33.580000,33.580000,3500
606,2018-01-05,33.580000,33.580000,33.580000,33.580000,1500
606,2018-01-08,32.970000,32.970000,32.630000,32.630000,400
606,2018-01-09,32.630000,32.630000,32.630000,32.630000,0
606,2018-01-10,33.980000,33.980000,33.980000,33.980000,200
606,2018-01-11,33.980000,33.980000,33.980000,33.980000,0
606,2018-01-12,33.980000,33.980000,33.980000,33.980000,0
606,2018-01-16,33.980000,33.980000,33.980000,33.980000,0
606,2018-01-17,33.980000,33.980000,33.980000,33.980000,0
606,2018-01-18,33.980000,33.980000,33.980000,33.980000,0
606,2018-01-19,33.980000,33.980000,33.980000,33.980000,0
606,2018-01-22,33.980000,33.980000,33.980000,33.980000,0
606,2018-01-23,36.920000,37.250000,36.920000,37.250000,2600
606,2018-01-24,37.250000,37.250000,37.250000,37.250000,0
606,2018-01-25,37.250000,37.250000,37.250000,37.250000,0
606,2018-01-26,36.030000,36.030000,36.030000,36.030000,200
606,2018-01-29,36.030000,36.030000,36.030000,36.030000,0
606,2018-01-30,35.790000,35.960000,35.790000,35.960000,1400
606,2018-01-31,35.190000,35.190000,35.190000,35.190000,400
606,2018-02-01,36.260000,36.260000,36.260000,36.260000,200
606,2018-02-02,36.260000,36.260000,36.260000,36.260000,24000
606,2018-02-05,35.180000,35.180000,35.180000,35.180000,400
606,2018-02-06,34.530000,34.530000,34.530000,34.530000,400
606,2018-02-07,34.050000,34.050000,34.050000,34.050000,1100
606,2018-02-08,34.050000,34.050000,34.050000,34.050000,0
606,2018-02-09,33.580000,33.580000,33.290000,33.290000,1000
606,2018-02-12,33.820000,34.080000,33.820000,34.080000,1200
606,2018-02-13,34.080000,34.080000,34.080000,34.080000,0
606,2018-02-14,34.080000,34.080000,34.080000,34.080000,0
606,2018-02-15,34.080000,34.080000,34.080000,34.080000,0
606,2018-02-16,36.250000,36.250000,36.250000,36.250000,100
606,2018-02-20,36.710000,36.710000,36.710000,36.710000,600
606,2018-02-21,36.670000,36.670000,36.670000,36.670000,100
606,2018-02-22,36.670000,36.670000,36.670000,36.670000,0
606,2018-02-23,35.770000,35.770000,34.770000,35.350000,2300
606,2018-02-26,34.840000,34.840000,34.840000,34.840000,600
606,2018-02-27,35.040000,35.040000,35.040000,35.040000,2600
606,2018-02-28,34.740000,34.740000,34.740000,34.740000,300
606,2018-03-01,34.860000,34.860000,34.440000,34.440000,300
606,2018-03-02,34.900000,34.900000,33.710000,34.400000,3200
606,2018-03-05,34.980000,34.980000,34.980000,34.980000,200
606,2018-03-06,42.840000,44.050000,42.470000,44.050000,1000
606,2018-03-07,44.750000,44.750000,44.100000,44.100000,3100
606,2018-03-08,43.870000,43.870000,43.850000,43.850000,4100
606,2018-03-09,43.850000,43.850000,43.850000,43.850000,0
606,2018-03-12,43.850000,43.850000,43.850000,43.850000,0
606,2018-03-13,43.840000,43.840000,43.840000,43.840000,5200
606,2018-03-14,43.840000,43.840000,43.840000,43.840000,0
606,2018-03-15,43.920000,43.920000,43.840000,43.840000,3400
606,2018-03-16,44.020000,44.100000,43.950000,43.950000,5200
606,2018-03-19,43.950000,43.950000,43.950000,43.950000,0
606,2018-03-20,43.190000,43.190000,43.190000,43.190000,2700
606,2018-03-21,43.190000,43.190000,43.190000,43.190000,0
606,2018-03-22,42.700000,42.700000,42.700000,42.700000,300
606,2018-03-23,42.500000,43.310000,42.500000,43.310000,52700
606,2018-03-26,42.080000,42.080000,41.730000,41.730000,400
606,2018-03-27,41.730000,41.730000,41.730000,41.730000,0
606,2018-03-28,40.950000,40.980000,40.950000,40.980000,1200
606,2018-03-29,40.980000,40.980000,40.980000,40.980000,0
606,2018-04-02,40.650000,40.650000,39.900000,39.900000,400
606,2018-04-03,40.950000,40.950000,40.950000,40.950000,500
606,2018-04-04,41.570000,42.070000,41.570000,41.600000,6600
606,2018-04-05,41.600000,41.600000,41.600000,41.600000,0
606,2018-04-06,41.600000,41.600000,41.600000,41.600000,0
606,2018-04-09,42.340000,42.340000,42.340000,42.340000,200
606,2018-04-10,42.390000,42.390000,42.390000,42.390000,500
606,2018-04-11,41.900000,41.900000,41.900000,41.900000,600
606,2018-04-12,41.500000,41.770000,41.500000,41.770000,400
606,2018-04-13,42.780000,42.780000,42.750000,42.750000,300
606,2018-04-16,42.750000,42.750000,42.750000,42.750000,0
606,2018-04-17,42.750000,42.750000,42.750000,42.750000,0
606,2018-04-18,44.510000,44.510000,44.510000,44.510000,100
606,2018-04-19,45.490000,45.490000,45.490000,45.490000,100
606,2018-04-20,44.080000,44.350000,44.080000,44.350000,27400
606,2018-04-23,44.350000,44.350000,44.350000,44.350000,0
606,2018-04-24,43.000000,43.000000,43.000000,43.000000,9100
606,2018-04-25,43.000000,43.000000,43.000000,43.000000,0
606,2018-04-26,43.000000,43.000000,43.000000,43.000000,0
606,2018-04-27,42.520000,42.520000,42.520000,42.520000,100
606,2018-04-30,42.520000,42.520000,42.520000,42.520000,0
606,2018-05-01,41.700000,41.700000,41.700000,41.700000,100
606,2018-05-02,41.700000,41.700000,41.700000,41.700000,0
606,2018-05-03,40.800000,40.800000,40.800000,40.800000,400
606,2018-05-04,40.800000,40.800000,40.800000,40.800000,0
606,2018-05-07,40.800000,40.800000,40.800000,40.800000,0
606,2018-05-08,40.800000,40.800000,40.800000,40.800000,0
606,2018-05-09,40.800000,40.800000,40.800000,40.800000,0
606,2018-05-10,40.800000,40.800000,40.800000,40.800000,0
606,2018-05-11,40.800000,40.800000,40.800000,40.800000,0
606,2018-05-14,42.200000,42.200000,42.200000,42.200000,400
606,2018-05-15,42.200000,42.200000,42.200000,42.200000,0
606,2018-05-16,40.040000,40.040000,40.040000,40.040000,200
606,2018-05-17,40.040000,40.040000,40.040000,40.040000,0
606,2018-05-18,40.040000,40.040000,40.040000,40.040000,0
606,2018-05-21,40.040000,40.040000,40.040000,40.040000,0
606,2018-05-22,41.000000,41.050000,41.000000,41.050000,200
606,2018-05-23,41.050000,41.050000,41.050000,41.050000,100
606,2018-05-24,41.050000,41.050000,41.050000,41.050000,0
606,2018-05-25,41.050000,41.050000,41.050000,41.050000,0
606,2018-05-29,41.050000,41.050000,41.050000,41.050000,0
606,2018-05-30,41.050000,41.050000,41.050000,41.050000,0
606,2018-05-31,41.050000,41.050000,41.050000,41.050000,0
606,2018-06-01,41.980000,41.980000,41.980000,41.980000,400
606,2018-06-04,39.900000,39.920000,39.900000,39.920000,5300
606,2018-06-05,39.920000,39.920000,39.920000,39.920000,0
606,2018-06-06,39.920000,39.920000,39.920000,39.920000,0
606,2018-06-07,39.920000,39.920000,39.920000,39.920000,0
606,2018-06-08,39.920000,39.920000,39.920000,39.920000,0
606,2018-06-11,39.950000,39.950000,39.370000,39.650000,17900
606,2018-06-12,38.960000,38.960000,38.960000,38.960000,12700
606,2018-06-13,39.330000,39.330000,39.330000,39.330000,1600
606,2018-06-14,40.400000,40.400000,40.400000,40.400000,200
606,2018-06-15,40.400000,40.400000,40.400000,40.400000,0
606,2018-06-18,40.400000,40.400000,40.400000,40.400000,0
606,2018-06-19,39.930000,39.930000,39.930000,39.930000,100
606,2018-06-20,40.400000,40.400000,40.350000,40.350000,4300
606,2018-06-21,40.350000,40.350000,40.350000,40.350000,0
606,2018-06-22,40.350000,40.350000,40.350000,40.350000,0
606,2018-06-25,40.350000,40.350000,40.350000,40.350000,0
606,2018-06-26,40.350000,40.350000,40.350000,40.350000,0
606,2018-06-27,39.640000,39.640000,39.640000,39.640000,700
606,2018-06-28,39.640000,39.640000,39.640000,39.640000,0
606,2018-06-29,40.550000,40.550000,40.550000,40.550000,300
606,2018-07-02,40.550000,40.550000,40.550000,40.550000,0
606,2018-07-03,40.430000,40.430000,40.430000,40.430000,400
606,2018-07-05,40.450000,40.450000,40.450000,40.450000,200
606,2018-07-06,40.810000,40.810000,40.810000,40.810000,200
606,2018-07-09,41.220000,41.220000,41.220000,41.220000,100
606,2018-07-10,41.220000,41.220000,41.220000,41.220000,0
606,2018-07-11,41.220000,41.220000,41.220000,41.220000,0
606,2018-07-12,41.220000,41.220000,41.220000,41.220000,0
606,2018-07-13,41.220000,41.220000,41.220000,41.220000,0
606,2018-07-16,41.320000,41.320000,41.320000,41.320000,100
606,2018-07-17,41.320000,41.320000,41.320000,41.320000,0
606,2018-07-18,40.680000,40.680000,40.580000,40.580000,400
606,2018-07-19,39.840000,39.840000,39.840000,39.840000,300
606,2018-07-20,39.840000,39.840000,39.840000,39.840000,0
606,2018-07-23,39.840000,39.840000,39.840000,39.840000,0
606,2018-07-24,39.840000,39.840000,39.840000,39.840000,0
606,2018-07-25,39.840000,39.840000,39.840000,39.840000,0
606,2018-07-26,39.840000,39.840000,39.840000,39.840000,0
606,2018-07-27,39.840000,39.840000,39.840000,39.840000,0
606,2018-07-30,39.840000,39.840000,39.840000,39.840000,0
606,2018-07-31,41.380000,41.380000,41.380000,41.380000,300
606,2018-08-01,41.380000,41.380000,41.380000,41.380000,0
606,2018-08-02,40.950000,40.950000,40.950000,40.950000,200
606,2018-08-03,40.950000,40.950000,40.950000,40.950000,0
606,2018-08-06,40.950000,40.950000,40.950000,40.950000,0
606,2018-08-07,40.950000,40.950000,40.950000,40.950000,0
606,2018-08-08,40.950000,40.950000,40.950000,40.950000,0
606,2018-08-09,42.060000,42.060000,42.060000,42.060000,400
606,2018-08-10,42.060000,42.060000,42.060000,42.060000,0
606,2018-08-13,42.060000,42.060000,42.060000,42.060000,0
606,2018-08-14,42.060000,42.060000,42.060000,42.060000,0
606,2018-08-15,39.780000,39.780000,39.780000,39.780000,100
606,2018-08-16,40.370000,40.370000,40.370000,40.370000,1000
606,2018-08-17,40.370000,40.370000,40.370000,40.370000,0
606,2018-08-20,40.370000,40.370000,40.370000,40.370000,0
606,2018-08-21,40.370000,40.370000,40.370000,40.370000,0
606,2018-08-22,40.370000,40.370000,40.370000,40.370000,0
606,2018-08-23,41.990000,41.990000,41.990000,41.990000,300
606,2018-08-24,41.990000,41.990000,41.990000,41.990000,0
606,2018-08-27,41.990000,41.990000,41.990000,41.990000,0
606,2018-08-28,42.560000,42.640000,42.560000,42.640000,900
606,2018-08-29,42.640000,42.640000,42.640000,42.640000,0
606,2018-08-30,42.640000,42.640000,42.640000,42.640000,0
606,2018-08-31,42.640000,42.640000,42.640000,42.640000,0
606,2018-09-04,42.640000,42.640000,42.640000,42.640000,0
606,2018-09-05,42.640000,42.640000,42.640000,42.640000,0
606,2018-09-06,42.640000,42.640000,42.640000,42.640000,0
606,2018-09-07,42.640000,42.640000,42.640000,42.640000,0
606,2018-09-10,42.640000,42.640000,42.640000,42.640000,0
606,2018-09-11,42.640000,42.640000,42.640000,42.640000,0
606,2018-09-12,40.880000,40.880000,40.880000,40.880000,200
606,2018-09-13,40.880000,40.880000,40.880000,40.880000,0
606,2018-09-14,40.880000,40.880000,40.880000,40.880000,0
606,2018-09-17,40.880000,40.880000,40.880000,40.880000,0
606,2018-09-18,40.880000,40.880000,40.880000,40.880000,0
606,2018-09-19,40.880000,40.880000,40.880000,40.880000,0
606,2018-09-20,40.880000,40.880000,40.880000,40.880000,0
606,2018-09-21,40.880000,40.880000,40.880000,40.880000,0
606,2018-09-24,40.880000,40.880000,40.880000,40.880000,0
606,2018-09-25,40.880000,40.880000,40.880000,40.880000,0
606,2018-09-26,40.880000,40.880000,40.880000,40.880000,0
606,2018-09-27,40.880000,40.880000,40.880000,40.880000,0
606,2018-09-28,40.880000,40.880000,40.880000,40.880000,0
606,2018-10-01,40.880000,40.880000,40.880000,40.880000,0
606,2018-10-02,40.880000,40.880000,40.880000,40.880000,0
606,2018-10-03,40.880000,40.880000,40.880000,40.880000,0
606,2018-10-04,37.580000,37.580000,37.580000,37.580000,100
606,2018-10-05,37.580000,37.580000,37.580000,37.580000,0
606,2018-10-08,36.880000,37.330000,36.880000,37.330000,200
606,2018-10-09,37.330000,37.330000,37.330000,37.330000,0
606,2018-10-10,37.330000,37.330000,37.330000,37.330000,7000
606,2018-10-11,33.300000,33.300000,33.300000,33.300000,700
606,2018-10-12,33.300000,33.300000,33.300000,33.300000,0
606,2018-10-15,33.300000,33.300000,33.300000,33.300000,0
606,2018-10-16,33.300000,33.300000,33.300000,33.300000,0
606,2018-10-17,34.390000,34.390000,34.050000,34.050000,400
606,2018-10-18,34.050000,34.050000,34.050000,34.050000,0
606,2018-10-19,34.050000,34.050000,34.050000,34.050000,0
606,2018-10-22,34.050000,34.050000,34.050000,34.050000,0
606,2018-10-23,34.050000,34.050000,34.050000,34.050000,0
606,2018-10-24,31.670000,31.670000,31.670000,31.670000,100
606,2018-10-25,32.210000,32.210000,32.210000,32.210000,600
606,2018-10-26,32.210000,32.210000,32.210000,32.210000,0
606,2018-10-29,32.580000,32.580000,32.580000,32.580000,1000
606,2018-10-30,31.920000,31.920000,31.920000,31.920000,300
606,2018-10-31,31.920000,31.920000,31.920000,31.920000,0
606,2018-11-01,31.920000,31.920000,31.920000,31.920000,0
606,2018-11-02,31.920000,31.920000,31.920000,31.920000,0
606,2018-11-05,31.920000,31.920000,31.920000,31.920000,0
606,2018-11-06,31.920000,31.920000,31.920000,31.920000,0
606,2018-11-07,32.790000,32.790000,32.790000,32.790000,600
606,2018-11-08,32.790000,32.790000,32.790000,32.790000,0
606,2018-11-09,32.790000,32.790000,32.790000,32.790000,0
606,2018-11-12,29.610000,29.610000,29.610000,29.610000,100
606,2018-11-13,29.610000,29.610000,29.610000,29.610000,0
606,2018-11-14,30.350000,30.350000,30.300000,30.300000,400
606,2018-11-15,28.450000,28.450000,28.450000,28.450000,100
606,2018-11-16,28.450000,28.450000,28.450000,28.450000,0
606,2018-11-19,28.450000,28.450000,28.450000,28.450000,0
606,2018-11-20,27.510000,27.510000,27.510000,27.510000,100
606,2018-11-21,28.510000,28.510000,28.510000,28.510000,200
606,2018-11-23,28.510000,28.510000,28.510000,28.510000,400
606,2018-11-26,28.090000,28.090000,28.090000,28.090000,500
606,2018-11-27,28.090000,28.090000,28.090000,28.090000,100
606,2018-11-28,28.090000,28.090000,28.090000,28.090000,0
606,2018-11-29,28.090000,28.090000,28.090000,28.090000,0
606,2018-11-30,27.580000,27.640000,27.560000,27.640000,26100
606,2018-12-03,28.480000,28.540000,28.480000,28.540000,200
606,2018-12-04,26.780000,26.780000,26.160000,26.160000,300
606,2018-12-06,26.160000,26.160000,26.160000,26.160000,0
606,2018-12-07,26.160000,26.160000,26.160000,26.160000,0
606,2018-12-10,26.160000,26.160000,26.160000,26.160000,0
606,2018-12-11,26.160000,26.160000,26.160000,26.160000,0
606,2018-12-12,25.900000,26.000000,25.900000,26.000000,2700
606,2018-12-13,25.110000,25.110000,25.110000,25.110000,600
606,2018-12-14,25.110000,25.110000,25.110000,25.110000,0
606,2018-12-17,25.110000,25.110000,25.110000,25.110000,0
606,2018-12-18,25.110000,25.110000,25.110000,25.110000,0
606,2018-12-19,25.110000,25.110000,25.110000,25.110000,0
606,2018-12-20,26.150000,26.150000,26.150000,26.150000,600
606,2018-12-21,26.220000,26.340000,26.220000,26.340000,1000
606,2018-12-24,26.340000,26.340000,26.340000,26.340000,0
606,2018-12-26,26.560000,26.560000,26.560000,26.560000,6900
606,2018-12-27,26.560000,26.560000,26.560000,26.560000,0
606,2018-12-28,26.090000,26.090000,26.090000,26.090000,100
606,2018-12-31,26.410000,26.410000,26.330000,26.330000,3300
606,2019-01-02,26.330000,26.330000,26.330000,26.330000,0
606,2019-01-03,26.330000,26.330000,26.330000,26.330000,0
606,2019-01-04,27.550000,27.550000,27.550000,27.550000,100
606,2019-01-07,26.780000,26.790000,26.770000,26.790000,400
606,2019-01-08,26.790000,26.790000,26.790000,26.790000,0
606,2019-01-09,26.790000,26.790000,26.790000,26.790000,0
606,2019-01-10,26.790000,26.790000,26.790000,26.790000,0
606,2019-01-11,26.790000,26.790000,26.790000,26.790000,900
606,2019-01-14,28.020000,28.020000,28.020000,28.020000,100
606,2019-01-15,27.680000,27.680000,27.680000,27.680000,200
606,2019-01-16,28.340000,28.340000,28.340000,28.340000,200
606,2019-01-17,28.310000,28.310000,28.300000,28.300000,200
606,2019-01-18,28.680000,28.680000,28.680000,28.680000,100
606,2019-01-22,27.420000,27.570000,27.390000,27.570000,2300
606,2019-01-23,27.980000,27.980000,27.980000,27.980000,100
606,2019-01-24,27.380000,27.380000,27.380000,27.380000,300
606,2019-01-25,27.380000,27.380000,27.380000,27.380000,0
606,2019-01-28,27.380000,27.380000,27.380000,27.380000,0
606,2019-01-29,29.870000,29.870000,29.600000,29.600000,400
606,2019-01-30,29.600000,29.600000,29.600000,29.600000,0
606,2019-01-31,29.290000,29.290000,28.580000,28.580000,10300
606,2019-02-01,28.580000,28.580000,28.580000,28.580000,0
606,2019-02-04,28.580000,28.580000,28.580000,28.580000,0
606,2019-02-05,29.460000,29.700000,29.460000,29.550000,2600
606,2019-02-06,30.000000,30.310000,29.880000,30.310000,4400
606,2019-02-07,30.310000,30.310000,30.310000,30.310000,0
606,2019-02-08,30.310000,30.310000,30.310000,30.310000,300
606,2019-02-11,30.310000,30.310000,30.310000,30.310000,0
606,2019-02-12,30.310000,30.310000,30.310000,30.310000,100
606,2019-02-13,30.310000,30.310000,30.310000,30.310000,0
606,2019-02-14,30.030000,30.910000,30.030000,30.910000,80700
606,2019-02-15,30.390000,30.390000,30.390000,30.390000,400
606,2019-02-19,30.390000,30.390000,30.390000,30.390000,0
606,2019-02-20,29.980000,29.980000,29.980000,29.980000,3400
606,2019-02-21,28.960000,29.070000,28.960000,29.070000,3400
606,2019-02-22,29.240000,29.240000,29.240000,29.240000,300
606,2019-02-25,29.560000,29.560000,29.560000,29.560000,300
606,2019-02-26,29.560000,29.560000,29.560000,29.560000,0
606,2019-02-27,29.560000,29.560000,29.560000,29.560000,0
606,2019-02-28,29.560000,29.560000,29.560000,29.560000,0
606,2019-03-01,28.330000,28.330000,28.330000,28.330000,200
606,2019-03-04,28.330000,28.330000,28.330000,28.330000,0
606,2019-03-05,28.330000,28.330000,28.330000,28.330000,0
606,2019-03-06,28.330000,28.330000,28.330000,28.330000,100
606,2019-03-07,28.110000,28.110000,28.110000,28.110000,200
606,2019-03-08,27.650000,27.650000,27.190000,27.190000,400
606,2019-03-11,27.190000,27.190000,27.190000,27.190000,100
606,2019-03-12,27.190000,27.190000,27.190000,27.190000,0
606,2019-03-13,29.100000,29.100000,29.100000,29.100000,2600
606,2019-03-14,29.100000,29.100000,29.100000,29.100000,5200
606,2019-03-15,28.780000,28.780000,28.780000,28.780000,500
606,2019-03-18,28.780000,28.780000,28.780000,28.780000,100
606,2019-03-19,28.780000,28.780000,28.780000,28.780000,100
606,2019-03-20,28.780000,28.780000,28.780000,28.780000,0
606,2019-03-21,30.060000,30.060000,30.060000,30.060000,500
606,2019-03-22,30.060000,30.060000,30.060000,30.060000,0
606,2019-03-25,30.060000,30.060000,30.060000,30.060000,0
606,2019-03-26,27.950000,27.950000,27.950000,27.950000,100
606,2019-03-27,27.800000,27.800000,27.800000,27.800000,1000
606,2019-03-28,27.800000,27.800000,27.800000,27.800000,0
606,2019-03-29,27.860000,27.860000,27.860000,27.860000,300
606,2019-04-01,27.860000,27.860000,27.860000,27.860000,0
606,2019-04-02,27.860000,27.860000,27.860000,27.860000,0
606,2019-04-03,27.860000,27.860000,27.860000,27.860000,0
606,2019-04-04,30.260000,30.600000,30.260000,30.580000,3500
606,2019-04-05,30.770000,30.920000,30.530000,30.920000,2300
606,2019-04-08,31.120000,31.210000,31.000000,31.210000,500
606,2019-04-09,30.430000,30.430000,29.510000,29.510000,400
606,2019-04-10,29.950000,29.950000,29.950000,29.950000,100
606,2019-04-11,29.340000,29.340000,29.340000,29.340000,200
606,2019-04-12,30.260000,30.260000,30.260000,30.260000,200
606,2019-04-15,30.420000,30.420000,30.050000,30.050000,500
606,2019-04-16,30.420000,30.420000,30.120000,30.400000,1700
606,2019-04-17,30.570000,30.670000,30.570000,30.670000,400
606,2019-04-18,30.670000,30.670000,30.670000,30.670000,0
606,2019-04-22,30.670000,30.670000,30.670000,30.670000,0
606,2019-04-23,30.670000,30.670000,30.670000,30.670000,0
606,2019-04-24,30.300000,30.300000,29.830000,29.830000,1800
606,2019-04-25,29.830000,29.830000,29.830000,29.830000,0
606,2019-04-26,30.510000,30.510000,30.510000,30.510000,300
606,2019-04-29,30.510000,30.510000,30.510000,30.510000,0
606,2019-04-30,30.510000,30.510000,30.510000,30.510000,0
606,2019-05-01,29.860000,29.860000,29.530000,29.570000,5300
606,2019-05-02,29.570000,29.570000,29.570000,29.570000,4100
606,2019-05-03,30.740000,30.740000,30.740000,30.740000,200
606,2019-05-06,29.800000,29.800000,29.800000,29.800000,300
606,2019-05-07,29.800000,29.800000,29.800000,29.800000,0
606,2019-05-08,29.510000,29.510000,29.510000,29.510000,300
606,2019-05-09,29.510000,29.510000,29.510000,29.510000,100
606,2019-05-10,29.510000,29.510000,29.510000,29.510000,0
606,2019-05-13,29.510000,29.510000,29.510000,29.510000,100
606,2019-05-14,29.510000,29.510000,29.510000,29.510000,0
606,2019-05-15,29.510000,29.510000,29.510000,29.510000,0
606,2019-05-16,28.190000,28.190000,28.190000,28.190000,200
606,2019-05-17,27.800000,27.840000,27.800000,27.840000,400
606,2019-05-20,27.840000,27.840000,27.840000,27.840000,0
606,2019-05-21,27.840000,27.840000,27.840000,27.840000,0
606,2019-05-22,27.840000,27.840000,27.840000,27.840000,100
606,2019-05-23,27.840000,27.840000,27.840000,27.840000,100
606,2019-05-24,28.540000,28.540000,28.540000,28.540000,100
606,2019-05-28,28.540000,28.540000,28.540000,28.540000,0
606,2019-05-29,28.540000,28.540000,28.540000,28.540000,0
606,2019-05-30,27.980000,27.980000,27.980000,27.980000,200
606,2019-05-31,27.430000,27.430000,27.390000,27.390000,1400
606,2019-06-03,27.390000,27.390000,27.390000,27.390000,2500
606,2019-06-04,27.390000,27.390000,27.390000,27.390000,0
606,2019-06-05,27.390000,27.390000,27.390000,27.390000,0
606,2019-06-06,27.390000,27.390000,27.390000,27.390000,0
606,2019-06-07,28.800000,28.800000,28.800000,28.800000,2000
606,2019-06-10,28.800000,28.800000,28.800000,28.800000,0
606,2019-06-11,28.800000,28.800000,28.800000,28.800000,0
606,2019-06-12,28.800000,28.800000,28.800000,28.800000,300
606,2019-06-13,30.120000,30.120000,30.120000,30.120000,700
606,2019-06-14,29.660000,29.660000,29.620000,29.620000,700
606,2019-06-17,29.620000,29.620000,29.620000,29.620000,100
606,2019-06-18,29.960000,30.000000,29.920000,30.000000,6100
606,2019-06-19,30.000000,30.000000,30.000000,30.000000,0
606,2019-06-20,30.000000,30.000000,30.000000,30.000000,0
606,2019-06-21,30.000000,30.000000,30.000000,30.000000,0
606,2019-06-24,30.000000,30.000000,30.000000,30.000000,0
606,2019-06-25,30.250000,30.250000,30.250000,30.250000,200
606,2019-06-26,30.250000,30.250000,30.250000,30.250000,0
606,2019-06-27,30.250000,30.250000,30.250000,30.250000,0
606,2019-06-28,30.250000,30.250000,30.250000,30.250000,0
606,2019-07-01,31.000000,31.000000,31.000000,31.000000,1600
606,2019-07-02,31.270000,31.270000,31.270000,31.270000,1700
606,2019-07-03,31.270000,31.270000,31.270000,31.270000,0
606,2019-07-05,30.850000,30.950000,30.850000,30.950000,700
606,2019-07-08,30.950000,30.950000,30.950000,30.950000,0
606,2019-07-09,30.950000,30.950000,30.950000,30.950000,0
606,2019-07-10,31.060000,31.060000,31.060000,31.060000,100
606,2019-07-11,32.090000,32.390000,32.090000,32.390000,400
606,2019-07-12,33.280000,33.280000,33.280000,33.280000,1000
606,2019-07-15,33.280000,33.280000,33.280000,33.280000,0
606,2019-07-16,32.480000,32.480000,32.120000,32.120000,1100
606,2019-07-17,32.120000,32.120000,32.120000,32.120000,200
606,2019-07-18,32.120000,32.120000,32.120000,32.120000,0
606,2019-07-19,31.670000,31.670000,31.670000,31.670000,300
606,2019-07-22,31.670000,31.670000,31.670000,31.670000,0
606,2019-07-23,31.670000,31.670000,31.670000,31.670000,0
606,2019-07-24,31.670000,31.670000,31.670000,31.670000,0
606,2019-07-25,31.670000,31.670000,31.670000,31.670000,0
606,2019-07-26,32.130000,32.130000,32.120000,32.120000,600
606,2019-07-29,32.780000,32.830000,32.780000,32.830000,300
606,2019-07-30,32.780000,32.830000,32.780000,32.830000,300
606,2019-07-31,32.780000,32.830000,32.780000,32.830000,300
606,2019-08-01,32.780000,32.830000,32.780000,32.830000,300
606,2019-08-02,32.780000,32.830000,32.780000,32.830000,300
606,2019-08-05,32.780000,32.830000,32.780000,32.830000,300
606,2019-08-06,32.780000,32.830000,32.780000,32.830000,300
606,2019-08-07,28.530000,28.530000,28.530000,28.530000,2200
606,2019-08-08,28.530000,28.530000,28.530000,28.530000,2200
606,2019-08-09,28.530000,28.530000,28.530000,28.530000,2200
606,2019-08-12,28.530000,28.530000,28.530000,28.530000,2200
606,2019-08-13,29.420000,29.420000,29.420000,29.420000,300
606,2019-08-14,29.370000,29.420000,29.170000,29.420000,1000
606,2019-08-15,29.370000,29.420000,29.170000,29.420000,1000
606,2019-08-16,29.420000,29.420000,29.420000,29.420000,0
606,2019-08-19,29.420000,29.420000,29.420000,29.420000,0
606,2019-08-20,29.340000,29.340000,28.880000,28.880000,700
606,2019-08-21,28.880000,28.880000,28.880000,28.880000,0
606,2019-08-22,29.790000,29.790000,29.790000,29.790000,500
606,2019-08-23,29.390000,30.410000,29.390000,30.410000,17300
606,2019-08-26,30.410000,30.410000,30.410000,30.410000,0
606,2019-08-27,30.030000,30.030000,30.030000,30.030000,200
606,2019-08-28,29.590000,29.590000,29.550000,29.550000,300
606,2019-08-29,29.550000,29.550000,29.550000,29.550000,0
606,2019-08-30,29.550000,29.550000,29.550000,29.550000,0
606,2019-09-03,29.190000,29.190000,29.150000,29.150000,400
606,2019-09-04,29.150000,29.150000,29.150000,29.150000,0
606,2019-09-05,29.150000,29.150000,29.150000,29.150000,0
606,2019-09-06,32.490000,32.490000,31.790000,31.790000,300
606,2019-09-09,31.790000,31.790000,31.790000,31.790000,0
606,2019-09-10,31.790000,31.790000,31.790000,31.790000,0
606,2019-09-11,31.790000,31.790000,31.790000,31.790000,0
606,2019-09-12,31.790000,31.790000,31.790000,31.790000,0
606,2019-09-13,31.790000,31.790000,31.790000,31.790000,0
606,2019-09-16,31.790000,31.790000,31.790000,31.790000,0
606,2019-09-17,31.790000,31.790000,31.790000,31.790000,0
606,2019-09-18,32.050000,32.050000,32.050000,32.050000,200
606,2019-09-19,32.050000,32.050000,32.050000,32.050000,0
606,2019-09-20,32.050000,32.050000,32.050000,32.050000,0
606,2019-09-23,32.050000,32.050000,32.050000,32.050000,6000
606,2019-09-24,32.050000,32.050000,32.050000,32.050000,800
606,2019-09-25,32.050000,32.050000,32.050000,32.050000,0
606,2019-09-26,32.050000,32.050000,32.050000,32.050000,0
606,2019-09-27,32.050000,32.050000,32.050000,32.050000,0
606,2019-09-30,30.390000,30.390000,29.880000,29.880000,2900
606,2019-10-01,29.880000,29.880000,29.880000,29.880000,0
606,2019-10-02,29.880000,29.880000,29.880000,29.880000,300
606,2019-10-03,28.560000,28.560000,28.560000,28.560000,100
606,2019-10-04,28.560000,28.560000,28.560000,28.560000,0
606,2019-10-07,28.560000,28.560000,28.560000,28.560000,0
606,2019-10-08,28.560000,28.560000,28.560000,28.560000,0
606,2019-10-09,28.560000,28.560000,28.560000,28.560000,100
606,2019-10-10,29.880000,29.880000,29.880000,29.880000,200
606,2019-10-11,29.880000,29.880000,29.880000,29.880000,0
606,2019-10-14,29.880000,29.880000,29.880000,29.880000,0
606,2019-10-15,32.440000,32.530000,32.440000,32.530000,600
606,2019-10-16,32.530000,32.530000,32.530000,32.530000,0
606,2019-10-17,31.400000,31.400000,31.310000,31.310000,200
606,2019-10-18,31.310000,31.310000,31.310000,31.310000,0
606,2019-10-21,32.450000,32.450000,32.450000,32.450000,100
606,2019-10-22,32.450000,32.450000,32.450000,32.450000,0
606,2019-10-23,32.450000,32.450000,32.450000,32.450000,0
606,2019-10-24,32.450000,32.450000,32.450000,32.450000,0
606,2019-10-25,33.170000,33.170000,32.900000,32.900000,400
606,2019-10-28,33.240000,33.240000,33.240000,33.240000,200
606,2019-10-29,33.240000,33.240000,33.240000,33.240000,0
606,2019-10-30,33.240000,33.240000,33.240000,33.240000,0
606,2019-10-31,33.830000,33.830000,33.160000,33.160000,600
606,2019-11-01,33.160000,33.160000,33.160000,33.160000,0
606,2019-11-04,35.460000,35.460000,35.460000,35.460000,300
606,2019-11-05,35.460000,35.460000,35.460000,35.460000,0
606,2019-11-06,35.460000,35.460000,35.460000,35.460000,0
606,2019-11-07,35.460000,35.460000,35.460000,35.460000,0
606,2019-11-08,35.460000,35.460000,35.460000,35.460000,0
606,2019-11-11,35.460000,35.460000,35.460000,35.460000,0
606,2019-11-12,35.460000,35.460000,35.460000,35.460000,0
606,2019-11-13,35.460000,35.460000,35.460000,35.460000,0
606,2019-11-14,35.100000,35.100000,35.100000,35.100000,1200
606,2019-11-15,34.990000,34.990000,34.990000,34.990000,400
606,2019-11-18,34.990000,34.990000,34.990000,34.990000,100
606,2019-11-19,34.840000,34.840000,34.840000,34.840000,1700
606,2019-11-20,34.840000,34.840000,34.840000,34.840000,0
606,2019-11-21,34.840000,34.840000,34.840000,34.840000,0
606,2019-11-22,34.840000,34.840000,34.840000,34.840000,0
606,2019-11-25,34.840000,34.840000,34.840000,34.840000,0
606,2019-11-26,34.840000,34.840000,34.840000,34.840000,0
606,2019-11-27,35.610000,35.820000,35.610000,35.820000,700
606,2019-11-29,35.820000,35.820000,35.820000,35.820000,0
606,2019-12-02,35.820000,35.820000,35.820000,35.820000,0
606,2019-12-03,35.820000,35.820000,35.820000,35.820000,0
606,2019-12-04,35.110000,35.110000,35.110000,35.110000,500
606,2019-12-05,35.110000,35.110000,35.110000,35.110000,0
606,2019-12-06,35.110000,35.110000,35.110000,35.110000,0
606,2019-12-09,35.110000,35.110000,35.110000,35.110000,0
606,2019-12-10,35.110000,35.110000,35.110000,35.110000,0
606,2019-12-11,35.110000,35.110000,35.110000,35.110000,0
606,2019-12-12,35.320000,35.530000,35.280000,35.330000,1000
606,2019-12-13,36.920000,36.920000,36.910000,36.910000,400
606,2019-12-16,37.670000,38.000000,37.670000,38.000000,400
606,2019-12-17,37.960000,38.000000,37.960000,38.000000,500
606,2019-12-18,38.000000,38.000000,38.000000,38.000000,0
606,2019-12-19,38.000000,38.000000,38.000000,38.000000,0
606,2019-12-20,38.000000,38.150000,38.000000,38.150000,700
606,2019-12-23,38.150000,38.150000,38.150000,38.150000,0
606,2019-12-24,38.150000,38.150000,38.150000,38.150000,0
606,2019-12-26,38.150000,38.150000,38.150000,38.150000,0
606,2019-12-27,38.150000,38.150000,38.150000,38.150000,0
606,2019-12-30,38.150000,38.150000,38.150000,38.150000,0
606,2019-12-31,38.150000,38.150000,38.150000,38.150000,0
606,2020-01-02,39.240000,39.240000,38.860000,38.860000,300
606,2020-01-03,38.860000,38.860000,38.860000,38.860000,0
606,2020-01-06,37.590000,38.420000,37.590000,38.420000,700
606,2020-01-07,37.780000,37.780000,37.780000,37.780000,200
606,2020-01-08,36.960000,36.960000,36.960000,36.960000,200
606,2020-01-09,36.960000,36.960000,36.960000,36.960000,0
606,2020-01-10,37.000000,37.000000,37.000000,37.000000,200
606,2020-01-13,37.000000,37.000000,37.000000,37.000000,0
606,2020-01-14,37.000000,37.000000,37.000000,37.000000,0
606,2020-01-15,37.000000,37.000000,37.000000,37.000000,0
606,2020-01-16,37.000000,37.000000,37.000000,37.000000,0
606,2020-01-17,37.000000,37.000000,37.000000,37.000000,0
606,2020-01-21,37.000000,37.000000,37.000000,37.000000,0
606,2020-01-22,37.000000,37.000000,37.000000,37.000000,0
606,2020-01-23,37.000000,37.000000,37.000000,37.000000,0
606,2020-01-24,37.000000,37.000000,37.000000,37.000000,0
606,2020-01-27,37.000000,37.000000,37.000000,37.000000,0
606,2020-01-28,37.000000,37.000000,37.000000,37.000000,0
606,2020-01-29,37.000000,37.000000,37.000000,37.000000,0
606,2020-01-30,37.000000,37.000000,37.000000,37.000000,0
606,2020-01-31,37.000000,37.000000,37.000000,37.000000,0
606,2020-02-03,35.660000,35.660000,35.660000,35.660000,1100
606,2020-02-04,35.660000,35.660000,35.660000,35.660000,0
606,2020-02-05,37.110000,37.580000,37.110000,37.580000,500
606,2020-02-06,36.580000,36.580000,36.580000,36.580000,200
606,2020-02-07,37.520000,37.660000,37.520000,37.660000,300
606,2020-02-10,38.420000,38.420000,37.920000,37.920000,1900
606,2020-02-11,37.920000,37.920000,37.920000,37.920000,0
606,2020-02-12,37.920000,37.920000,37.920000,37.920000,0
606,2020-02-13,37.920000,37.920000,37.920000,37.920000,0
606,2020-02-14,37.920000,37.920000,37.920000,37.920000,0
606,2020-02-18,37.920000,37.920000,37.920000,37.920000,0
606,2020-02-19,37.330000,37.330000,36.940000,36.940000,400
606,2020-02-20,36.940000,36.940000,36.940000,36.940000,0
606,2020-02-21,36.940000,36.940000,36.940000,36.940000,0
606,2020-02-24,36.940000,36.940000,36.940000,36.940000,0
606,2020-02-25,34.600000,34.600000,34.600000,34.600000,100
606,2020-02-26,34.600000,34.600000,34.600000,34.600000,0
606,2020-02-27,34.600000,34.600000,34.600000,34.600000,0
606,2020-02-28,32.450000,32.450000,32.450000,32.450000,200
606,2020-03-02,33.210000,33.210000,33.210000,33.210000,400
606,2020-03-03,33.210000,33.210000,33.210000,33.210000,0
606,2020-03-04,34.350000,34.350000,34.350000,34.350000,100
606,2020-03-05,34.960000,34.960000,34.960000,34.960000,300
606,2020-03-06,34.960000,34.960000,34.960000,34.960000,0
606,2020-03-09,34.960000,34.960000,34.960000,34.960000,0
606,2020-03-10,34.960000,34.960000,34.960000,34.960000,0
606,2020-03-11,34.960000,34.960000,34.960000,34.960000,0
606,2020-03-12,26.540000,26.540000,26.540000,26.540000,300
606,2020-03-13,26.540000,26.540000,26.540000,26.540000,0
606,2020-03-16,26.540000,26.540000,26.540000,26.540000,0
606,2020-03-17,26.540000,26.540000,26.540000,26.540000,0
606,2020-03-18,26.540000,26.540000,26.540000,26.540000,0
606,2020-03-19,22.500000,22.500000,22.500000,22.500000,100
606,2020-03-20,24.090000,24.540000,24.090000,24.500000,2000
606,2020-03-23,21.370000,21.370000,21.360000,21.360000,400
606,2020-03-24,24.140000,24.140000,24.140000,24.140000,200
606,2020-03-25,24.140000,24.140000,24.140000,24.140000,0
606,2020-03-26,24.140000,24.140000,24.140000,24.140000,0
606,2020-03-27,26.960000,26.960000,26.960000,26.960000,900
606,2020-03-30,27.000000,27.130000,27.000000,27.130000,2100
606,2020-03-31,27.130000,27.130000,27.130000,27.130000,0
606,2020-04-01,27.000000,27.000000,27.000000,27.000000,100
606,2020-04-02,28.300000,28.300000,28.300000,28.300000,500
606,2020-04-03,28.300000,28.300000,28.300000,28.300000,0
606,2020-04-06,26.220000,27.720000,26.200000,27.720000,800
606,2020-04-07,28.080000,28.080000,28.080000,28.080000,200
606,2020-04-08,28.320000,28.320000,28.320000,28.320000,200
606,2020-04-09,28.320000,28.320000,28.320000,28.320000,0
606,2020-04-13,28.320000,28.320000,28.320000,28.320000,0
606,2020-04-14,28.430000,28.430000,28.430000,28.430000,300
606,2020-04-15,28.430000,28.430000,28.430000,28.430000,0
606,2020-04-16,28.430000,28.430000,28.430000,28.430000,0
606,2020-04-17,28.430000,28.430000,28.430000,28.430000,0
606,2020-04-20,27.150000,27.150000,27.150000,27.150000,600
606,2020-04-21,27.150000,27.150000,27.150000,27.150000,0
606,2020-04-22,27.150000,27.150000,27.150000,27.150000,0
606,2020-04-23,28.470000,28.530000,28.470000,28.530000,300
606,2020-04-24,29.050000,29.050000,28.350000,28.350000,29900
606,2020-04-27,29.220000,29.220000,29.220000,29.220000,3200
606,2020-04-28,29.220000,29.220000,29.220000,29.220000,0
606,2020-04-29,29.220000,29.220000,29.220000,29.220000,0
606,2020-04-30,29.220000,29.220000,29.220000,29.220000,0
606,2020-05-01,29.220000,29.220000,29.220000,29.220000,0
606,2020-05-04,30.280000,31.140000,30.280000,31.140000,500
606,2020-05-05,31.140000,31.140000,31.140000,31.140000,0
606,2020-05-06,31.140000,31.140000,31.140000,31.140000,0
606,2020-05-07,31.140000,31.140000,31.140000,31.140000,0
606,2020-05-08,31.140000,31.140000,31.140000,31.140000,0
606,2020-05-11,30.340000,30.340000,30.340000,30.340000,400
606,2020-05-12,30.120000,30.120000,30.120000,30.120000,300
606,2020-05-13,30.270000,30.270000,30.270000,30.270000,400
606,2020-05-14,28.400000,28.400000,28.400000,28.400000,1600
606,2020-05-15,28.400000,28.400000,28.400000,28.400000,0
606,2020-05-18,31.500000,31.500000,31.500000,31.500000,100
606,2020-05-19,31.500000,31.500000,31.500000,31.500000,0
606,2020-05-20,31.500000,31.500000,31.500000,31.500000,0
606,2020-05-21,31.500000,31.500000,31.500000,31.500000,0
606,2020-05-22,31.500000,31.500000,31.500000,31.500000,0
606,2020-05-26,32.400000,32.400000,32.400000,32.400000,100
606,2020-05-27,32.330000,32.330000,32.330000,32.330000,400
606,2020-05-28,32.840000,32.840000,32.840000,32.840000,700
606,2020-05-29,32.840000,32.840000,32.840000,32.840000,0
606,2020-06-01,32.840000,32.840000,32.840000,32.840000,0
606,2020-06-02,32.840000,32.840000,32.840000,32.840000,0
606,2020-06-03,32.840000,32.840000,32.840000,32.840000,0
606,2020-06-04,32.840000,32.840000,32.840000,32.840000,0
606,2020-06-05,32.840000,32.840000,32.840000,32.840000,0
606,2020-06-08,32.730000,32.730000,32.730000,32.730000,300
606,2020-06-09,31.850000,31.850000,31.730000,31.730000,200
606,2020-06-10,32.020000,32.020000,32.020000,32.020000,300
606,2020-06-11,32.020000,32.020000,32.020000,32.020000,0
606,2020-06-12,32.020000,32.020000,32.020000,32.020000,100
606,2020-06-15,32.020000,32.020000,32.020000,32.020000,0
606,2020-06-16,33.240000,33.240000,33.240000,33.240000,500
606,2020-06-17,33.240000,33.240000,33.240000,33.240000,200
606,2020-06-18,31.400000,33.570000,31.400000,33.570000,300
606,2020-06-19,31.920000,31.920000,31.920000,31.920000,500
606,2020-06-22,31.920000,31.920000,31.920000,31.920000,0
606,2020-06-23,34.390000,34.390000,34.390000,34.390000,300
606,2020-06-24,32.630000,32.630000,31.550000,31.550000,28800
606,2020-06-25,31.550000,31.550000,31.550000,31.550000,0
606,2020-06-26,31.550000,31.550000,31.550000,31.550000,0
606,2020-06-29,31.550000,31.550000,31.550000,31.550000,0
606,2020-06-30,34.150000,34.150000,34.150000,34.150000,300
606,2020-07-01,34.150000,34.150000,34.150000,34.150000,0
606,2020-07-02,31.910000,32.800000,31.910000,32.550000,500
606,2020-07-06,32.320000,32.360000,32.320000,32.360000,600
606,2020-07-07,31.310000,31.310000,31.270000,31.310000,900
606,2020-07-08,32.020000,32.020000,32.020000,32.020000,100
606,2020-07-09,30.070000,30.070000,30.070000,30.070000,500
606,2020-07-10,30.070000,30.070000,30.070000,30.070000,0
606,2020-07-13,30.070000,30.070000,30.070000,30.070000,0
606,2020-07-14,31.220000,31.220000,31.220000,31.220000,100
606,2020-07-15,30.600000,30.600000,30.600000,30.600000,100
606,2020-07-16,30.600000,30.600000,30.600000,30.600000,0
606,2020-07-17,30.600000,30.600000,30.600000,30.600000,0
606,2020-07-20,30.140000,32.010000,30.100000,32.010000,2500
606,2020-07-21,31.280000,31.280000,31.280000,31.280000,200
606,2020-07-22,32.060000,32.060000,32.060000,32.060000,15600
606,2020-07-23,32.530000,32.530000,31.050000,31.050000,500
606,2020-07-24,31.050000,31.050000,31.050000,31.050000,0
606,2020-07-27,31.050000,31.050000,31.050000,31.050000,0
606,2020-07-28,31.050000,31.050000,31.050000,31.050000,0
606,2020-07-29,31.050000,31.050000,31.050000,31.050000,0
606,2020-07-30,33.220000,33.220000,33.220000,33.220000,100
606,2020-07-31,33.220000,33.220000,33.220000,33.220000,0
606,2020-08-03,34.150000,34.380000,34.150000,34.380000,22100
606,2020-08-04,34.380000,34.380000,34.380000,34.380000,0
606,2020-08-05,34.010000,34.010000,33.970000,33.970000,400
606,2020-08-06,33.970000,33.970000,33.970000,33.970000,0
606,2020-08-07,33.970000,33.970000,33.970000,33.970000,0
606,2020-08-10,35.570000,35.570000,35.570000,35.570000,400
606,2020-08-11,35.040000,35.040000,35.040000,35.040000,100
606,2020-08-12,35.740000,35.740000,35.500000,35.500000,200
606,2020-08-13,35.500000,35.500000,35.500000,35.500000,0
606,2020-08-14,35.500000,35.500000,35.500000,35.500000,0
606,2020-08-17,35.450000,35.450000,35.450000,35.450000,100
606,2020-08-18,36.000000,37.000000,36.000000,37.000000,2000
606,2020-08-19,35.600000,37.850000,35.600000,37.850000,1600
606,2020-08-20,35.650000,35.650000,35.650000,35.650000,500
606,2020-08-21,36.250000,36.250000,36.250000,36.250000,500
606,2020-08-24,36.250000,36.250000,36.250000,36.250000,0
606,2020-08-25,35.990000,37.220000,35.470000,35.470000,600
606,2020-08-26,35.690000,38.040000,35.690000,38.040000,1500
606,2020-08-27,38.040000,38.040000,38.040000,38.040000,0
606,2020-08-28,38.040000,38.040000,38.040000,38.040000,0
606,2020-08-31,36.420000,36.420000,36.420000,36.420000,200
606,2020-09-01,36.420000,36.420000,36.420000,36.420000,0
606,2020-09-02,36.420000,36.420000,36.420000,36.420000,0
606,2020-09-03,36.420000,36.420000,36.420000,36.420000,0
606,2020-09-04,36.570000,36.570000,35.120000,35.120000,400
606,2020-09-08,37.010000,37.030000,37.010000,37.030000,500
606,2020-09-09,36.150000,36.150000,36.150000,36.150000,200
606,2020-09-10,36.150000,36.150000,36.150000,36.150000,400
606,2020-09-11,37.040000,37.960000,37.040000,37.960000,400
606,2020-09-14,37.000000,37.000000,37.000000,37.000000,100
606,2020-09-15,38.490000,39.170000,38.360000,38.360000,700
606,2020-09-16,38.930000,39.330000,38.930000,39.330000,400
606,2020-09-17,38.800000,38.800000,38.800000,38.800000,5000
606,2020-09-18,39.130000,39.130000,38.450000,38.450000,500
606,2020-09-21,38.640000,38.640000,38.640000,38.640000,200
606,2020-09-22,37.930000,37.930000,37.930000,37.930000,2600
606,2020-09-23,37.750000,37.750000,37.750000,37.750000,200
606,2020-09-24,37.750000,37.750000,37.750000,37.750000,0
606,2020-09-25,37.750000,37.750000,37.750000,37.750000,0
606,2020-09-28,39.000000,39.000000,39.000000,39.000000,300
606,2020-09-29,38.910000,38.910000,38.730000,38.730000,400
606,2020-09-30,39.180000,39.180000,39.180000,39.180000,30400
606,2020-10-01,40.000000,40.000000,40.000000,40.000000,2600
606,2020-10-02,39.930000,39.930000,39.930000,39.930000,200
606,2020-10-05,39.930000,39.930000,39.930000,39.930000,0
606,2020-10-06,39.930000,39.930000,39.930000,39.930000,0
606,2020-10-07,39.930000,39.930000,39.930000,39.930000,0
606,2020-10-08,39.360000,39.850000,39.330000,39.850000,900
606,2020-10-09,42.000000,42.000000,39.920000,39.950000,1400
606,2020-10-12,40.830000,40.830000,40.830000,40.830000,200
606,2020-10-13,39.720000,39.780000,39.700000,39.700000,3200
606,2020-10-14,40.390000,40.390000,40.390000,40.390000,600
606,2020-10-15,40.390000,40.390000,40.390000,40.390000,0
606,2020-10-16,40.390000,40.390000,40.390000,40.390000,100
606,2020-10-19,40.390000,40.390000,40.390000,40.390000,100
606,2020-10-20,40.390000,40.390000,40.390000,40.390000,100
606,2020-10-21,40.390000,40.390000,40.390000,40.390000,0
606,2020-10-22,39.690000,39.690000,39.650000,39.650000,400
606,2020-10-23,39.650000,39.650000,39.650000,39.650000,0
606,2020-10-26,40.570000,40.570000,40.570000,40.570000,300
606,2020-10-27,37.790000,37.790000,37.790000,37.790000,300
606,2020-10-28,36.280000,36.740000,36.280000,36.740000,400
606,2020-10-29,38.750000,38.750000,38.540000,38.540000,400
606,2020-10-30,38.540000,38.540000,38.540000,38.540000,0
606,2020-11-02,37.990000,37.990000,37.990000,37.990000,300
606,2020-11-03,37.990000,37.990000,37.990000,37.990000,0
606,2020-11-04,41.050000,41.050000,41.050000,41.050000,600
606,2020-11-05,43.610000,43.610000,41.450000,41.450000,600
606,2020-11-06,43.180000,43.180000,43.180000,43.180000,600
606,2020-11-09,43.180000,43.180000,43.180000,43.180000,0
606,2020-11-10,43.180000,43.180000,43.180000,43.180000,0
606,2020-11-11,42.490000,42.490000,42.490000,42.490000,200
606,2020-11-12,41.870000,41.870000,41.870000,41.870000,200
606,2020-11-13,43.690000,43.690000,42.900000,42.900000,1400
606,2020-11-16,42.530000,42.530000,42.340000,42.340000,1000
606,2020-11-17,42.790000,43.140000,42.790000,43.140000,500
606,2020-11-18,43.140000,43.140000,43.140000,43.140000,0
606,2020-11-19,41.690000,41.690000,41.650000,41.650000,1600
606,2020-11-20,42.630000,42.630000,41.840000,41.840000,2800
606,2020-11-23,41.840000,41.840000,41.840000,41.840000,100
606,2020-11-24,43.670000,43.670000,41.550000,41.550000,500
606,2020-11-25,40.750000,40.750000,40.750000,40.750000,200
606,2020-11-27,40.750000,40.750000,40.750000,40.750000,0
606,2020-11-30,44.050000,44.050000,44.050000,44.050000,100
606,2020-12-01,44.050000,44.050000,44.050000,44.050000,0
606,2020-12-02,42.850000,42.910000,42.820000,42.910000,9000
606,2020-12-03,42.910000,42.910000,42.910000,42.910000,0
606,2020-12-04,44.230000,44.230000,44.230000,44.230000,100
606,2020-12-07,43.840000,43.840000,43.840000,43.840000,200
606,2020-12-08,43.840000,43.840000,43.840000,43.840000,0
606,2020-12-09,45.510000,45.510000,45.510000,45.510000,106200
606,2020-12-10,46.760000,46.800000,46.760000,46.800000,400
606,2020-12-11,46.800000,46.800000,46.800000,46.800000,0
606,2020-12-14,45.200000,45.200000,45.200000,45.200000,400
606,2020-12-15,45.200000,45.200000,45.200000,45.200000,0
606,2020-12-16,45.620000,45.620000,45.620000,45.620000,200
606,2020-12-17,45.620000,45.620000,45.620000,45.620000,0
606,2020-12-18,47.460000,47.460000,46.400000,46.400000,4000
606,2020-12-21,46.400000,46.400000,46.400000,46.400000,0
606,2020-12-22,46.400000,46.400000,46.400000,46.400000,0
606,2020-12-23,47.050000,47.050000,47.050000,47.050000,9300
606,2020-12-24,47.050000,47.050000,47.050000,47.050000,0
606,2020-12-28,47.050000,47.050000,47.050000,47.050000,0
606,2020-12-29,47.050000,47.050000,47.050000,47.050000,800
606,2020-12-30,47.050000,47.050000,47.050000,47.050000,0
606,2020-12-31,47.050000,47.050000,47.050000,47.050000,0
606,2021-01-04,47.610000,47.610000,47.610000,47.610000,500
606,2021-01-05,47.610000,47.610000,47.610000,47.610000,0
606,2021-01-06,47.610000,47.610000,47.610000,47.610000,0
606,2021-01-07,47.610000,47.610000,47.610000,47.610000,500
606,2021-01-08,48.960000,49.210000,48.960000,49.210000,12500
606,2021-01-11,47.940000,47.940000,47.900000,47.900000,1600
606,2021-01-12,47.900000,47.900000,47.900000,47.900000,0
606,2021-01-13,47.900000,47.900000,47.900000,47.900000,0
606,2021-01-14,49.840000,49.840000,49.840000,49.840000,800
606,2021-01-15,47.890000,47.890000,47.690000,47.690000,400
606,2021-01-19,47.690000,47.690000,47.690000,47.690000,0
606,2021-01-20,47.690000,47.690000,47.690000,47.690000,0
606,2021-01-21,47.690000,47.690000,47.690000,47.690000,0
606,2021-01-22,47.690000,47.690000,47.690000,47.690000,0
606,2021-01-25,47.690000,47.690000,47.690000,47.690000,0
606,2021-01-26,47.690000,47.690000,47.690000,47.690000,0
606,2021-01-27,47.690000,47.690000,47.690000,47.690000,0
606,2021-01-28,47.690000,47.690000,47.690000,47.690000,0
606,2021-01-29,49.010000,49.010000,49.010000,49.010000,200
606,2021-02-01,46.580000,46.580000,46.580000,46.580000,300
606,2021-02-02,46.580000,46.580000,46.580000,46.580000,0
606,2021-02-03,46.580000,46.580000,46.580000,46.580000,0
606,2021-02-04,50.600000,50.600000,50.600000,50.600000,300
606,2021-02-05,50.600000,50.600000,50.600000,50.600000,0
606,2021-02-08,50.600000,50.600000,50.600000,50.600000,0
606,2021-02-09,50.600000,50.600000,50.600000,50.600000,0
606,2021-02-10,50.600000,50.600000,50.600000,50.600000,0
606,2021-02-11,50.400000,50.400000,50.400000,50.400000,1500
606,2021-02-12,51.540000,51.540000,51.540000,51.540000,200
606,2021-02-16,51.540000,51.540000,51.540000,51.540000,0
606,2021-02-17,49.900000,49.900000,49.900000,49.900000,600
606,2021-02-18,49.900000,49.900000,49.900000,49.900000,0
606,2021-02-19,49.900000,49.900000,49.900000,49.900000,1100
606,2021-02-22,49.900000,49.900000,49.900000,49.900000,0
606,2021-02-23,48.140000,48.140000,48.140000,48.140000,165000
606,2021-02-24,48.140000,48.140000,48.140000,48.140000,200
606,2021-02-25,48.140000,48.140000,48.140000,48.140000,0
606,2021-02-26,48.140000,48.140000,48.140000,48.140000,0
606,2021-03-01,48.140000,48.140000,48.140000,48.140000,0
606,2021-03-02,48.140000,48.140000,48.140000,48.140000,0
606,2021-03-03,48.140000,48.140000,48.140000,48.140000,0
606,2021-03-04,49.030000,49.030000,49.030000,49.030000,400
606,2021-03-05,49.030000,49.030000,49.030000,49.030000,0
606,2021-03-08,46.140000,46.140000,46.060000,46.060000,400
606,2021-03-09,46.060000,46.060000,46.060000,46.060000,0
606,2021-03-10,46.060000,46.060000,46.060000,46.060000,0
606,2021-03-11,46.060000,46.060000,46.060000,46.060000,0
606,2021-03-12,49.060000,49.060000,49.060000,49.060000,300
606,2021-03-15,46.820000,46.900000,46.820000,46.900000,500
606,2021-03-16,46.900000,46.900000,46.900000,46.900000,0
606,2021-03-17,46.900000,46.900000,46.900000,46.900000,0
606,2021-03-18,46.900000,46.900000,46.900000,46.900000,0
606,2021-03-19,46.900000,46.900000,46.900000,46.900000,0
606,2021-03-22,46.900000,46.900000,46.900000,46.900000,0
606,2021-03-23,46.900000,46.900000,46.900000,46.900000,0
606,2021-03-24,46.900000,46.900000,46.900000,46.900000,600
606,2021-03-25,46.900000,46.900000,46.900000,46.900000,0
606,2021-03-26,46.900000,46.900000,46.900000,46.900000,100
606,2021-03-29,46.900000,46.900000,46.900000,46.900000,0
606,2021-03-30,46.900000,46.900000,46.900000,46.900000,0
606,2021-03-31,45.930000,45.930000,45.850000,45.850000,600
606,2021-04-01,45.850000,45.850000,45.850000,45.850000,100
606,2021-04-05,45.850000,45.850000,45.850000,45.850000,0
606,2021-04-06,45.850000,45.850000,45.850000,45.850000,200
606,2021-04-07,50.590000,50.590000,50.590000,50.590000,200
606,2021-04-08,48.950000,48.950000,48.950000,48.950000,100
606,2021-04-09,49.700000,50.020000,49.700000,50.020000,400
606,2021-04-12,50.020000,50.020000,50.020000,50.020000,0
606,2021-04-13,49.850000,49.850000,49.850000,49.850000,400
606,2021-04-14,47.720000,47.720000,47.240000,47.670000,7700
606,2021-04-15,50.040000,50.220000,50.040000,50.220000,23000
606,2021-04-16,50.290000,50.690000,50.290000,50.640000,1500
606,2021-04-19,50.640000,50.640000,50.640000,50.640000,0
606,2021-04-20,48.410000,50.420000,48.410000,50.420000,2200
606,2021-04-21,50.060000,50.060000,49.980000,49.980000,1900
606,2021-04-22,49.980000,49.980000,49.980000,49.980000,0
606,2021-04-23,49.980000,49.980000,49.980000,49.980000,0
606,2021-04-26,49.980000,49.980000,49.980000,49.980000,0
606,2021-04-27,50.590000,50.590000,47.420000,48.000000,800
606,2021-04-28,48.160000,49.110000,47.710000,49.110000,1300
606,2021-04-29,49.110000,49.110000,49.110000,49.110000,0
606,2021-04-30,49.110000,49.110000,49.110000,49.110000,0
606,2021-05-03,49.110000,49.110000,49.110000,49.110000,0
606,2021-05-04,48.480000,48.480000,48.480000,48.480000,200
606,2021-05-05,52.380000,52.380000,52.380000,52.380000,600
606,2021-05-06,55.010000,55.010000,53.300000,53.300000,400
606,2021-05-07,53.300000,53.300000,53.300000,53.300000,0
606,2021-05-10,53.300000,53.300000,53.300000,53.300000,100
606,2021-05-11,53.300000,53.300000,53.300000,53.300000,0
606,2021-05-12,55.320000,55.320000,55.320000,55.320000,200
606,2021-05-13,55.320000,55.320000,55.320000,55.320000,100
606,2021-05-14,55.320000,55.320000,55.320000,55.320000,0
606,2021-05-17,52.710000,55.070000,52.710000,52.950000,1500
606,2021-05-18,56.720000,56.720000,52.180000,52.180000,300
606,2021-05-19,52.180000,52.180000,52.180000,52.180000,0
606,2021-05-20,52.920000,52.920000,52.790000,52.790000,12500
606,2021-05-21,56.590000,56.590000,56.590000,56.590000,100
606,2021-05-24,50.900000,50.900000,50.900000,50.900000,400
606,2021-05-25,50.900000,50.900000,50.900000,50.900000,100
606,2021-05-26,55.720000,55.720000,55.720000,55.720000,100
606,2021-05-27,53.650000,53.650000,53.650000,53.650000,300
606,2021-05-28,51.130000,55.620000,51.050000,55.620000,2100
606,2021-06-01,52.380000,52.380000,52.380000,52.380000,200
606,2021-06-02,52.930000,52.930000,52.930000,52.930000,200
606,2021-06-03,52.930000,52.930000,52.930000,52.930000,0
606,2021-06-04,52.930000,52.930000,52.930000,52.930000,600
606,2021-06-07,52.930000,52.930000,52.930000,52.930000,0
606,2021-06-08,52.930000,52.930000,52.930000,52.930000,0
606,2021-06-09,52.930000,52.930000,52.930000,52.930000,0
606,2021-06-10,55.730000,55.730000,55.730000,55.730000,100
606,2021-06-11,57.720000,57.720000,53.050000,53.050000,600
606,2021-06-14,53.050000,53.050000,53.050000,53.050000,0
606,2021-06-15,53.050000,53.050000,53.050000,53.050000,0
606,2021-06-16,53.050000,53.050000,53.050000,53.050000,0
606,2021-06-17,53.050000,53.050000,53.050000,53.050000,0
606,2021-06-18,53.050000,53.050000,53.050000,53.050000,0
606,2021-06-21,52.070000,52.070000,52.070000,52.070000,200
606,2021-06-22,52.070000,52.070000,52.070000,52.070000,0
606,2021-06-23,52.070000,52.070000,52.070000,52.070000,0
606,2021-06-24,52.070000,52.070000,52.070000,52.070000,0
606,2021-06-25,56.740000,56.740000,56.740000,56.740000,200
606,2021-06-28,53.540000,53.540000,53.540000,53.540000,500
606,2021-06-29,53.540000,53.540000,53.540000,53.540000,900
606,2021-06-30,53.540000,53.540000,53.540000,53.540000,0
606,2021-07-01,56.570000,56.570000,56.570000,56.570000,200
606,2021-07-02,56.570000,56.570000,56.570000,56.570000,0
606,2021-07-06,56.570000,56.570000,56.570000,56.570000,0
606,2021-07-07,56.570000,56.570000,56.570000,56.570000,0
606,2021-07-08,56.570000,56.570000,56.570000,56.570000,0
606,2021-07-09,57.220000,57.220000,52.880000,52.880000,500
606,2021-07-12,56.480000,56.480000,56.480000,56.480000,200
606,2021-07-13,56.450000,56.450000,56.450000,56.450000,800
606,2021-07-14,56.450000,56.450000,56.450000,56.450000,100
606,2021-07-15,56.450000,56.450000,56.450000,56.450000,100
606,2021-07-16,56.450000,56.450000,56.450000,56.450000,100
606,2021-07-19,56.450000,56.450000,56.450000,56.450000,100
606,2021-07-20,56.450000,56.450000,56.450000,56.450000,100
606,2021-07-21,51.980000,51.980000,51.980000,51.980000,100
606,2021-07-22,55.250000,55.250000,55.250000,55.250000,100
606,2021-07-23,56.870000,56.870000,56.870000,56.870000,200
606,2021-07-26,57.650000,57.650000,57.650000,57.650000,400
606,2021-07-27,53.980000,53.980000,53.980000,53.980000,200
606,2021-07-28,53.980000,53.980000,53.980000,53.980000,0
606,2021-07-29,53.980000,53.980000,53.980000,53.980000,0
606,2021-07-30,53.980000,53.980000,53.980000,53.980000,0
606,2021-08-02,56.670000,56.670000,54.580000,54.580000,500
606,2021-08-03,54.580000,54.580000,54.580000,54.580000,0
606,2021-08-04,54.580000,54.580000,54.580000,54.580000,0
606,2021-08-05,54.580000,54.580000,54.580000,54.580000,0
606,2021-08-06,54.910000,54.910000,54.910000,54.910000,200
606,2021-08-09,54.910000,54.910000,54.910000,54.910000,0
606,2021-08-10,54.750000,54.750000,54.750000,54.750000,300
606,2021-08-11,55.430000,55.430000,55.430000,55.430000,200
606,2021-08-12,55.430000,55.430000,55.430000,55.430000,0
606,2021-08-13,58.770000,58.770000,58.770000,58.770000,300
606,2021-08-16,58.770000,58.770000,58.770000,58.770000,0
606,2021-08-17,59.080000,59.080000,57.950000,57.950000,1800
606,2021-08-18,60.070000,60.070000,60.070000,60.070000,100
606,2021-08-19,60.070000,60.070000,60.070000,60.070000,0
606,2021-08-20,60.070000,60.070000,60.070000,60.070000,0
606,2021-08-23,60.070000,60.070000,60.070000,60.070000,0
606,2021-08-24,60.070000,60.070000,60.070000,60.070000,0
606,2021-08-25,56.930000,56.930000,56.930000,56.930000,200
606,2021-08-26,56.930000,56.930000,56.930000,56.930000,0
606,2021-08-27,56.930000,56.930000,56.930000,56.930000,0
606,2021-08-30,56.930000,56.930000,56.930000,56.930000,0
606,2021-08-31,56.780000,56.780000,56.780000,56.780000,200
606,2021-09-01,56.040000,56.040000,56.040000,56.040000,200
606,2021-09-02,56.390000,56.390000,56.340000,56.340000,400
606,2021-09-03,56.340000,56.340000,56.340000,56.340000,200
606,2021-09-07,56.340000,56.340000,56.340000,56.340000,0
606,2021-09-08,56.340000,56.340000,56.340000,56.340000,0
606,2021-09-09,56.340000,56.340000,56.340000,56.340000,0
606,2021-09-10,56.340000,56.340000,56.340000,56.340000,0
606,2021-09-13,58.580000,58.580000,55.350000,55.350000,600
606,2021-09-14,55.350000,55.350000,55.350000,55.350000,0
606,2021-09-15,55.350000,55.350000,55.350000,55.350000,0
606,2021-09-16,58.580000,58.580000,58.580000,58.580000,200
606,2021-09-17,56.710000,56.710000,56.710000,56.710000,300
606,2021-09-20,56.710000,56.710000,56.710000,56.710000,0
606,2021-09-21,56.710000,56.710000,56.710000,56.710000,0
606,2021-09-22,56.710000,56.710000,56.710000,56.710000,0
606,2021-09-23,56.710000,56.710000,56.710000,56.710000,0
606,2021-09-24,56.710000,56.710000,56.710000,56.710000,0
606,2021-09-27,55.580000,55.580000,55.580000,55.580000,300
606,2021-09-28,51.190000,51.190000,51.110000,51.110000,900
606,2021-09-29,51.110000,51.110000,51.110000,51.110000,0
606,2021-09-30,51.110000,51.110000,51.110000,51.110000,100
606,2021-10-01,54.120000,54.120000,53.460000,53.460000,300
606,2021-10-04,53.900000,53.980000,53.900000,53.950000,500
606,2021-10-05,53.950000,53.950000,53.950000,53.950000,0
606,2021-10-06,53.950000,53.950000,53.950000,53.950000,0
606,2021-10-07,54.920000,54.920000,54.920000,54.920000,400
606,2021-10-08,54.920000,54.920000,54.920000,54.920000,0
606,2021-10-11,54.920000,54.920000,54.920000,54.920000,0
606,2021-10-12,54.920000,54.920000,54.920000,54.920000,0
606,2021-10-13,54.920000,54.920000,54.920000,54.920000,0
606,2021-10-14,54.920000,54.920000,54.920000,54.920000,0
606,2021-10-15,54.920000,54.920000,54.920000,54.920000,0
606,2021-10-18,51.690000,51.690000,50.330000,50.330000,1100
606,2021-10-19,50.700000,50.700000,50.700000,50.700000,200
606,2021-10-20,50.700000,50.700000,50.700000,50.700000,0
606,2021-10-21,48.730000,48.730000,48.730000,48.730000,200
606,2021-10-22,48.730000,48.730000,48.730000,48.730000,0
606,2021-10-25,49.530000,49.530000,49.530000,49.530000,300
606,2021-10-26,49.530000,49.530000,49.530000,49.530000,0
606,2021-10-27,51.730000,51.730000,51.730000,51.730000,100
606,2021-10-28,51.730000,51.730000,51.730000,51.730000,0
606,2021-10-29,51.730000,51.730000,51.730000,51.730000,0
606,2021-11-01,51.730000,51.730000,51.730000,51.730000,0
606,2021-11-02,51.730000,51.730000,51.730000,51.730000,0
606,2021-11-03,53.140000,54.000000,53.140000,54.000000,700
606,2021-11-04,54.000000,54.000000,54.000000,54.000000,0
606,2021-11-05,54.000000,54.000000,54.000000,54.000000,0
606,2021-11-08,54.000000,54.000000,54.000000,54.000000,0
606,2021-11-09,54.000000,54.000000,54.000000,54.000000,0
606,2021-11-10,51.670000,51.670000,51.670000,51.670000,200
606,2021-11-11,52.440000,52.440000,52.440000,52.440000,1200
606,2021-11-12,52.440000,52.440000,52.440000,52.440000,0
606,2021-11-15,52.280000,52.280000,52.280000,52.280000,300
606,2021-11-16,54.030000,54.110000,54.030000,54.110000,400
606,2021-11-17,54.110000,54.110000,54.110000,54.110000,0
606,2021-11-18,53.230000,53.230000,53.230000,53.230000,200
606,2021-11-19,52.800000,52.920000,52.800000,52.920000,1000
606,2021-11-22,51.020000,51.020000,51.020000,51.020000,300
606,2021-11-23,51.020000,51.020000,51.020000,51.020000,0
606,2021-11-24,51.020000,51.020000,51.020000,51.020000,0
606,2021-11-26,52.620000,52.620000,52.620000,52.620000,200
606,2021-11-29,52.620000,52.620000,52.620000,52.620000,0
606,2021-11-30,52.620000,52.620000,52.620000,52.620000,0
606,2021-12-01,52.620000,52.620000,52.620000,52.620000,0
606,2021-12-02,52.620000,52.620000,52.620000,52.620000,0
606,2021-12-03,52.550000,52.550000,52.550000,52.550000,300
606,2021-12-06,52.550000,52.550000,52.550000,52.550000,0
606,2021-12-07,52.250000,52.250000,52.250000,52.250000,400
606,2021-12-08,51.650000,54.500000,51.650000,54.500000,600
606,2021-12-09,54.500000,54.500000,54.500000,54.500000,100
606,2021-12-10,52.770000,52.770000,52.770000,52.770000,200
606,2021-12-13,54.420000,54.500000,54.420000,54.500000,1200
606,2021-12-14,54.500000,54.500000,54.500000,54.500000,0
606,2021-12-15,54.500000,54.500000,54.500000,54.500000,0
606,2021-12-16,51.090000,51.090000,51.090000,51.090000,200
606,2021-12-17,51.090000,51.090000,51.090000,51.090000,0
606,2021-12-20,49.380000,49.380000,49.380000,49.380000,300
606,2021-12-21,53.510000,53.510000,53.510000,53.510000,100
606,2021-12-22,53.000000,53.000000,52.440000,52.480000,4600
606,2021-12-23,52.400000,52.400000,52.320000,52.320000,900
606,2021-12-27,56.470000,56.470000,56.470000,56.470000,100
606,2021-12-28,56.470000,56.470000,56.470000,56.470000,0
606,2021-12-29,56.470000,56.470000,56.470000,56.470000,0
606,2021-12-30,55.300000,55.300000,55.300000,55.300000,500
606,2021-12-31,53.750000,53.750000,53.750000,53.750000,300
606,2022-01-03,58.320000,58.320000,58.320000,58.320000,300
606,2022-01-04,58.320000,58.320000,58.320000,58.320000,0
606,2022-01-05,58.320000,58.320000,58.320000,58.320000,0
606,2022-01-06,58.320000,58.320000,58.320000,58.320000,0
606,2022-01-07,54.850000,54.850000,54.850000,54.850000,500
606,2022-01-10,57.150000,57.150000,57.150000,57.150000,200
606,2022-01-11,53.700000,57.410000,53.700000,57.410000,900
606,2022-01-12,57.410000,57.410000,57.410000,57.410000,0
606,2022-01-13,57.410000,57.410000,57.410000,57.410000,0
606,2022-01-14,57.410000,57.410000,57.410000,57.410000,0
606,2022-01-18,54.170000,54.250000,54.170000,54.250000,600
606,2022-01-19,54.520000,54.620000,54.520000,54.620000,400
606,2022-01-20,54.910000,54.910000,54.910000,54.910000,300
606,2022-01-21,54.910000,54.910000,54.910000,54.910000,4300
606,2022-01-24,49.540000,49.540000,49.540000,49.540000,300
606,2022-01-25,49.540000,49.540000,49.540000,49.540000,0
606,2022-01-26,52.340000,52.340000,52.340000,52.340000,200
606,2022-01-27,52.340000,52.340000,52.340000,52.340000,0
606,2022-01-28,52.340000,52.340000,52.340000,52.340000,300
606,2022-01-31,54.180000,54.180000,54.180000,54.180000,200
606,2022-02-01,54.180000,54.180000,54.180000,54.180000,0
606,2022-02-02,54.890000,54.890000,54.890000,54.890000,100
606,2022-02-03,54.890000,54.890000,54.890000,54.890000,0
606,2022-02-04,54.890000,54.890000,54.890000,54.890000,0
606,2022-02-07,54.890000,54.890000,54.890000,54.890000,0
606,2022-02-08,55.080000,55.080000,53.750000,53.750000,1800
606,2022-02-09,53.750000,53.750000,53.750000,53.750000,0
606,2022-02-10,56.990000,56.990000,56.990000,56.990000,800
606,2022-02-11,56.990000,56.990000,56.990000,56.990000,0
606,2022-02-14,56.990000,56.990000,56.990000,56.990000,0
606,2022-02-15,56.990000,56.990000,56.990000,56.990000,0
606,2022-02-16,56.990000,56.990000,56.990000,56.990000,0
606,2022-02-17,56.990000,56.990000,56.990000,56.990000,0
606,2022-02-18,56.990000,56.990000,56.990000,56.990000,0
606,2022-02-22,55.960000,55.960000,55.960000,55.960000,400
606,2022-02-23,55.960000,55.960000,55.960000,55.960000,0
606,2022-02-24,55.960000,55.960000,55.960000,55.960000,0
606,2022-02-25,52.820000,52.820000,52.820000,52.820000,200
606,2022-02-28,51.830000,51.910000,51.830000,51.910000,500
606,2022-03-01,47.000000,47.590000,47.000000,47.590000,400
606,2022-03-02,47.590000,47.590000,47.590000,47.590000,0
606,2022-03-03,44.250000,44.250000,44.250000,44.250000,200
606,2022-03-04,41.470000,41.470000,41.470000,41.470000,300
606,2022-03-07,38.130000,38.130000,38.130000,38.130000,4700
606,2022-03-08,38.130000,38.130000,38.130000,38.130000,0
606,2022-03-09,41.250000,41.250000,41.250000,41.250000,100
606,2022-03-10,41.250000,41.250000,41.250000,41.250000,0
606,2022-03-11,39.460000,39.460000,39.460000,39.460000,200
606,2022-03-14,42.030000,42.030000,42.030000,42.030000,2200
606,2022-03-15,41.790000,41.790000,41.790000,41.790000,400
606,2022-03-16,42.880000,46.710000,42.800000,46.710000,1300
606,2022-03-17,44.450000,44.450000,44.450000,44.450000,200
606,2022-03-18,44.450000,44.450000,44.450000,44.450000,1200
606,2022-03-21,44.450000,44.450000,44.450000,44.450000,0
606,2022-03-22,44.450000,44.450000,44.450000,44.450000,100
606,2022-03-23,44.450000,44.450000,44.450000,44.450000,100
606,2022-03-24,42.450000,42.530000,42.450000,42.500000,21300
606,2022-03-25,42.500000,42.500000,42.500000,42.500000,0
606,2022-03-28,42.500000,42.500000,42.500000,42.500000,0
606,2022-03-29,42.500000,42.500000,42.500000,42.500000,5600
606,2022-03-30,42.500000,42.500000,42.500000,42.500000,0
606,2022-03-31,43.830000,43.830000,43.830000,43.830000,200
606,2022-04-01,43.830000,43.830000,43.830000,43.830000,0
606,2022-04-04,44.460000,44.460000,42.930000,42.930000,400
606,2022-04-05,42.930000,42.930000,42.930000,42.930000,0
606,2022-04-06,42.930000,42.930000,42.930000,42.930000,0
606,2022-04-07,42.930000,42.930000,42.930000,42.930000,300
606,2022-04-08,42.930000,42.930000,42.930000,42.930000,0
606,2022-04-11,42.930000,42.930000,42.930000,42.930000,500
606,2022-04-12,39.110000,39.110000,39.110000,39.110000,900
606,2022-04-13,41.140000,41.140000,38.910000,38.910000,1000
606,2022-04-14,40.620000,42.420000,40.620000,41.940000,1600
606,2022-04-18,43.270000,43.270000,43.200000,43.270000,700
606,2022-04-19,43.270000,43.270000,43.270000,43.270000,0
606,2022-04-20,41.980000,41.980000,41.980000,41.980000,200
606,2022-04-21,42.170000,44.340000,42.170000,44.340000,1600
606,2022-04-22,41.750000,41.750000,41.750000,41.750000,300
606,2022-04-25,41.050000,41.050000,40.970000,40.970000,400
606,2022-04-26,40.970000,40.970000,40.970000,40.970000,0
606,2022-04-27,40.970000,40.970000,40.970000,40.970000,0
606,2022-04-28,40.300000,40.300000,40.300000,40.300000,200
606,2022-04-29,41.880000,41.880000,41.880000,41.880000,500
606,2022-05-02,40.860000,40.860000,40.860000,40.860000,200
606,2022-05-03,41.360000,41.360000,41.360000,41.360000,200
606,2022-05-04,41.360000,41.360000,41.360000,41.360000,0
606,2022-05-05,41.890000,41.890000,41.810000,41.820000,1100
606,2022-05-06,41.820000,41.820000,41.820000,41.820000,0
606,2022-05-09,39.470000,39.470000,39.470000,39.470000,200
606,2022-05-10,39.500000,39.500000,39.500000,39.500000,1000
606,2022-05-11,39.500000,39.500000,39.500000,39.500000,0
606,2022-05-12,37.250000,37.250000,37.250000,37.250000,800
606,2022-05-13,38.320000,38.320000,38.320000,38.320000,100
606,2022-05-16,38.320000,38.320000,38.320000,38.320000,0
606,2022-05-17,38.320000,38.320000,38.320000,38.320000,0
606,2022-05-18,37.760000,37.760000,37.760000,37.760000,100
606,2022-05-19,38.120000,38.120000,38.120000,38.120000,200
606,2022-05-20,40.700000,40.700000,37.630000,37.630000,600
606,2022-05-23,37.630000,37.630000,37.630000,37.630000,0
606,2022-05-24,37.630000,37.630000,37.630000,37.630000,100
606,2022-05-25,38.310000,38.390000,38.310000,38.310000,600
606,2022-05-26,39.140000,39.640000,39.080000,39.330000,3300
606,2022-05-27,40.360000,40.360000,40.360000,40.360000,400
606,2022-05-31,39.900000,39.900000,39.900000,39.900000,400
606,2022-06-01,39.900000,39.900000,39.900000,39.900000,0
606,2022-06-02,39.900000,39.900000,39.900000,39.900000,0
606,2022-06-03,39.420000,39.420000,39.420000,39.420000,100
606,2022-06-06,39.420000,39.420000,39.420000,39.420000,0
606,2022-06-07,39.420000,39.420000,39.420000,39.420000,0
606,2022-06-08,39.420000,39.420000,39.420000,39.420000,0
606,2022-06-09,39.420000,39.420000,39.420000,39.420000,0
606,2022-06-10,39.420000,39.420000,39.420000,39.420000,0
606,2022-06-13,39.420000,39.420000,39.420000,39.420000,0
606,2022-06-14,39.420000,39.420000,39.420000,39.420000,0
606,2022-06-15,33.730000,33.730000,33.650000,33.650000,600
606,2022-06-16,33.650000,33.650000,33.650000,33.650000,0
606,2022-06-17,32.940000,32.940000,32.940000,32.940000,1500
606,2022-06-21,32.940000,32.940000,32.940000,32.940000,0
606,2022-06-22,32.940000,32.940000,32.940000,32.940000,0
606,2022-06-23,32.940000,32.940000,32.940000,32.940000,0
606,2022-06-24,35.740000,35.740000,35.740000,35.740000,300
606,2022-06-27,36.060000,36.570000,36.060000,36.570000,3500
606,2022-06-28,33.410000,33.410000,33.220000,33.220000,500
606,2022-06-29,33.220000,33.220000,33.220000,33.220000,0
606,2022-06-30,33.220000,33.220000,33.220000,33.220000,0
606,2022-07-01,34.080000,34.080000,33.250000,33.250000,600
606,2022-07-05,33.250000,33.250000,33.250000,33.250000,0
606,2022-07-06,33.250000,33.250000,33.250000,33.250000,0
606,2022-07-07,31.780000,33.280000,31.700000,33.280000,1800
606,2022-07-08,32.860000,32.860000,32.860000,32.860000,900
606,2022-07-11,31.700000,31.700000,31.700000,31.700000,400
606,2022-07-12,31.700000,31.700000,31.700000,31.700000,0
606,2022-07-13,31.700000,31.700000,31.700000,31.700000,0
606,2022-07-14,31.700000,31.700000,31.700000,31.700000,0
606,2022-07-15,31.700000,31.700000,31.700000,31.700000,700
606,2022-07-18,34.810000,34.810000,34.470000,34.470000,800
606,2022-07-19,34.470000,34.470000,34.470000,34.470000,100
606,2022-07-20,31.980000,34.700000,31.980000,34.700000,1100
606,2022-07-21,34.700000,34.700000,34.700000,34.700000,0
606,2022-07-22,34.700000,34.700000,34.700000,34.700000,0
606,2022-07-25,31.770000,32.000000,31.770000,32.000000,3600
606,2022-07-26,32.000000,32.000000,32.000000,32.000000,0
606,2022-07-27,32.000000,32.000000,32.000000,32.000000,0
606,2022-07-28,32.000000,32.000000,32.000000,32.000000,0
606,2022-07-29,37.000000,37.000000,37.000000,37.000000,200
606,2022-08-01,37.000000,37.000000,37.000000,37.000000,0
606,2022-08-02,37.000000,37.000000,37.000000,37.000000,100
606,2022-08-03,36.610000,36.610000,36.610000,36.610000,200
606,2022-08-04,36.410000,36.440000,36.410000,36.440000,1000
606,2022-08-05,35.490000,35.490000,35.490000,35.490000,100
606,2022-08-08,38.610000,38.770000,36.390000,36.390000,1400
606,2022-08-09,38.320000,38.320000,38.250000,38.250000,700
606,2022-08-10,38.250000,38.250000,38.250000,38.250000,0
606,2022-08-11,40.580000,40.580000,37.260000,37.260000,400
606,2022-08-12,37.260000,37.260000,37.260000,37.260000,100
606,2022-08-15,37.260000,37.260000,37.260000,37.260000,0
606,2022-08-16,39.070000,39.070000,39.070000,39.070000,200
606,2022-08-17,39.070000,39.070000,39.070000,39.070000,0
606,2022-08-18,39.070000,39.070000,39.070000,39.070000,100
606,2022-08-19,35.680000,35.680000,35.270000,35.270000,900
606,2022-08-22,35.350000,35.350000,33.600000,33.600000,1000
606,2022-08-23,33.600000,33.600000,33.600000,33.600000,0
606,2022-08-24,33.600000,33.600000,33.600000,33.600000,0
606,2022-08-25,35.120000,35.120000,35.000000,35.000000,2900
606,2022-08-26,35.000000,35.000000,35.000000,35.000000,0
606,2022-08-29,35.000000,35.000000,35.000000,35.000000,0
606,2022-08-30,32.310000,32.310000,32.310000,32.310000,200
606,2022-08-31,32.310000,32.310000,32.310000,32.310000,0
606,2022-09-01,31.510000,31.510000,31.350000,31.350000,500
606,2022-09-02,31.350000,31.350000,31.350000,31.350000,100
606,2022-09-06,34.360000,34.360000,31.360000,31.360000,300
606,2022-09-07,31.050000,31.050000,31.050000,31.050000,300
606,2022-09-08,30.650000,30.810000,30.650000,30.810000,1100
606,2022-09-09,32.010000,32.010000,32.010000,32.010000,200
606,2022-09-12,33.610000,33.610000,33.610000,33.610000,400
606,2022-09-13,33.610000,33.610000,33.610000,33.610000,0
606,2022-09-14,34.650000,34.650000,34.650000,34.650000,200
606,2022-09-15,34.650000,34.650000,34.650000,34.650000,0
606,2022-09-16,30.980000,30.980000,30.980000,30.980000,100
606,2022-09-19,33.290000,33.450000,33.290000,33.450000,800
606,2022-09-20,33.450000,33.450000,33.450000,33.450000,0
606,2022-09-21,33.450000,33.450000,33.450000,33.450000,0
606,2022-09-22,29.960000,29.960000,29.960000,29.960000,1000
606,2022-09-23,29.750000,29.750000,28.000000,28.040000,11800
606,2022-09-26,28.040000,28.040000,28.040000,28.040000,0
606,2022-09-27,28.040000,28.040000,28.040000,28.040000,2600
606,2022-09-28,28.040000,28.040000,28.040000,28.040000,0
606,2022-09-29,29.350000,29.350000,29.350000,29.350000,600
606,2022-09-30,29.790000,29.790000,29.790000,29.790000,200
606,2022-10-03,28.410000,28.520000,28.410000,28.520000,400
606,2022-10-04,29.970000,29.970000,29.970000,29.970000,200
606,2022-10-05,29.970000,29.970000,29.970000,29.970000,0
606,2022-10-06,29.970000,29.970000,29.970000,29.970000,0
606,2022-10-07,26.170000,26.170000,26.170000,26.170000,1000
606,2022-10-10,29.000000,29.560000,28.350000,29.560000,3800
606,2022-10-11,27.010000,29.390000,27.010000,29.390000,400
606,2022-10-12,27.400000,27.400000,27.400000,27.400000,1700
606,2022-10-13,27.550000,27.550000,27.550000,27.550000,200
606,2022-10-14,30.230000,30.230000,28.000000,28.000000,600
606,2022-10-17,30.460000,30.460000,30.460000,30.460000,8700
606,2022-10-18,30.460000,30.460000,30.460000,30.460000,800
606,2022-10-19,30.460000,30.460000,30.460000,30.460000,0
606,2022-10-20,30.460000,30.460000,30.460000,30.460000,0
606,2022-10-21,30.460000,30.460000,30.460000,30.460000,0
606,2022-10-24,33.220000,33.220000,33.220000,33.220000,500
606,2022-10-25,33.220000,33.220000,33.220000,33.220000,0
606,2022-10-26,33.220000,33.220000,33.220000,33.220000,0
606,2022-10-27,33.220000,33.220000,33.220000,33.220000,0
606,2022-10-28,31.970000,31.970000,31.970000,31.970000,4000
606,2022-10-31,31.970000,31.970000,31.970000,31.970000,0
606,2022-11-01,31.970000,31.970000,31.970000,31.970000,0
606,2022-11-02,32.950000,32.950000,32.240000,32.240000,300
606,2022-11-03,32.240000,32.240000,32.240000,32.240000,600
606,2022-11-04,32.640000,32.640000,32.640000,32.640000,300
606,2022-11-07,33.750000,33.750000,33.750000,33.750000,500
606,2022-11-08,33.760000,33.760000,33.760000,33.760000,500
606,2022-11-09,33.510000,33.510000,32.730000,32.730000,400
606,2022-11-10,36.500000,36.500000,36.500000,36.500000,2500
606,2022-11-11,37.330000,37.330000,37.330000,37.330000,200
606,2022-11-14,38.600000,38.600000,38.600000,38.600000,300
606,2022-11-15,36.990000,36.990000,36.990000,36.990000,200
606,2022-11-16,35.400000,35.400000,35.400000,35.400000,1300
606,2022-11-17,35.390000,36.140000,35.390000,36.140000,400
606,2022-11-18,36.020000,36.020000,35.690000,35.690000,12400
606,2022-11-21,36.320000,36.320000,36.320000,36.320000,200
606,2022-11-22,35.880000,35.880000,35.370000,35.370000,3600
606,2022-11-23,36.100000,36.100000,36.040000,36.040000,300
606,2022-11-25,36.040000,36.040000,36.040000,36.040000,0
606,2022-11-28,35.250000,36.110000,35.250000,36.110000,20500
606,2022-11-29,35.570000,36.650000,35.570000,36.650000,1000
606,2022-11-30,36.650000,36.650000,36.650000,36.650000,0
606,2022-12-01,36.650000,36.650000,36.650000,36.650000,0
606,2022-12-02,36.280000,36.280000,36.130000,36.130000,700
606,2022-12-05,36.700000,36.700000,36.700000,36.700000,800
606,2022-12-06,35.880000,35.880000,35.880000,35.880000,400
606,2022-12-07,36.280000,36.280000,36.280000,36.280000,900
606,2022-12-08,37.550000,37.550000,35.830000,35.830000,500
606,2022-12-09,38.160000,38.160000,36.750000,36.750000,900
606,2022-12-12,37.560000,37.560000,35.950000,35.950000,700
606,2022-12-13,37.360000,37.360000,37.360000,37.360000,1200
606,2022-12-14,37.540000,37.540000,37.450000,37.450000,1700
606,2022-12-15,37.450000,37.450000,37.450000,37.450000,100
606,2022-12-16,36.850000,36.850000,36.850000,36.850000,100
606,2022-12-19,36.850000,36.850000,36.360000,36.360000,300
606,2022-12-20,36.050000,36.050000,36.050000,36.050000,500
606,2022-12-21,36.610000,36.610000,36.610000,36.610000,500
606,2022-12-22,35.280000,36.080000,35.280000,35.800000,600
606,2022-12-23,36.130000,36.130000,36.130000,36.130000,100
606,2022-12-27,36.700000,36.700000,36.700000,36.700000,100
606,2022-12-28,37.330000,37.330000,37.330000,37.330000,8400
606,2022-12-29,37.330000,37.330000,37.330000,37.330000,0
606,2022-12-30,37.330000,37.330000,37.330000,37.330000,0
606,2023-01-03,38.190000,38.190000,38.130000,38.130000,500
606,2023-01-04,38.130000,38.130000,38.130000,38.130000,0
606,2023-01-05,38.130000,38.130000,38.130000,38.130000,0
606,2023-01-06,39.680000,39.680000,39.680000,39.680000,200
606,2023-01-09,41.660000,41.930000,41.660000,41.930000,800
606,2023-01-10,40.160000,40.160000,40.160000,40.160000,100
606,2023-01-11,40.880000,40.880000,40.880000,40.880000,600
606,2023-01-12,42.490000,42.490000,42.490000,42.490000,700
606,2023-01-13,42.490000,42.490000,42.490000,42.490000,0
606,2023-01-17,42.490000,42.490000,42.490000,42.490000,0
606,2023-01-18,42.490000,42.490000,42.490000,42.490000,0
606,2023-01-19,42.490000,42.490000,42.490000,42.490000,0
606,2023-01-20,41.210000,41.210000,41.210000,41.210000,400
606,2023-01-23,43.490000,43.490000,43.490000,43.490000,300
606,2023-01-24,43.730000,43.850000,43.730000,43.850000,2300
606,2023-01-25,41.810000,43.710000,41.810000,43.710000,700
606,2023-01-26,43.710000,43.710000,43.710000,43.710000,0
606,2023-01-27,43.710000,43.710000,43.710000,43.710000,0
606,2023-01-30,43.710000,43.710000,43.710000,43.710000,800
606,2023-01-31,41.000000,41.000000,41.000000,41.000000,300
606,2023-02-01,41.000000,41.000000,41.000000,41.000000,0
606,2023-02-02,45.700000,45.700000,45.700000,45.700000,200
606,2023-02-03,44.070000,44.070000,44.070000,44.070000,300
606,2023-02-06,44.070000,44.070000,44.070000,44.070000,0
606,2023-02-07,44.070000,44.070000,44.070000,44.070000,0
606,2023-02-08,44.070000,44.070000,44.070000,44.070000,0
606,2023-02-09,44.070000,44.070000,44.070000,44.070000,0
606,2023-02-10,44.070000,44.070000,44.070000,44.070000,0
606,2023-02-13,38.620000,40.420000,38.620000,40.420000,300
606,2023-02-14,40.420000,40.420000,40.420000,40.420000,0
606,2023-02-15,40.420000,40.420000,40.420000,40.420000,0
606,2023-02-16,40.420000,40.420000,40.420000,40.420000,0
606,2023-02-17,40.420000,40.420000,40.420000,40.420000,0
606,2023-02-21,40.420000,40.420000,40.420000,40.420000,0
606,2023-02-22,40.420000,40.420000,40.420000,40.420000,0
606,2023-02-23,40.420000,40.420000,40.420000,40.420000,0
606,2023-02-24,37.490000,37.490000,37.490000,37.490000,200
606,2023-02-27,37.490000,37.490000,37.490000,37.490000,0
606,2023-02-28,37.520000,38.270000,37.520000,38.270000,500
606,2023-03-01,38.270000,38.270000,38.270000,38.270000,0
606,2023-03-02,38.730000,39.250000,38.730000,39.250000,16800
606,2023-03-03,39.250000,39.250000,39.250000,39.250000,0
606,2023-03-06,39.250000,39.250000,39.250000,39.250000,100
606,2023-03-07,38.650000,38.680000,38.650000,38.680000,300
606,2023-03-08,38.680000,38.680000,38.680000,38.680000,0
606,2023-03-09,38.140000,38.140000,38.140000,38.140000,100
606,2023-03-10,38.140000,38.140000,38.140000,38.140000,0
606,2023-03-13,38.140000,38.140000,38.140000,38.140000,100
606,2023-03-14,35.910000,35.910000,35.880000,35.880000,3400
606,2023-03-15,35.880000,35.880000,35.880000,35.880000,2300
606,2023-03-16,36.160000,36.160000,34.670000,34.670000,1700
606,2023-03-17,33.500000,33.500000,33.500000,33.500000,300
606,2023-03-20,36.400000,36.400000,34.480000,34.480000,500
606,2023-03-21,35.600000,35.600000,35.600000,35.600000,3400
606,2023-03-22,35.600000,35.600000,35.600000,35.600000,0
606,2023-03-23,35.320000,35.320000,34.620000,34.620000,1000
606,2023-03-24,35.910000,35.910000,35.910000,35.910000,900
606,2023-03-27,35.910000,35.910000,35.910000,35.910000,0
606,2023-03-28,34.480000,34.480000,34.480000,34.480000,100
606,2023-03-29,34.480000,34.480000,34.480000,34.480000,0
606,2023-03-30,36.000000,36.000000,35.930000,35.930000,500
606,2023-03-31,35.930000,35.930000,35.930000,35.930000,0
606,2023-04-03,36.900000,36.900000,36.900000,36.900000,200
606,2023-04-04,36.900000,36.900000,36.900000,36.900000,0
606,2023-04-05,36.900000,36.900000,36.900000,36.900000,0
606,2023-04-06,36.690000,36.690000,36.690000,36.690000,600
606,2023-04-10,36.690000,36.690000,36.690000,36.690000,0
606,2023-04-11,36.520000,36.800000,36.520000,36.800000,1400
606,2023-04-12,38.990000,38.990000,37.660000,37.660000,1200
606,2023-04-13,37.660000,37.660000,37.660000,37.660000,0
606,2023-04-14,37.660000,37.660000,37.660000,37.660000,0
606,2023-04-17,37.600000,37.600000,37.600000,37.600000,1600
606,2023-04-18,37.600000,37.600000,37.600000,37.600000,0
606,2023-04-19,36.990000,36.990000,36.990000,36.990000,200
606,2023-04-20,36.990000,36.990000,36.990000,36.990000,0
606,2023-04-21,36.060000,36.060000,36.060000,36.060000,200
606,2023-04-24,36.060000,36.060000,36.060000,36.060000,0
606,2023-04-25,36.480000,36.480000,36.480000,36.480000,300
606,2023-04-26,36.480000,36.480000,36.480000,36.480000,0
606,2023-04-27,36.250000,36.250000,36.080000,36.080000,600
606,2023-04-28,35.450000,35.450000,35.450000,35.450000,200
606,2023-05-01,35.450000,35.450000,35.450000,35.450000,0
606,2023-05-02,35.450000,35.450000,35.450000,35.450000,0
606,2023-05-03,35.450000,35.450000,35.450000,35.450000,700
606,2023-05-04,35.450000,35.450000,35.450000,35.450000,0
606,2023-05-05,35.450000,35.450000,35.450000,35.450000,0
606,2023-05-08,35.450000,35.450000,35.450000,35.450000,0
606,2023-05-09,35.450000,35.450000,35.450000,35.450000,0
606,2023-05-10,35.450000,35.450000,35.450000,35.450000,0
606,2023-05-11,35.450000,35.450000,35.450000,35.450000,0
606,2023-05-12,35.450000,35.450000,35.450000,35.450000,0
606,2023-05-15,38.040000,38.040000,38.040000,38.040000,400
606,2023-05-16,38.040000,38.040000,38.040000,38.040000,0
606,2023-05-17,38.040000,38.040000,38.040000,38.040000,0
606,2023-05-18,38.040000,38.040000,38.040000,38.040000,0
606,2023-05-19,38.040000,38.040000,38.040000,38.040000,0
606,2023-05-22,38.040000,38.040000,38.040000,38.040000,0
606,2023-05-23,38.590000,38.590000,38.590000,38.590000,200
606,2023-05-24,38.590000,38.590000,38.590000,38.590000,0
606,2023-05-25,38.590000,38.590000,38.590000,38.590000,0
606,2023-05-26,35.980000,35.980000,35.980000,35.980000,200
606,2023-05-30,36.980000,36.980000,36.980000,36.980000,100
606,2023-05-31,36.980000,36.980000,36.980000,36.980000,0
606,2023-06-01,36.980000,36.980000,36.980000,36.980000,0
606,2023-06-02,36.980000,36.980000,36.980000,36.980000,0
606,2023-06-05,36.980000,36.980000,36.980000,36.980000,0
606,2023-06-06,37.860000,37.860000,37.860000,37.860000,200
606,2023-06-07,37.860000,37.860000,37.860000,37.860000,0
606,2023-06-08,37.860000,37.860000,37.860000,37.860000,0
606,2023-06-09,35.880000,35.880000,35.880000,35.880000,200
606,2023-06-12,35.620000,35.620000,35.620000,35.620000,100
606,2023-06-13,35.580000,35.580000,35.580000,35.580000,300
606,2023-06-14,37.410000,37.410000,37.410000,37.410000,200
606,2023-06-15,37.410000,37.410000,37.410000,37.410000,0
606,2023-06-16,37.410000,37.410000,37.410000,37.410000,0
606,2023-06-20,34.300000,34.300000,34.300000,34.300000,800
606,2023-06-21,34.300000,34.300000,34.300000,34.300000,0
606,2023-06-22,34.320000,34.320000,34.320000,34.320000,200
606,2023-06-23,34.320000,34.320000,34.320000,34.320000,0
606,2023-06-26,34.320000,34.320000,34.320000,34.320000,0
606,2023-06-27,33.950000,33.950000,33.950000,33.950000,200
606,2023-06-28,33.100000,33.100000,33.100000,33.100000,300
606,2023-06-29,33.580000,33.580000,33.580000,33.580000,100
606,2023-06-30,32.560000,32.560000,32.560000,32.560000,200
606,2023-07-03,32.560000,32.560000,32.560000,32.560000,0
606,2023-07-05,32.560000,32.560000,32.560000,32.560000,0
606,2023-07-06,32.560000,32.560000,32.560000,32.560000,0
606,2023-07-07,34.530000,34.530000,34.530000,34.530000,600
606,2023-07-10,34.530000,34.530000,34.530000,34.530000,0
606,2023-07-11,33.970000,33.970000,33.970000,33.970000,200
606,2023-07-12,35.540000,35.540000,35.540000,35.540000,300
606,2023-07-13,38.250000,38.250000,37.850000,38.130000,2700
606,2023-07-14,38.130000,38.130000,38.130000,38.130000,0
606,2023-07-17,38.130000,38.130000,38.130000,38.130000,0
606,2023-07-18,38.130000,38.130000,38.130000,38.130000,100
606,2023-07-19,38.130000,38.130000,38.130000,38.130000,0
606,2023-07-20,38.130000,38.130000,38.130000,38.130000,0
606,2023-07-21,38.130000,38.130000,38.130000,38.130000,100
606,2023-07-24,38.130000,38.130000,38.130000,38.130000,0
606,2023-07-25,39.500000,39.500000,38.290000,38.290000,700
606,2023-07-26,39.630000,39.630000,39.630000,39.630000,100
606,2023-07-27,39.630000,39.630000,39.630000,39.630000,0
606,2023-07-28,39.630000,39.630000,39.630000,39.630000,100
606,2023-07-31,40.570000,40.570000,40.570000,40.570000,200
606,2023-08-01,40.710000,40.710000,40.710000,40.710000,100
606,2023-08-02,40.710000,40.710000,40.710000,40.710000,100
606,2023-08-03,40.860000,40.860000,40.860000,40.860000,100
606,2023-08-04,40.680000,40.680000,40.680000,40.680000,200
606,2023-08-07,40.680000,40.680000,40.680000,40.680000,100
606,2023-08-08,40.680000,40.680000,40.680000,40.680000,0
606,2023-08-09,40.680000,40.680000,40.680000,40.680000,0
606,2023-08-10,40.680000,40.680000,40.680000,40.680000,100
606,2023-08-11,40.680000,40.680000,40.680000,40.680000,0
606,2023-08-14,40.220000,40.490000,40.220000,40.490000,600
606,2023-08-15,40.490000,40.490000,40.490000,40.490000,0
606,2023-08-16,40.490000,40.490000,40.490000,40.490000,0
606,2023-08-17,40.610000,40.610000,40.610000,40.610000,200
606,2023-08-18,40.610000,40.610000,40.610000,40.610000,0
606,2023-08-21,38.950000,38.950000,38.950000,38.950000,300
606,2023-08-22,38.840000,38.840000,38.840000,38.840000,300
606,2023-08-23,38.840000,38.840000,38.840000,38.840000,0
606,2023-08-24,38.340000,38.340000,38.340000,38.340000,500
606,2023-08-25,38.340000,38.340000,38.340000,38.340000,0
606,2023-08-28,38.340000,38.340000,38.340000,38.340000,0
606,2023-08-29,40.750000,40.750000,40.750000,40.750000,300
606,2023-08-30,40.750000,40.750000,40.750000,40.750000,0
606,2023-08-31,40.750000,40.750000,40.750000,40.750000,0
606,2023-09-01,42.740000,42.740000,42.740000,42.740000,200
606,2023-09-05,42.740000,42.740000,42.740000,42.740000,0
606,2023-09-06,42.740000,42.740000,42.740000,42.740000,0
606,2023-09-07,42.740000,42.740000,42.740000,42.740000,0
606,2023-09-08,37.300000,38.350000,37.300000,38.350000,300
606,2023-09-11,37.670000,37.670000,37.670000,37.670000,200
606,2023-09-12,34.530000,34.530000,34.530000,34.530000,5400
606,2023-09-13,34.530000,34.530000,34.530000,34.530000,0
606,2023-09-14,36.600000,36.600000,36.600000,36.600000,500
606,2023-09-15,36.600000,36.600000,36.600000,36.600000,0
606,2023-09-18,36.110000,36.110000,36.110000,36.110000,100
606,2023-09-19,36.110000,36.110000,36.110000,36.110000,300
606,2023-09-20,35.350000,35.350000,35.200000,35.200000,1700
606,2023-09-21,34.250000,34.250000,34.250000,34.250000,14800
606,2023-09-22,34.250000,34.250000,34.250000,34.250000,1700
606,2023-09-25,33.350000,33.350000,32.030000,32.030000,24900
606,2023-09-26,32.940000,32.940000,32.940000,32.940000,500
606,2023-09-27,32.940000,32.940000,32.940000,32.940000,6300
606,2023-09-28,32.940000,32.940000,32.940000,32.940000,0
606,2023-09-29,32.940000,32.940000,32.940000,32.940000,0
606,2023-10-02,32.940000,32.940000,32.940000,32.940000,0
606,2023-10-03,31.290000,32.030000,31.290000,31.460000,4400
606,2023-10-04,32.360000,32.360000,32.360000,32.360000,100
606,2023-10-05,32.360000,32.360000,32.360000,32.360000,100
606,2023-10-06,32.360000,32.360000,32.360000,32.360000,0
606,2023-10-09,32.570000,32.570000,32.220000,32.220000,2300
606,2023-10-10,32.220000,32.220000,32.220000,32.220000,0
606,2023-10-11,32.220000,32.220000,32.220000,32.220000,0
606,2023-10-12,32.220000,32.220000,32.220000,32.220000,0
606,2023-10-13,32.640000,32.640000,32.640000,32.640000,300
606,2023-10-16,32.990000,32.990000,32.990000,32.990000,600
606,2023-10-17,33.040000,33.040000,33.040000,33.040000,400
606,2023-10-18,33.700000,33.700000,33.500000,33.500000,1100
606,2023-10-19,31.600000,31.600000,31.600000,31.600000,300
606,2023-10-20,31.600000,31.600000,31.600000,31.600000,0
606,2023-10-23,31.600000,31.600000,31.600000,31.600000,0
606,2023-10-24,31.600000,31.600000,31.600000,31.600000,0
606,2023-10-25,30.650000,30.650000,30.620000,30.620000,1400
606,2023-10-26,32.200000,32.200000,31.080000,31.080000,1700
606,2023-10-27,31.080000,31.080000,31.080000,31.080000,0
606,2023-10-30,31.080000,31.080000,31.080000,31.080000,0
606,2023-10-31,31.850000,31.850000,31.850000,31.850000,200
606,2023-11-01,32.360000,32.360000,32.360000,32.360000,300
606,2023-11-02,32.890000,32.890000,32.890000,32.890000,1000
606,2023-11-03,32.890000,32.890000,32.890000,32.890000,4100
606,2023-11-06,34.990000,34.990000,32.900000,32.900000,900
606,2023-11-07,32.900000,32.900000,32.900000,32.900000,0
606,2023-11-08,32.900000,32.900000,32.900000,32.900000,0
606,2023-11-09,32.900000,32.900000,32.900000,32.900000,0
606,2023-11-10,32.900000,32.900000,32.900000,32.900000,0
606,2023-11-13,33.700000,33.700000,33.700000,33.700000,300
606,2023-11-14,33.700000,33.700000,33.700000,33.700000,0
606,2023-11-15,33.700000,33.700000,33.700000,33.700000,0
606,2023-11-16,33.700000,33.700000,33.700000,33.700000,0
606,2023-11-17,33.700000,33.700000,33.700000,33.700000,0
606,2023-11-20,33.700000,33.700000,33.700000,33.700000,0
606,2023-11-21,33.700000,33.700000,33.700000,33.700000,0
606,2023-11-22,32.560000,33.110000,32.560000,33.110000,700
606,2023-11-24,33.790000,33.790000,33.790000,33.790000,100
606,2023-11-27,34.990000,34.990000,34.990000,34.990000,1300
606,2023-11-28,34.640000,34.740000,34.450000,34.740000,1500
606,2023-11-29,34.740000,34.740000,34.740000,34.740000,30000
606,2023-11-30,34.740000,34.740000,34.740000,34.740000,100
606,2023-12-01,38.850000,38.850000,38.850000,38.850000,200
606,2023-12-04,38.820000,38.820000,38.820000,38.820000,900
606,2023-12-05,38.820000,38.820000,38.820000,38.820000,0
606,2023-12-06,38.000000,38.000000,36.800000,36.800000,1200
606,2023-12-07,38.230000,38.230000,37.240000,37.840000,9700
606,2023-12-08,37.840000,37.840000,37.840000,37.840000,0
606,2023-12-11,37.590000,37.590000,37.460000,37.460000,400
606,2023-12-12,37.460000,37.460000,37.460000,37.460000,0
606,2023-12-13,37.120000,37.120000,37.100000,37.100000,400
606,2023-12-14,39.240000,39.240000,39.240000,39.240000,300
606,2023-12-15,39.790000,39.790000,38.690000,38.690000,5900
606,2023-12-18,38.690000,38.690000,38.690000,38.690000,0
606,2023-12-19,39.610000,39.610000,39.610000,39.610000,300
606,2023-12-20,38.980000,39.170000,38.980000,39.170000,400
606,2023-12-21,39.170000,39.170000,39.170000,39.170000,0
606,2023-12-22,38.650000,38.650000,38.650000,38.650000,200
606,2023-12-26,38.650000,38.650000,38.650000,38.650000,0
606,2023-12-27,41.040000,41.170000,41.040000,41.170000,3000
606,2023-12-28,40.810000,40.810000,40.810000,40.810000,500
606,2023-12-29,40.810000,40.810000,40.810000,40.810000,0
606,2024-01-02,39.410000,39.410000,39.410000,39.410000,600
606,2024-01-03,38.070000,38.070000,38.070000,38.070000,100
606,2024-01-04,38.800000,38.800000,38.050000,38.050000,500
606,2024-01-05,38.050000,38.050000,38.050000,38.050000,15700
606,2024-01-08,39.670000,39.670000,38.300000,38.300000,3800
606,2024-01-09,38.300000,38.300000,38.300000,38.300000,0
606,2024-01-10,38.300000,38.300000,38.300000,38.300000,0
606,2024-01-11,38.300000,38.300000,38.300000,38.300000,0
606,2024-01-12,38.300000,38.300000,38.300000,38.300000,0
606,2024-01-16,37.220000,38.600000,37.220000,37.440000,800
606,2024-01-17,37.440000,37.440000,37.440000,37.440000,0
606,2024-01-18,37.440000,37.440000,37.440000,37.440000,0
606,2024-01-19,36.330000,36.330000,36.330000,36.330000,200
606,2024-01-22,37.390000,37.390000,35.800000,35.800000,700
606,2024-01-23,35.800000,35.800000,35.800000,35.800000,0
606,2024-01-24,36.900000,36.900000,36.900000,36.900000,300
606,2024-01-25,36.900000,36.900000,36.900000,36.900000,0
606,2024-01-26,40.280000,40.280000,40.280000,40.280000,9900
606,2024-01-29,40.280000,40.280000,40.280000,40.280000,0
606,2024-01-30,40.280000,40.280000,40.280000,40.280000,0
606,2024-01-31,40.280000,40.280000,40.280000,40.280000,0
606,2024-02-01,40.280000,40.280000,40.280000,40.280000,0
606,2024-02-02,35.420000,35.420000,35.420000,35.420000,600
606,2024-02-05,35.550000,35.550000,35.550000,35.550000,300
606,2024-02-06,35.550000,35.550000,35.550000,35.550000,0
606,2024-02-07,37.130000,37.130000,37.130000,37.130000,300
606,2024-02-08,37.130000,37.130000,37.130000,37.130000,300
606,2024-02-09,37.130000,37.130000,37.130000,37.130000,0
606,2024-02-12,37.130000,37.130000,37.130000,37.130000,0
606,2024-02-13,37.130000,37.130000,37.130000,37.130000,0
606,2024-02-14,40.920000,40.920000,40.820000,40.820000,400
606,2024-02-15,41.130000,41.130000,39.480000,39.480000,500
606,2024-02-16,41.550000,41.550000,41.550000,41.550000,200
606,2024-02-20,41.550000,41.550000,41.550000,41.550000,0
606,2024-02-21,41.550000,41.550000,41.550000,41.550000,0
606,2024-02-22,41.000000,41.000000,41.000000,41.000000,200
606,2024-02-23,41.000000,41.000000,41.000000,41.000000,0
606,2024-02-26,41.000000,41.000000,41.000000,41.000000,0
606,2024-02-27,41.000000,41.000000,41.000000,41.000000,0
606,2024-02-28,41.000000,41.000000,41.000000,41.000000,300
606,2024-02-29,41.000000,41.000000,41.000000,41.000000,0
606,2024-03-01,41.000000,41.000000,41.000000,41.000000,0
606,2024-03-04,43.070000,43.070000,43.070000,43.070000,200
606,2024-03-05,43.070000,43.070000,43.070000,43.070000,0
606,2024-03-06,43.070000,43.070000,43.070000,43.070000,0
606,2024-03-07,43.070000,43.070000,43.070000,43.070000,0
606,2024-03-08,43.070000,43.070000,43.070000,43.070000,0
606,2024-03-11,42.910000,42.910000,42.910000,42.910000,200
606,2024-03-12,42.680000,42.680000,42.680000,42.680000,100
606,2024-03-13,42.680000,42.680000,42.680000,42.680000,0
606,2024-03-14,42.680000,42.680000,42.680000,42.680000,0
606,2024-03-15,42.680000,42.680000,42.680000,42.680000,0
606,2024-03-18,42.680000,42.680000,42.680000,42.680000,0
606,2024-03-19,42.680000,42.680000,42.680000,42.680000,0
606,2024-03-20,42.680000,42.680000,42.680000,42.680000,0
606,2024-03-21,42.680000,42.680000,42.680000,42.680000,0
606,2024-03-22,42.680000,42.680000,42.680000,42.680000,0
606,2024-03-25,44.550000,44.550000,44.550000,44.550000,300
606,2024-03-26,44.550000,44.550000,44.550000,44.550000,0
606,2024-03-27,44.550000,44.550000,44.550000,44.550000,0
606,2024-03-28,44.850000,44.850000,44.850000,44.850000,200
606,2024-04-01,47.250000,48.000000,47.250000,48.000000,400
606,2024-04-02,46.050000,46.050000,46.050000,46.050000,100
606,2024-04-03,46.050000,46.050000,46.050000,46.050000,0
606,2024-04-04,46.050000,46.050000,46.050000,46.050000,0
606,2024-04-05,46.050000,46.050000,46.050000,46.050000,0
606,2024-04-08,47.650000,47.650000,47.650000,47.650000,1000
606,2024-04-09,45.140000,45.140000,45.140000,45.140000,800
606,2024-04-10,45.140000,45.140000,45.140000,45.140000,0
606,2024-04-11,45.140000,45.140000,45.140000,45.140000,70100
606,2024-04-12,44.780000,44.780000,44.780000,44.780000,100
606,2024-04-15,44.780000,44.780000,44.780000,44.780000,0
606,2024-04-16,41.750000,41.750000,41.750000,41.750000,300
606,2024-04-17,42.790000,42.790000,42.790000,42.790000,100
606,2024-04-18,42.790000,42.790000,42.790000,42.790000,0
606,2024-04-19,42.790000,42.790000,42.790000,42.790000,0
606,2024-04-22,42.790000,42.790000,42.790000,42.790000,0
606,2024-04-23,42.790000,42.790000,42.790000,42.790000,0
606,2024-04-24,42.790000,42.790000,42.790000,42.790000,0
606,2024-04-25,42.790000,42.790000,42.790000,42.790000,0
606,2024-04-26,42.790000,42.790000,42.790000,42.790000,0
606,2024-04-29,42.810000,42.810000,42.810000,42.810000,3100
606,2024-04-30,42.810000,42.810000,42.810000,42.810000,0
606,2024-05-01,42.810000,42.810000,42.810000,42.810000,0
606,2024-05-02,42.810000,42.810000,42.810000,42.810000,0
606,2024-05-03,42.810000,42.810000,42.810000,42.810000,0
606,2024-05-06,47.850000,47.850000,47.850000,47.850000,400
606,2024-05-07,47.850000,47.850000,47.850000,47.850000,0
606,2024-05-08,47.850000,47.850000,47.850000,47.850000,0
606,2024-05-09,46.980000,46.980000,46.980000,46.980000,400
606,2024-05-10,46.980000,46.980000,46.980000,46.980000,0
606,2024-05-13,46.980000,46.980000,46.980000,46.980000,0
606,2024-05-14,46.980000,46.980000,46.980000,46.980000,0
606,2024-05-15,46.980000,46.980000,46.980000,46.980000,0
606,2024-05-16,46.980000,46.980000,46.980000,46.980000,0
606,2024-05-17,46.980000,46.980000,46.980000,46.980000,0
606,2024-05-20,46.980000,46.980000,46.980000,46.980000,0
606,2024-05-21,46.980000,46.980000,46.980000,46.980000,0
606,2024-05-22,46.980000,46.980000,46.980000,46.980000,0
606,2024-05-23,48.870000,48.870000,48.870000,48.870000,500
606,2024-05-24,48.000000,48.000000,48.000000,48.000000,4600
606,2024-05-28,50.130000,50.130000,50.130000,50.130000,200
606,2024-05-29,49.750000,49.750000,49.750000,49.750000,4400
606,2024-05-30,49.750000,49.750000,49.750000,49.750000,0
606,2024-05-31,50.040000,50.040000,50.040000,50.040000,300
606,2024-06-03,50.040000,50.040000,50.040000,50.040000,0
606,2024-06-04,50.040000,50.040000,50.040000,50.040000,0
606,2024-06-05,50.040000,50.040000,50.040000,50.040000,0
606,2024-06-06,47.040000,47.040000,47.040000,47.040000,200
606,2024-06-07,47.040000,47.040000,47.040000,47.040000,0
606,2024-06-10,47.040000,47.040000,47.040000,47.040000,0
606,2024-06-11,47.040000,47.040000,47.040000,47.040000,0
606,2024-06-12,47.040000,47.040000,47.040000,47.040000,0
606,2024-06-13,47.040000,47.040000,47.040000,47.040000,0
606,2024-06-14,44.800000,44.800000,44.800000,44.800000,2800
606,2024-06-17,44.800000,44.800000,44.800000,44.800000,0
606,2024-06-18,45.700000,45.700000,45.700000,45.700000,133400
606,2024-06-20,48.160000,48.160000,48.160000,48.160000,142300
606,2024-06-21,47.000000,47.460000,47.000000,47.460000,5500
606,2024-06-24,46.090000,46.090000,46.090000,46.090000,200
606,2024-06-25,46.090000,46.090000,46.090000,46.090000,0
606,2024-06-26,46.050000,46.050000,46.050000,46.050000,100
606,2024-06-27,46.190000,46.190000,46.190000,46.190000,200
606,2024-06-28,47.050000,47.050000,46.100000,46.100000,12300
606,2024-07-01,46.100000,46.100000,46.100000,46.100000,900
606,2024-07-02,46.100000,46.100000,46.100000,46.100000,0
606,2024-07-03,46.100000,46.100000,45.160000,45.160000,300
606,2024-07-05,45.160000,45.160000,45.160000,45.160000,0
