stock_id,date,open,high,low,close,volume
272,2016-05-05,39.280000,39.550000,39.050000,39.400000,3790000
272,2016-05-06,39.150000,39.590000,38.980000,39.530000,3553400
272,2016-05-09,39.480000,39.740000,39.230000,39.370000,4714000
272,2016-05-10,39.690000,40.270000,39.580000,40.240000,4152300
272,2016-05-11,40.070000,40.390000,39.870000,39.870000,5318000
272,2016-05-12,40.120000,40.400000,39.450000,39.740000,6713700
272,2016-05-13,39.750000,40.150000,39.300000,39.440000,5411300
272,2016-05-16,39.320000,39.950000,39.300000,39.740000,3904500
272,2016-05-17,39.540000,40.160000,39.450000,39.840000,8157600
272,2016-05-18,39.900000,41.160000,39.860000,41.140000,8032000
272,2016-05-19,40.850000,41.260000,40.490000,40.830000,5677400
272,2016-05-20,41.010000,41.430000,40.960000,41.070000,4310000
272,2016-05-23,40.930000,41.180000,40.650000,40.970000,3587400
272,2016-05-24,41.220000,41.960000,41.140000,41.680000,4753000
272,2016-05-25,41.980000,42.550000,41.920000,42.210000,5547200
272,2016-05-26,42.090000,42.300000,41.760000,42.030000,3576700
272,2016-05-27,42.160000,42.360000,41.880000,42.270000,4028400
272,2016-05-31,42.520000,42.560000,41.920000,42.060000,5628500
272,2016-06-01,41.680000,42.310000,41.350000,42.250000,4034900
272,2016-06-02,42.180000,42.200000,41.940000,42.160000,4827900
272,2016-06-03,41.270000,41.640000,40.960000,41.520000,7314700
272,2016-06-06,41.670000,42.610000,41.670000,42.390000,5050300
272,2016-06-07,42.360000,42.520000,42.030000,42.040000,4630900
272,2016-06-08,42.030000,42.330000,41.950000,42.060000,3536100
272,2016-06-09,41.820000,41.850000,41.370000,41.650000,5623400
272,2016-06-10,41.070000,41.320000,41.010000,41.240000,5330000
272,2016-06-13,41.090000,41.530000,40.960000,40.960000,5267200
272,2016-06-14,40.800000,41.170000,40.010000,40.150000,6521900
272,2016-06-15,40.420000,40.690000,40.210000,40.260000,4210600
272,2016-06-16,39.760000,40.190000,39.400000,40.160000,3971800
272,2016-06-17,40.240000,40.440000,39.880000,40.060000,5470500
272,2016-06-20,40.880000,41.110000,40.360000,40.420000,4964500
272,2016-06-21,40.690000,40.690000,40.320000,40.440000,3700900
272,2016-06-22,40.490000,40.830000,40.420000,40.600000,4704300
272,2016-06-23,41.100000,41.540000,41.100000,41.540000,4491000
272,2016-06-24,39.380000,39.600000,37.960000,37.990000,12061900
272,2016-06-27,37.220000,37.260000,35.720000,35.880000,10241000
272,2016-06-28,36.520000,36.790000,36.050000,36.790000,6531800
272,2016-06-29,37.230000,38.020000,36.970000,38.000000,8431400
272,2016-06-30,38.450000,38.870000,37.970000,38.850000,7417400
272,2016-07-01,38.600000,38.730000,38.000000,38.040000,5724900
272,2016-07-05,37.650000,37.650000,36.870000,37.130000,10249100
272,2016-07-06,36.780000,37.400000,36.500000,37.310000,8480200
272,2016-07-07,37.290000,38.150000,37.290000,37.760000,5705200
272,2016-07-08,38.110000,38.540000,38.110000,38.490000,4742800
272,2016-07-11,38.820000,39.110000,38.530000,38.590000,3930000
272,2016-07-12,39.050000,39.460000,39.030000,39.370000,5769200
272,2016-07-13,39.310000,39.630000,39.030000,39.410000,4342900
272,2016-07-14,40.670000,40.670000,39.590000,39.690000,3865700
272,2016-07-15,40.090000,40.090000,39.480000,39.790000,3946200
272,2016-07-18,39.860000,40.020000,39.670000,39.930000,3433700
272,2016-07-19,39.720000,39.780000,39.500000,39.710000,2963300
272,2016-07-20,40.000000,40.030000,39.520000,40.010000,4815400
272,2016-07-21,39.450000,39.800000,38.570000,38.600000,8301500
272,2016-07-22,38.640000,39.250000,38.620000,39.190000,4919700
272,2016-07-25,39.210000,39.440000,38.870000,39.050000,4447500
272,2016-07-26,39.180000,39.680000,39.100000,39.600000,6350900
272,2016-07-27,39.590000,40.290000,39.470000,39.930000,7067700
272,2016-07-28,39.790000,39.950000,39.560000,39.830000,4144800
272,2016-07-29,39.470000,39.760000,39.350000,39.400000,4375300
272,2016-08-01,39.550000,39.710000,39.110000,39.200000,3742300
272,2016-08-02,39.210000,39.240000,38.530000,38.800000,4321800
272,2016-08-03,38.870000,39.370000,38.790000,39.220000,3759400
272,2016-08-04,39.140000,39.280000,38.830000,38.940000,5517100
272,2016-08-05,39.540000,40.530000,39.420000,40.500000,5482500
272,2016-08-08,40.500000,40.840000,40.470000,40.590000,3028100
272,2016-08-09,40.570000,40.700000,40.270000,40.280000,2966600
272,2016-08-10,40.290000,40.370000,39.800000,39.840000,2696000
272,2016-08-11,39.870000,40.200000,39.740000,40.040000,2609600
272,2016-08-12,39.580000,39.750000,39.420000,39.730000,3054300
272,2016-08-15,39.980000,40.270000,39.890000,40.160000,2239600
272,2016-08-16,39.890000,40.320000,39.880000,39.990000,3634400
272,2016-08-17,40.030000,40.280000,39.990000,40.210000,3936900
272,2016-08-18,40.060000,40.380000,39.980000,40.240000,2800900
272,2016-08-19,40.060000,40.350000,39.870000,40.250000,3117000
272,2016-08-22,40.160000,40.330000,39.970000,40.180000,2214200
272,2016-08-23,40.400000,40.520000,40.240000,40.250000,2133700
272,2016-08-24,40.350000,40.450000,40.160000,40.290000,2616500
272,2016-08-25,40.220000,40.530000,40.200000,40.530000,3026200
272,2016-08-26,40.660000,41.000000,40.530000,40.850000,4970200
272,2016-08-29,40.920000,41.410000,40.840000,41.260000,3178700
272,2016-08-30,41.150000,41.720000,41.150000,41.710000,3259800
272,2016-08-31,41.780000,41.990000,41.200000,41.670000,4433600
272,2016-09-01,41.800000,42.020000,41.090000,41.470000,3357100
272,2016-09-02,41.580000,41.760000,41.290000,41.650000,2493200
272,2016-09-06,41.560000,41.760000,41.180000,41.480000,4117400
272,2016-09-07,41.290000,41.570000,41.150000,41.290000,4372400
272,2016-09-08,41.320000,41.750000,41.260000,41.440000,4161800
272,2016-09-09,41.340000,41.740000,40.930000,40.930000,5830600
272,2016-09-12,40.690000,41.590000,40.510000,41.460000,5022100
272,2016-09-13,40.900000,41.150000,40.460000,40.740000,5339600
272,2016-09-14,40.650000,40.910000,40.430000,40.540000,4259900
272,2016-09-15,40.500000,41.010000,40.430000,40.850000,4478000
272,2016-09-16,40.490000,40.560000,40.000000,40.060000,6281600
272,2016-09-19,40.250000,40.630000,39.950000,40.090000,5218400
272,2016-09-20,40.460000,40.780000,40.130000,40.180000,5032100
272,2016-09-21,40.420000,40.660000,40.170000,40.520000,4393000
272,2016-09-22,40.870000,40.900000,40.240000,40.350000,4540700
272,2016-09-23,40.190000,40.550000,40.010000,40.200000,5712300
272,2016-09-26,39.830000,39.960000,39.430000,39.550000,4418000
272,2016-09-27,39.450000,39.640000,39.100000,39.500000,8474000
272,2016-09-28,39.570000,39.650000,39.310000,39.500000,8115900
272,2016-09-29,39.500000,39.900000,38.780000,39.060000,12859900
272,2016-09-30,39.480000,40.080000,39.300000,39.880000,8674700
272,2016-10-03,39.780000,39.900000,39.520000,39.690000,3666500
272,2016-10-04,39.830000,40.400000,39.630000,40.200000,6533300
272,2016-10-05,40.500000,40.900000,40.380000,40.830000,5721900
272,2016-10-06,40.900000,40.940000,40.460000,40.730000,4367400
272,2016-10-07,40.800000,40.970000,40.350000,40.570000,4048400
272,2016-10-10,40.890000,40.950000,40.630000,40.680000,2933700
272,2016-10-11,40.600000,40.650000,39.780000,39.950000,4092900
272,2016-10-12,40.040000,40.340000,39.770000,40.120000,4022200
272,2016-10-13,39.740000,39.740000,38.680000,39.090000,5866300
272,2016-10-14,39.570000,39.820000,39.370000,39.470000,4718800
272,2016-10-17,39.570000,39.650000,39.190000,39.300000,3419200
272,2016-10-18,39.780000,40.100000,39.610000,40.030000,4206100
272,2016-10-19,40.330000,40.480000,39.930000,40.430000,4790000
272,2016-10-20,41.560000,42.340000,41.480000,42.250000,14251100
272,2016-10-21,42.020000,43.160000,41.930000,43.050000,12004300
272,2016-10-24,43.430000,43.590000,43.120000,43.410000,9148100
272,2016-10-25,43.280000,43.500000,43.170000,43.400000,7746000
272,2016-10-26,43.160000,43.730000,43.130000,43.610000,6747500
272,2016-10-27,43.730000,43.880000,43.300000,43.700000,8129200
272,2016-10-28,43.530000,43.780000,43.170000,43.500000,5588000
272,2016-10-31,43.510000,43.800000,43.260000,43.270000,5475000
272,2016-11-01,43.450000,43.600000,42.930000,43.400000,4664800
272,2016-11-02,43.160000,43.250000,42.730000,42.870000,5350800
272,2016-11-03,43.170000,43.410000,42.920000,43.040000,4872900
272,2016-11-04,43.040000,43.270000,42.760000,42.990000,6580600
272,2016-11-07,43.710000,44.040000,43.650000,44.030000,7611500
272,2016-11-08,43.880000,44.250000,43.710000,43.880000,6070800
272,2016-11-09,43.970000,45.750000,43.950000,45.540000,14031700
272,2016-11-10,45.990000,47.610000,45.570000,46.210000,15596900
272,2016-11-11,46.040000,46.790000,45.920000,46.730000,6637100
272,2016-11-14,46.980000,47.870000,46.960000,47.530000,10084300
272,2016-11-15,47.050000,47.960000,46.740000,47.930000,7965500
272,2016-11-16,47.440000,47.510000,46.920000,47.050000,6371700
272,2016-11-17,47.000000,47.850000,46.930000,47.600000,6400700
272,2016-11-18,47.530000,47.670000,47.160000,47.440000,5808900
272,2016-11-21,47.380000,47.590000,47.250000,47.420000,5023900
272,2016-11-22,47.330000,47.550000,46.900000,47.250000,5700100
272,2016-11-23,47.470000,47.710000,47.170000,47.470000,3931100
272,2016-11-25,47.460000,47.470000,47.290000,47.470000,2329300
272,2016-11-28,47.010000,47.390000,46.910000,47.030000,4615500
272,2016-11-29,47.100000,47.310000,46.840000,47.050000,5635900
272,2016-11-30,47.460000,47.730000,47.370000,47.420000,8375300
272,2016-12-01,47.670000,48.670000,47.570000,48.600000,7570700
272,2016-12-02,48.450000,48.570000,47.580000,47.650000,4578900
272,2016-12-05,48.210000,48.510000,47.750000,47.860000,6645300
272,2016-12-06,48.140000,48.230000,47.580000,47.990000,5772300
272,2016-12-07,48.180000,48.550000,47.890000,48.550000,9183500
272,2016-12-08,48.640000,49.540000,48.370000,49.170000,6025500
272,2016-12-09,48.970000,49.020000,48.340000,48.620000,6458300
272,2016-12-12,48.590000,48.970000,48.190000,48.220000,7145800
272,2016-12-13,48.550000,48.790000,47.930000,48.280000,5324500
272,2016-12-14,47.890000,48.820000,47.680000,48.070000,6188300
272,2016-12-15,48.270000,48.840000,47.900000,48.350000,6033700
272,2016-12-16,48.620000,48.620000,47.470000,47.560000,7418800
272,2016-12-19,47.450000,47.520000,47.020000,47.280000,6479400
272,2016-12-20,47.710000,47.880000,47.490000,47.680000,5772400
272,2016-12-21,47.730000,47.750000,47.310000,47.550000,3638100
272,2016-12-22,47.550000,47.800000,47.490000,47.610000,4564300
272,2016-12-23,47.610000,47.690000,47.240000,47.580000,3788600
272,2016-12-27,47.790000,47.860000,47.500000,47.730000,2266600
272,2016-12-28,48.400000,48.520000,47.640000,47.650000,6145300
272,2016-12-29,47.760000,47.950000,46.970000,47.340000,7461800
272,2016-12-30,47.430000,47.620000,47.230000,47.380000,3604700
272,2017-01-03,48.030000,48.640000,47.700000,47.960000,6195900
272,2017-01-04,48.250000,48.740000,48.080000,48.710000,7735300
272,2017-01-05,48.500000,48.960000,47.580000,48.090000,5295500
272,2017-01-06,47.940000,48.440000,47.640000,48.170000,4533800
272,2017-01-09,47.850000,48.040000,47.490000,47.640000,5184900
272,2017-01-10,47.750000,48.150000,47.610000,47.720000,4556400
272,2017-01-11,47.640000,48.050000,47.290000,48.030000,4029900
272,2017-01-12,47.810000,47.960000,47.020000,47.460000,4387500
272,2017-01-13,47.730000,48.160000,47.540000,47.740000,4780600
272,2017-01-17,47.380000,47.460000,46.380000,46.430000,5231600
272,2017-01-18,46.470000,46.510000,45.460000,46.230000,8422000
272,2017-01-19,46.350000,46.560000,44.690000,44.840000,12816600
272,2017-01-20,44.690000,45.090000,44.220000,44.560000,13056500
272,2017-01-23,44.410000,44.760000,43.850000,43.870000,8209200
272,2017-01-24,44.070000,44.830000,43.890000,44.630000,6029900
272,2017-01-25,45.050000,45.220000,44.400000,44.910000,7333800
272,2017-01-26,45.050000,45.180000,44.740000,44.970000,6700000
272,2017-01-27,44.830000,44.960000,44.480000,44.780000,5863700
272,2017-01-30,44.510000,44.690000,44.230000,44.670000,6221500
272,2017-01-31,44.530000,44.860000,44.400000,44.730000,6420600
272,2017-02-01,45.070000,45.390000,44.900000,45.020000,9078500
272,2017-02-02,44.650000,45.090000,44.500000,44.800000,5359300
272,2017-02-03,45.430000,45.920000,45.190000,45.670000,6938400
272,2017-02-06,45.340000,45.950000,45.300000,45.660000,3915000
272,2017-02-07,45.870000,45.930000,45.340000,45.450000,3584800
272,2017-02-08,45.200000,45.330000,44.910000,45.140000,4602000
272,2017-02-09,45.140000,45.640000,45.140000,45.500000,4378500
272,2017-02-10,45.550000,45.720000,45.420000,45.560000,3975200
272,2017-02-13,45.900000,46.270000,45.880000,46.120000,4297200
272,2017-02-14,46.130000,46.860000,46.100000,46.820000,4710900
272,2017-02-15,47.020000,47.530000,46.800000,47.430000,4833100
272,2017-02-16,47.360000,47.470000,46.910000,47.070000,3501700
272,2017-02-17,46.710000,47.150000,46.460000,47.140000,3669900
272,2017-02-21,47.250000,47.640000,47.230000,47.500000,4484100
272,2017-02-22,47.270000,47.550000,47.080000,47.290000,3935700
272,2017-02-23,47.310000,47.390000,47.020000,47.340000,3637900
272,2017-02-24,46.910000,47.100000,46.710000,47.090000,3897000
272,2017-02-27,47.030000,47.360000,47.020000,47.110000,3799500
272,2017-02-28,46.970000,47.190000,46.680000,47.140000,6080800
272,2017-03-01,47.980000,48.790000,47.880000,48.500000,8605700
272,2017-03-02,48.510000,48.510000,47.670000,47.990000,6263300
272,2017-03-03,47.830000,48.220000,47.750000,47.950000,6125300
272,2017-03-06,47.740000,47.930000,47.530000,47.900000,4192300
272,2017-03-07,47.900000,47.990000,47.590000,47.670000,3791200
272,2017-03-08,48.240000,48.450000,47.960000,48.190000,5157600
272,2017-03-09,48.260000,48.470000,47.800000,47.930000,4497900
272,2017-03-10,48.280000,48.360000,47.760000,48.170000,3632100
272,2017-03-13,48.270000,48.530000,48.130000,48.350000,3991700
272,2017-03-14,48.200000,48.380000,47.810000,48.260000,3704400
272,2017-03-15,48.500000,48.750000,48.210000,48.330000,4420200
272,2017-03-16,48.450000,48.740000,48.340000,48.470000,3669000
272,2017-03-17,48.640000,48.650000,47.820000,47.910000,7792700
272,2017-03-20,47.680000,47.760000,47.200000,47.210000,4274700
272,2017-03-21,47.480000,47.490000,46.110000,46.420000,8262900
272,2017-03-22,46.190000,46.320000,45.720000,46.160000,6039800
272,2017-03-23,46.120000,46.690000,45.930000,46.280000,4963200
272,2017-03-24,46.410000,46.600000,45.930000,46.250000,3545200
272,2017-03-27,45.290000,46.300000,45.120000,46.250000,4730800
272,2017-03-28,46.090000,47.330000,46.060000,47.000000,3133400
272,2017-03-29,47.000000,47.040000,46.680000,46.720000,2901600
272,2017-03-30,46.800000,47.650000,46.630000,47.530000,3100400
272,2017-03-31,47.320000,47.610000,47.200000,47.230000,2854200
272,2017-04-03,47.230000,47.390000,46.300000,47.130000,5268300
272,2017-04-04,46.980000,47.320000,46.790000,46.970000,3686400
272,2017-04-05,47.310000,47.950000,46.960000,47.000000,4125000
272,2017-04-06,46.960000,47.490000,46.670000,47.310000,3242300
272,2017-04-07,46.940000,47.470000,46.850000,47.150000,3084000
272,2017-04-10,47.150000,47.400000,46.840000,47.060000,3206500
272,2017-04-11,46.810000,47.260000,46.600000,47.260000,3924400
272,2017-04-12,47.040000,47.170000,46.660000,46.890000,3753300
272,2017-04-13,46.830000,47.160000,46.370000,46.420000,3825400
272,2017-04-17,46.660000,47.120000,46.290000,47.050000,3237500
272,2017-04-18,46.820000,47.080000,46.500000,46.890000,4593600
272,2017-04-19,47.270000,47.370000,46.620000,46.860000,4655700
272,2017-04-20,47.270000,47.500000,45.890000,46.650000,8722200
272,2017-04-21,46.730000,47.260000,46.630000,46.750000,7470900
272,2017-04-24,47.750000,48.020000,47.510000,47.550000,4985000
272,2017-04-25,47.860000,48.070000,47.170000,47.230000,6326100
272,2017-04-26,47.250000,47.650000,47.070000,47.150000,6457200
272,2017-04-27,47.250000,47.450000,46.880000,47.220000,4330100
272,2017-04-28,47.060000,47.490000,46.950000,47.060000,4149700
272,2017-05-01,47.250000,47.590000,46.990000,47.180000,4416200
272,2017-05-02,47.240000,47.320000,46.800000,47.120000,4808900
272,2017-05-03,46.880000,47.460000,46.790000,47.400000,3307200
272,2017-05-04,47.800000,47.840000,47.340000,47.610000,4659900
272,2017-05-05,47.680000,47.770000,47.410000,47.650000,2740100
272,2017-05-08,47.740000,47.930000,47.540000,47.680000,3254900
272,2017-05-09,47.700000,47.830000,46.900000,47.120000,4894100
272,2017-05-10,47.040000,47.180000,46.900000,47.160000,5013700
272,2017-05-11,46.900000,47.160000,46.580000,46.930000,5357100
272,2017-05-12,46.640000,46.780000,46.340000,46.760000,6998900
272,2017-05-15,46.840000,47.210000,46.840000,47.110000,4431000
272,2017-05-16,47.170000,47.300000,46.940000,47.180000,3881700
272,2017-05-17,47.180000,47.180000,46.060000,46.290000,8637600
272,2017-05-18,46.240000,46.660000,46.170000,46.200000,6574700
272,2017-05-19,46.410000,46.780000,46.280000,46.540000,5896700
272,2017-05-22,46.760000,46.870000,46.490000,46.800000,3791600
272,2017-05-23,46.790000,47.220000,46.610000,47.030000,3339900
272,2017-05-24,47.180000,47.200000,46.720000,46.960000,3306900
272,2017-05-25,47.140000,47.520000,47.040000,47.380000,4328100
272,2017-05-26,47.160000,47.590000,47.100000,47.410000,3552500
272,2017-05-30,47.220000,47.280000,46.840000,47.100000,5535800
272,2017-05-31,47.100000,47.280000,46.600000,47.120000,7474900
272,2017-06-01,47.210000,47.460000,46.910000,47.420000,5793900
272,2017-06-02,47.110000,47.700000,47.070000,47.510000,5914100
272,2017-06-05,47.600000,47.960000,47.500000,47.540000,4560400
272,2017-06-06,47.130000,47.360000,46.770000,47.230000,7250800
272,2017-06-07,47.320000,48.000000,47.210000,47.900000,5634300
272,2017-06-08,47.900000,48.690000,47.880000,48.390000,5542300
272,2017-06-09,48.670000,49.460000,48.500000,49.400000,5112700
272,2017-06-12,49.260000,49.660000,49.100000,49.100000,3779400
272,2017-06-13,49.350000,49.750000,49.260000,49.570000,4104100
272,2017-06-14,49.130000,49.850000,49.000000,49.770000,3556500
272,2017-06-15,49.500000,49.920000,49.450000,49.780000,3288800
272,2017-06-16,49.820000,49.940000,49.630000,49.890000,5546200
272,2017-06-19,50.000000,50.390000,49.920000,50.280000,3335900
272,2017-06-20,50.140000,50.320000,49.860000,49.860000,3855400
272,2017-06-21,50.000000,50.000000,49.540000,49.590000,3285700
272,2017-06-22,49.500000,49.740000,49.290000,49.550000,2636500
272,2017-06-23,49.710000,49.710000,49.010000,49.170000,5800700
272,2017-06-26,49.350000,49.640000,49.180000,49.550000,3301600
272,2017-06-27,49.830000,50.010000,49.630000,49.680000,3654000
272,2017-06-28,49.990000,50.770000,49.960000,50.600000,4606700
272,2017-06-29,51.540000,51.590000,50.550000,51.010000,5053300
272,2017-06-30,51.430000,51.430000,50.840000,51.020000,3461700
272,2017-07-03,51.310000,52.070000,51.260000,51.830000,2584000
272,2017-07-05,52.030000,52.340000,51.620000,52.270000,3957700
272,2017-07-06,52.200000,52.230000,51.200000,51.230000,5161200
272,2017-07-07,51.420000,51.850000,51.230000,51.750000,3130400
272,2017-07-10,51.670000,52.080000,51.610000,51.880000,2310500
272,2017-07-11,51.880000,51.950000,51.450000,51.470000,3142000
272,2017-07-12,51.210000,51.460000,51.140000,51.450000,3053700
272,2017-07-13,51.550000,52.080000,51.430000,52.060000,2784800
272,2017-07-14,51.690000,52.500000,51.600000,52.360000,3938400
272,2017-07-17,52.880000,53.540000,52.390000,53.350000,6866600
272,2017-07-18,52.910000,53.540000,52.820000,53.530000,6323000
272,2017-07-19,53.300000,53.620000,52.620000,53.060000,9438500
272,2017-07-20,53.560000,54.590000,53.260000,53.910000,7372900
272,2017-07-21,53.750000,54.030000,53.220000,53.360000,5666000
272,2017-07-24,53.350000,53.590000,53.290000,53.470000,3947200
272,2017-07-25,54.190000,54.410000,53.670000,53.730000,3639100
272,2017-07-26,53.730000,54.070000,53.240000,53.390000,3498300
272,2017-07-27,53.380000,53.470000,52.390000,52.860000,3618100
272,2017-07-28,52.720000,52.960000,52.350000,52.660000,2255200
272,2017-07-31,52.900000,53.180000,52.860000,53.030000,3611800
272,2017-08-01,53.350000,53.830000,53.160000,53.710000,5325200
272,2017-08-02,53.620000,53.930000,53.560000,53.910000,4387800
272,2017-08-03,53.820000,53.950000,53.670000,53.820000,2849100
272,2017-08-04,53.940000,54.290000,53.870000,54.020000,3150900
272,2017-08-07,54.020000,54.030000,53.600000,53.710000,3025900
272,2017-08-08,53.610000,54.090000,53.570000,53.790000,3007900
272,2017-08-09,53.580000,54.100000,53.480000,54.040000,4394200
272,2017-08-10,53.530000,53.700000,51.910000,51.950000,8383100
272,2017-08-11,52.050000,52.680000,52.040000,52.190000,5932600
272,2017-08-14,52.700000,53.140000,52.660000,52.830000,5114000
272,2017-08-15,53.300000,53.540000,52.960000,53.150000,3827600
272,2017-08-16,53.380000,53.430000,52.680000,52.880000,4273400
272,2017-08-17,52.690000,52.790000,51.770000,51.800000,5241600
272,2017-08-18,51.560000,52.480000,51.410000,52.100000,5424000
272,2017-08-21,52.040000,52.370000,51.900000,52.190000,3968500
272,2017-08-22,52.280000,52.790000,52.280000,52.660000,4142300
272,2017-08-23,52.260000,53.100000,52.250000,52.770000,3625000
272,2017-08-24,52.850000,52.970000,52.530000,52.790000,3379200
272,2017-08-25,52.890000,53.230000,52.600000,52.650000,2731300
272,2017-08-28,52.780000,52.800000,52.080000,52.270000,2107900
272,2017-08-29,51.770000,52.220000,51.540000,52.090000,3194600
272,2017-08-30,52.100000,52.520000,52.040000,52.360000,2430800
272,2017-08-31,52.510000,52.610000,52.030000,52.280000,3049400
272,2017-09-01,52.450000,52.690000,52.230000,52.330000,2844000
272,2017-09-05,51.980000,52.010000,50.960000,51.200000,5093200
272,2017-09-06,51.490000,51.490000,50.960000,51.270000,3041400
272,2017-09-07,51.260000,51.360000,50.150000,50.280000,5138400
272,2017-09-08,50.330000,50.930000,50.150000,50.430000,4952900
272,2017-09-11,50.920000,51.560000,50.910000,51.530000,4442600
272,2017-09-12,51.700000,52.040000,51.600000,51.990000,3693500
272,2017-09-13,51.790000,51.990000,50.950000,51.590000,4385600
272,2017-09-14,51.550000,51.620000,51.010000,51.130000,3019600
272,2017-09-15,51.100000,51.670000,50.990000,51.560000,5083300
272,2017-09-18,51.680000,51.930000,51.540000,51.700000,2846400
272,2017-09-19,51.720000,52.130000,51.610000,52.040000,3207100
272,2017-09-20,52.160000,52.530000,51.570000,52.400000,3612900
272,2017-09-21,52.440000,52.660000,52.040000,52.420000,3116500
272,2017-09-22,52.200000,52.460000,51.900000,52.370000,3235800
272,2017-09-25,52.240000,52.470000,51.740000,52.200000,2848800
272,2017-09-26,52.370000,52.400000,52.050000,52.120000,2097900
272,2017-09-27,52.960000,52.960000,52.470000,52.760000,3390900
272,2017-09-28,52.750000,53.020000,52.530000,53.010000,2714300
272,2017-09-29,53.020000,53.320000,52.800000,53.020000,2746300
272,2017-10-02,52.910000,53.670000,52.860000,53.650000,2280900
272,2017-10-03,53.960000,53.960000,53.450000,53.800000,1857200
272,2017-10-04,53.650000,54.070000,53.590000,53.800000,1905100
272,2017-10-05,53.800000,54.570000,53.730000,54.430000,2561900
272,2017-10-06,54.620000,54.810000,54.040000,54.470000,2412400
272,2017-10-09,54.550000,54.640000,54.150000,54.330000,1732400
272,2017-10-10,54.370000,54.730000,54.280000,54.660000,3179500
272,2017-10-11,54.620000,54.940000,54.350000,54.880000,2657700
272,2017-10-12,54.950000,55.290000,54.660000,54.740000,3103600
272,2017-10-13,54.570000,55.090000,54.330000,54.670000,3156300
272,2017-10-16,54.780000,54.970000,54.470000,54.710000,2384400
272,2017-10-17,54.760000,54.760000,53.760000,53.960000,3584500
272,2017-10-18,54.230000,54.640000,54.100000,54.460000,3513600
272,2017-10-19,54.010000,54.140000,52.240000,52.850000,8297800
272,2017-10-20,53.490000,53.840000,52.930000,53.120000,6977800
272,2017-10-23,53.090000,53.120000,52.290000,52.510000,5386900
272,2017-10-24,52.730000,53.050000,52.710000,52.880000,4447800
272,2017-10-25,53.010000,53.110000,51.370000,51.750000,8130500
272,2017-10-26,52.040000,52.580000,51.830000,52.220000,4978300
272,2017-10-27,52.070000,52.300000,51.650000,52.140000,5090800
272,2017-10-30,51.750000,52.060000,51.600000,51.650000,3760000
272,2017-10-31,51.540000,51.900000,51.390000,51.450000,3745600
272,2017-11-01,51.670000,52.080000,51.560000,51.650000,3561500
272,2017-11-02,51.430000,51.860000,51.150000,51.400000,5934300
272,2017-11-03,51.300000,51.500000,51.050000,51.330000,5563900
272,2017-11-06,51.260000,51.480000,51.200000,51.350000,3847800
272,2017-11-07,51.500000,51.720000,50.970000,51.070000,3933600
272,2017-11-08,51.070000,51.420000,50.890000,51.220000,3267700
272,2017-11-09,50.850000,51.240000,50.590000,50.820000,4432100
272,2017-11-10,50.890000,51.010000,50.530000,50.930000,3552500
272,2017-11-13,50.600000,51.070000,50.570000,51.020000,3058100
272,2017-11-14,50.670000,51.980000,50.640000,51.850000,6879600
272,2017-11-15,51.380000,52.170000,51.200000,51.940000,4890900
272,2017-11-16,52.110000,52.710000,52.100000,52.230000,5229700
272,2017-11-17,52.000000,52.800000,51.920000,52.470000,4337100
272,2017-11-20,52.630000,52.770000,52.370000,52.520000,4558100
272,2017-11-21,52.640000,52.640000,52.030000,52.420000,4905400
272,2017-11-22,52.410000,52.590000,52.310000,52.430000,4545600
272,2017-11-24,52.510000,52.550000,52.190000,52.230000,1326900
272,2017-11-27,52.370000,52.570000,52.040000,52.180000,4774100
272,2017-11-28,52.310000,53.270000,52.150000,53.130000,4493300
272,2017-11-29,53.580000,54.660000,53.440000,54.410000,6994400
272,2017-11-30,54.720000,55.280000,54.430000,54.740000,7684500
272,2017-12-01,54.920000,55.160000,53.680000,54.450000,5679700
272,2017-12-04,55.210000,55.400000,54.830000,54.970000,5985900
272,2017-12-05,55.200000,55.200000,54.340000,54.430000,4161900
272,2017-12-06,54.340000,54.380000,53.820000,54.020000,3815000
272,2017-12-07,53.800000,54.410000,53.760000,54.220000,4359200
272,2017-12-08,54.620000,54.750000,54.280000,54.670000,4466300
272,2017-12-11,54.690000,54.850000,54.370000,54.540000,4123500
272,2017-12-12,54.670000,55.230000,54.570000,54.970000,4945000
272,2017-12-13,54.990000,55.200000,54.360000,54.380000,4294900
272,2017-12-14,54.580000,54.640000,53.960000,54.020000,3449000
272,2017-12-15,54.070000,54.640000,53.910000,54.200000,9190500
272,2017-12-18,54.670000,55.000000,54.360000,54.420000,3975100
272,2017-12-19,54.730000,55.000000,54.170000,54.200000,4306900
272,2017-12-20,54.670000,54.800000,53.820000,53.950000,3782100
272,2017-12-21,54.200000,54.700000,54.170000,54.360000,3658700
272,2017-12-22,54.530000,54.620000,53.820000,54.000000,2482300
272,2017-12-26,54.100000,54.380000,53.720000,53.810000,1841900
272,2017-12-27,53.900000,53.940000,53.720000,53.840000,2225500
272,2017-12-28,54.010000,54.260000,53.840000,54.120000,4051600
272,2017-12-29,54.390000,54.420000,53.850000,53.860000,2369300
272,2018-01-02,54.270000,54.400000,53.680000,53.820000,3633100
272,2018-01-03,53.920000,54.250000,53.660000,54.150000,2409300
272,2018-01-04,54.370000,55.050000,54.260000,54.690000,2886500
272,2018-01-05,54.850000,54.920000,54.430000,54.830000,2514700
272,2018-01-08,54.870000,55.260000,54.750000,55.060000,3773100
272,2018-01-09,55.120000,55.780000,55.080000,55.560000,4121700
272,2018-01-10,55.950000,57.390000,55.750000,57.300000,5113400
272,2018-01-11,57.580000,57.860000,57.240000,57.830000,3476200
272,2018-01-12,58.160000,58.680000,57.970000,58.420000,3484200
272,2018-01-16,58.680000,58.990000,57.360000,57.540000,5864100
272,2018-01-17,57.800000,58.190000,57.110000,57.890000,4253100
272,2018-01-18,55.410000,55.840000,54.670000,55.350000,11105300
272,2018-01-19,55.560000,57.000000,55.450000,56.610000,8964500
272,2018-01-22,56.600000,57.810000,56.470000,57.720000,5563100
272,2018-01-23,57.480000,57.960000,57.180000,57.720000,3832700
272,2018-01-24,57.860000,58.330000,57.370000,57.770000,3972300
272,2018-01-25,57.750000,57.890000,56.710000,56.850000,4546100
272,2018-01-26,56.860000,57.780000,56.670000,57.780000,5055000
272,2018-01-29,57.390000,57.940000,57.260000,57.520000,4057600
272,2018-01-30,57.160000,57.610000,56.700000,56.700000,4401300
272,2018-01-31,56.690000,57.160000,56.380000,56.700000,3484800
272,2018-02-01,56.680000,57.550000,56.380000,57.500000,3232300
272,2018-02-02,57.120000,57.780000,56.220000,56.330000,4359900
272,2018-02-05,55.760000,56.720000,54.270000,54.380000,7296100
272,2018-02-06,53.320000,55.650000,52.680000,55.490000,10572000
272,2018-02-07,55.220000,56.210000,55.210000,55.340000,6123700
272,2018-02-08,55.300000,55.640000,53.240000,53.290000,7132400
272,2018-02-09,53.980000,54.460000,52.110000,54.080000,6199600
272,2018-02-12,54.510000,55.170000,53.900000,54.610000,4857400
272,2018-02-13,54.360000,55.000000,54.120000,54.810000,3100300
272,2018-02-14,54.530000,56.060000,54.530000,55.980000,4067000
272,2018-02-15,56.500000,56.680000,55.670000,56.160000,3224800
272,2018-02-16,55.980000,56.600000,55.900000,56.250000,3377600
272,2018-02-20,56.200000,56.830000,56.050000,56.420000,2980800
272,2018-02-21,56.470000,57.360000,56.290000,56.450000,3890900
272,2018-02-22,56.740000,57.410000,55.800000,55.900000,4275900
272,2018-02-23,56.190000,56.930000,56.140000,56.900000,3208100
272,2018-02-26,57.220000,58.220000,56.880000,58.180000,3922200
272,2018-02-27,58.200000,58.670000,57.970000,57.990000,4572600
272,2018-02-28,58.060000,58.300000,56.990000,57.030000,5078500
272,2018-03-01,57.040000,57.190000,55.120000,55.510000,6691100
272,2018-03-02,55.190000,55.470000,54.110000,55.370000,5399000
272,2018-03-05,54.980000,56.680000,54.810000,56.410000,4397300
272,2018-03-06,56.830000,57.160000,56.300000,56.870000,7012100
272,2018-03-07,56.390000,57.100000,56.070000,56.900000,5049100
272,2018-03-08,57.400000,57.560000,55.140000,55.690000,8016400
272,2018-03-09,55.940000,57.450000,55.730000,57.230000,6573600
272,2018-03-12,57.260000,57.410000,56.310000,56.440000,4794200
272,2018-03-13,56.690000,56.830000,55.820000,55.960000,5151500
272,2018-03-14,56.250000,56.260000,54.540000,54.870000,5617600
272,2018-03-15,55.010000,55.090000,54.510000,54.850000,4448600
272,2018-03-16,55.010000,55.500000,54.870000,55.000000,10585000
272,2018-03-19,55.020000,55.260000,53.770000,54.340000,5127600
272,2018-03-20,54.470000,54.770000,54.190000,54.430000,3676200
272,2018-03-21,54.500000,55.370000,54.410000,54.610000,4947100
272,2018-03-22,54.000000,54.060000,51.850000,52.020000,6626600
272,2018-03-23,52.120000,52.230000,50.610000,50.730000,7548200
272,2018-03-26,51.490000,52.290000,50.870000,52.140000,4751600
272,2018-03-27,52.120000,52.270000,50.140000,50.720000,6267200
272,2018-03-28,50.810000,51.380000,50.110000,50.610000,6496100
272,2018-03-29,50.910000,52.000000,50.860000,51.530000,3896100
272,2018-04-02,51.260000,51.570000,49.390000,50.150000,6779600
272,2018-04-03,50.520000,51.080000,49.950000,50.990000,4487800
272,2018-04-04,50.060000,51.590000,49.900000,51.480000,3843000
272,2018-04-05,51.760000,52.140000,51.490000,51.730000,2851500
272,2018-04-06,51.190000,51.540000,49.820000,50.350000,5118100
272,2018-04-09,50.750000,51.760000,50.460000,50.520000,4567000
272,2018-04-10,51.390000,51.780000,51.010000,51.380000,4611900
272,2018-04-11,50.860000,51.360000,50.650000,50.950000,3782700
272,2018-04-12,51.380000,52.260000,51.340000,52.010000,3787000
272,2018-04-13,52.420000,52.540000,51.250000,51.570000,4330700
272,2018-04-16,51.900000,52.290000,51.770000,51.990000,3316200
272,2018-04-17,52.430000,52.830000,52.140000,52.190000,4630900
272,2018-04-18,52.440000,53.010000,52.070000,52.260000,4211100
272,2018-04-19,53.720000,55.250000,53.500000,55.240000,7839100
272,2018-04-20,55.420000,55.920000,54.480000,55.420000,7005200
272,2018-04-23,55.340000,56.330000,55.340000,55.730000,6067500
272,2018-04-24,56.050000,56.630000,54.970000,55.390000,4794300
272,2018-04-25,55.210000,55.830000,54.760000,55.400000,5199500
272,2018-04-26,55.400000,55.800000,55.010000,55.440000,4369100
272,2018-04-27,55.420000,55.650000,54.950000,55.320000,3040800
272,2018-04-30,55.200000,55.540000,54.500000,54.510000,3629800
272,2018-05-01,54.390000,54.510000,53.450000,54.190000,4325700
272,2018-05-02,54.000000,54.450000,53.370000,53.990000,4479500
272,2018-05-03,53.610000,54.220000,52.660000,53.850000,4004300
272,2018-05-04,53.340000,54.850000,53.190000,54.490000,2539100
272,2018-05-07,54.590000,55.660000,54.410000,55.590000,4555100
272,2018-05-08,55.540000,56.430000,55.500000,56.080000,5623600
272,2018-05-09,56.190000,56.870000,55.950000,56.860000,4749300
272,2018-05-10,56.850000,57.320000,56.640000,57.270000,4017400
272,2018-05-11,57.240000,57.520000,57.020000,57.180000,3273100
272,2018-05-14,57.420000,57.620000,57.080000,57.300000,2755800
272,2018-05-15,57.050000,57.350000,56.540000,56.890000,4292700
272,2018-05-16,56.800000,57.260000,56.600000,57.060000,3119900
272,2018-05-17,57.010000,57.740000,56.670000,57.280000,3547200
272,2018-05-18,57.140000,57.240000,56.800000,56.960000,3819300
272,2018-05-21,57.400000,57.820000,57.170000,57.720000,4005400
272,2018-05-22,57.750000,58.080000,57.560000,57.590000,3884300
272,2018-05-23,57.120000,57.460000,56.530000,57.450000,3249700
272,2018-05-24,57.330000,57.630000,56.630000,57.240000,4098700
272,2018-05-25,56.970000,57.220000,56.610000,57.000000,3434600
272,2018-05-29,56.270000,56.490000,54.790000,55.190000,8703100
272,2018-05-30,55.820000,56.180000,54.950000,55.400000,6970500
272,2018-05-31,55.180000,55.270000,54.380000,54.750000,7143700
272,2018-06-01,55.450000,56.000000,55.210000,55.350000,5086500
272,2018-06-04,55.580000,55.880000,55.230000,55.770000,4676400
272,2018-06-05,55.430000,55.930000,55.170000,55.590000,5023300
272,2018-06-06,55.800000,56.570000,55.800000,56.570000,3792900
272,2018-06-07,57.720000,58.220000,57.220000,57.650000,7910000
272,2018-06-08,57.430000,57.880000,56.900000,57.560000,3632700
272,2018-06-11,57.640000,58.020000,57.410000,57.700000,3233700
272,2018-06-12,57.840000,57.940000,57.310000,57.670000,3280000
272,2018-06-13,57.670000,57.940000,57.050000,57.320000,3446200
272,2018-06-14,57.320000,57.400000,56.560000,56.800000,3432300
272,2018-06-15,56.650000,57.090000,56.090000,56.930000,6615400
272,2018-06-18,56.600000,57.260000,56.290000,57.240000,4203300
272,2018-06-19,56.600000,57.490000,56.510000,57.340000,4686800
272,2018-06-20,57.700000,57.870000,57.370000,57.370000,3766900
272,2018-06-21,57.210000,57.540000,56.580000,57.150000,4259100
272,2018-06-22,57.560000,57.720000,56.690000,56.750000,5072600
272,2018-06-25,56.660000,56.740000,55.200000,55.670000,4566300
272,2018-06-26,55.540000,55.600000,54.830000,55.180000,3655600
272,2018-06-27,55.190000,55.570000,54.140000,54.200000,4321000
272,2018-06-28,54.370000,54.580000,53.690000,54.300000,4020400
272,2018-06-29,54.860000,55.130000,53.900000,53.930000,7719500
272,2018-07-02,53.470000,54.090000,53.280000,54.090000,4303100
272,2018-07-03,54.320000,54.640000,53.060000,53.190000,2600900
272,2018-07-05,53.550000,53.700000,53.050000,53.200000,2976600
272,2018-07-06,53.030000,53.550000,52.850000,53.200000,3292900
272,2018-07-09,53.480000,54.160000,53.480000,54.110000,2849600
272,2018-07-10,54.210000,54.400000,53.820000,54.030000,3207600
272,2018-07-11,53.690000,53.890000,53.250000,53.390000,4105700
272,2018-07-12,53.500000,53.680000,52.970000,53.500000,3347900
272,2018-07-13,53.340000,53.640000,52.740000,53.030000,4102100
272,2018-07-16,53.120000,53.780000,52.950000,53.700000,4282200
272,2018-07-17,53.470000,54.160000,53.470000,54.050000,4703500
272,2018-07-18,54.240000,55.700000,54.240000,55.640000,7600500
272,2018-07-19,54.350000,54.500000,52.100000,52.730000,17437200
272,2018-07-20,52.710000,53.040000,52.390000,52.460000,14046700
272,2018-07-23,52.460000,53.360000,52.320000,53.250000,8353500
272,2018-07-24,53.510000,54.470000,53.430000,54.190000,5026100
272,2018-07-25,54.250000,54.250000,53.280000,53.300000,10071800
272,2018-07-26,53.300000,53.800000,53.260000,53.400000,6657900
272,2018-07-27,53.460000,53.810000,53.310000,53.410000,3651300
272,2018-07-30,53.210000,53.780000,53.180000,53.460000,4271600
272,2018-07-31,53.800000,53.810000,53.210000,53.470000,3918600
272,2018-08-01,53.600000,54.150000,52.950000,53.280000,6482000
272,2018-08-02,52.940000,53.010000,52.320000,52.630000,5394400
272,2018-08-03,52.650000,52.910000,52.470000,52.770000,4734400
272,2018-08-06,52.780000,53.400000,52.650000,53.030000,4136700
272,2018-08-07,53.150000,53.550000,52.930000,52.940000,4959500
272,2018-08-08,53.040000,53.310000,52.880000,53.140000,3355700
272,2018-08-09,53.090000,53.180000,52.270000,52.290000,4795000
272,2018-08-10,51.630000,51.670000,50.560000,51.020000,13595000
272,2018-08-13,51.100000,51.100000,50.120000,50.140000,8964100
272,2018-08-14,50.310000,51.140000,50.310000,50.970000,5081700
272,2018-08-15,50.580000,51.180000,50.570000,50.960000,4795900
272,2018-08-16,51.120000,51.760000,51.110000,51.520000,4840700
272,2018-08-17,51.400000,51.740000,51.290000,51.690000,3977700
272,2018-08-20,51.750000,51.980000,51.740000,51.940000,3656600
272,2018-08-21,51.740000,52.810000,51.640000,52.540000,4252300
272,2018-08-22,52.440000,52.740000,52.180000,52.500000,3011200
272,2018-08-23,52.430000,52.460000,52.170000,52.330000,3448700
272,2018-08-24,52.540000,52.720000,52.390000,52.560000,2841100
272,2018-08-27,52.840000,53.440000,52.760000,52.980000,3816600
272,2018-08-28,53.050000,53.130000,52.820000,52.890000,3620400
272,2018-08-29,52.900000,52.910000,52.300000,52.500000,4127600
272,2018-08-30,52.360000,52.520000,52.120000,52.230000,4356200
272,2018-08-31,52.030000,52.180000,51.700000,52.150000,3974300
272,2018-09-04,52.160000,52.690000,51.900000,52.400000,3920200
272,2018-09-05,52.410000,52.880000,52.140000,52.250000,4221200
272,2018-09-06,52.220000,52.350000,51.840000,52.190000,3800000
272,2018-09-07,52.320000,52.460000,51.860000,52.180000,3395500
272,2018-09-10,52.230000,52.450000,51.940000,52.030000,3825500
272,2018-09-11,51.880000,52.490000,51.690000,52.240000,3657900
272,2018-09-12,52.200000,52.290000,51.900000,52.010000,3956400
272,2018-09-13,52.040000,52.090000,50.980000,51.220000,6816600
272,2018-09-14,51.400000,51.750000,51.370000,51.650000,3766900
272,2018-09-17,51.680000,51.690000,50.970000,51.220000,4799300
272,2018-09-18,51.400000,51.570000,51.110000,51.450000,3477500
272,2018-09-19,51.530000,52.860000,51.470000,52.430000,4973000
272,2018-09-20,52.760000,53.380000,52.690000,53.330000,4553900
272,2018-09-21,53.380000,53.510000,53.030000,53.390000,21768700
272,2018-09-24,53.360000,53.360000,52.220000,52.370000,3501100
272,2018-09-25,52.490000,52.650000,52.210000,52.310000,5039000
272,2018-09-26,52.500000,52.640000,51.790000,51.920000,5107700
272,2018-09-27,51.940000,52.070000,51.320000,51.540000,4068200
272,2018-09-28,51.180000,51.520000,50.900000,50.990000,5310600
272,2018-10-01,51.150000,51.930000,50.930000,51.900000,4634700
272,2018-10-02,51.800000,52.060000,51.240000,51.750000,3245500
272,2018-10-03,52.070000,52.520000,51.900000,52.180000,3707000
272,2018-10-04,52.260000,52.920000,52.090000,52.680000,4825100
272,2018-10-05,52.830000,53.140000,52.420000,52.590000,4316800
272,2018-10-08,52.410000,52.850000,52.300000,52.780000,3902200
272,2018-10-09,52.450000,52.520000,51.970000,52.230000,3696000
272,2018-10-10,52.380000,52.480000,50.700000,50.720000,6211600
272,2018-10-11,50.420000,50.930000,49.130000,49.190000,8144600
272,2018-10-12,50.510000,50.510000,48.250000,49.100000,6134500
272,2018-10-15,48.960000,49.150000,48.450000,48.450000,6474500
272,2018-10-16,48.740000,49.360000,48.330000,49.350000,4623500
272,2018-10-17,48.580000,49.450000,48.120000,49.150000,7693400
272,2018-10-18,47.560000,48.310000,47.050000,47.790000,8072000
272,2018-10-19,47.090000,47.620000,46.370000,47.400000,9462200
272,2018-10-22,47.440000,47.650000,46.460000,46.470000,7268300
272,2018-10-23,45.560000,46.590000,45.160000,46.280000,9870000
272,2018-10-24,46.240000,46.380000,45.200000,45.330000,7339600
272,2018-10-25,45.760000,46.680000,45.590000,46.150000,6699800
272,2018-10-26,45.710000,46.030000,45.310000,45.470000,9232000
272,2018-10-29,45.820000,46.360000,45.170000,45.770000,6216400
272,2018-10-30,46.100000,46.980000,45.930000,46.920000,7078800
272,2018-10-31,47.220000,47.880000,47.110000,47.330000,6204800
272,2018-11-01,47.610000,47.820000,47.220000,47.520000,4020200
272,2018-11-02,48.000000,48.290000,46.890000,47.210000,6151200
272,2018-11-05,47.370000,48.110000,47.370000,47.970000,4750400
272,2018-11-06,47.960000,48.360000,47.680000,48.320000,3623500
272,2018-11-07,48.500000,48.870000,47.750000,48.770000,4741700
272,2018-11-08,48.530000,49.240000,48.440000,49.030000,5826300
272,2018-11-09,48.820000,48.900000,48.210000,48.500000,4474900
272,2018-11-12,48.330000,48.490000,47.880000,47.980000,4897900
272,2018-11-13,48.170000,48.740000,48.050000,48.200000,4870100
272,2018-11-14,48.540000,49.020000,47.610000,48.230000,6616500
272,2018-11-15,47.750000,49.240000,47.460000,49.220000,7128200
272,2018-11-16,49.000000,49.610000,48.900000,49.390000,4548400
272,2018-11-19,49.340000,50.330000,49.190000,50.120000,6314300
272,2018-11-20,49.780000,49.890000,48.970000,49.380000,7326000
272,2018-11-21,49.620000,50.470000,49.450000,49.960000,5181500
272,2018-11-23,49.600000,50.240000,49.320000,49.860000,2122400
272,2018-11-26,50.440000,51.410000,50.380000,50.930000,5730700
272,2018-11-27,50.660000,51.380000,50.550000,51.370000,3642600
272,2018-11-28,51.540000,51.670000,50.340000,51.610000,7006600
272,2018-11-29,50.940000,51.440000,50.550000,50.680000,4997000
272,2018-11-30,50.600000,51.390000,50.600000,51.310000,5407300
272,2018-12-03,51.800000,51.980000,50.340000,50.640000,6330500
272,2018-12-04,50.530000,50.790000,48.420000,48.700000,8856100
272,2018-12-06,47.800000,48.000000,46.670000,47.840000,11591900
272,2018-12-07,47.800000,48.580000,47.390000,47.710000,6514500
272,2018-12-10,47.450000,47.700000,46.580000,47.560000,6243900
272,2018-12-11,48.390000,49.000000,47.590000,47.670000,9315100
272,2018-12-12,48.200000,48.950000,47.630000,48.060000,7603400
272,2018-12-13,48.130000,48.690000,47.720000,48.090000,7156700
272,2018-12-14,47.590000,49.000000,47.580000,48.670000,9624200
272,2018-12-17,48.390000,49.890000,48.140000,48.980000,9805800
272,2018-12-18,49.200000,49.450000,46.690000,46.730000,13306100
272,2018-12-19,46.640000,47.210000,45.270000,45.500000,13329100
272,2018-12-20,45.120000,46.410000,44.970000,45.010000,13057800
272,2018-12-21,44.580000,45.890000,44.120000,44.640000,17265100
272,2018-12-24,44.260000,45.520000,44.220000,44.490000,7228500
272,2018-12-26,44.650000,46.160000,43.670000,46.160000,7465900
272,2018-12-27,45.410000,46.820000,45.410000,46.820000,7873900
272,2018-12-28,47.100000,47.260000,46.350000,46.650000,4688300
272,2018-12-31,46.890000,47.550000,46.640000,47.070000,3901000
272,2019-01-02,46.550000,47.550000,46.410000,47.500000,4229500
272,2019-01-03,47.340000,47.380000,46.490000,46.560000,4415700
272,2019-01-04,47.380000,47.970000,46.910000,47.910000,4881500
272,2019-01-07,47.650000,48.330000,47.260000,47.800000,4223100
272,2019-01-08,48.080000,48.210000,47.020000,47.620000,4594500
272,2019-01-09,47.700000,47.980000,47.390000,47.760000,5270800
272,2019-01-10,47.500000,47.920000,47.220000,47.470000,4435400
272,2019-01-11,47.110000,48.290000,46.860000,48.080000,3728400
272,2019-01-14,47.640000,48.890000,47.630000,48.420000,4715900
272,2019-01-15,48.240000,49.490000,48.140000,49.410000,6215800
272,2019-01-16,50.090000,50.740000,48.760000,50.430000,7647700
272,2019-01-17,49.940000,51.580000,49.790000,51.530000,7595500
272,2019-01-18,51.800000,53.040000,51.490000,52.660000,8977100
272,2019-01-22,52.270000,53.000000,52.210000,52.590000,6585700
272,2019-01-23,53.110000,53.180000,52.170000,53.060000,6233200
272,2019-01-24,52.860000,53.760000,52.770000,53.710000,6002500
272,2019-01-25,53.780000,53.890000,53.380000,53.400000,8178600
272,2019-01-28,53.020000,53.470000,52.840000,53.440000,5413400
272,2019-01-29,53.350000,53.700000,52.540000,52.610000,4070300
272,2019-01-30,52.530000,53.220000,51.960000,52.530000,4982300
272,2019-01-31,52.230000,52.380000,51.750000,52.320000,4248800
272,2019-02-01,52.350000,52.730000,52.230000,52.620000,4559100
272,2019-02-04,52.700000,52.700000,52.250000,52.380000,4274100
272,2019-02-05,52.500000,52.750000,52.220000,52.620000,3436900
272,2019-02-06,52.420000,52.680000,52.100000,52.320000,3441600
272,2019-02-07,52.300000,52.600000,51.660000,52.110000,3872700
272,2019-02-08,51.780000,52.040000,51.190000,51.830000,3875500
272,2019-02-11,52.000000,52.110000,51.710000,52.010000,3357100
272,2019-02-12,52.530000,53.070000,52.520000,52.840000,4413600
272,2019-02-13,52.960000,53.110000,52.410000,52.430000,4137200
272,2019-02-14,52.130000,52.130000,50.990000,51.770000,3380300
272,2019-02-15,52.120000,52.990000,52.080000,52.990000,4363500
272,2019-02-19,52.670000,53.160000,52.360000,52.990000,3764800
272,2019-02-20,53.000000,53.380000,52.600000,53.320000,4553400
272,2019-02-21,53.170000,53.350000,52.810000,52.950000,2842300
272,2019-02-22,53.150000,53.330000,52.830000,53.220000,2950400
272,2019-02-25,53.360000,53.660000,52.900000,52.930000,4423700
272,2019-02-26,52.870000,53.390000,52.660000,53.040000,3504500
272,2019-02-27,53.040000,53.110000,52.680000,52.750000,3512900
272,2019-02-28,52.800000,53.000000,52.360000,52.480000,4571900
272,2019-03-01,52.810000,53.300000,52.400000,52.690000,4238000
272,2019-03-04,52.840000,53.410000,51.600000,51.910000,3883300
272,2019-03-05,51.820000,52.830000,51.590000,52.650000,4956900
272,2019-03-06,52.650000,52.790000,52.060000,52.060000,3774000
272,2019-03-07,51.830000,51.850000,51.110000,51.230000,4315600
272,2019-03-08,50.830000,51.520000,50.650000,51.480000,3135800
272,2019-03-11,51.760000,52.000000,51.490000,51.830000,3509700
272,2019-03-12,52.000000,52.150000,51.850000,51.910000,3980200
272,2019-03-13,52.180000,52.610000,51.840000,52.440000,4131600
272,2019-03-14,52.340000,52.890000,52.260000,52.760000,3949300
272,2019-03-15,52.550000,53.210000,52.440000,53.120000,9613000
272,2019-03-18,53.480000,54.170000,53.290000,53.980000,3345600
272,2019-03-19,54.180000,54.270000,53.090000,53.120000,4103100
272,2019-03-20,52.980000,53.000000,51.910000,51.980000,4059200
272,2019-03-21,51.600000,52.050000,51.010000,51.890000,4643100
272,2019-03-22,51.480000,51.580000,49.870000,50.500000,5566900
272,2019-03-25,50.490000,51.020000,50.020000,50.280000,2751600
272,2019-03-26,50.660000,50.990000,50.260000,50.840000,3642900
272,2019-03-27,50.760000,50.870000,49.890000,50.100000,7443100
272,2019-03-28,50.270000,50.600000,50.040000,50.390000,3814100
272,2019-03-29,50.720000,50.950000,50.320000,50.430000,4933000
272,2019-04-01,50.800000,51.540000,50.780000,51.460000,3496300
272,2019-04-02,51.540000,51.930000,51.320000,51.350000,3301000
272,2019-04-03,51.790000,52.110000,51.120000,51.240000,4972000
272,2019-04-04,51.410000,51.690000,51.170000,51.450000,5998300
272,2019-04-05,51.570000,51.760000,51.020000,51.180000,4263700
272,2019-04-08,50.880000,51.330000,50.880000,51.250000,6959000
272,2019-04-09,51.060000,51.310000,50.570000,50.990000,3827600
272,2019-04-10,50.990000,51.330000,50.680000,51.290000,2743100
272,2019-04-11,51.540000,52.000000,51.320000,51.690000,3857600
272,2019-04-12,52.500000,52.930000,52.290000,52.810000,4663100
272,2019-04-15,52.800000,53.140000,52.420000,52.600000,4596200
272,2019-04-16,52.740000,53.610000,52.740000,53.440000,5443800
272,2019-04-17,49.700000,50.000000,48.080000,48.350000,13434500
272,2019-04-18,48.370000,48.710000,47.890000,48.410000,8317200
272,2019-04-22,48.250000,48.580000,47.890000,48.190000,7990100
272,2019-04-23,48.070000,48.770000,47.370000,48.470000,8468400
272,2019-04-24,48.220000,48.460000,47.770000,48.150000,7659200
272,2019-04-25,48.020000,48.960000,47.750000,48.550000,6818800
272,2019-04-26,48.190000,48.460000,47.510000,48.430000,5431500
272,2019-04-29,48.300000,49.940000,48.270000,49.380000,5983800
272,2019-04-30,49.490000,49.780000,48.980000,49.660000,6349500
272,2019-05-01,49.700000,50.270000,49.350000,49.430000,6204600
272,2019-05-02,49.550000,50.410000,49.330000,49.830000,5597900
272,2019-05-03,49.930000,50.280000,49.800000,49.970000,4360600
272,2019-05-06,49.070000,49.510000,48.540000,49.330000,3165700
272,2019-05-07,48.740000,48.930000,47.840000,48.140000,4235900
272,2019-05-08,47.990000,48.580000,47.840000,48.050000,3959300
272,2019-05-09,47.530000,47.870000,47.190000,47.780000,3113600
272,2019-05-10,47.670000,48.240000,47.180000,48.100000,3987700
272,2019-05-13,47.290000,47.810000,46.930000,47.150000,4658000
272,2019-05-14,47.150000,47.360000,46.730000,47.010000,3942900
272,2019-05-15,46.550000,46.760000,46.130000,46.510000,3306700
272,2019-05-16,46.570000,46.960000,46.460000,46.540000,3173300
272,2019-05-17,46.110000,46.780000,46.020000,46.080000,3497400
272,2019-05-20,46.090000,46.310000,45.770000,45.970000,3067600
272,2019-05-21,46.140000,46.400000,46.100000,46.210000,3595600
272,2019-05-22,46.080000,46.210000,45.880000,46.160000,3232100
272,2019-05-23,45.880000,45.930000,45.000000,45.240000,6228500
272,2019-05-24,45.380000,45.380000,44.980000,45.160000,4366200
272,2019-05-28,45.040000,45.140000,44.330000,44.330000,8718900
272,2019-05-29,43.850000,44.150000,43.300000,44.060000,6047200
272,2019-05-30,44.030000,44.140000,42.910000,43.250000,5268500
272,2019-05-31,42.580000,43.050000,42.430000,42.690000,6760000
272,2019-06-03,42.690000,43.260000,42.500000,43.050000,6694500
272,2019-06-04,43.650000,44.330000,43.430000,44.290000,4339700
272,2019-06-05,44.200000,44.370000,43.430000,43.610000,3570700
272,2019-06-06,43.580000,43.980000,43.160000,43.820000,3587400
272,2019-06-07,43.780000,44.730000,43.750000,44.400000,4644700
272,2019-06-10,44.850000,45.340000,44.540000,44.900000,4970300
272,2019-06-11,45.140000,45.340000,44.150000,44.500000,5493900
272,2019-06-12,44.500000,44.670000,43.990000,44.100000,4257400
272,2019-06-13,44.250000,44.740000,44.110000,44.530000,2573100
272,2019-06-14,44.550000,44.700000,44.040000,44.490000,2842200
272,2019-06-17,44.510000,44.560000,43.900000,43.950000,2516600
272,2019-06-18,43.560000,44.210000,43.180000,43.240000,10901900
272,2019-06-19,43.500000,43.500000,42.430000,42.690000,14111600
272,2019-06-20,42.680000,43.190000,42.130000,43.120000,11226500
272,2019-06-21,43.310000,44.060000,43.100000,43.410000,8578600
272,2019-06-24,43.320000,44.020000,42.970000,43.080000,4117500
272,2019-06-25,43.080000,43.530000,42.660000,43.430000,5941300
272,2019-06-26,43.480000,43.580000,42.900000,43.120000,5682600
272,2019-06-27,43.260000,43.780000,43.150000,43.390000,3025000
272,2019-06-28,44.000000,44.560000,43.770000,44.150000,7683500
272,2019-07-01,44.920000,44.970000,44.220000,44.470000,4124000
272,2019-07-02,44.470000,44.740000,44.060000,44.230000,5205800
272,2019-07-03,44.310000,44.660000,43.960000,44.640000,2714100
272,2019-07-05,44.860000,45.120000,44.160000,44.530000,3527900
272,2019-07-08,43.850000,44.010000,42.820000,43.030000,6209500
272,2019-07-09,42.630000,43.420000,42.460000,43.400000,4179800
272,2019-07-10,43.460000,43.490000,42.920000,43.040000,3804400
272,2019-07-11,43.160000,43.740000,43.020000,43.650000,3951800
272,2019-07-12,43.780000,43.880000,43.150000,43.560000,3290200
272,2019-07-15,43.600000,43.600000,42.970000,43.150000,4958700
272,2019-07-16,43.340000,43.640000,43.050000,43.110000,4872600
272,2019-07-17,43.370000,44.710000,43.370000,44.120000,6527000
272,2019-07-18,44.280000,44.980000,44.110000,44.860000,5705600
272,2019-07-19,45.060000,45.770000,44.970000,45.270000,7744200
272,2019-07-22,45.190000,46.000000,45.040000,45.820000,4900400
272,2019-07-23,46.230000,46.950000,46.040000,46.720000,6243100
272,2019-07-24,46.560000,47.310000,46.410000,47.100000,5310800
272,2019-07-25,47.300000,47.430000,46.680000,47.290000,5004900
272,2019-07-26,47.250000,47.660000,46.610000,47.600000,4789700
272,2019-07-29,47.440000,47.570000,46.810000,46.820000,4524000
272,2019-07-30,46.390000,47.160000,46.280000,47.040000,4222100
272,2019-07-31,46.910000,47.360000,46.660000,46.920000,6635700
272,2019-08-01,46.380000,47.500000,45.820000,45.970000,6863700
272,2019-08-02,45.970000,46.280000,44.300000,46.030000,4764700
272,2019-08-05,45.240000,45.620000,44.560000,45.060000,5557800
272,2019-08-06,45.190000,45.460000,44.560000,45.450000,5007700
272,2019-08-07,44.500000,45.000000,43.630000,44.730000,6223600
272,2019-08-08,45.000000,45.970000,44.940000,45.570000,5054800
272,2019-08-09,45.440000,46.110000,45.210000,45.810000,5077300
272,2019-08-12,45.260000,45.510000,44.320000,44.380000,4268900
272,2019-08-13,44.270000,44.660000,43.570000,43.670000,6093100
272,2019-08-14,42.750000,43.060000,41.920000,41.960000,4952500
272,2019-08-15,42.020000,42.350000,41.420000,41.670000,3583700
272,2019-08-16,41.950000,42.500000,41.920000,42.330000,2938200
272,2019-08-19,43.030000,43.070000,42.710000,42.720000,2843700
272,2019-08-20,42.520000,42.590000,41.910000,41.960000,2441700
272,2019-08-21,42.130000,42.370000,41.820000,41.940000,3295600
272,2019-08-22,42.230000,42.470000,41.820000,42.170000,3712700
272,2019-08-23,41.900000,42.240000,40.770000,41.020000,3737300
272,2019-08-26,41.330000,41.450000,40.840000,41.110000,4231900
272,2019-08-27,41.340000,41.530000,40.900000,40.950000,3878300
272,2019-08-28,40.790000,41.190000,40.520000,41.050000,4186600
272,2019-08-29,41.470000,42.060000,41.400000,41.720000,3051500
272,2019-08-30,42.020000,42.250000,41.830000,42.060000,3051000
272,2019-09-03,41.690000,41.840000,41.010000,41.530000,3613200
272,2019-09-04,41.960000,42.040000,41.490000,41.920000,2671600
272,2019-09-05,42.550000,43.350000,42.320000,42.820000,4544400
272,2019-09-06,42.940000,43.100000,42.600000,43.030000,3388900
272,2019-09-09,43.310000,45.800000,43.170000,45.480000,7858900
272,2019-09-10,45.770000,46.250000,45.290000,45.780000,5969900
272,2019-09-11,45.960000,46.360000,45.300000,46.340000,3986700
272,2019-09-12,46.130000,46.560000,45.720000,46.310000,3106600
272,2019-09-13,46.880000,47.170000,46.580000,46.900000,3209600
272,2019-09-16,46.380000,47.000000,46.140000,46.750000,2811500
272,2019-09-17,45.430000,46.370000,45.360000,46.350000,4949200
272,2019-09-18,46.370000,47.240000,45.930000,47.000000,4656500
272,2019-09-19,46.950000,47.450000,46.650000,46.980000,3252500
272,2019-09-20,46.980000,47.200000,46.230000,46.380000,8319400
272,2019-09-23,46.080000,46.840000,46.030000,46.770000,2351400
272,2019-09-24,46.600000,46.890000,46.000000,46.250000,2777400
272,2019-09-25,46.370000,46.990000,46.280000,46.890000,2776500
272,2019-09-26,46.820000,46.910000,46.380000,46.630000,2603000
272,2019-09-27,45.980000,46.140000,44.080000,44.530000,13736500
272,2019-09-30,44.880000,45.480000,44.780000,45.210000,5694300
272,2019-10-01,45.210000,45.280000,43.590000,43.730000,4879400
272,2019-10-02,43.400000,43.500000,42.430000,42.490000,7540900
272,2019-10-03,42.540000,42.790000,42.020000,42.430000,9524100
272,2019-10-04,42.590000,42.770000,42.140000,42.630000,14413900
272,2019-10-07,42.600000,42.610000,42.170000,42.240000,7864700
272,2019-10-08,41.920000,42.700000,41.660000,42.330000,8075300
272,2019-10-09,42.680000,42.990000,42.310000,42.830000,3707700
272,2019-10-10,42.930000,43.790000,42.800000,43.500000,4175800
272,2019-10-11,44.390000,44.690000,44.060000,44.120000,5300900
272,2019-10-14,43.920000,44.130000,43.410000,43.910000,4986500
272,2019-10-15,44.070000,44.470000,43.560000,44.360000,10975800
272,2019-10-16,45.000000,45.670000,44.420000,44.440000,7760500
272,2019-10-17,44.990000,45.200000,44.330000,44.380000,4233500
272,2019-10-18,44.320000,45.910000,44.250000,45.340000,7161700
272,2019-10-21,45.530000,45.970000,45.470000,45.670000,6914900
272,2019-10-22,45.620000,46.720000,45.330000,46.140000,5812200
272,2019-10-23,46.040000,46.950000,46.040000,46.730000,6525300
272,2019-10-24,46.680000,46.850000,45.960000,46.280000,5648700
272,2019-10-25,45.920000,46.750000,45.860000,46.380000,5697000
272,2019-10-28,46.750000,47.020000,46.620000,46.890000,5010900
272,2019-10-29,46.660000,47.180000,46.610000,46.630000,8328300
272,2019-10-30,46.570000,46.850000,46.320000,46.620000,5709200
272,2019-10-31,46.440000,46.750000,46.180000,46.750000,8581600
272,2019-11-01,47.090000,47.600000,46.940000,47.160000,7002200
272,2019-11-04,47.740000,48.740000,47.600000,48.720000,6561200
272,2019-11-05,48.940000,49.650000,48.870000,49.170000,6953200
272,2019-11-06,49.150000,49.490000,48.930000,49.130000,3460000
272,2019-11-07,49.540000,50.030000,49.390000,49.400000,5281300
272,2019-11-08,49.330000,49.670000,48.980000,49.200000,3748700
272,2019-11-11,49.200000,49.570000,48.990000,49.060000,2988300
272,2019-11-12,49.210000,49.310000,48.780000,48.900000,3443800
272,2019-11-13,48.380000,48.770000,48.040000,48.350000,2799500
272,2019-11-14,48.320000,48.630000,48.180000,48.420000,2034700
272,2019-11-15,48.560000,48.620000,48.190000,48.570000,4286100
272,2019-11-18,48.630000,49.030000,48.430000,48.730000,2930900
272,2019-11-19,48.990000,49.000000,48.560000,48.690000,3052400
272,2019-11-20,48.560000,48.940000,48.380000,48.880000,3204800
272,2019-11-21,48.990000,49.110000,48.500000,48.570000,2743600
272,2019-11-22,48.650000,49.100000,48.560000,48.800000,3133700
272,2019-11-25,48.860000,49.450000,48.850000,49.330000,2359800
272,2019-11-26,49.370000,49.430000,48.550000,48.780000,3525600
272,2019-11-27,49.020000,49.150000,48.780000,48.960000,2820100
272,2019-11-29,48.880000,49.100000,48.640000,48.970000,3290400
272,2019-12-02,49.110000,49.400000,48.960000,49.130000,3429800
272,2019-12-03,48.610000,48.690000,47.910000,48.120000,3401500
272,2019-12-04,48.120000,48.890000,48.120000,48.780000,2188400
272,2019-12-05,49.030000,49.300000,48.900000,49.270000,2372500
272,2019-12-06,49.830000,49.930000,49.610000,49.640000,3686900
272,2019-12-09,49.570000,49.890000,49.410000,49.700000,2634300
272,2019-12-10,49.760000,49.910000,49.530000,49.840000,3265700
272,2019-12-11,49.930000,50.370000,49.800000,49.880000,4365100
272,2019-12-12,50.130000,51.400000,49.920000,51.220000,4453300
272,2019-12-13,51.030000,51.400000,50.160000,50.220000,3885600
272,2019-12-16,50.730000,51.040000,50.100000,50.160000,3239700
272,2019-12-17,50.620000,51.250000,50.510000,51.160000,4070600
272,2019-12-18,51.110000,51.260000,50.920000,51.000000,5175200
272,2019-12-19,50.950000,51.250000,50.730000,50.850000,4391400
272,2019-12-20,50.940000,51.110000,50.480000,50.630000,8378300
272,2019-12-23,50.650000,50.700000,50.090000,50.370000,2084400
272,2019-12-24,50.390000,50.470000,50.170000,50.350000,763700
272,2019-12-26,50.460000,50.650000,50.290000,50.490000,1211700
272,2019-12-27,50.530000,50.640000,50.170000,50.320000,1859200
272,2019-12-30,50.540000,50.710000,50.090000,50.180000,3458200
272,2019-12-31,50.140000,50.480000,50.060000,50.330000,2264800
272,2020-01-02,50.460000,50.920000,50.220000,50.920000,2587200
272,2020-01-03,50.260000,50.430000,49.800000,50.270000,2276100
272,2020-01-06,50.310000,50.750000,50.020000,50.740000,3978800
272,2020-01-07,50.690000,51.420000,50.690000,51.250000,3573500
272,2020-01-08,51.450000,51.570000,51.010000,51.310000,3941400
272,2020-01-09,51.510000,51.600000,51.270000,51.480000,2775400
272,2020-01-10,51.390000,51.390000,50.420000,50.540000,3307800
272,2020-01-13,50.670000,50.890000,50.550000,50.880000,3557500
272,2020-01-14,50.830000,51.210000,50.650000,51.010000,3150100
272,2020-01-15,50.730000,50.890000,50.370000,50.690000,4273600
272,2020-01-16,46.750000,47.450000,46.360000,46.720000,12395200
272,2020-01-17,46.850000,46.960000,45.860000,46.180000,12579800
272,2020-01-21,46.310000,47.500000,46.230000,46.780000,7863100
272,2020-01-22,46.920000,47.070000,46.500000,46.730000,6344800
272,2020-01-23,46.480000,47.440000,46.250000,47.020000,5586200
272,2020-01-24,46.660000,46.700000,45.540000,45.950000,6416400
272,2020-01-27,45.170000,45.760000,45.040000,45.050000,5940100
272,2020-01-28,45.400000,45.430000,44.810000,44.970000,8295700
272,2020-01-29,45.100000,45.180000,44.280000,44.460000,9836000
272,2020-01-30,44.160000,45.480000,44.100000,45.400000,5153400
272,2020-01-31,45.040000,45.190000,44.340000,44.780000,6765800
272,2020-02-03,45.040000,45.880000,44.920000,45.210000,6482200
272,2020-02-04,45.840000,46.630000,45.830000,45.950000,6870500
272,2020-02-05,46.480000,47.200000,46.450000,46.980000,5209400
272,2020-02-06,47.250000,47.630000,47.060000,47.540000,5696900
272,2020-02-07,47.230000,47.510000,46.980000,47.250000,3867000
272,2020-02-10,46.980000,47.060000,46.340000,46.490000,3078900
272,2020-02-11,46.660000,46.800000,46.310000,46.420000,3480600
272,2020-02-12,46.810000,47.200000,46.510000,46.560000,2631600
272,2020-02-13,46.440000,46.600000,45.960000,46.030000,2699300
272,2020-02-14,46.100000,46.230000,45.690000,45.900000,3770800
272,2020-02-18,45.800000,46.030000,45.180000,45.290000,3253200
272,2020-02-19,45.300000,46.010000,45.200000,45.920000,3957000
272,2020-02-20,45.800000,46.300000,45.600000,45.830000,2925800
272,2020-02-21,45.510000,45.740000,44.830000,45.040000,5058500
272,2020-02-24,44.020000,44.120000,42.900000,43.130000,5088300
272,2020-02-25,43.210000,43.420000,41.330000,41.590000,5765100
272,2020-02-26,41.820000,42.070000,41.190000,41.370000,6741400
272,2020-02-27,40.510000,42.820000,40.230000,40.960000,11049300
272,2020-02-28,39.520000,40.070000,38.540000,39.900000,14487900
272,2020-03-02,40.030000,40.960000,39.200000,40.960000,11490700
272,2020-03-03,40.890000,40.940000,38.100000,38.830000,14057800
272,2020-03-04,39.310000,40.910000,38.650000,40.500000,12017400
272,2020-03-05,38.560000,40.120000,38.160000,39.300000,10984100
272,2020-03-06,37.570000,38.740000,37.360000,38.070000,9299800
272,2020-03-09,34.800000,37.440000,34.200000,34.950000,8351900
272,2020-03-10,36.510000,36.610000,35.040000,36.550000,8741400
272,2020-03-11,35.620000,35.920000,33.700000,34.200000,8599400
272,2020-03-12,31.850000,32.340000,29.400000,29.520000,9726400
272,2020-03-13,31.750000,34.130000,30.450000,34.130000,9089100
272,2020-03-16,29.140000,32.620000,29.000000,29.180000,9714900
272,2020-03-17,30.130000,30.600000,28.190000,29.970000,11954600
272,2020-03-18,28.060000,29.540000,26.400000,28.760000,10176600
272,2020-03-19,28.460000,31.320000,27.700000,30.000000,7907500
272,2020-03-20,30.300000,31.310000,28.870000,29.070000,9555900
272,2020-03-23,28.810000,28.960000,26.930000,27.490000,8555200
272,2020-03-24,29.210000,31.590000,29.170000,31.000000,9411600
272,2020-03-25,31.510000,32.890000,29.510000,31.640000,9866600
272,2020-03-26,31.930000,33.170000,30.930000,33.000000,8440900
272,2020-03-27,31.630000,33.530000,31.280000,32.540000,5764500
272,2020-03-30,32.600000,34.180000,31.720000,34.000000,6232200
272,2020-03-31,33.560000,34.880000,33.290000,33.680000,7047300
272,2020-04-01,31.950000,33.100000,31.380000,32.700000,7727200
272,2020-04-02,32.400000,33.950000,32.070000,33.640000,6709700
272,2020-04-03,33.460000,34.230000,32.960000,33.750000,5085400
272,2020-04-06,35.630000,35.720000,34.450000,35.240000,6782000
272,2020-04-07,37.180000,37.310000,34.740000,34.800000,8191400
272,2020-04-08,35.090000,35.900000,34.710000,35.650000,5860600
272,2020-04-09,36.340000,37.880000,36.170000,37.140000,8037800
272,2020-04-13,36.980000,37.000000,35.410000,36.000000,7002800
272,2020-04-14,36.730000,36.950000,35.500000,36.340000,5368300
272,2020-04-15,34.910000,35.190000,34.430000,34.630000,5291500
272,2020-04-16,37.240000,37.770000,35.520000,36.140000,9772300
272,2020-04-17,37.470000,37.780000,36.820000,37.390000,8579700
272,2020-04-20,36.750000,36.870000,35.900000,36.410000,6156100
272,2020-04-21,35.330000,36.100000,34.870000,35.210000,6780000
272,2020-04-22,35.910000,35.910000,35.150000,35.520000,4128400
272,2020-04-23,35.710000,35.950000,35.100000,35.320000,4287700
272,2020-04-24,35.750000,36.080000,35.080000,35.760000,4126800
272,2020-04-27,35.850000,37.230000,35.690000,36.940000,5342600
272,2020-04-28,38.070000,38.250000,37.320000,37.400000,3929100
272,2020-04-29,38.390000,38.390000,37.430000,38.020000,7789900
272,2020-04-30,37.280000,37.720000,36.930000,37.540000,4397300
272,2020-05-01,36.650000,36.740000,35.850000,36.000000,4005200
272,2020-05-04,35.650000,35.740000,35.060000,35.540000,4139300
272,2020-05-05,36.030000,36.180000,35.130000,35.140000,3679600
272,2020-05-06,35.400000,35.540000,34.490000,34.500000,5061400
272,2020-05-07,34.980000,35.850000,34.700000,34.850000,5595100
272,2020-05-08,35.560000,35.620000,34.820000,35.340000,4756900
272,2020-05-11,34.830000,34.910000,34.390000,34.450000,5014500
272,2020-05-12,34.580000,34.810000,32.980000,32.990000,6567800
272,2020-05-13,32.620000,32.730000,31.650000,32.490000,6877100
272,2020-05-14,31.960000,32.600000,31.240000,32.440000,7074400
272,2020-05-15,32.060000,32.380000,31.700000,32.060000,4121500
272,2020-05-18,33.060000,33.950000,32.760000,33.730000,6943300
272,2020-05-19,33.580000,33.960000,33.110000,33.520000,5591300
272,2020-05-20,34.060000,34.960000,34.010000,34.840000,6587000
272,2020-05-21,34.650000,35.230000,34.600000,34.980000,5796600
272,2020-05-22,35.060000,35.060000,34.300000,34.500000,5236400
272,2020-05-26,35.690000,37.680000,35.550000,36.890000,7954300
272,2020-05-27,38.390000,38.930000,37.590000,38.570000,7335800
272,2020-05-28,39.110000,39.210000,37.570000,37.590000,5393200
272,2020-05-29,37.050000,37.690000,36.690000,37.170000,5766700
272,2020-06-01,37.370000,38.090000,37.260000,37.700000,2999900
272,2020-06-02,38.070000,38.540000,37.940000,38.330000,3989100
272,2020-06-03,39.060000,39.600000,38.860000,39.340000,4370800
272,2020-06-04,39.170000,40.450000,38.950000,40.440000,5165800
272,2020-06-05,42.890000,42.990000,41.610000,42.300000,7172100
272,2020-06-08,42.880000,43.170000,41.520000,42.290000,5488500
272,2020-06-09,41.160000,41.770000,40.950000,41.420000,4537800
272,2020-06-10,41.190000,41.190000,39.810000,39.950000,6664600
272,2020-06-11,38.340000,39.180000,37.530000,37.680000,8338500
272,2020-06-12,39.070000,39.270000,37.280000,38.440000,6191700
272,2020-06-15,37.070000,38.650000,36.850000,38.430000,4125300
272,2020-06-16,39.720000,39.850000,38.220000,38.720000,4984000
272,2020-06-17,38.740000,39.370000,38.320000,38.730000,4841900
272,2020-06-18,38.310000,39.150000,38.200000,38.630000,3606300
272,2020-06-19,39.350000,39.400000,38.300000,39.230000,13322600
272,2020-06-22,38.780000,39.150000,38.420000,38.530000,3967900
272,2020-06-23,39.130000,39.520000,38.690000,38.720000,4882700
272,2020-06-24,38.220000,38.290000,37.200000,37.230000,7383200
272,2020-06-25,37.090000,38.240000,36.980000,38.150000,7176300
272,2020-06-26,37.550000,37.730000,36.040000,36.320000,7386900
272,2020-06-29,36.850000,37.290000,36.630000,36.950000,4300400
272,2020-06-30,36.980000,38.880000,36.880000,38.650000,8099100
272,2020-07-01,38.690000,38.760000,37.430000,37.590000,5924000
272,2020-07-02,38.320000,38.890000,37.800000,37.940000,4114500
272,2020-07-06,38.700000,38.960000,38.290000,38.550000,3910400
272,2020-07-07,38.150000,38.240000,37.620000,37.770000,4163600
272,2020-07-08,37.870000,38.940000,37.770000,38.820000,7450600
272,2020-07-09,38.530000,38.770000,36.980000,37.150000,6186500
272,2020-07-10,37.150000,38.490000,37.070000,38.380000,3412100
272,2020-07-13,38.910000,39.290000,38.050000,38.860000,4760500
272,2020-07-14,38.690000,39.290000,38.280000,38.970000,5500500
272,2020-07-15,36.960000,37.400000,36.000000,36.860000,14629300
272,2020-07-16,36.660000,37.390000,36.170000,36.740000,6434900
272,2020-07-17,36.860000,36.900000,36.040000,36.120000,6360400
272,2020-07-20,35.860000,36.180000,35.720000,35.940000,3916800
272,2020-07-21,36.080000,36.740000,35.800000,36.690000,6877200
272,2020-07-22,36.500000,36.580000,35.510000,36.040000,7478100
272,2020-07-23,35.950000,36.670000,35.650000,36.540000,5495600
272,2020-07-24,36.350000,36.750000,36.090000,36.230000,5809100
272,2020-07-27,35.920000,35.970000,35.270000,35.750000,4402000
272,2020-07-28,35.530000,36.220000,35.500000,36.070000,5882400
272,2020-07-29,36.140000,36.530000,35.620000,36.350000,5475500
272,2020-07-30,35.820000,35.910000,35.450000,35.860000,4703900
272,2020-07-31,35.760000,35.990000,35.570000,35.850000,4726900
272,2020-08-03,35.930000,36.150000,35.520000,36.030000,4073900
272,2020-08-04,35.960000,36.280000,35.630000,35.840000,4849100
272,2020-08-05,36.070000,36.360000,35.860000,36.300000,5788500
272,2020-08-06,36.110000,36.480000,35.880000,35.990000,3047500
272,2020-08-07,35.960000,37.830000,35.940000,37.750000,5757400
272,2020-08-10,37.790000,38.130000,37.540000,37.940000,4859700
272,2020-08-11,38.660000,39.160000,38.070000,38.140000,4709500
272,2020-08-12,38.930000,38.940000,37.630000,37.980000,3680300
272,2020-08-13,37.380000,37.820000,36.890000,37.280000,4609400
272,2020-08-14,37.120000,37.780000,37.120000,37.530000,2651700
272,2020-08-17,37.570000,37.640000,36.910000,37.090000,4786500
272,2020-08-18,37.010000,37.090000,36.680000,36.790000,4003100
272,2020-08-19,37.020000,37.710000,36.810000,36.990000,4280000
272,2020-08-20,36.550000,36.640000,35.730000,35.870000,4403100
272,2020-08-21,35.930000,36.080000,35.600000,35.730000,2607200
272,2020-08-24,35.730000,36.500000,35.560000,36.400000,5810000
272,2020-08-25,36.740000,36.950000,36.470000,36.670000,4094600
272,2020-08-26,36.670000,36.860000,36.290000,36.620000,3219600
272,2020-08-27,36.620000,37.760000,36.610000,37.550000,4594300
272,2020-08-28,37.720000,37.720000,37.220000,37.560000,3139000
272,2020-08-31,37.560000,37.560000,36.780000,36.980000,3874600
272,2020-09-01,36.800000,37.360000,36.540000,37.210000,3136000
272,2020-09-02,37.140000,37.790000,37.060000,37.670000,3830400
272,2020-09-03,37.910000,38.450000,36.490000,36.850000,5060900
272,2020-09-04,37.640000,38.220000,37.330000,37.500000,6450500
272,2020-09-08,37.060000,37.200000,35.990000,36.040000,4954500
272,2020-09-09,36.260000,36.370000,35.840000,35.890000,4106800
272,2020-09-10,36.040000,36.170000,35.510000,35.570000,4037800
272,2020-09-11,35.580000,36.230000,35.520000,36.000000,3521300
272,2020-09-14,36.330000,36.710000,35.860000,35.960000,4116400
272,2020-09-15,35.700000,35.880000,34.480000,34.870000,6877500
272,2020-09-16,34.870000,36.160000,34.840000,35.570000,6385200
272,2020-09-17,35.090000,35.610000,35.050000,35.560000,3181900
272,2020-09-18,35.450000,35.870000,35.350000,35.400000,5827000
272,2020-09-21,34.470000,34.820000,33.370000,33.970000,4781100
272,2020-09-22,33.860000,34.170000,33.050000,33.480000,4801700
272,2020-09-23,33.610000,34.200000,33.230000,33.250000,4213800
272,2020-09-24,33.310000,33.430000,32.670000,33.140000,3805800
272,2020-09-25,32.820000,33.480000,32.650000,33.400000,3460900
272,2020-09-28,33.970000,34.610000,33.860000,34.290000,3291600
272,2020-09-29,34.080000,34.160000,33.630000,33.870000,4204900
272,2020-09-30,33.870000,34.520000,33.870000,34.340000,8480000
272,2020-10-01,34.460000,34.710000,33.910000,34.170000,8063900
272,2020-10-02,33.880000,34.950000,33.810000,34.740000,5850600
272,2020-10-05,35.040000,35.640000,35.010000,35.380000,3655500
272,2020-10-06,35.800000,36.200000,35.160000,35.230000,5064200
272,2020-10-07,35.420000,36.670000,35.420000,36.460000,6004700
272,2020-10-08,36.610000,37.210000,36.470000,37.180000,3642000
272,2020-10-09,37.300000,37.980000,37.150000,37.700000,5888400
272,2020-10-12,37.620000,38.000000,37.550000,37.810000,5554000
272,2020-10-13,37.840000,37.840000,36.670000,36.880000,4178200
272,2020-10-14,36.880000,37.160000,36.580000,36.590000,6360700
272,2020-10-15,36.270000,37.230000,36.220000,37.230000,8067800
272,2020-10-16,38.180000,38.750000,37.480000,38.020000,7351400
272,2020-10-19,38.070000,38.200000,36.880000,36.960000,3852800
272,2020-10-20,37.380000,37.710000,36.980000,37.100000,3375700
272,2020-10-21,36.930000,37.520000,36.850000,36.910000,4221400
272,2020-10-22,36.810000,37.640000,36.550000,37.560000,3810600
272,2020-10-23,37.870000,38.170000,37.590000,37.670000,3727000
272,2020-10-26,37.170000,37.370000,36.350000,36.730000,4531100
272,2020-10-27,36.310000,36.490000,35.510000,35.560000,4361700
272,2020-10-28,34.880000,35.090000,34.010000,34.080000,8743800
272,2020-10-29,33.950000,34.600000,33.190000,34.320000,6401300
272,2020-10-30,34.160000,34.380000,33.640000,34.360000,5521500
272,2020-11-02,35.020000,35.280000,34.520000,35.100000,5640000
272,2020-11-03,35.830000,36.330000,35.610000,35.990000,6011500
272,2020-11-04,35.130000,35.650000,34.390000,34.700000,7630300
272,2020-11-05,34.890000,35.930000,34.860000,35.600000,6184300
272,2020-11-06,35.750000,35.850000,34.920000,35.070000,4336500
272,2020-11-09,38.440000,40.060000,38.410000,39.160000,9647200
272,2020-11-10,39.170000,39.520000,38.430000,39.220000,6627700
272,2020-11-11,39.700000,39.700000,38.230000,38.600000,6169500
272,2020-11-12,38.130000,38.390000,37.330000,37.730000,4461000
272,2020-11-13,38.200000,38.960000,38.040000,38.710000,3872500
272,2020-11-16,39.770000,39.940000,39.220000,39.710000,4664800
272,2020-11-17,39.030000,39.690000,38.840000,39.440000,3870900
272,2020-11-18,39.650000,40.210000,38.720000,38.740000,7207400
272,2020-11-19,37.860000,38.600000,37.760000,38.490000,4173100
272,2020-11-20,37.730000,38.100000,37.520000,37.880000,6106300
272,2020-11-23,38.330000,38.830000,38.120000,38.550000,4093500
272,2020-11-24,39.200000,40.840000,39.150000,40.690000,6188900
272,2020-11-25,40.450000,40.650000,39.830000,40.370000,5737400
272,2020-11-27,40.800000,40.800000,39.860000,39.950000,2259200
272,2020-11-30,40.020000,40.060000,38.940000,39.120000,6200700
272,2020-12-01,39.800000,40.100000,39.340000,39.460000,6028400
272,2020-12-02,39.450000,40.150000,39.290000,39.990000,4778800
272,2020-12-03,40.020000,40.280000,39.610000,40.120000,5286700
272,2020-12-04,40.240000,40.800000,40.240000,40.650000,5224300
272,2020-12-07,40.280000,40.570000,39.870000,40.340000,4652300
272,2020-12-08,40.030000,40.850000,40.010000,40.780000,4657900
272,2020-12-09,41.050000,41.510000,40.700000,40.790000,5833300
272,2020-12-10,40.360000,41.500000,40.280000,41.360000,6598400
272,2020-12-11,40.730000,40.900000,40.140000,40.240000,6298400
272,2020-12-14,40.830000,40.980000,39.800000,39.830000,4456200
272,2020-12-15,40.370000,40.510000,39.720000,40.190000,4741400
272,2020-12-16,40.290000,40.670000,40.100000,40.450000,4771000
272,2020-12-17,40.590000,40.690000,40.160000,40.410000,4896500
272,2020-12-18,40.330000,40.910000,40.230000,40.790000,10343600
272,2020-12-21,41.530000,42.140000,40.400000,41.420000,7362300
272,2020-12-22,41.350000,41.360000,40.250000,40.280000,4172700
272,2020-12-23,40.540000,41.320000,40.430000,40.980000,3833900
272,2020-12-24,41.150000,41.200000,40.620000,41.040000,1254800
272,2020-12-28,41.340000,41.890000,41.070000,41.440000,3294400
272,2020-12-29,41.580000,41.680000,41.210000,41.440000,3244700
272,2020-12-30,41.480000,41.870000,41.390000,41.690000,2824900
272,2020-12-31,41.690000,42.490000,41.580000,42.440000,2956600
272,2021-01-04,42.500000,42.640000,41.230000,41.690000,5710200
272,2021-01-05,41.690000,42.430000,41.340000,42.160000,4592400
272,2021-01-06,43.520000,45.420000,43.430000,45.010000,8467200
272,2021-01-07,45.590000,46.040000,45.240000,45.280000,5079000
272,2021-01-08,45.350000,45.460000,44.430000,44.800000,3621000
272,2021-01-11,44.430000,45.570000,44.100000,45.560000,4590200
272,2021-01-12,45.910000,46.670000,45.850000,46.560000,4933700
272,2021-01-13,46.520000,46.840000,46.190000,46.320000,4343300
272,2021-01-14,46.360000,46.840000,45.810000,46.530000,3362300
272,2021-01-15,45.960000,46.130000,45.320000,45.570000,4330800
272,2021-01-19,45.750000,46.330000,45.230000,45.820000,6427800
272,2021-01-20,43.720000,44.000000,42.260000,42.490000,10494500
272,2021-01-21,42.530000,42.790000,41.700000,42.260000,8669700
272,2021-01-22,41.810000,42.280000,41.470000,41.930000,5509000
272,2021-01-25,41.500000,41.700000,41.110000,41.300000,8239300
272,2021-01-26,41.480000,41.670000,40.880000,41.340000,5936700
272,2021-01-27,40.760000,40.840000,39.580000,39.820000,8475500
272,2021-01-28,40.080000,41.060000,40.040000,40.690000,7315500
272,2021-01-29,40.210000,40.600000,39.460000,39.830000,7392700
272,2021-02-01,40.130000,41.070000,40.020000,40.470000,7013600
272,2021-02-02,40.750000,41.630000,40.530000,40.850000,8285500
272,2021-02-03,40.720000,41.320000,40.560000,41.060000,5403200
272,2021-02-04,41.290000,42.300000,41.170000,42.230000,5019600
272,2021-02-05,42.530000,42.580000,41.890000,42.030000,3505000
272,2021-02-08,42.150000,42.440000,41.790000,41.950000,3988300
272,2021-02-09,41.850000,42.150000,41.400000,41.960000,4202800
272,2021-02-10,42.110000,42.390000,41.710000,41.740000,4574500
272,2021-02-11,43.000000,43.840000,42.030000,42.130000,10917500
272,2021-02-12,41.890000,42.540000,41.580000,41.930000,8844800
272,2021-02-16,42.190000,43.350000,42.110000,42.750000,8707400
272,2021-02-17,42.780000,43.300000,42.430000,42.900000,4602200
272,2021-02-18,42.560000,42.800000,41.900000,42.180000,3715800
272,2021-02-19,42.420000,42.890000,42.240000,42.320000,5899900
272,2021-02-22,42.100000,43.980000,42.080000,43.730000,9732700
272,2021-02-23,43.980000,44.540000,43.650000,43.830000,8004600
272,2021-02-24,43.970000,44.570000,43.830000,44.260000,7416800
272,2021-02-25,44.610000,44.950000,43.250000,43.420000,7042100
272,2021-02-26,43.040000,43.200000,41.980000,42.160000,6967300
272,2021-03-01,42.860000,43.870000,42.690000,43.680000,6377000
272,2021-03-02,43.710000,44.320000,43.580000,43.600000,4494600
272,2021-03-03,43.780000,45.560000,43.780000,44.530000,7398000
272,2021-03-04,44.530000,45.350000,44.040000,44.760000,6910300
272,2021-03-05,45.400000,45.720000,44.400000,45.030000,5828700
272,2021-03-08,45.570000,46.160000,45.150000,45.630000,4341700
272,2021-03-09,45.030000,45.940000,44.350000,44.940000,6057800
272,2021-03-10,45.110000,46.270000,44.900000,45.900000,5011900
272,2021-03-11,45.560000,46.000000,45.200000,45.730000,3696800
272,2021-03-12,46.540000,46.900000,46.200000,46.660000,4741500
272,2021-03-15,46.690000,46.780000,46.020000,46.690000,3676000
272,2021-03-16,46.410000,46.630000,45.920000,46.240000,3732700
272,2021-03-17,46.670000,46.820000,45.880000,46.510000,4903800
272,2021-03-18,47.030000,47.760000,46.530000,46.700000,6300100
272,2021-03-19,46.190000,46.710000,45.610000,46.350000,14555300
272,2021-03-22,45.370000,45.800000,44.880000,45.210000,6265600
272,2021-03-23,44.940000,45.340000,44.200000,44.370000,3727700
272,2021-03-24,45.490000,46.040000,45.250000,45.250000,5262300
272,2021-03-25,45.340000,46.370000,44.700000,46.330000,6261700
272,2021-03-26,46.820000,47.560000,46.760000,47.490000,7321300
272,2021-03-29,46.630000,47.910000,46.460000,47.520000,4829200
272,2021-03-30,47.800000,48.150000,47.500000,47.860000,4451200
272,2021-03-31,47.630000,47.880000,47.220000,47.290000,4847400
272,2021-04-01,47.240000,47.520000,46.850000,47.470000,4046100
272,2021-04-05,47.980000,48.500000,47.680000,48.130000,3655600
272,2021-04-06,48.040000,48.130000,47.410000,47.780000,3120400
272,2021-04-07,48.030000,48.290000,47.600000,47.840000,3351600
272,2021-04-08,47.630000,48.050000,47.390000,48.000000,3119400
272,2021-04-09,48.300000,48.700000,48.170000,48.620000,3172400
272,2021-04-12,48.620000,49.130000,48.530000,49.090000,2843600
272,2021-04-13,48.810000,48.920000,48.260000,48.340000,3233100
272,2021-04-14,48.300000,48.970000,48.090000,48.640000,4219000
272,2021-04-15,48.730000,48.800000,47.950000,48.010000,7748100
272,2021-04-16,47.050000,47.500000,45.800000,46.070000,9955800
272,2021-04-19,46.270000,46.930000,46.130000,46.810000,6314000
272,2021-04-20,46.640000,47.210000,46.280000,46.580000,7287800
272,2021-04-21,46.310000,47.410000,46.190000,47.190000,4994400
272,2021-04-22,46.870000,47.230000,46.380000,46.550000,5367400
272,2021-04-23,46.550000,47.890000,46.250000,47.600000,4502700
272,2021-04-26,47.840000,48.540000,47.750000,48.110000,5555900
272,2021-04-27,47.870000,48.660000,47.580000,48.550000,5566600
272,2021-04-28,48.610000,49.240000,48.610000,49.180000,5937900
272,2021-04-29,49.500000,50.260000,49.430000,50.080000,6958400
272,2021-04-30,49.970000,50.250000,49.710000,49.880000,6879700
272,2021-05-03,50.250000,50.450000,49.700000,50.230000,3896200
272,2021-05-04,50.130000,50.650000,49.990000,50.490000,6153800
272,2021-05-05,50.610000,51.590000,50.140000,51.450000,4198000
272,2021-05-06,51.610000,51.930000,51.340000,51.890000,4923200
272,2021-05-07,51.170000,51.950000,50.590000,51.820000,4638900
272,2021-05-10,52.190000,52.820000,52.000000,52.270000,4710300
272,2021-05-11,51.870000,52.630000,51.350000,51.580000,6502200
272,2021-05-12,52.130000,52.340000,50.870000,51.030000,4204100
272,2021-05-13,50.760000,52.010000,50.620000,51.690000,4724100
272,2021-05-14,51.980000,52.290000,51.640000,51.780000,4497100
272,2021-05-17,51.800000,52.290000,51.430000,52.090000,3919900
272,2021-05-18,52.040000,52.310000,50.730000,50.750000,5464000
272,2021-05-19,50.210000,50.890000,49.810000,50.860000,4990300
272,2021-05-20,50.850000,50.990000,50.410000,50.610000,2854500
272,2021-05-21,50.800000,51.760000,50.720000,51.560000,3669100
272,2021-05-24,51.610000,51.860000,51.470000,51.740000,2663700
272,2021-05-25,51.770000,52.250000,51.000000,51.120000,3035100
272,2021-05-26,51.410000,51.710000,50.980000,51.560000,3766400
272,2021-05-27,52.210000,52.690000,51.820000,52.100000,6573400
272,2021-05-28,52.180000,52.220000,51.650000,52.080000,3404400
272,2021-06-01,52.810000,52.900000,52.040000,52.300000,3181700
272,2021-06-02,52.230000,52.430000,51.740000,52.120000,3302300
272,2021-06-03,52.050000,52.480000,51.730000,52.200000,2788700
272,2021-06-04,52.180000,52.250000,51.640000,52.210000,2204700
272,2021-06-07,52.330000,52.330000,51.770000,51.820000,2285800
272,2021-06-08,51.410000,51.640000,50.850000,51.420000,2803300
272,2021-06-09,51.080000,51.080000,50.550000,50.620000,2910400
272,2021-06-10,51.040000,51.250000,49.840000,49.870000,3189400
272,2021-06-11,49.960000,50.450000,49.900000,50.410000,3569000
272,2021-06-14,50.150000,50.510000,48.830000,49.640000,5997200
272,2021-06-15,49.790000,50.570000,49.650000,50.450000,3687800
272,2021-06-16,50.340000,51.950000,49.640000,51.230000,9781300
272,2021-06-17,51.830000,51.850000,49.160000,49.480000,7323000
272,2021-06-18,48.870000,48.950000,48.040000,48.220000,11516800
272,2021-06-21,48.610000,49.730000,48.510000,49.660000,4172300
272,2021-06-22,49.690000,49.740000,49.040000,49.440000,3888600
272,2021-06-23,49.570000,49.870000,49.350000,49.370000,4596400
272,2021-06-24,49.610000,50.450000,49.380000,50.250000,3682000
272,2021-06-25,50.410000,51.140000,50.280000,50.990000,4168300
272,2021-06-28,50.800000,50.910000,50.160000,50.860000,2792100
272,2021-06-29,51.250000,51.680000,50.870000,51.020000,3920500
272,2021-06-30,50.720000,51.380000,50.550000,51.230000,5501600
272,2021-07-01,51.560000,51.740000,51.160000,51.430000,2867300
272,2021-07-02,51.400000,51.530000,50.990000,51.240000,3068000
272,2021-07-06,50.990000,51.100000,49.210000,49.490000,6178800
272,2021-07-07,49.210000,49.690000,48.910000,49.480000,3009200
272,2021-07-08,48.730000,48.970000,48.030000,48.340000,4510800
272,2021-07-09,49.320000,50.090000,49.090000,49.930000,3569400
272,2021-07-12,49.560000,50.540000,49.250000,50.280000,2990000
272,2021-07-13,50.300000,50.480000,49.650000,49.960000,2722300
272,2021-07-14,49.890000,50.390000,48.990000,49.280000,4859200
272,2021-07-15,48.290000,49.670000,47.570000,48.680000,6848400
272,2021-07-16,48.960000,49.590000,48.510000,49.380000,8166300
272,2021-07-19,48.350000,48.560000,47.320000,47.580000,7374600
272,2021-07-20,47.580000,49.960000,47.330000,49.440000,6411300
272,2021-07-21,49.810000,50.490000,49.600000,50.060000,5143200
272,2021-07-22,49.990000,50.060000,49.510000,49.830000,4774100
272,2021-07-23,50.210000,50.540000,49.690000,49.970000,4411700
272,2021-07-26,49.500000,50.480000,49.470000,50.250000,4557200
272,2021-07-27,49.640000,50.840000,49.430000,50.190000,6017600
272,2021-07-28,50.410000,50.880000,49.910000,50.350000,6609600
272,2021-07-29,50.910000,51.760000,50.580000,51.300000,4450400
272,2021-07-30,51.050000,51.680000,50.960000,51.330000,4527700
272,2021-08-02,51.730000,52.560000,51.210000,51.280000,5429300
272,2021-08-03,51.450000,52.310000,50.810000,52.000000,4523100
272,2021-08-04,51.600000,52.070000,51.220000,51.490000,4305300
272,2021-08-05,51.810000,52.250000,51.590000,51.800000,4796300
272,2021-08-06,52.400000,53.520000,52.350000,53.160000,5601600
272,2021-08-09,53.000000,53.720000,52.730000,53.380000,4641400
272,2021-08-10,53.220000,54.040000,53.160000,53.830000,4596300
272,2021-08-11,54.020000,54.860000,53.790000,54.770000,5026000
272,2021-08-12,54.770000,55.020000,54.430000,54.890000,3872300
272,2021-08-13,54.720000,54.990000,53.770000,53.870000,6786700
272,2021-08-16,53.510000,54.370000,53.170000,54.270000,4338400
272,2021-08-17,53.890000,54.330000,53.400000,53.800000,4458100
272,2021-08-18,53.600000,54.550000,53.260000,53.530000,4584700
272,2021-08-19,52.930000,53.320000,52.540000,52.770000,5392000
272,2021-08-20,52.760000,53.520000,52.440000,53.320000,4261800
272,2021-08-23,53.630000,54.400000,53.630000,54.060000,3598800
272,2021-08-24,54.230000,54.880000,54.040000,54.530000,3503100
272,2021-08-25,54.700000,55.970000,54.530000,55.570000,4656400
272,2021-08-26,55.560000,55.880000,55.400000,55.480000,4310800
272,2021-08-27,55.490000,56.500000,55.400000,56.410000,4315600
272,2021-08-30,56.600000,56.640000,55.160000,55.180000,2473800
272,2021-08-31,55.290000,55.600000,54.880000,55.220000,3964000
272,2021-09-01,55.240000,55.540000,54.190000,54.400000,4792200
272,2021-09-02,54.500000,54.670000,54.070000,54.310000,3589700
272,2021-09-03,54.410000,54.490000,53.720000,53.930000,3049900
272,2021-09-07,53.890000,54.000000,53.000000,53.120000,3993100
272,2021-09-08,53.010000,53.090000,52.520000,52.980000,4143100
272,2021-09-09,52.860000,53.660000,52.800000,52.880000,4140400
272,2021-09-10,53.230000,53.250000,51.860000,51.910000,6892500
272,2021-09-13,52.290000,52.600000,51.820000,52.240000,4015600
272,2021-09-14,52.330000,52.500000,50.880000,51.140000,4407100
272,2021-09-15,51.200000,52.180000,51.050000,52.070000,5786800
272,2021-09-16,52.420000,52.560000,50.980000,51.370000,6188900
272,2021-09-17,51.180000,51.490000,50.470000,51.150000,11538200
272,2021-09-20,49.840000,49.940000,48.740000,49.590000,6154500
272,2021-09-21,49.820000,49.990000,49.130000,49.300000,4083100
272,2021-09-22,49.990000,50.390000,49.780000,49.930000,4190700
272,2021-09-23,50.580000,52.000000,50.470000,51.500000,4696300
272,2021-09-24,51.310000,52.140000,51.310000,51.550000,2724800
272,2021-09-27,52.040000,53.790000,51.960000,53.400000,4790800
272,2021-09-28,53.530000,54.290000,52.800000,52.910000,5439000
272,2021-09-29,52.810000,52.980000,52.360000,52.630000,2829100
272,2021-09-30,52.970000,53.170000,51.830000,51.840000,4400100
272,2021-10-01,51.840000,53.370000,51.830000,52.920000,4899700
272,2021-10-04,52.750000,53.890000,52.670000,52.850000,5220200
272,2021-10-05,53.190000,54.740000,53.050000,54.420000,4890800
272,2021-10-06,53.840000,54.780000,53.540000,54.540000,5223500
272,2021-10-07,55.140000,55.420000,54.400000,54.530000,5684800
272,2021-10-08,54.670000,56.140000,54.610000,55.840000,4712400
272,2021-10-11,55.890000,56.650000,55.480000,55.520000,4945300
272,2021-10-12,55.510000,56.060000,55.280000,55.510000,4697900
272,2021-10-13,55.500000,55.640000,54.450000,55.290000,5423300
272,2021-10-14,55.900000,56.630000,55.500000,56.570000,6279800
272,2021-10-15,57.040000,57.700000,56.730000,57.160000,5498400
272,2021-10-18,57.070000,57.990000,57.000000,57.410000,5218900
272,2021-10-19,55.990000,57.700000,55.500000,57.650000,5765200
272,2021-10-20,57.650000,59.660000,57.470000,59.310000,6276100
272,2021-10-21,59.480000,60.060000,59.130000,59.740000,4178100
272,2021-10-22,59.990000,60.520000,59.520000,59.710000,4978500
272,2021-10-25,59.820000,59.900000,59.230000,59.400000,3416900
272,2021-10-26,59.530000,59.590000,58.950000,59.100000,3896600
272,2021-10-27,58.790000,59.490000,58.380000,58.450000,4410600
272,2021-10-28,58.490000,59.520000,58.490000,59.440000,3852400
272,2021-10-29,59.170000,59.750000,59.030000,59.200000,4660700
272,2021-11-01,59.850000,60.060000,59.480000,60.020000,3694600
272,2021-11-02,59.980000,60.470000,59.790000,59.930000,3260900
272,2021-11-03,59.670000,60.480000,59.530000,60.090000,3024300
272,2021-11-04,59.890000,60.010000,58.510000,59.060000,3285400
272,2021-11-05,59.460000,59.680000,58.770000,58.820000,3949600
272,2021-11-08,59.160000,59.460000,58.710000,58.980000,3218400
272,2021-11-09,58.610000,58.870000,58.160000,58.580000,3770100
272,2021-11-10,58.460000,59.600000,58.430000,59.160000,4153300
272,2021-11-11,59.140000,60.440000,58.940000,59.990000,3831800
272,2021-11-12,60.000000,60.150000,59.610000,60.080000,3394000
272,2021-11-15,60.290000,60.380000,59.730000,59.910000,2376000
272,2021-11-16,59.830000,59.940000,59.130000,59.150000,3395700
272,2021-11-17,59.010000,59.190000,57.830000,58.050000,2940600
272,2021-11-18,58.130000,58.420000,57.580000,57.770000,2902500
272,2021-11-19,57.160000,57.480000,56.360000,57.070000,3812600
272,2021-11-22,57.800000,58.860000,57.660000,58.210000,2946600
272,2021-11-23,58.630000,59.070000,58.310000,59.010000,2606300
272,2021-11-24,58.850000,59.320000,58.440000,58.920000,2607900
272,2021-11-26,56.810000,57.170000,55.970000,56.750000,3300100
272,2021-11-29,57.400000,57.700000,56.700000,57.010000,3797200
272,2021-11-30,56.320000,56.320000,54.580000,54.790000,7490200
272,2021-12-01,56.090000,56.490000,54.100000,54.140000,4833300
272,2021-12-02,54.610000,56.520000,54.490000,56.150000,4069900
272,2021-12-03,56.260000,56.360000,54.390000,54.880000,5346500
272,2021-12-06,55.230000,56.160000,54.740000,55.430000,3789800
272,2021-12-07,55.970000,56.350000,55.560000,56.130000,4105700
272,2021-12-08,56.080000,57.420000,55.820000,56.320000,5629900
272,2021-12-09,56.200000,57.620000,55.860000,57.080000,5190100
272,2021-12-10,57.420000,57.470000,56.620000,56.730000,4363400
272,2021-12-13,56.660000,56.660000,55.840000,56.130000,3415600
272,2021-12-14,56.180000,57.430000,56.140000,56.780000,3663400
272,2021-12-15,56.900000,57.060000,55.880000,56.900000,3755100
272,2021-12-16,58.430000,58.760000,57.670000,58.420000,5397800
272,2021-12-17,58.140000,58.360000,56.880000,57.500000,14390300
272,2021-12-20,56.680000,57.000000,55.340000,56.480000,4102100
272,2021-12-21,57.160000,58.130000,57.140000,57.890000,3413100
272,2021-12-22,57.850000,58.260000,57.690000,57.910000,2337600
272,2021-12-23,58.180000,58.820000,58.020000,58.110000,1841900
272,2021-12-27,58.200000,58.530000,57.930000,58.520000,2388300
272,2021-12-28,58.390000,58.980000,58.340000,58.460000,1810900
272,2021-12-29,58.620000,58.850000,58.290000,58.370000,1828500
272,2021-12-30,58.290000,58.680000,57.930000,57.970000,1587000
272,2021-12-31,57.960000,58.300000,57.860000,58.080000,1912000
272,2022-01-03,58.600000,59.020000,58.350000,58.510000,3254600
272,2022-01-04,59.360000,61.220000,59.330000,60.600000,4918600
272,2022-01-05,61.210000,61.620000,60.060000,60.180000,3673300
272,2022-01-06,61.000000,61.440000,60.240000,61.300000,3510400
272,2022-01-07,61.360000,62.390000,60.990000,62.330000,5161700
272,2022-01-10,63.130000,63.420000,62.020000,62.800000,5214700
272,2022-01-11,62.700000,63.280000,61.950000,63.070000,4054300
272,2022-01-12,63.350000,63.920000,62.870000,63.550000,6411300
272,2022-01-13,63.560000,64.530000,63.490000,63.650000,4159900
272,2022-01-14,63.200000,63.690000,62.160000,63.600000,5777500
272,2022-01-18,61.690000,63.220000,61.500000,62.920000,6765000
272,2022-01-19,63.190000,63.200000,58.980000,59.240000,6248600
272,2022-01-20,59.260000,61.210000,58.950000,59.920000,6989800
272,2022-01-21,59.680000,59.760000,56.860000,57.180000,5983600
272,2022-01-24,56.050000,59.040000,55.170000,58.900000,7162100
272,2022-01-25,58.330000,59.600000,57.040000,59.020000,5919600
272,2022-01-26,59.650000,60.350000,58.170000,58.920000,5581800
272,2022-01-27,59.510000,60.680000,57.590000,58.370000,4958500
272,2022-01-28,57.860000,58.510000,57.000000,58.480000,4127000
272,2022-01-31,58.070000,59.330000,57.550000,59.260000,6889500
272,2022-02-01,59.580000,60.910000,59.050000,60.690000,4779000
272,2022-02-02,60.560000,61.120000,60.190000,61.050000,4346000
272,2022-02-03,61.350000,61.680000,60.630000,60.770000,2957300
272,2022-02-04,60.870000,62.660000,60.610000,61.810000,4373500
272,2022-02-07,61.960000,62.540000,61.630000,62.250000,2890600
272,2022-02-08,63.110000,63.970000,62.690000,63.620000,4925900
272,2022-02-09,63.920000,63.920000,63.110000,63.660000,3345100
272,2022-02-10,62.830000,64.630000,62.830000,63.470000,6032900
272,2022-02-11,63.150000,64.300000,61.910000,62.330000,6374800
272,2022-02-14,62.350000,62.530000,60.770000,61.470000,5335400
272,2022-02-15,62.130000,62.560000,61.810000,62.230000,4486100
272,2022-02-16,61.810000,62.890000,61.590000,62.500000,3657800
272,2022-02-17,61.480000,61.690000,57.300000,57.350000,9864700
272,2022-02-18,57.090000,57.460000,56.010000,56.380000,7611500
272,2022-02-22,56.000000,56.630000,55.200000,55.640000,6203800
272,2022-02-23,56.000000,56.250000,53.090000,53.350000,6770600
272,2022-02-24,51.690000,52.700000,50.610000,52.500000,8487900
272,2022-02-25,52.970000,54.480000,52.810000,54.370000,6413200
272,2022-02-28,52.590000,53.500000,52.350000,53.150000,9772300
272,2022-03-01,52.760000,52.760000,49.810000,50.580000,8434800
272,2022-03-02,51.160000,52.720000,51.160000,52.140000,4690600
272,2022-03-03,52.250000,52.860000,51.570000,52.360000,4794700
272,2022-03-04,50.920000,51.230000,50.210000,50.920000,6249000
272,2022-03-07,50.390000,50.840000,49.820000,50.010000,8228800
272,2022-03-08,50.690000,51.830000,49.890000,50.730000,8072500
272,2022-03-09,52.810000,53.360000,52.020000,52.180000,6970500
272,2022-03-10,50.720000,51.180000,48.840000,50.000000,9396000
272,2022-03-11,50.860000,51.120000,49.800000,50.000000,5755500
272,2022-03-14,50.780000,51.310000,50.240000,50.530000,6226200
272,2022-03-15,50.840000,50.990000,49.950000,50.550000,5743700
272,2022-03-16,51.570000,52.710000,50.910000,51.910000,7218600
272,2022-03-17,51.060000,52.540000,50.370000,52.510000,7149500
272,2022-03-18,52.520000,52.580000,51.120000,52.300000,19554900
272,2022-03-21,52.640000,52.910000,51.790000,52.180000,6884400
272,2022-03-22,52.870000,53.460000,52.310000,52.690000,5306600
272,2022-03-23,52.400000,52.680000,51.680000,51.730000,3659100
272,2022-03-24,52.040000,52.200000,51.450000,52.040000,3879600
272,2022-03-25,52.090000,53.010000,52.030000,52.740000,4283300
272,2022-03-28,52.790000,52.800000,51.900000,52.510000,4195900
272,2022-03-29,53.380000,53.630000,52.300000,52.740000,3567800
272,2022-03-30,52.100000,52.430000,51.560000,51.840000,4156500
272,2022-03-31,51.510000,51.770000,49.610000,49.630000,5804700
272,2022-04-01,50.290000,50.480000,49.100000,49.450000,4259800
272,2022-04-04,49.500000,49.830000,48.570000,49.510000,5495000
272,2022-04-05,49.260000,49.620000,48.740000,48.960000,4317500
272,2022-04-06,48.700000,48.730000,47.960000,48.200000,5110400
272,2022-04-07,48.110000,48.410000,46.950000,47.760000,4522700
272,2022-04-08,47.960000,48.620000,47.770000,48.340000,3155600
272,2022-04-11,48.000000,48.920000,47.790000,48.070000,3728500
272,2022-04-12,47.810000,48.630000,47.420000,47.650000,4187000
272,2022-04-13,47.280000,48.390000,46.880000,48.340000,6034000
272,2022-04-14,48.440000,48.970000,47.260000,47.290000,7289000
272,2022-04-18,45.600000,46.660000,44.990000,46.210000,6036300
272,2022-04-19,46.330000,46.820000,46.150000,46.520000,6382600
272,2022-04-20,46.970000,47.530000,46.790000,47.020000,4966400
272,2022-04-21,47.570000,47.770000,46.040000,46.150000,4681200
272,2022-04-22,45.900000,46.050000,44.140000,44.210000,4750900
272,2022-04-25,43.790000,44.480000,43.140000,44.370000,6538100
272,2022-04-26,43.990000,44.520000,43.250000,43.260000,6224600
272,2022-04-27,42.490000,42.910000,42.180000,42.350000,6646700
272,2022-04-28,43.210000,43.540000,42.350000,43.460000,5682900
272,2022-04-29,43.470000,43.680000,41.960000,42.060000,4450400
272,2022-05-02,42.370000,42.940000,41.770000,42.700000,8096800
272,2022-05-03,42.940000,43.690000,42.530000,43.110000,7146200
272,2022-05-04,43.230000,44.850000,42.960000,44.800000,5974100
272,2022-05-05,44.330000,44.330000,43.250000,44.100000,5736300
272,2022-05-06,44.080000,44.140000,43.200000,43.760000,4788000
272,2022-05-09,43.250000,43.820000,42.890000,43.210000,4976100
272,2022-05-10,43.620000,44.050000,42.250000,42.960000,5286900
272,2022-05-11,43.110000,44.010000,42.360000,42.430000,5479000
272,2022-05-12,42.160000,43.170000,41.900000,42.810000,5360100
272,2022-05-13,43.310000,43.810000,42.930000,43.460000,4247600
272,2022-05-16,43.320000,43.660000,42.500000,43.240000,3554600
272,2022-05-17,44.190000,44.760000,43.880000,44.590000,3985900
272,2022-05-18,44.200000,44.260000,43.140000,43.290000,4077100
272,2022-05-19,42.480000,43.750000,42.440000,43.320000,7210000
272,2022-05-20,43.770000,44.130000,42.950000,43.770000,5013600
272,2022-05-23,44.700000,45.190000,44.230000,44.680000,4231200
272,2022-05-24,44.360000,44.600000,43.150000,44.340000,4504500
272,2022-05-25,44.210000,45.010000,44.120000,44.720000,4350900
272,2022-05-26,45.350000,45.870000,45.290000,45.660000,3251800
272,2022-05-27,45.750000,46.480000,45.700000,46.480000,3354000
272,2022-05-31,46.180000,46.980000,45.640000,46.610000,7085800
272,2022-06-01,46.570000,46.670000,45.020000,45.650000,3910600
272,2022-06-02,45.770000,46.500000,45.380000,46.470000,3506700
272,2022-06-03,46.110000,46.260000,45.560000,45.590000,2453600
272,2022-06-06,46.060000,46.740000,45.830000,45.950000,3018200
272,2022-06-07,45.520000,46.440000,45.310000,46.340000,3108100
272,2022-06-08,45.820000,46.090000,45.220000,45.340000,2943100
272,2022-06-09,45.000000,45.380000,44.010000,44.040000,2716500
272,2022-06-10,43.120000,43.420000,42.540000,42.790000,4777600
272,2022-06-13,41.950000,42.140000,41.130000,41.470000,6128700
272,2022-06-14,41.700000,42.070000,40.260000,40.600000,5924800
272,2022-06-15,41.290000,42.460000,41.290000,41.870000,6116900
272,2022-06-16,41.030000,41.280000,40.430000,41.210000,5415900
272,2022-06-17,41.360000,41.960000,40.990000,41.130000,9578500
272,2022-06-21,42.240000,42.450000,41.810000,42.320000,3540400
272,2022-06-22,41.750000,42.500000,41.750000,42.230000,5059200
272,2022-06-23,42.130000,42.370000,41.210000,42.000000,4429500
272,2022-06-24,42.030000,43.790000,42.030000,43.600000,15201800
272,2022-06-27,43.710000,43.780000,42.870000,43.060000,3135500
272,2022-06-28,43.540000,44.050000,42.750000,42.860000,2969200
272,2022-06-29,42.840000,43.040000,42.210000,42.410000,4320000
272,2022-06-30,41.550000,42.150000,41.100000,41.710000,3223500
272,2022-07-01,41.380000,42.560000,41.150000,42.420000,2891000
272,2022-07-05,41.580000,42.100000,40.980000,42.080000,3026600
272,2022-07-06,41.750000,41.990000,41.130000,41.580000,2567100
272,2022-07-07,42.070000,42.610000,41.940000,42.290000,2585200
272,2022-07-08,42.500000,42.630000,41.680000,41.890000,1945900
272,2022-07-11,41.450000,41.940000,41.200000,41.710000,2285100
272,2022-07-12,41.300000,42.750000,41.270000,41.770000,3144200
272,2022-07-13,41.210000,41.480000,40.650000,41.270000,3873900
272,2022-07-14,40.300000,40.640000,39.780000,40.440000,5075600
272,2022-07-15,41.720000,43.750000,41.190000,43.410000,4984700
272,2022-07-18,43.930000,44.410000,42.520000,42.770000,4314700
272,2022-07-19,43.340000,43.860000,43.210000,43.580000,3638500
272,2022-07-20,43.400000,43.420000,42.590000,43.130000,3966400
272,2022-07-21,43.300000,43.560000,42.960000,43.480000,2907300
272,2022-07-22,43.140000,43.450000,42.340000,42.720000,3039300
272,2022-07-25,43.150000,43.220000,42.650000,43.020000,2296600
272,2022-07-26,42.680000,42.970000,41.940000,42.110000,2699900
272,2022-07-27,42.430000,43.070000,42.060000,42.880000,2965400
272,2022-07-28,43.080000,43.200000,42.020000,43.030000,2131800
272,2022-07-29,43.050000,43.580000,42.970000,43.460000,2385100
272,2022-08-01,43.050000,43.430000,42.620000,43.290000,2375700
272,2022-08-02,42.850000,43.420000,42.580000,42.950000,2453400
272,2022-08-03,43.470000,43.810000,43.030000,43.710000,2463500
272,2022-08-04,43.740000,43.920000,43.030000,43.060000,1933800
272,2022-08-05,43.000000,43.790000,42.840000,43.500000,2533600
272,2022-08-08,43.800000,43.940000,43.050000,43.080000,2731800
272,2022-08-09,43.240000,43.380000,42.800000,43.190000,2101800
272,2022-08-10,43.500000,44.330000,43.500000,43.990000,2538200
272,2022-08-11,44.460000,44.570000,44.040000,44.370000,2620600
272,2022-08-12,44.620000,44.930000,44.310000,44.900000,2648200
272,2022-08-15,44.350000,45.030000,44.150000,44.710000,2566100
272,2022-08-16,44.420000,45.450000,44.420000,45.030000,3095500
272,2022-08-17,44.440000,45.110000,44.290000,44.810000,2334500
272,2022-08-18,44.680000,44.710000,44.010000,44.660000,2662500
272,2022-08-19,44.360000,44.370000,43.600000,43.890000,3649200
272,2022-08-22,43.200000,43.630000,42.980000,43.240000,3406700
272,2022-08-23,43.370000,43.610000,42.950000,42.970000,1983200
272,2022-08-24,42.850000,43.300000,42.680000,42.980000,2258800
272,2022-08-25,43.150000,43.750000,42.990000,43.500000,2500700
272,2022-08-26,43.780000,43.850000,41.990000,42.000000,3185500
272,2022-08-29,41.770000,42.170000,41.470000,41.760000,2540200
272,2022-08-30,42.000000,42.130000,41.350000,41.680000,2278700
272,2022-08-31,41.980000,42.070000,41.520000,41.530000,3295400
272,2022-09-01,41.450000,41.450000,40.490000,41.360000,3032100
272,2022-09-02,41.940000,42.370000,40.820000,41.120000,3137700
272,2022-09-06,41.390000,41.470000,40.560000,41.140000,3505900
272,2022-09-07,40.960000,42.560000,40.910000,42.430000,4515600
272,2022-09-08,42.100000,43.840000,42.020000,43.820000,4857600
272,2022-09-09,44.120000,44.310000,43.800000,44.140000,4303100
272,2022-09-12,44.500000,44.810000,43.940000,44.280000,4347100
272,2022-09-13,43.850000,44.860000,43.770000,44.110000,5766300
272,2022-09-14,44.200000,44.580000,43.280000,43.720000,4941800
272,2022-09-15,43.850000,45.010000,43.700000,44.440000,4175500
272,2022-09-16,44.090000,44.310000,43.470000,43.890000,6152700
272,2022-09-19,43.460000,44.520000,43.410000,44.210000,3068300
272,2022-09-20,43.840000,43.910000,42.900000,43.270000,2953200
272,2022-09-21,43.560000,43.620000,42.290000,42.300000,3273300
272,2022-09-22,42.470000,42.560000,40.910000,40.930000,5509900
272,2022-09-23,40.490000,40.630000,39.330000,40.170000,5753200
272,2022-09-26,39.820000,40.280000,39.240000,39.470000,6757400
272,2022-09-27,39.760000,39.890000,38.300000,38.940000,5489400
272,2022-09-28,39.060000,39.820000,38.750000,39.590000,5979400
272,2022-09-29,39.060000,39.250000,38.490000,38.880000,4732200
272,2022-09-30,38.990000,39.510000,38.470000,38.520000,4490100
272,2022-10-03,38.890000,39.920000,38.430000,39.660000,7427600
272,2022-10-04,40.520000,41.430000,40.500000,41.370000,6319500
272,2022-10-05,40.950000,41.570000,40.720000,41.360000,4036300
272,2022-10-06,41.100000,41.420000,40.590000,40.680000,3103200
272,2022-10-07,40.250000,40.410000,39.180000,39.480000,3944100
272,2022-10-10,39.790000,39.930000,39.170000,39.210000,4829500
272,2022-10-11,38.910000,39.170000,38.270000,38.480000,4983100
272,2022-10-12,38.250000,38.550000,37.270000,37.290000,8082400
272,2022-10-13,36.820000,39.380000,36.220000,39.210000,7088000
272,2022-10-14,39.370000,39.880000,38.300000,38.410000,6435700
272,2022-10-17,39.480000,40.960000,39.480000,40.360000,7340300
272,2022-10-18,41.050000,41.520000,39.370000,39.960000,9040600
272,2022-10-19,39.580000,40.170000,38.690000,39.020000,8774400
272,2022-10-20,38.970000,39.630000,38.370000,38.420000,6931600
272,2022-10-21,38.470000,40.410000,38.110000,40.230000,8365700
272,2022-10-24,40.430000,41.070000,40.230000,40.840000,6918400
272,2022-10-25,40.700000,41.740000,40.430000,41.600000,5950900
272,2022-10-26,41.420000,41.880000,40.920000,41.260000,6690000
272,2022-10-27,41.720000,42.180000,41.510000,41.650000,6395700
272,2022-10-28,41.860000,42.520000,41.670000,42.320000,6189700
272,2022-10-31,41.930000,42.400000,41.740000,42.110000,4365000
272,2022-11-01,42.430000,42.530000,41.850000,42.230000,3911800
272,2022-11-02,42.280000,43.270000,42.030000,42.040000,4617800
272,2022-11-03,41.600000,41.900000,41.130000,41.530000,5055300
272,2022-11-04,42.050000,42.860000,41.920000,42.490000,5520800
272,2022-11-07,42.810000,42.850000,42.280000,42.420000,5968700
272,2022-11-08,42.490000,43.010000,42.240000,42.700000,4825800
272,2022-11-09,42.500000,42.710000,42.040000,42.100000,2820500
272,2022-11-10,43.630000,44.550000,43.380000,44.070000,8734200
272,2022-11-11,44.250000,44.700000,43.960000,44.520000,5808700
272,2022-11-14,44.330000,44.610000,43.550000,43.580000,4189300
272,2022-11-15,43.830000,44.190000,43.250000,43.830000,5454500
272,2022-11-16,43.830000,44.110000,43.520000,43.810000,3010300
272,2022-11-17,43.170000,44.000000,42.970000,43.880000,5799300
272,2022-11-18,44.530000,44.970000,44.180000,44.560000,3913500
272,2022-11-21,44.420000,44.720000,44.210000,44.650000,2985400
272,2022-11-22,44.940000,45.820000,44.770000,45.240000,3793300
272,2022-11-23,45.140000,45.750000,45.020000,45.490000,2981600
272,2022-11-25,45.520000,45.850000,45.400000,45.670000,1146700
272,2022-11-28,45.250000,45.450000,44.690000,44.800000,3626700
272,2022-11-29,44.790000,45.010000,44.530000,44.840000,3003200
272,2022-11-30,44.880000,45.960000,44.240000,45.900000,6046000
272,2022-12-01,45.900000,46.000000,45.010000,45.760000,4608100
272,2022-12-02,45.270000,45.600000,44.870000,45.220000,3022100
272,2022-12-05,44.980000,45.100000,43.770000,44.040000,3535000
272,2022-12-06,43.200000,43.670000,42.570000,42.840000,5192800
272,2022-12-07,42.590000,44.900000,42.240000,44.610000,11740600
272,2022-12-08,44.800000,45.010000,44.330000,44.590000,5331200
272,2022-12-09,44.530000,45.220000,44.470000,44.710000,4406200
272,2022-12-12,44.710000,45.000000,44.510000,44.850000,4732800
272,2022-12-13,46.000000,46.330000,45.200000,45.720000,6162900
272,2022-12-14,45.650000,45.760000,44.610000,44.940000,4285200
272,2022-12-15,44.130000,44.570000,43.840000,44.240000,3761000
272,2022-12-16,43.630000,44.210000,43.550000,44.090000,5047600
272,2022-12-19,44.040000,44.580000,43.910000,44.170000,3739100
272,2022-12-20,44.340000,44.820000,44.190000,44.290000,3099100
272,2022-12-21,44.800000,45.070000,44.630000,44.780000,3291800
272,2022-12-22,44.450000,44.790000,43.670000,44.480000,2669800
272,2022-12-23,44.440000,44.710000,44.200000,44.650000,2273400
272,2022-12-27,44.810000,44.920000,44.510000,44.820000,2109600
272,2022-12-28,44.820000,44.930000,44.560000,44.630000,2013100
272,2022-12-29,44.910000,45.730000,44.800000,45.660000,3088400
272,2022-12-30,45.320000,45.560000,45.160000,45.520000,3116100
272,2023-01-03,45.980000,46.940000,45.770000,46.300000,5319300
272,2023-01-04,47.580000,48.030000,47.100000,47.440000,7777700
272,2023-01-05,47.220000,47.530000,46.930000,47.210000,4269000
272,2023-01-06,47.470000,48.070000,47.140000,47.950000,4277100
272,2023-01-09,47.980000,48.750000,47.980000,48.140000,4021800
272,2023-01-10,48.100000,48.370000,47.860000,48.010000,3746600
272,2023-01-11,48.030000,48.960000,47.900000,48.180000,6987300
272,2023-01-12,48.470000,48.760000,47.890000,48.160000,8980800
272,2023-01-13,47.660000,49.670000,47.630000,49.030000,13424100
272,2023-01-17,48.970000,50.090000,48.600000,49.680000,11402000
272,2023-01-18,49.350000,49.950000,49.180000,49.230000,10813100
272,2023-01-19,48.710000,49.050000,48.250000,48.920000,7254000
272,2023-01-20,48.790000,49.240000,48.440000,49.240000,6801900
272,2023-01-23,49.240000,49.620000,49.090000,49.340000,5320500
272,2023-01-24,49.280000,49.760000,48.880000,49.460000,4304400
272,2023-01-25,49.060000,50.000000,49.050000,49.990000,3606400
272,2023-01-26,50.240000,50.710000,49.940000,50.610000,4308200
272,2023-01-27,50.570000,50.670000,50.050000,50.060000,7450500
272,2023-01-30,49.690000,50.250000,49.640000,49.770000,4589900
272,2023-01-31,49.690000,50.580000,49.560000,50.570000,6531400
272,2023-02-01,49.970000,51.260000,49.910000,50.800000,6485400
272,2023-02-02,51.010000,51.110000,49.870000,50.170000,7285500
272,2023-02-03,49.890000,50.740000,49.780000,50.230000,7106600
272,2023-02-06,49.860000,50.560000,49.750000,50.540000,4795300
272,2023-02-07,50.300000,51.590000,50.300000,51.430000,6652900
272,2023-02-08,51.250000,51.980000,51.090000,51.780000,4441400
272,2023-02-09,52.010000,52.230000,51.500000,51.570000,6053500
272,2023-02-10,51.290000,51.590000,51.110000,51.400000,3769000
272,2023-02-13,51.370000,52.010000,51.270000,51.920000,3269300
272,2023-02-14,51.640000,52.260000,51.600000,51.710000,3558100
272,2023-02-15,51.310000,51.830000,51.310000,51.770000,3274900
272,2023-02-16,51.370000,51.560000,51.200000,51.290000,3833500
272,2023-02-17,51.110000,51.630000,50.970000,51.500000,3036200
272,2023-02-21,51.200000,51.300000,50.210000,50.430000,4759800
272,2023-02-22,50.510000,50.760000,49.880000,50.160000,3608400
272,2023-02-23,50.510000,50.670000,50.040000,50.290000,4337400
272,2023-02-24,49.980000,50.650000,49.660000,50.460000,4243400
272,2023-02-27,50.970000,51.250000,50.720000,50.840000,3919500
272,2023-02-28,50.880000,51.160000,50.700000,50.880000,5744800
272,2023-03-01,50.240000,50.870000,50.240000,50.520000,4165800
272,2023-03-02,50.350000,50.390000,49.590000,50.190000,3902700
272,2023-03-03,50.370000,51.600000,50.360000,51.330000,5540200
272,2023-03-06,51.390000,51.840000,51.090000,51.140000,4328500
272,2023-03-07,51.010000,51.200000,49.400000,49.500000,6113300
272,2023-03-08,49.580000,50.380000,49.500000,49.800000,4988700
272,2023-03-09,49.590000,49.750000,47.650000,48.000000,7043500
272,2023-03-10,47.360000,48.460000,46.480000,47.310000,8288800
272,2023-03-13,45.860000,46.090000,44.040000,44.120000,14691200
272,2023-03-14,45.560000,46.220000,45.200000,45.730000,9702700
272,2023-03-15,44.190000,44.380000,43.230000,44.010000,10377800
272,2023-03-16,43.520000,44.750000,43.010000,44.400000,7326000
272,2023-03-17,43.760000,43.820000,42.300000,42.580000,11173700
272,2023-03-20,43.180000,43.930000,42.910000,43.270000,7227600
272,2023-03-21,44.690000,45.460000,44.570000,45.140000,6479400
272,2023-03-22,45.210000,45.340000,43.900000,43.950000,4974200
272,2023-03-23,43.900000,44.160000,42.870000,43.240000,5203500
272,2023-03-24,42.430000,42.890000,41.570000,42.750000,5972900
272,2023-03-27,43.660000,43.750000,42.990000,43.640000,5272100
272,2023-03-28,43.380000,43.960000,43.380000,43.910000,3567500
272,2023-03-29,44.570000,45.110000,44.440000,45.060000,6486600
272,2023-03-30,45.590000,45.790000,44.740000,44.900000,5727900
272,2023-03-31,45.020000,45.450000,44.760000,45.440000,5195600
272,2023-04-03,45.440000,45.590000,44.790000,45.150000,4744500
272,2023-04-04,45.480000,45.500000,44.240000,44.680000,3070300
272,2023-04-05,44.130000,44.970000,44.080000,44.880000,3473700
272,2023-04-06,44.910000,45.270000,44.780000,44.850000,3207300
272,2023-04-10,44.850000,45.500000,44.720000,45.230000,3621200
272,2023-04-11,45.230000,45.940000,45.040000,45.740000,5603300
272,2023-04-12,45.950000,45.990000,45.080000,45.830000,6261200
272,2023-04-13,45.860000,46.260000,45.680000,46.200000,6259700
272,2023-04-14,46.840000,47.240000,46.160000,46.360000,4597500
272,2023-04-17,43.690000,44.300000,42.440000,44.230000,17075700
272,2023-04-18,43.890000,44.940000,42.730000,44.890000,12528700
272,2023-04-19,44.320000,45.450000,44.320000,45.240000,6742200
272,2023-04-20,44.920000,45.180000,44.470000,44.840000,5452700
272,2023-04-21,44.520000,44.560000,43.980000,44.050000,5165900
272,2023-04-24,44.050000,44.170000,43.620000,43.850000,3839400
272,2023-04-25,43.340000,43.350000,42.460000,42.490000,5385700
272,2023-04-26,42.350000,42.790000,41.690000,41.790000,4174300
272,2023-04-27,41.710000,42.200000,41.480000,42.010000,6731400
272,2023-04-28,41.700000,42.840000,41.660000,42.590000,3668000
272,2023-05-01,42.830000,42.990000,42.110000,42.140000,4199400
272,2023-05-02,42.080000,42.160000,40.950000,41.610000,6363500
272,2023-05-03,41.750000,41.990000,40.670000,40.790000,4715400
272,2023-05-04,40.490000,40.800000,39.760000,40.080000,5724700
272,2023-05-05,40.910000,41.300000,40.540000,41.170000,5034100
272,2023-05-08,41.530000,41.700000,41.190000,41.500000,3216900
272,2023-05-09,41.260000,41.660000,41.060000,41.540000,4023400
272,2023-05-10,41.900000,42.090000,40.750000,41.020000,3657700
272,2023-05-11,40.610000,40.980000,40.240000,40.680000,4660400
272,2023-05-12,41.050000,41.060000,39.810000,40.150000,5724100
272,2023-05-15,40.310000,40.900000,40.270000,40.700000,3246400
272,2023-05-16,40.380000,40.580000,39.650000,39.670000,3409100
272,2023-05-17,40.140000,40.840000,40.050000,40.660000,4246300
272,2023-05-18,40.470000,41.120000,40.390000,41.080000,4175500
272,2023-05-19,41.380000,41.790000,40.810000,40.890000,4661800
272,2023-05-22,41.040000,41.350000,40.790000,41.250000,3248300
272,2023-05-23,41.250000,41.650000,41.060000,41.140000,4455100
272,2023-05-24,40.920000,41.010000,40.290000,40.420000,3300400
272,2023-05-25,40.250000,40.740000,40.090000,40.380000,5302800
272,2023-05-26,40.420000,40.990000,40.390000,40.780000,3107800
272,2023-05-30,40.800000,40.970000,40.310000,40.690000,3877100
272,2023-05-31,40.290000,40.530000,39.900000,40.200000,7645900
272,2023-06-01,40.530000,41.530000,40.300000,41.250000,6258200
272,2023-06-02,41.810000,43.160000,41.690000,42.740000,6904800
272,2023-06-05,42.860000,42.930000,42.270000,42.520000,4793200
272,2023-06-06,42.580000,43.900000,42.440000,43.410000,4823800
272,2023-06-07,43.440000,43.930000,43.200000,43.710000,4020800
272,2023-06-08,43.620000,43.880000,43.310000,43.850000,4346300
272,2023-06-09,43.980000,44.460000,43.900000,44.430000,5022500
272,2023-06-12,44.340000,44.470000,43.340000,43.720000,6342000
272,2023-06-13,43.750000,44.630000,43.730000,44.140000,3892400
272,2023-06-14,44.390000,44.960000,43.860000,44.170000,3727600
272,2023-06-15,43.960000,44.880000,43.950000,44.870000,3553200
272,2023-06-16,45.000000,45.120000,44.340000,44.650000,12632000
272,2023-06-20,44.460000,44.510000,43.990000,44.360000,4586200
272,2023-06-21,44.420000,44.520000,43.980000,44.000000,3149300
272,2023-06-22,43.900000,44.010000,43.100000,43.250000,3668500
272,2023-06-23,42.740000,43.030000,42.440000,42.840000,5123900
272,2023-06-26,42.950000,43.440000,42.730000,43.030000,3594900
272,2023-06-27,43.070000,43.840000,42.790000,43.840000,5966000
272,2023-06-28,43.780000,43.800000,43.240000,43.560000,2581100
272,2023-06-29,43.870000,44.210000,43.650000,44.200000,3857700
272,2023-06-30,44.640000,44.740000,44.200000,44.520000,3402400
272,2023-07-03,44.620000,45.320000,44.580000,45.070000,1446500
272,2023-07-05,44.690000,45.120000,44.460000,44.480000,3298000
272,2023-07-06,43.810000,43.920000,43.220000,43.820000,3372000
272,2023-07-07,43.800000,44.660000,43.720000,44.380000,3898500
272,2023-07-10,44.150000,44.630000,43.960000,44.110000,3865700
272,2023-07-11,44.520000,44.780000,44.240000,44.650000,3825500
272,2023-07-12,45.200000,45.540000,45.010000,45.220000,5945100
272,2023-07-13,45.390000,45.670000,45.060000,45.560000,4943700
272,2023-07-14,45.680000,45.700000,42.080000,42.530000,12803700
272,2023-07-17,42.660000,43.560000,42.580000,43.540000,8247600
272,2023-07-18,43.760000,45.830000,43.100000,45.330000,10867000
272,2023-07-19,45.620000,46.560000,45.270000,45.600000,8211100
272,2023-07-20,45.630000,45.830000,45.100000,45.630000,6894200
272,2023-07-21,45.660000,45.740000,44.910000,45.000000,4710900
272,2023-07-24,45.050000,46.130000,45.000000,45.510000,4043000
272,2023-07-25,45.590000,45.750000,44.750000,44.800000,3634500
272,2023-07-26,45.000000,45.930000,44.910000,45.620000,4537300
272,2023-07-27,45.320000,45.970000,45.030000,45.140000,3690100
272,2023-07-28,45.890000,45.920000,44.720000,44.980000,2715100
272,2023-07-31,45.220000,45.530000,45.080000,45.360000,2534000
272,2023-08-01,45.210000,45.400000,44.680000,45.160000,3401500
272,2023-08-02,44.630000,45.280000,44.410000,45.230000,4120000
272,2023-08-03,45.140000,45.770000,44.970000,45.560000,5054900
272,2023-08-04,45.500000,46.100000,45.270000,45.390000,3625900
272,2023-08-07,45.590000,46.510000,45.530000,46.330000,4616500
272,2023-08-08,45.270000,45.820000,44.940000,45.720000,3903000
272,2023-08-09,45.690000,46.030000,45.240000,45.270000,3661900
272,2023-08-10,45.450000,46.010000,45.380000,45.890000,3921200
272,2023-08-11,45.620000,46.140000,45.570000,46.010000,3630500
272,2023-08-14,45.860000,45.900000,45.110000,45.180000,3520300
272,2023-08-15,44.630000,44.930000,44.150000,44.400000,3190700
272,2023-08-16,44.240000,44.430000,44.050000,44.120000,2514800
272,2023-08-17,44.440000,44.560000,43.920000,44.100000,2960500
272,2023-08-18,43.710000,44.290000,43.630000,44.020000,2614300
272,2023-08-21,44.010000,44.130000,43.220000,43.760000,2943500
272,2023-08-22,43.940000,43.960000,42.770000,42.810000,2906600
272,2023-08-23,42.950000,43.590000,42.750000,43.530000,3070200
272,2023-08-24,43.370000,44.360000,43.370000,43.570000,3081200
272,2023-08-25,43.690000,44.000000,43.290000,43.730000,2951500
272,2023-08-28,43.980000,44.580000,43.960000,44.250000,1996300
272,2023-08-29,44.370000,44.590000,44.050000,44.340000,2571200
272,2023-08-30,44.390000,44.750000,44.270000,44.490000,2849100
272,2023-08-31,44.670000,44.910000,44.420000,44.870000,5077200
272,2023-09-01,45.250000,45.760000,45.070000,45.420000,5147600
272,2023-09-05,45.400000,45.920000,45.150000,45.200000,4542900
272,2023-09-06,45.000000,45.260000,44.520000,44.680000,3895000
272,2023-09-07,44.620000,45.060000,44.620000,44.850000,3860500
272,2023-09-08,44.810000,44.960000,44.260000,44.780000,5480500
272,2023-09-11,45.250000,45.820000,44.760000,44.920000,8145300
272,2023-09-12,44.990000,45.810000,44.750000,45.380000,5926900
272,2023-09-13,45.730000,45.770000,45.030000,45.270000,5613400
272,2023-09-14,45.700000,46.260000,45.390000,45.820000,4336000
272,2023-09-15,45.420000,45.620000,45.000000,45.210000,16217200
272,2023-09-18,45.060000,45.100000,44.590000,44.800000,3872200
272,2023-09-19,44.810000,44.960000,44.050000,44.120000,3372800
272,2023-09-20,44.360000,44.520000,43.650000,43.700000,4151400
272,2023-09-21,43.540000,43.680000,43.090000,43.160000,3411200
272,2023-09-22,43.200000,43.280000,42.580000,42.700000,2981100
272,2023-09-25,42.440000,42.980000,42.300000,42.890000,2196500
272,2023-09-26,42.500000,42.830000,42.130000,42.250000,3160400
272,2023-09-27,42.440000,42.510000,41.910000,42.170000,3108000
272,2023-09-28,42.170000,42.900000,42.150000,42.680000,2793100
272,2023-09-29,43.000000,43.370000,42.500000,42.650000,3394800
272,2023-10-02,42.590000,42.680000,41.860000,42.070000,2738000
272,2023-10-03,41.530000,41.710000,41.180000,41.320000,3426300
272,2023-10-04,41.310000,41.430000,40.710000,41.240000,3056500
272,2023-10-05,40.930000,41.780000,40.870000,41.690000,3936400
272,2023-10-06,41.550000,42.370000,41.160000,42.150000,3673100
272,2023-10-09,41.640000,42.130000,41.630000,41.930000,3415500
272,2023-10-10,42.170000,42.610000,42.010000,42.300000,3103700
272,2023-10-11,42.180000,42.570000,41.920000,42.150000,2979300
272,2023-10-12,42.320000,42.330000,40.780000,41.250000,6274700
272,2023-10-13,41.440000,41.990000,41.030000,41.180000,3921000
272,2023-10-16,41.540000,42.100000,41.400000,41.840000,4289800
272,2023-10-17,41.000000,43.920000,39.660000,43.440000,17157700
272,2023-10-18,43.310000,44.110000,43.090000,43.150000,6832300
272,2023-10-19,43.250000,43.420000,42.110000,42.190000,5829300
272,2023-10-20,42.050000,42.250000,41.160000,41.660000,4388800
272,2023-10-23,41.550000,41.900000,41.360000,41.490000,4688200
272,2023-10-24,41.570000,42.380000,41.400000,41.770000,3848200
272,2023-10-25,41.590000,42.000000,41.280000,41.850000,5640300
272,2023-10-26,41.440000,42.530000,41.440000,42.120000,5049300
272,2023-10-27,41.980000,42.030000,41.500000,41.630000,5848600
272,2023-10-30,42.100000,42.550000,41.800000,42.340000,3817800
272,2023-10-31,42.320000,42.650000,42.180000,42.500000,3662000
272,2023-11-01,42.500000,43.370000,42.420000,43.170000,5906000
272,2023-11-02,43.600000,44.350000,43.460000,44.240000,7494400
272,2023-11-03,44.910000,45.530000,44.720000,45.250000,4432800
272,2023-11-06,45.320000,45.420000,44.550000,44.990000,4017700
272,2023-11-07,44.690000,45.210000,44.560000,44.590000,3717600
272,2023-11-08,44.730000,45.090000,44.320000,44.970000,4320900
272,2023-11-09,45.420000,46.010000,44.930000,45.040000,6671300
272,2023-11-10,45.320000,45.720000,45.130000,45.660000,3596900
272,2023-11-13,45.320000,45.650000,45.220000,45.400000,2005200
272,2023-11-14,46.000000,46.870000,46.000000,46.450000,7886300
272,2023-11-15,46.570000,47.150000,46.550000,46.570000,8012600
272,2023-11-16,46.550000,46.870000,46.040000,46.480000,3904100
272,2023-11-17,46.970000,47.200000,46.680000,47.200000,5925000
272,2023-11-20,47.240000,47.390000,46.760000,47.120000,4790100
272,2023-11-21,47.090000,47.370000,46.900000,46.930000,9193200
272,2023-11-22,47.010000,47.310000,46.710000,47.220000,2850900
272,2023-11-24,47.250000,47.470000,47.040000,47.350000,1552200
272,2023-11-27,47.120000,47.220000,46.810000,47.000000,4074500
272,2023-11-28,47.020000,47.400000,46.810000,47.100000,3977000
272,2023-11-29,47.270000,47.880000,47.230000,47.550000,2818500
272,2023-11-30,47.720000,48.370000,47.440000,48.320000,6043900
272,2023-12-01,48.230000,48.980000,48.050000,48.710000,3274200
272,2023-12-04,48.300000,48.970000,48.140000,48.680000,3668400
272,2023-12-05,48.580000,48.730000,48.070000,48.430000,2862000
272,2023-12-06,48.690000,49.340000,47.480000,47.520000,6061500
272,2023-12-07,47.790000,48.440000,47.600000,48.430000,4773100
272,2023-12-08,48.500000,49.240000,48.340000,49.060000,3668800
272,2023-12-11,49.150000,49.740000,49.150000,49.550000,4174400
272,2023-12-12,49.540000,50.140000,49.480000,49.910000,3382200
272,2023-12-13,49.950000,50.960000,49.730000,50.950000,5107400
272,2023-12-14,51.480000,51.990000,51.320000,51.620000,7383100
272,2023-12-15,51.290000,51.740000,51.100000,51.630000,8085700
272,2023-12-18,52.050000,52.080000,51.320000,51.430000,4751200
272,2023-12-19,51.410000,51.790000,51.120000,51.710000,3933700
272,2023-12-20,51.510000,51.930000,50.870000,50.900000,3440800
272,2023-12-21,51.050000,51.480000,50.900000,51.400000,3020200
272,2023-12-22,51.590000,51.880000,51.330000,51.470000,2484600
272,2023-12-26,51.440000,51.980000,51.350000,51.970000,1497700
272,2023-12-27,51.940000,52.140000,51.660000,52.070000,1651300
272,2023-12-28,52.010000,52.320000,52.010000,52.220000,1783300
272,2023-12-29,52.200000,52.300000,51.880000,52.050000,1853100
272,2024-01-02,52.000000,52.580000,51.940000,52.380000,2778600
272,2024-01-03,52.440000,52.500000,51.790000,51.800000,3172900
272,2024-01-04,51.980000,52.540000,51.870000,52.010000,3868300
272,2024-01-05,51.860000,52.760000,51.860000,52.390000,2778800
272,2024-01-08,52.400000,52.780000,52.090000,52.700000,3496300
272,2024-01-09,52.520000,53.180000,52.350000,52.950000,4932300
272,2024-01-10,52.780000,52.930000,52.420000,52.730000,4502600
272,2024-01-11,52.490000,52.810000,52.210000,52.730000,6656200
272,2024-01-12,55.000000,55.280000,54.060000,54.850000,8419300
272,2024-01-16,55.000000,55.470000,54.580000,55.390000,7344500
272,2024-01-17,54.840000,55.320000,54.620000,54.860000,5553100
272,2024-01-18,54.850000,54.980000,53.990000,54.640000,3682200
272,2024-01-19,54.530000,55.190000,54.280000,55.040000,7173800
272,2024-01-22,55.110000,55.560000,54.740000,54.830000,5682700
272,2024-01-23,54.600000,55.010000,54.500000,54.810000,3234500
272,2024-01-24,54.950000,55.310000,54.730000,54.910000,3884500
272,2024-01-25,55.140000,55.560000,54.860000,55.340000,5024700
272,2024-01-26,55.460000,55.830000,55.130000,55.330000,3115500
272,2024-01-29,55.160000,55.940000,55.140000,55.900000,5418900
272,2024-01-30,56.160000,56.250000,55.720000,56.040000,3817200
272,2024-01-31,55.880000,56.430000,55.450000,55.460000,3993400
272,2024-02-01,55.500000,55.830000,54.680000,55.500000,3594600
272,2024-02-02,55.490000,56.130000,55.430000,55.630000,4148500
272,2024-02-05,55.270000,55.370000,54.780000,55.010000,4354400
272,2024-02-06,54.900000,55.330000,54.890000,55.060000,3844200
272,2024-02-07,55.130000,55.450000,54.660000,55.270000,3391000
272,2024-02-08,55.070000,55.400000,54.670000,55.110000,2901300
272,2024-02-09,55.010000,55.360000,54.830000,55.220000,2625600
272,2024-02-12,55.120000,56.050000,55.040000,55.620000,4404100
272,2024-02-13,55.010000,55.140000,53.400000,53.890000,3888800
272,2024-02-14,54.390000,54.610000,54.190000,54.480000,3624500
272,2024-02-15,54.790000,55.420000,54.720000,55.290000,3641500
272,2024-02-16,55.210000,55.690000,54.780000,55.150000,3057600
272,2024-02-20,54.040000,55.190000,54.030000,54.870000,4865800
272,2024-02-21,54.970000,55.300000,54.630000,55.120000,3154300
272,2024-02-22,55.310000,55.630000,55.040000,55.360000,3041400
272,2024-02-23,55.600000,56.060000,55.330000,55.640000,3745200
272,2024-02-26,55.330000,56.180000,55.190000,55.280000,3677700
272,2024-02-27,55.300000,55.590000,55.170000,55.550000,2530300
272,2024-02-28,55.540000,56.110000,55.380000,55.640000,3186500
272,2024-02-29,55.890000,56.250000,55.630000,56.090000,7158700
272,2024-03-01,55.940000,56.200000,55.270000,55.490000,2833500
272,2024-03-04,55.160000,56.210000,55.160000,55.490000,3890200
272,2024-03-05,55.400000,56.360000,55.340000,55.890000,3945400
272,2024-03-06,55.820000,55.940000,55.000000,55.780000,4466900
272,2024-03-07,55.880000,56.110000,55.500000,55.730000,2745800
272,2024-03-08,55.780000,56.160000,55.430000,55.470000,3290100
272,2024-03-11,55.040000,55.890000,54.880000,55.610000,3013000
272,2024-03-12,55.750000,55.820000,54.950000,55.120000,3223600
272,2024-03-13,55.240000,55.570000,55.040000,55.280000,4519600
272,2024-03-14,55.050000,55.290000,54.220000,54.450000,5194300
272,2024-03-15,53.920000,54.650000,53.870000,54.410000,8966900
272,2024-03-18,54.570000,54.950000,54.210000,54.940000,3178700
272,2024-03-19,54.990000,55.290000,54.870000,55.240000,3589200
272,2024-03-20,55.140000,56.220000,54.950000,56.150000,2352700
272,2024-03-21,56.490000,57.350000,56.390000,57.280000,3447300
272,2024-03-22,57.290000,57.450000,56.410000,56.470000,2769100
272,2024-03-25,56.560000,57.080000,56.420000,56.540000,2862900
272,2024-03-26,56.600000,56.990000,56.470000,56.610000,2607600
272,2024-03-27,56.900000,57.230000,56.460000,56.930000,3021700
272,2024-03-28,57.110000,57.890000,57.050000,57.620000,3116300
272,2024-04-01,57.460000,57.520000,56.760000,56.960000,2450000
272,2024-04-02,56.980000,57.340000,56.850000,57.050000,2766600
272,2024-04-03,57.000000,57.720000,57.000000,57.660000,3289600
272,2024-04-04,58.000000,58.280000,56.690000,56.770000,2465300
272,2024-04-05,56.640000,56.960000,56.070000,56.740000,3671100
272,2024-04-08,56.970000,57.330000,56.690000,57.020000,3564700
272,2024-04-09,57.240000,57.420000,56.360000,57.200000,2759800
272,2024-04-10,56.500000,56.730000,55.520000,55.680000,3432000
272,2024-04-11,55.590000,55.720000,54.680000,55.370000,3396500
272,2024-04-12,55.210000,55.980000,54.660000,55.050000,4933900
272,2024-04-15,55.810000,56.070000,54.570000,55.090000,6132700
272,2024-04-16,55.370000,55.690000,52.640000,54.000000,8232800
272,2024-04-17,54.140000,54.980000,54.090000,54.460000,4513900
272,2024-04-18,54.880000,55.540000,54.760000,55.250000,3473900
272,2024-04-19,55.420000,56.410000,55.420000,56.290000,4420700
272,2024-04-22,56.720000,57.470000,56.320000,57.160000,2936300
272,2024-04-23,57.140000,57.840000,57.090000,57.440000,2861400
272,2024-04-24,57.030000,58.010000,56.990000,57.950000,3226000
272,2024-04-25,57.300000,57.690000,56.760000,57.180000,3254100
272,2024-04-26,57.250000,57.700000,57.080000,57.320000,2058000
272,2024-04-29,57.390000,57.820000,57.080000,57.330000,2638500
272,2024-04-30,57.190000,57.300000,56.460000,56.490000,3530000
272,2024-05-01,56.530000,56.930000,56.080000,56.460000,4054000
272,2024-05-02,56.920000,57.170000,56.310000,56.600000,3187600
272,2024-05-03,56.910000,57.210000,56.480000,57.000000,2214000
272,2024-05-06,57.500000,57.600000,56.980000,57.480000,2403000
272,2024-05-07,57.420000,57.970000,57.360000,57.400000,2820100
272,2024-05-08,57.230000,57.750000,57.120000,57.510000,2939800
272,2024-05-09,57.320000,58.520000,57.320000,58.350000,3793600
272,2024-05-10,58.540000,58.740000,58.330000,58.440000,3255500
272,2024-05-13,58.610000,58.750000,57.840000,57.850000,2144300
272,2024-05-14,57.900000,58.450000,57.810000,58.350000,2878900
272,2024-05-15,58.630000,58.940000,58.400000,58.800000,2710800
272,2024-05-16,58.800000,59.220000,58.750000,58.770000,2604200
272,2024-05-17,59.060000,59.550000,58.690000,59.500000,2903200
272,2024-05-20,59.520000,59.700000,58.770000,58.950000,1928000
272,2024-05-21,58.920000,59.170000,58.690000,59.080000,2557900
272,2024-05-22,58.860000,59.170000,58.480000,58.970000,3219900
272,2024-05-23,58.990000,58.990000,58.110000,58.330000,2554900
272,2024-05-24,58.570000,59.140000,58.510000,59.090000,2098300
272,2024-05-28,58.980000,59.150000,58.140000,58.240000,2402300
272,2024-05-29,57.650000,57.980000,57.260000,57.760000,2873500
272,2024-05-30,57.940000,58.830000,57.800000,58.420000,4526400
272,2024-05-31,58.500000,59.690000,58.380000,59.610000,5168600
272,2024-06-03,59.590000,59.640000,58.770000,59.570000,2427200
272,2024-06-04,59.100000,59.390000,58.400000,58.870000,2646100
272,2024-06-05,59.050000,59.150000,58.520000,58.890000,2282900
272,2024-06-06,58.880000,59.930000,58.440000,59.910000,3822300
272,2024-06-07,59.630000,60.670000,59.580000,60.310000,3317200
272,2024-06-10,59.920000,60.870000,59.800000,60.740000,3844200
272,2024-06-11,60.370000,60.820000,58.600000,58.760000,3446000
272,2024-06-12,59.580000,59.720000,58.350000,58.610000,3105400
272,2024-06-13,58.380000,58.590000,57.710000,58.500000,2634400
272,2024-06-14,58.010000,58.400000,57.750000,58.020000,2329800
272,2024-06-17,57.820000,58.220000,57.180000,58.170000,3062000
272,2024-06-18,58.160000,58.700000,57.790000,58.680000,3376900
272,2024-06-20,58.540000,59.130000,58.510000,58.840000,2781300
272,2024-06-21,58.830000,58.950000,58.410000,58.820000,12312100
272,2024-06-24,58.990000,59.830000,58.880000,59.480000,2929300
272,2024-06-25,59.090000,59.250000,58.610000,58.790000,2009300
272,2024-06-26,58.480000,58.810000,58.190000,58.670000,4274000
272,2024-06-27,59.570000,59.710000,59.000000,59.540000,3901100
272,2024-06-28,59.770000,60.070000,59.460000,59.890000,5915000
272,2024-07-01,60.490000,60.560000,59.780000,60.110000,2637400
272,2024-07-02,59.990000,60.530000,59.890000,60.500000,3034900
272,2024-07-03,60.740000,60.910000,60.290000,60.470000,1528600
272,2024-07-05,60.390000,60.390000,59.660000,59.880000,2225000
272,2024-07-08,60.040000,60.180000,59.190000,59.540000,3977500
272,2024-07-09,59.620000,60.640000,59.410000,60.210000,3870800
272,2024-07-10,60.200000,60.740000,60.020000,60.700000,3097100
272,2024-07-11,60.720000,61.550000,60.470000,61.470000,4172200
272,2024-07-12,63.130000,64.930000,62.630000,64.690000,9394500
272,2024-07-15,64.650000,65.910000,64.650000,65.710000,6332600
272,2024-07-16,65.550000,65.900000,64.790000,65.020000,5198300
272,2024-07-17,65.220000,65.660000,63.910000,64.090000,7343000
272,2024-07-18,64.000000,64.400000,62.750000,63.480000,6165400
272,2024-07-19,63.780000,63.780000,62.660000,62.690000,3569400
272,2024-07-22,62.360000,63.290000,62.080000,63.260000,4426900
272,2024-07-23,63.300000,64.920000,63.290000,63.630000,6740900
272,2024-07-24,63.780000,64.630000,63.570000,63.900000,4727900
272,2024-07-25,64.080000,65.330000,63.930000,64.810000,4124700
272,2024-07-26,65.060000,65.860000,64.930000,65.350000,3898700
272,2024-07-29,65.250000,65.430000,64.330000,64.590000,3089700
272,2024-07-30,65.010000,65.630000,64.860000,65.240000,3208700
272,2024-07-31,65.550000,65.610000,64.780000,65.070000,4972500
272,2024-08-01,65.240000,65.480000,64.130000,64.640000,4958600
272,2024-08-02,63.850000,64.660000,62.640000,63.120000,6162200
272,2024-08-05,61.600000,62.240000,60.930000,61.420000,5604800
272,2024-08-06,61.450000,62.970000,61.250000,62.190000,3628800
272,2024-08-07,63.120000,63.530000,61.550000,61.700000,3704800
272,2024-08-08,62.130000,63.700000,61.880000,63.410000,3698600
272,2024-08-09,63.370000,63.810000,63.230000,63.780000,3460600
272,2024-08-12,63.870000,64.260000,63.120000,63.270000,3803700
272,2024-08-13,63.600000,63.630000,62.830000,63.550000,2355700
272,2024-08-14,63.610000,64.380000,63.500000,64.110000,2791100
272,2024-08-15,64.770000,65.260000,64.500000,64.980000,3811100
272,2024-08-16,65.050000,65.730000,65.030000,65.610000,7017900
272,2024-08-19,65.640000,65.930000,65.350000,65.740000,2309600
272,2024-08-20,65.760000,65.760000,65.110000,65.340000,2478600
272,2024-08-21,65.460000,65.580000,65.010000,65.240000,3026300
272,2024-08-22,65.400000,65.970000,65.240000,65.490000,3126700
272,2024-08-23,65.790000,66.530000,65.500000,66.400000,2747200
272,2024-08-26,66.600000,67.320000,66.450000,67.000000,2440600
272,2024-08-27,66.990000,67.620000,66.910000,67.210000,2541900
272,2024-08-28,66.970000,67.740000,66.710000,67.000000,3393700
272,2024-08-29,67.260000,67.660000,66.770000,67.250000,2485600
272,2024-08-30,67.340000,68.370000,67.120000,68.220000,4352000
272,2024-09-03,67.850000,68.310000,67.570000,67.890000,3259200
272,2024-09-04,68.240000,68.540000,67.580000,67.740000,2942700
272,2024-09-05,68.260000,68.490000,67.400000,68.000000,3850100
272,2024-09-06,68.150000,68.600000,66.220000,66.410000,4114900
272,2024-09-09,67.020000,68.280000,66.940000,67.720000,4495600
272,2024-09-10,67.940000,67.940000,66.030000,67.510000,4946200
272,2024-09-11,67.230000,68.180000,66.010000,68.100000,4167500
272,2024-09-12,68.250000,69.100000,68.010000,69.020000,4084000
272,2024-09-13,69.360000,69.740000,68.520000,68.700000,3617500
272,2024-09-16,69.000000,70.610000,69.000000,70.530000,3409800
272,2024-09-17,70.450000,70.920000,70.250000,70.810000,3263300
272,2024-09-18,70.720000,71.800000,70.360000,71.040000,2974900
272,2024-09-19,71.500000,71.920000,70.600000,71.720000,3701300
272,2024-09-20,71.490000,71.960000,71.180000,71.820000,8684500
272,2024-09-23,72.870000,73.190000,72.080000,72.140000,3635100
272,2024-09-24,71.750000,72.230000,71.370000,71.820000,3583200
272,2024-09-25,72.130000,72.400000,71.870000,72.170000,3725400
272,2024-09-26,72.280000,72.300000,71.490000,71.500000,4790400
272,2024-09-27,71.670000,72.280000,71.310000,71.700000,3311600
272,2024-09-30,71.350000,72.000000,70.860000,71.860000,5564900
272,2024-10-01,71.680000,71.740000,70.850000,71.110000,5149800
272,2024-10-02,71.040000,71.460000,70.520000,70.950000,5251700
272,2024-10-03,70.880000,71.010000,70.410000,70.820000,3074300
272,2024-10-04,71.540000,72.030000,71.100000,71.980000,2361400
272,2024-10-07,72.000000,72.730000,71.840000,72.440000,3084100
272,2024-10-08,72.690000,73.350000,72.660000,73.200000,3788800
272,2024-10-09,73.380000,74.200000,73.260000,74.020000,3820500
272,2024-10-10,73.770000,74.470000,73.660000,74.450000,4036800
272,2024-10-11,75.220000,76.150000,72.760000,74.150000,10109200
272,2024-10-14,74.770000,76.610000,74.450000,76.510000,5628700
272,2024-10-15,77.000000,77.670000,76.150000,76.230000,6490800
272,2024-10-16,76.310000,77.470000,76.050000,77.300000,3340200
272,2024-10-17,77.710000,78.030000,77.380000,77.750000,3111500
272,2024-10-18,77.740000,77.750000,76.500000,76.670000,4827700
272,2024-10-21,76.200000,76.290000,75.630000,75.880000,2306200
272,2024-10-22,75.660000,76.080000,75.430000,75.910000,3114700
272,2024-10-23,75.800000,76.400000,75.690000,76.370000,4645900
272,2024-10-24,76.500000,76.730000,76.100000,76.500000,2823100
272,2024-10-25,76.470000,76.600000,75.160000,75.200000,2727500
272,2024-10-28,75.720000,76.980000,75.550000,76.510000,3847700
272,2024-10-29,76.510000,77.090000,76.410000,76.560000,2390200
272,2024-10-30,76.500000,76.950000,75.710000,75.930000,4104000
272,2024-10-31,75.920000,76.210000,75.030000,75.360000,3508300
272,2024-11-01,75.460000,76.340000,75.280000,75.310000,3339500
272,2024-11-04,75.350000,75.620000,74.300000,75.000000,3994800
272,2024-11-05,75.160000,76.210000,75.100000,76.010000,2583300
272,2024-11-06,80.220000,80.290000,77.780000,78.200000,6241000
272,2024-11-07,77.850000,78.190000,77.260000,77.690000,3731400
272,2024-11-08,78.000000,78.140000,77.060000,77.060000,3176400
272,2024-11-11,77.990000,79.130000,77.820000,78.680000,3201400
272,2024-11-12,78.520000,78.820000,77.860000,77.950000,3462000
272,2024-11-13,78.120000,78.750000,77.500000,77.610000,5321500
272,2024-11-14,77.790000,78.310000,77.420000,77.570000,4220300
272,2024-11-15,77.490000,78.430000,77.490000,78.290000,4211800
272,2024-11-18,78.110000,78.680000,77.870000,78.650000,2638900
272,2024-11-19,77.810000,78.440000,77.590000,77.610000,2168300
272,2024-11-20,77.900000,77.970000,77.130000,77.870000,3482600
272,2024-11-21,78.500000,79.200000,78.110000,78.880000,2844200
272,2024-11-22,79.020000,80.230000,78.960000,80.140000,2757900
272,2024-11-25,80.500000,81.620000,80.360000,81.220000,5329200
272,2024-11-26,80.910000,81.400000,80.260000,81.270000,3239900
272,2024-11-27,81.490000,82.080000,81.240000,81.740000,2823700
272,2024-11-29,82.150000,82.720000,81.870000,81.870000,2180300
272,2024-12-02,82.100000,82.250000,80.950000,81.110000,2840900
272,2024-12-03,81.870000,82.080000,80.810000,80.850000,2952300
272,2024-12-04,80.770000,80.990000,79.900000,80.190000,2761200
272,2024-12-05,80.270000,82.180000,80.200000,81.490000,3635900
272,2024-12-06,81.330000,81.690000,80.070000,80.510000,2509600
272,2024-12-09,81.370000,81.590000,80.500000,80.610000,5712200
272,2024-12-10,80.630000,81.020000,79.970000,80.620000,3607300
272,2024-12-11,80.970000,81.150000,78.590000,79.670000,4817000
272,2024-12-12,79.500000,80.020000,79.000000,79.570000,4468800
272,2024-12-13,80.090000,80.090000,78.550000,78.830000,2982500
272,2024-12-16,79.050000,79.550000,78.650000,79.080000,3496100
272,2024-12-17,78.660000,79.280000,78.280000,78.450000,4064900
272,2024-12-18,78.240000,78.530000,75.780000,75.820000,4648100
272,2024-12-19,76.600000,77.480000,75.870000,76.410000,5814200
272,2024-12-20,76.900000,78.020000,76.090000,77.620000,13075300
272,2024-12-23,76.940000,77.650000,76.820000,77.570000,2670000
272,2024-12-24,77.580000,78.300000,77.330000,78.050000,1236500
272,2024-12-26,77.750000,78.490000,77.570000,78.350000,1970200
272,2024-12-27,77.910000,78.460000,77.080000,77.570000,2072300
272,2024-12-30,76.740000,77.310000,76.220000,77.110000,1891000
272,2024-12-31,77.330000,77.490000,76.630000,76.830000,2380700
272,2025-01-02,77.240000,77.930000,76.910000,77.410000,3443300
272,2025-01-03,77.010000,77.360000,76.140000,76.930000,3369200
272,2025-01-06,77.780000,78.690000,77.600000,77.920000,3381300
272,2025-01-07,78.130000,78.490000,77.060000,77.960000,4498800
272,2025-01-08,77.900000,78.010000,76.780000,77.950000,3031600
272,2025-01-10,77.400000,77.850000,75.390000,75.420000,3577400
272,2025-01-13,75.150000,76.140000,74.910000,76.110000,4068700
272,2025-01-14,75.970000,76.740000,75.720000,75.940000,4689900
272,2025-01-15,79.100000,82.140000,79.100000,82.040000,9273900
272,2025-01-16,81.720000,82.480000,81.040000,82.250000,5143100
272,2025-01-17,82.340000,83.670000,81.360000,83.290000,4695600
272,2025-01-21,83.340000,85.000000,83.340000,84.930000,4829900
272,2025-01-22,84.790000,85.810000,83.870000,84.330000,4289000
272,2025-01-23,84.390000,85.550000,84.120000,84.730000,4041600
272,2025-01-24,84.460000,86.340000,84.420000,85.790000,4306000
272,2025-01-27,85.200000,85.930000,84.720000,85.900000,2963800
272,2025-01-28,85.410000,86.690000,85.390000,86.340000,3248200
272,2025-01-29,85.830000,87.700000,85.830000,86.040000,3397900
272,2025-01-30,86.730000,87.530000,86.050000,86.500000,2859300
272,2025-01-31,86.440000,86.870000,85.780000,85.930000,3905700
272,2025-02-03,84.610000,85.650000,83.750000,85.190000,3501300
272,2025-02-04,85.030000,85.280000,84.420000,84.860000,3101600
272,2025-02-05,85.390000,85.970000,84.890000,85.740000,3217000
272,2025-02-06,86.310000,86.500000,85.830000,86.400000,2483500
272,2025-02-07,86.600000,86.980000,85.910000,86.150000,3438100
272,2025-02-10,86.150000,86.390000,84.690000,85.030000,2446800
272,2025-02-11,84.850000,85.580000,84.440000,85.500000,2329300
272,2025-02-12,84.750000,85.720000,84.340000,85.320000,2961200
272,2025-02-13,85.730000,87.210000,85.510000,86.880000,3373200
272,2025-02-14,87.400000,88.250000,87.280000,87.840000,5104200
272,2025-02-18,88.870000,89.440000,88.110000,88.900000,6665100
272,2025-02-19,88.410000,88.930000,87.590000,88.310000,4060400
272,2025-02-20,88.500000,88.530000,86.020000,87.160000,5921900
272,2025-02-21,87.490000,87.890000,86.840000,87.250000,5988900
272,2025-02-24,87.480000,88.390000,86.560000,88.010000,6665600
272,2025-02-25,88.380000,88.430000,85.860000,86.750000,5937100
272,2025-02-26,87.190000,88.160000,86.190000,86.340000,3709800
272,2025-02-27,86.700000,87.990000,86.450000,86.890000,3081500
272,2025-02-28,87.200000,88.950000,87.060000,88.950000,7191000
272,2025-03-03,89.590000,90.340000,87.700000,88.350000,4375700
272,2025-03-04,87.440000,87.870000,84.300000,85.540000,4968000
272,2025-03-05,85.660000,87.180000,85.180000,86.560000,4391000
272,2025-03-06,85.530000,86.050000,83.970000,84.690000,3664900
272,2025-03-07,84.310000,86.140000,83.890000,85.840000,6459200
272,2025-03-10,83.850000,86.580000,83.360000,84.240000,5259600
272,2025-03-11,83.870000,84.110000,80.790000,81.050000,8531200
272,2025-03-12,82.000000,82.070000,79.240000,80.760000,5488700
272,2025-03-13,81.080000,81.080000,79.250000,79.660000,4164300
272,2025-03-14,80.360000,81.950000,79.910000,81.750000,4354100
272,2025-03-17,81.690000,83.230000,81.440000,82.420000,4496600
272,2025-03-18,82.390000,83.020000,81.950000,82.640000,4576700
272,2025-03-19,82.800000,84.440000,82.190000,83.900000,3748400
272,2025-03-20,83.260000,84.370000,83.160000,83.930000,3119800
272,2025-03-21,83.620000,84.140000,82.670000,83.550000,9720700
272,2025-03-24,84.600000,85.420000,84.260000,84.700000,2606900
272,2025-03-25,85.150000,85.950000,84.590000,85.250000,2538800
272,2025-03-26,85.620000,86.070000,84.630000,85.090000,2453000
272,2025-03-27,84.940000,85.220000,83.870000,84.480000,3171200
272,2025-03-28,84.240000,84.850000,82.480000,82.710000,2643600
272,2025-03-31,81.810000,84.310000,81.340000,83.870000,4254500
272,2025-04-01,83.730000,84.150000,82.590000,83.770000,2881900
272,2025-04-02,83.010000,84.550000,82.560000,84.220000,3191100
272,2025-04-03,81.240000,81.950000,79.780000,79.910000,5262500
272,2025-04-04,77.040000,78.730000,72.930000,73.310000,6696700
272,2025-04-07,71.340000,76.310000,70.460000,74.090000,7460700
272,2025-04-08,76.960000,77.660000,72.130000,73.500000,4832700
272,2025-04-09,72.110000,80.160000,72.110000,79.350000,6400900
272,2025-04-10,77.630000,78.520000,74.630000,76.610000,5387200
272,2025-04-11,73.610000,78.670000,72.500000,77.670000,6804400
272,2025-04-14,78.020000,79.050000,76.930000,77.520000,4435300
272,2025-04-15,78.230000,79.060000,77.440000,77.770000,3813700
272,2025-04-16,77.680000,77.830000,75.210000,75.730000,5147300
272,2025-04-17,75.950000,77.500000,75.260000,76.340000,4318600
272,2025-04-21,75.390000,75.730000,73.550000,74.040000,2627400
272,2025-04-22,75.400000,76.710000,75.350000,76.310000,3789100
272,2025-04-23,77.910000,79.680000,77.480000,77.730000,3764100
272,2025-04-24,77.690000,79.220000,77.490000,78.720000,4897900
272,2025-04-25,78.710000,79.160000,78.170000,78.650000,2508000
272,2025-04-28,78.950000,79.500000,78.530000,78.910000,2995300
272,2025-04-29,78.750000,80.360000,78.560000,80.040000,3142200
272,2025-04-30,78.880000,80.600000,77.770000,80.410000,4856700
272,2025-05-01,80.010000,81.530000,79.720000,80.910000,3275800
272,2025-05-02,82.350000,83.310000,81.970000,82.140000,4335000
272,2025-05-05,81.470000,82.780000,81.190000,82.180000,2710500
272,2025-05-06,81.120000,83.550000,81.120000,82.910000,4368700
272,2025-05-07,82.910000,84.260000,82.910000,83.950000,4827900
272,2025-05-08,84.540000,86.190000,84.540000,85.500000,4467700
272,2025-05-09,86.000000,86.380000,85.690000,85.910000,3855200
272,2025-05-12,87.960000,88.550000,86.520000,87.100000,4648700
272,2025-05-13,87.250000,88.460000,86.970000,87.930000,3073800
272,2025-05-14,88.070000,88.230000,87.620000,87.940000,3006800
272,2025-05-15,87.880000,89.530000,87.770000,89.390000,3692100
272,2025-05-16,89.610000,90.500000,89.350000,90.070000,6290900
272,2025-05-19,89.640000,90.630000,89.000000,90.330000,3429300
272,2025-05-20,89.830000,90.420000,89.490000,90.100000,3286900
272,2025-05-21,89.650000,89.970000,88.830000,88.900000,6474700
272,2025-05-22,88.750000,89.650000,88.530000,89.180000,3695900
272,2025-05-23,88.170000,89.490000,87.880000,89.090000,2974000
272,2025-05-27,89.550000,90.270000,89.190000,90.230000,3793000
272,2025-05-28,90.060000,90.230000,88.740000,88.800000,3223500
272,2025-05-29,89.350000,89.870000,88.520000,89.070000,3767700
272,2025-05-30,88.800000,88.850000,87.960000,88.610000,6337700
272,2025-06-02,88.200000,89.010000,87.800000,88.980000,2449400
272,2025-06-03,88.780000,89.800000,88.440000,89.320000,3199500
272,2025-06-04,89.220000,89.660000,88.320000,88.330000,4026700
272,2025-06-05,88.590000,88.880000,88.130000,88.580000,3214300
272,2025-06-06,89.410000,90.390000,89.120000,90.320000,2263300
272,2025-06-09,90.310000,90.500000,89.700000,90.010000,2536000
272,2025-06-10,89.680000,90.460000,89.480000,90.000000,2745600
272,2025-06-11,89.840000,90.110000,89.280000,89.560000,3067400
272,2025-06-12,89.100000,89.710000,88.690000,89.710000,3002500
272,2025-06-13,88.730000,89.610000,88.190000,88.600000,3527800
272,2025-06-16,89.240000,90.560000,88.800000,90.490000,3941400
272,2025-06-17,90.040000,90.540000,89.170000,89.770000,3622100
272,2025-06-18,89.950000,92.080000,89.860000,91.600000,5008600
272,2025-06-20,92.120000,92.640000,91.520000,91.620000,6110600
272,2025-06-23,90.990000,90.990000,87.410000,89.630000,9338000
272,2025-06-24,90.390000,91.560000,90.220000,91.200000,3910800
272,2025-06-25,91.380000,91.420000,89.790000,90.000000,4496300
272,2025-06-26,90.210000,90.570000,89.750000,90.040000,4527800
272,2025-06-27,90.040000,91.770000,89.450000,91.180000,6279100
272,2025-06-30,91.680000,91.960000,90.350000,91.110000,5596500
272,2025-07-01,90.740000,91.110000,89.640000,90.650000,4343100
272,2025-07-02,90.940000,92.300000,90.580000,92.090000,4257200
272,2025-07-03,92.190000,92.850000,91.960000,92.430000,2408200
272,2025-07-07,92.670000,93.790000,92.470000,93.250000,4348200
272,2025-07-08,93.250000,93.550000,92.470000,92.690000,4319200
272,2025-07-09,93.430000,93.720000,92.820000,93.050000,3991500
272,2025-07-10,93.000000,93.930000,92.660000,93.660000,4661800
272,2025-07-11,93.110000,93.800000,92.670000,93.720000,4276900
272,2025-07-14,93.690000,95.360000,93.380000,95.250000,7011400
272,2025-07-15,93.700000,96.470000,93.460000,95.160000,8709100
272,2025-07-16,96.000000,96.000000,93.370000,95.490000,5438200
272,2025-07-17,95.340000,98.160000,95.130000,97.920000,5685900
272,2025-07-18,98.010000,99.040000,97.700000,98.840000,5658200
272,2025-07-21,98.700000,99.420000,98.010000,98.600000,3336900
272,2025-07-22,98.790000,99.230000,98.030000,98.900000,3237400
272,2025-07-23,99.500000,99.830000,98.370000,99.630000,3857500
272,2025-07-24,99.940000,101.030000,99.500000,99.970000,4245000
272,2025-07-25,99.440000,101.160000,98.770000,100.920000,4123300
272,2025-07-28,100.920000,100.970000,100.200000,100.630000,2331100
272,2025-07-29,101.370000,102.020000,100.890000,101.870000,3561400
272,2025-07-30,101.670000,103.160000,101.510000,102.300000,3188300
272,2025-07-31,102.030000,102.700000,101.100000,101.450000,4076100
272,2025-08-01,100.340000,100.560000,98.400000,99.810000,3665800
272,2025-08-04,100.460000,101.580000,100.240000,101.410000,2344400
272,2025-08-05,101.860000,102.000000,100.230000,100.660000,3630000
272,2025-08-06,101.010000,102.390000,100.660000,102.290000,3765000
272,2025-08-07,102.790000,103.410000,101.420000,102.210000,4098800
272,2025-08-08,102.810000,103.980000,102.370000,103.090000,3083300
272,2025-08-11,103.170000,103.740000,102.740000,103.270000,2812800
272,2025-08-12,103.650000,104.470000,103.360000,103.610000,2870400
272,2025-08-13,103.530000,104.080000,100.080000,101.910000,4605200
272,2025-08-14,103.950000,103.990000,102.160000,103.350000,2943100
272,2025-08-15,103.360000,103.510000,100.830000,101.000000,3736900
272,2025-08-18,100.910000,101.820000,100.830000,101.740000,2966100
272,2025-08-19,101.270000,102.130000,100.840000,101.080000,3206900
272,2025-08-20,100.790000,101.620000,99.670000,101.250000,2581300
272,2025-08-21,101.010000,101.910000,100.440000,101.780000,2454200
272,2025-08-22,102.150000,103.130000,101.910000,102.540000,3471600
272,2025-08-25,102.300000,103.670000,101.710000,103.120000,2467700
272,2025-08-26,102.890000,104.760000,102.550000,104.590000,3620600
272,2025-08-27,104.460000,105.510000,104.300000,105.030000,2384300
272,2025-08-28,105.020000,106.300000,104.710000,106.100000,2777700
272,2025-08-29,106.240000,106.570000,104.920000,105.600000,2933100
272,2025-09-02,104.540000,105.000000,103.340000,104.700000,3308400
272,2025-09-03,104.690000,105.030000,103.610000,104.680000,2258200
272,2025-09-04,105.110000,105.690000,104.780000,105.560000,2308600
272,2025-09-05,105.650000,106.060000,102.900000,103.690000,2780500
272,2025-09-08,103.840000,104.650000,103.490000,104.020000,3055200
272,2025-09-09,103.890000,106.180000,103.170000,104.770000,3918200
272,2025-09-10,104.510000,104.960000,102.630000,104.000000,2737400
272,2025-09-11,104.000000,106.330000,103.660000,105.600000,3697900
272,2025-09-12,105.160000,106.520000,105.050000,106.480000,2609400
272,2025-09-15,107.010000,107.010000,106.100000,106.420000,2523200
272,2025-09-16,106.440000,107.000000,104.770000,105.490000,2369300
272,2025-09-17,105.830000,107.210000,105.810000,107.010000,2935700
272,2025-09-18,107.140000,108.700000,106.810000,108.520000,2784200
272,2025-09-19,108.800000,109.210000,108.170000,108.710000,8770400
272,2025-09-22,107.950000,109.720000,107.270000,109.460000,2905300
272,2025-09-23,109.270000,110.870000,108.100000,108.660000,2282800
272,2025-09-24,109.180000,109.500000,107.820000,108.110000,2292800
272,2025-09-25,108.170000,109.470000,107.650000,109.080000,2961400
272,2025-09-26,109.270000,110.280000,108.880000,109.530000,2095300
272,2025-09-29,110.070000,110.160000,108.700000,109.750000,2457700
272,2025-09-30,109.330000,110.750000,108.070000,108.960000,3707000
272,2025-10-01,108.580000,109.080000,106.780000,106.830000,2586200
272,2025-10-02,107.070000,107.320000,105.780000,106.380000,3009100
272,2025-10-03,107.170000,107.560000,105.720000,106.600000,3613700
272,2025-10-06,106.810000,107.500000,105.370000,106.430000,2580600
272,2025-10-07,106.610000,107.190000,106.000000,106.930000,2395300
272,2025-10-08,107.500000,107.530000,105.430000,106.010000,3413300
272,2025-10-09,106.450000,107.390000,105.790000,106.820000,3180000
272,2025-10-10,107.170000,107.410000,104.370000,104.540000,3809800
272,2025-10-13,105.550000,106.710000,104.540000,106.300000,3045400
272,2025-10-14,105.780000,108.200000,105.510000,107.110000,4086800
272,2025-10-15,107.970000,109.240000,106.770000,108.930000,5545500
272,2025-10-16,107.700000,110.190000,106.030000,106.720000,6858700
272,2025-10-17,107.100000,107.100000,103.110000,105.980000,7925200
272,2025-10-20,106.520000,109.050000,106.520000,108.500000,3982200
272,2025-10-21,108.330000,108.670000,107.000000,107.000000,4875300
272,2025-10-22,107.140000,107.480000,105.360000,107.030000,3367900
272,2025-10-23,107.370000,107.370000,106.240000,106.680000,2720200
272,2025-10-24,107.250000,108.580000,107.250000,107.990000,2250600
272,2025-10-27,108.170000,108.450000,107.520000,107.580000,2324300
272,2025-10-28,107.980000,108.920000,107.480000,108.450000,3162300
272,2025-10-29,108.130000,108.460000,106.620000,107.050000,4258400
272,2025-10-30,106.730000,108.760000,106.480000,107.920000,2369700
272,2025-10-31,107.320000,108.280000,106.710000,107.930000,2770600
272,2025-11-03,108.020000,108.540000,106.870000,108.060000,3386800
272,2025-11-04,107.070000,108.570000,106.260000,108.000000,3738500
272,2025-11-05,108.180000,109.060000,107.290000,108.690000,2036500
272,2025-11-06,108.530000,109.040000,107.740000,108.420000,3254500
272,2025-11-07,108.060000,109.670000,107.360000,109.640000,3292800
272,2025-11-10,109.550000,111.460000,109.450000,110.960000,2547000
272,2025-11-11,110.900000,111.940000,110.870000,111.250000,2088600
272,2025-11-12,111.820000,113.740000,111.610000,112.640000,3090500
272,2025-11-13,112.250000,112.860000,110.750000,111.040000,2830400
272,2025-11-14,110.620000,112.010000,109.500000,110.480000,4468100
272,2025-11-17,110.460000,110.730000,106.700000,106.770000,3547600
272,2025-11-18,106.500000,108.130000,105.850000,107.500000,3766500
272,2025-11-19,107.280000,108.140000,106.860000,107.510000,3242900
272,2025-11-20,108.790000,109.620000,106.220000,106.460000,2565900
272,2025-11-21,106.950000,107.620000,105.420000,106.430000,4199000
272,2025-11-24,106.600000,108.200000,105.490000,108.070000,5511400
272,2025-11-25,108.450000,109.300000,107.410000,109.130000,3155600
272,2025-11-26,109.600000,112.020000,109.270000,111.390000,3075100
272,2025-11-28,112.060000,112.730000,111.450000,112.100000,1724000
272,2025-12-01,111.770000,112.640000,111.430000,111.810000,2886900
272,2025-12-02,112.230000,113.030000,111.810000,112.080000,2962700
272,2025-12-03,112.100000,113.770000,112.000000,113.090000,2596200
272,2025-12-04,113.210000,114.430000,113.210000,113.950000,2561100
272,2025-12-05,113.410000,114.960000,113.400000,114.020000,2631600
272,2025-12-08,114.390000,114.990000,113.780000,114.440000,3061700
272,2025-12-09,114.550000,117.290000,114.520000,115.930000,3826300
272,2025-12-10,116.160000,118.880000,114.700000,118.380000,5254900
272,2025-12-11,117.850000,119.400000,117.580000,118.680000,4791200
272,2025-12-12,118.970000,119.180000,116.750000,117.030000,3422500
272,2025-12-15,117.560000,118.020000,116.500000,116.960000,3550600
272,2025-12-16,117.030000,117.060000,114.080000,114.350000,5193800
272,2025-12-17,114.350000,115.440000,113.450000,113.560000,3765900
272,2025-12-18,114.350000,115.310000,113.910000,114.450000,2875100
272,2025-12-19,114.580000,116.090000,114.580000,115.840000,8474300
272,2025-12-22,116.390000,117.590000,116.040000,117.260000,3826600
272,2025-12-23,117.200000,118.130000,116.960000,117.220000,2656800
272,2025-12-24,117.330000,118.430000,117.020000,118.220000,1424000
272,2025-12-26,118.020000,118.360000,117.280000,117.470000,1534200
272,2025-12-29,117.610000,118.000000,117.040000,117.470000,2694200
272,2025-12-30,117.690000,117.690000,116.580000,116.870000,2206500
272,2025-12-31,117.000000,117.100000,116.040000,116.090000,1913700
272,2026-01-02,116.010000,117.060000,115.310000,117.040000,3174300
272,2026-01-05,117.500000,122.360000,117.150000,121.040000,6010300
272,2026-01-06,122.010000,122.040000,119.860000,121.310000,3607500
272,2026-01-07,121.620000,122.110000,120.180000,120.450000,2820600
272,2026-01-08,120.320000,121.280000,119.410000,120.050000,2869900
272,2026-01-09,119.730000,120.780000,119.020000,119.040000,3002500
272,2026-01-12,119.050000,120.700000,118.500000,120.660000,3794100
272,2026-01-13,121.260000,123.010000,119.880000,122.930000,7293700
272,2026-01-14,122.890000,124.930000,122.670000,124.590000,6128400
272,2026-01-15,125.230000,125.890000,123.080000,123.970000,3698400
272,2026-01-16,123.780000,124.350000,121.270000,121.330000,4721000
272,2026-01-20,119.840000,121.780000,119.400000,120.680000,5028400
272,2026-01-21,121.000000,121.820000,119.180000,119.760000,4291600
272,2026-01-22,120.720000,121.470000,119.950000,120.180000,3436300
272,2026-01-23,119.150000,119.520000,117.350000,117.610000,3861800
272,2026-01-26,118.140000,119.180000,117.680000,119.020000,3103700
272,2026-01-27,119.250000,119.820000,118.570000,118.870000,2659900
272,2026-01-28,118.950000,119.150000,117.960000,118.900000,2455500
272,2026-01-29,119.740000,121.580000,118.840000,121.490000,3901800
272,2026-01-30,120.100000,120.570000,119.100000,119.920000,3059600
272,2026-02-02,119.900000,121.800000,119.850000,121.610000,3056800
272,2026-02-03,122.090000,122.600000,117.830000,119.320000,3419200
272,2026-02-04,119.530000,122.030000,118.860000,121.320000,4160300
272,2026-02-05,120.350000,121.390000,119.300000,120.510000,3224100
272,2026-02-06,122.060000,124.460000,122.060000,124.320000,3904400
272,2026-02-09,124.230000,128.000000,123.790000,127.610000,3614600
272,2026-02-10,127.410000,128.760000,123.460000,126.450000,5230500
272,2026-02-11,126.900000,127.830000,121.640000,121.700000,5801100
272,2026-02-12,122.170000,123.110000,113.460000,114.910000,6563300
272,2026-02-13,114.150000,117.840000,112.830000,117.740000,3676400
272,2026-02-17,118.000000,120.200000,118.000000,118.800000,2960700
272,2026-02-18,119.060000,120.540000,118.670000,119.490000,4359600
272,2026-02-19,118.520000,119.130000,116.550000,118.160000,2212000
272,2026-02-20,118.120000,119.210000,117.140000,118.190000,3453100
272,2026-02-23,117.680000,119.000000,114.120000,115.540000,3464400
272,2026-02-24,114.920000,117.440000,114.110000,116.550000,4149100
272,2026-02-25,118.000000,120.460000,117.000000,120.310000,4018300
272,2026-02-26,120.520000,123.140000,120.520000,121.610000,3565500
272,2026-02-27,119.720000,121.860000,116.760000,119.100000,5822400
272,2026-03-02,117.010000,120.410000,116.610000,119.470000,2645100
272,2026-03-03,117.000000,118.950000,115.100000,117.950000,2779200
272,2026-03-04,118.830000,119.180000,117.620000,118.390000,2425700
272,2026-03-05,117.780000,118.270000,115.300000,116.710000,3193900
272,2026-03-06,114.970000,115.290000,112.150000,115.230000,2923000
272,2026-03-09,113.150000,115.700000,111.710000,115.100000,3556200
272,2026-03-10,115.380000,117.150000,114.210000,115.420000,2458500
272,2026-03-11,115.000000,117.220000,114.060000,117.120000,3011200
272,2026-03-12,115.280000,117.240000,114.580000,117.120000,4330600
272,2026-03-13,117.720000,118.050000,115.370000,116.170000,2984200
272,2026-03-16,117.120000,118.050000,115.220000,115.380000,3435200
272,2026-03-17,116.660000,117.800000,115.570000,116.120000,2075600
272,2026-03-18,115.580000,117.070000,114.450000,114.660000,2918800
272,2026-03-19,113.660000,115.550000,112.940000,114.900000,3742900
272,2026-03-20,114.850000,115.370000,113.760000,114.940000,7450600
272,2026-03-23,116.940000,117.360000,115.150000,116.360000,3818400
272,2026-03-24,115.900000,118.900000,115.160000,117.900000,3787600
272,2026-03-25,118.910000,119.670000,116.950000,117.990000,3726400
272,2026-03-26,117.390000,118.120000,116.120000,116.650000,2620000
272,2026-03-27,115.370000,116.470000,114.300000,114.660000,2148500
272,2026-03-30,115.710000,116.100000,114.400000,115.180000,4892400
272,2026-03-31,116.580000,118.950000,115.400000,118.630000,4916800
272,2026-04-01,120.330000,121.910000,119.670000,120.970000,3854300
272,2026-04-02,119.030000,122.430000,118.580000,122.130000,3248600
272,2026-04-06,122.180000,124.140000,122.170000,123.630000,3307800
272,2026-04-07,123.180000,125.250000,122.970000,124.620000,3668500
272,2026-04-08,126.270000,128.390000,126.180000,127.940000,4289000
272,2026-04-09,127.550000,128.720000,127.110000,128.580000,3036200
272,2026-04-10,128.570000,128.650000,126.900000,127.560000,2893400
272,2026-04-13,126.750000,129.220000,126.420000,129.150000,3574200
272,2026-04-14,129.560000,130.590000,128.480000,130.510000,3802700
272,2026-04-15,131.100000,132.350000,130.030000,131.960000,4235100
272,2026-04-16,134.680000,135.800000,132.120000,134.840000,7183400
272,2026-04-17,135.960000,137.540000,134.840000,135.100000,6833000
272,2026-04-20,134.760000,136.770000,134.560000,135.370000,3847500
272,2026-04-21,136.110000,139.150000,135.320000,137.920000,4530300
272,2026-04-22,138.530000,138.640000,135.480000,135.880000,3351200
272,2026-04-23,135.670000,136.989900,133.730000,135.420000,2938797
272,2026-04-24,135.420000,135.565000,133.995000,134.050000,2790284
272,2026-04-27,133.340000,134.910000,133.340000,134.470000,3965521
272,2026-04-28,134.880000,135.910000,133.470000,133.540000,2886700
272,2026-04-29,133.620000,134.170000,130.900000,132.270000,3495032
272,2026-04-30,132.020000,135.480000,131.475000,134.370000,6068060
272,2026-05-01,134.770000,135.940000,133.720000,133.780000,2600750
272,2026-05-04,133.340000,133.430000,131.170000,131.880000,2600470
272,2026-05-05,132.030000,133.350000,131.500000,132.360000,3435978
272,2026-05-06,132.470000,134.355000,132.090000,133.640000,4044716
272,2026-05-07,133.450000,134.700000,130.440000,130.690000,3942758
272,2026-05-08,131.340000,131.615000,130.160000,130.500000,3881608
272,2026-05-11,130.460000,132.550000,130.230000,132.490000,3606133
272,2026-05-12,132.150000,134.080000,131.000000,133.440000,2924212
272,2026-05-13,132.390000,136.270000,132.200000,134.990000,4098112
272,2026-05-14,135.770000,136.360000,134.740000,135.980000,2874000
272,2026-05-15,134.610000,137.785000,134.222600,135.020000,4156188
272,2026-05-18,135.070000,137.160000,134.390000,136.580000,2512437
272,2026-05-19,135.930000,137.810000,134.750000,136.320000,3373782
272,2026-05-20,136.910000,138.625000,135.700000,137.160000,3073291
272,2026-05-21,136.460000,139.570000,135.220000,138.980000,3011320
272,2026-05-22,139.590000,140.780000,139.110000,139.150000,3574022
272,2026-05-26,139.570000,141.650000,139.475000,141.050000,3982011
272,2026-05-27,140.760000,141.000000,138.125000,139.740000,4052085
272,2026-05-28,139.250000,141.110000,138.010000,140.560000,3004739
272,2026-05-29,141.120000,141.190000,138.880000,139.430000,6500396
272,2026-06-01,138.600000,143.250000,137.500000,142.590000,3270121
272,2026-06-02,142.070000,143.945000,140.231000,141.280000,3821440
272,2026-06-03,140.770000,141.720000,138.560000,140.570000,3519645
272,2026-06-04,141.010000,144.980000,140.310000,144.020000,3626929
272,2026-06-05,144.140000,144.840000,142.085000,142.390000,2996318
272,2026-06-08,142.990000,144.040000,141.740000,141.780000,3197592
272,2026-06-09,143.100000,143.966400,140.760000,143.250000,3498475
272,2026-06-10,143.215000,144.003600,139.680000,139.750000,3787693
272,2026-06-11,140.110000,143.295000,140.070000,142.090000,3146750
272,2026-06-12,143.630000,145.020000,142.650000,143.980000,2347563
272,2026-06-15,146.000000,146.449900,142.350000,142.500000,2521202
272,2026-06-16,143.970000,145.250000,142.050000,144.450000,3118777
272,2026-06-17,144.570000,146.740000,144.110000,146.070000,3213172
272,2026-06-18,147.660000,148.130000,142.680000,143.630000,7107014
272,2026-06-22,145.030000,146.570000,144.665000,146.440000,3822450
272,2026-06-23,146.720000,148.500000,145.300000,147.290000,4830815
272,2026-06-24,146.620000,147.840000,143.510000,143.560000,4603534
272,2026-06-25,145.700000,148.050000,144.370000,145.430000,2757147
272,2026-06-26,146.250000,146.250000,141.780000,143.560000,15860556
272,2026-06-29,144.490000,146.260000,143.501000,143.800000,2536487
272,2026-06-30,144.570000,145.850000,143.500000,144.610000,3966228
272,2026-07-01,144.750000,147.450000,144.190000,146.020000,2899253
272,2026-07-02,147.410000,148.000000,145.160000,146.620000,2622878
272,2026-07-10,153.020000,153.080000,150.970000,151.920000,2333642
