alert_id,stock_id,ticker,detector,signal_date,tone,trigger_price,triggered_at,archived_at,read_at,originaria_id,snapshot,esito_horizon_days,esito_entry_close,esito_forward_close,esito_fwd_return,esito_abs_hit,esito_mkt_neutral_hit,esito_mkt_neutral_excess,esito_matured_at
19634,77,TIT.MI,candle_reversal,2026-08-25,bull,7.5530,2026-09-02 09:49:36.368533+00:00,2026-09-02 09:53:52.591996+00:00,,19020,"{""tone"": ""bull"", ""strength"": 60, ""probability"": 49, ""chain"": [{""date"": ""2026-08-25"", ""label"": ""Candela di inversione bull"", ""detail"": ""pattern Engulfing""}, {""date"": ""2026-08-25"", ""label"": ""A supporto"", ""detail"": ""prezzo 7.55 al livello 7.65""}], ""factors"": {""candle_strength"": 0.5999999999999943, ""at_level"": 1.0}, ""invalidation"": {""level"": 7.647, ""reason"": ""rottura del supporto""}, ""sources"": [""Nison - candlestick reversals confirmed at support/resistance""], ""annotations"": {""levels"": [{""label"": ""Supporto"", ""price"": 7.647, ""kind"": ""support""}, {""label"": ""Stop / invalidazione"", ""price"": 7.647, ""kind"": ""stop""}], ""points"": []}, ""atr"": 0.11488334669653229, ""horizon"": ""short"", ""regime_at_fire"": ""bull"", ""first_emitted_at"": ""2026-09-02T09:38:57.478592+00:00"", ""amended_at"": ""2026-09-02T09:49:36.365242+00:00"", ""amend_count"": 2}",5,7.71,7.553,-0.020363164721141414,0,0,-0.002455824185400801,2026-09-02 09:53:36.823224+00:00
19529,429,HAS,candle_reversal,2026-08-24,bull,94.1000,2026-09-01 18:32:48.813761+00:00,2026-09-01 18:38:22.150009+00:00,,19253,"{""tone"": ""bull"", ""strength"": 60, ""probability"": 49, ""chain"": [{""date"": ""2026-08-20"", ""label"": ""Higher-low confermato"", ""detail"": ""struttura a conferma della continuazione"", ""kind"": ""confirmation""}, {""date"": ""2026-08-24"", ""label"": ""Candela di inversione bull"", ""detail"": ""pattern Engulfing""}, {""date"": ""2026-08-24"", ""label"": ""A supporto"", ""detail"": ""prezzo 94.10 al livello 92.01""}, {""date"": ""2026-08-28"", ""label"": ""Trend ADX in rafforzamento"", ""detail"": ""ADX conferma la forza del trend"", ""kind"": ""confirmation""}], ""factors"": {""candle_strength"": 0.5975819131038447, ""at_level"": 1.0, ""confirmation_count"": 0.6666666666666666}, ""invalidation"": {""level"": 92.010002, ""reason"": ""rottura del supporto""}, ""sources"": [""Nison - candlestick reversals confirmed at support/resistance""], ""annotations"": {""levels"": [{""label"": ""Supporto"", ""price"": 92.010002, ""kind"": ""support""}, {""label"": ""Stop / invalidazione"", ""price"": 92.010002, ""kind"": ""stop""}], ""points"": []}, ""atr"": 2.2465101336767965, ""horizon"": ""short"", ""regime_at_fire"": ""bull"", ""first_emitted_at"": ""2026-09-01T18:32:49.001613+00:00""}",5,95.410004,94.099998,-0.013730279269247303,0,0,-0.002905920207897761,2026-09-01 18:38:07.013108+00:00
19530,577,Q,candle_reversal,2026-08-24,bull,119.4300,2026-09-01 18:33:18.243675+00:00,2026-09-01 18:38:22.150009+00:00,,18968,"{""tone"": ""bull"", ""strength"": 69, ""probability"": 49, ""chain"": [{""date"": ""2026-08-20"", ""label"": ""Volume sulla salita"", ""detail"": ""volume sopra la media nel verso del segnale"", ""kind"": ""confirmation""}, {""date"": ""2026-08-24"", ""label"": ""Candela di inversione bull"", ""detail"": ""pattern Hammer""}, {""date"": ""2026-08-24"", ""label"": ""A supporto"", ""detail"": ""prezzo 119.43 al livello 122.67""}], ""factors"": {""candle_strength"": 0.687327007368902, ""at_level"": 1.0, ""confirmation_count"": 0.3333333333333333}, ""invalidation"": {""level"": 122.669998, ""reason"": ""rottura del supporto""}, ""sources"": [""Nison - candlestick reversals confirmed at support/resistance""], ""annotations"": {""levels"": [{""label"": ""Supporto"", ""price"": 122.669998, ""kind"": ""support""}, {""label"": ""Stop / invalidazione"", ""price"": 122.669998, ""kind"": ""stop""}], ""points"": []}, ""atr"": 6.30320539498496, ""horizon"": ""short"", ""regime_at_fire"": ""bear"", ""first_emitted_at"": ""2026-09-01T18:33:18.973508+00:00""}",5,126.239998,119.43,-0.05394485193195264,0,0,-0.0431204928706031,2026-09-01 18:38:07.013108+00:00
19653,588,HOOD,candle_reversal,2026-08-25,bull,103.5100,2026-09-02 09:51:25.775681+00:00,2026-09-02 09:53:52.591996+00:00,,19070,"{""tone"": ""bull"", ""strength"": 80, ""probability"": 49, ""chain"": [{""date"": ""2026-08-18"", ""label"": ""Higher-low confermato"", ""detail"": ""struttura a conferma della continuazione"", ""kind"": ""confirmation""}, {""date"": ""2026-08-21"", ""label"": ""Volume sulla salita"", ""detail"": ""volume sopra la media nel verso del segnale"", ""kind"": ""confirmation""}, {""date"": ""2026-08-25"", ""label"": ""Candela di inversione bull"", ""detail"": ""pattern Engulfing""}, {""date"": ""2026-08-25"", ""label"": ""A supporto"", ""detail"": ""prezzo 103.51 al livello 104.45""}, {""date"": ""2026-08-31"", ""label"": ""Rifiuto su EMA50"", ""detail"": ""ritorno alla media e rifiuto nel verso del trend"", ""kind"": ""confirmation""}], ""factors"": {""candle_strength"": 0.7960286503805103, ""at_level"": 1.0, ""confirmation_count"": 1.0}, ""invalidation"": {""level"": 104.45, ""reason"": ""rottura del supporto""}, ""sources"": [""Nison - candlestick reversals confirmed at support/resistance""], ""annotations"": {""levels"": [{""label"": ""Supporto"", ""price"": 104.45, ""kind"": ""support""}, {""label"": ""Stop / invalidazione"", ""price"": 104.45, ""kind"": ""stop""}], ""points"": []}, ""atr"": 5.889679459608045, ""horizon"": ""short"", ""regime_at_fire"": ""bull"", ""first_emitted_at"": ""2026-09-02T09:40:48.933260+00:00"", ""amended_at"": ""2026-09-02T09:51:25.772561+00:00"", ""amend_count"": 1}",5,112.089996,103.510002,-0.07654558217666452,0,0,-0.058638241640923905,2026-09-02 09:53:36.823224+00:00
19638,128,CS.PA,candle_reversal,2026-08-25,bear,43.7100,2026-09-02 09:49:59.882665+00:00,2026-09-02 09:53:52.591996+00:00,,19032,"{""tone"": ""bear"", ""strength"": 65, ""probability"": 49, ""chain"": [{""date"": ""2026-08-25"", ""label"": ""Candela di inversione bear"", ""detail"": ""pattern Engulfing""}, {""date"": ""2026-08-25"", ""label"": ""A resistenza"", ""detail"": ""prezzo 43.71 al livello 44.54""}, {""date"": ""2026-08-31"", ""label"": ""Rifiuto su EMA50"", ""detail"": ""ritorno alla media e rifiuto nel verso del trend"", ""kind"": ""confirmation""}, {""date"": ""2026-08-31"", ""label"": ""Volume sulla discesa"", ""detail"": ""volume sopra la media nel verso del segnale"", ""kind"": ""confirmation""}], ""factors"": {""candle_strength"": 0.6486297241502919, ""at_level"": 1.0, ""confirmation_count"": 0.6666666666666666}, ""invalidation"": {""level"": 44.54, ""reason"": ""rottura del resistenza""}, ""sources"": [""Nison - candlestick reversals confirmed at support/resistance""], ""annotations"": {""levels"": [{""label"": ""Resistenza"", ""price"": 44.54, ""kind"": ""resistance""}, {""label"": ""Stop / invalidazione"", ""price"": 44.54, ""kind"": ""stop""}], ""points"": []}, ""atr"": 0.6711619253289837, ""horizon"": ""short"", ""regime_at_fire"": ""bull"", ""first_emitted_at"": ""2026-09-02T09:39:20.512282+00:00"", ""amended_at"": ""2026-09-02T09:49:59.878746+00:00"", ""amend_count"": 2}",5,43.68,43.709999,0.0006867902930403069,0,0,-0.01859413082878092,2026-09-02 09:53:36.823224+00:00
19644,341,CVS,candle_reversal,2026-08-25,bear,97.6000,2026-09-02 09:50:26.179358+00:00,2026-09-02 09:53:52.591996+00:00,,19553,"{""tone"": ""bear"", ""strength"": 68, ""probability"": 49, ""chain"": [{""date"": ""2026-08-25"", ""label"": ""Candela di inversione bear"", ""detail"": ""pattern Engulfing""}, {""date"": ""2026-08-25"", ""label"": ""A resistenza"", ""detail"": ""prezzo 97.60 al livello 97.51""}, {""date"": ""2026-08-31"", ""label"": ""Trend ADX in rafforzamento"", ""detail"": ""ADX conferma la forza del trend"", ""kind"": ""confirmation""}], ""factors"": {""candle_strength"": 0.6785675306178072, ""at_level"": 1.0, ""confirmation_count"": 0.3333333333333333}, ""invalidation"": {""level"": 97.510002, ""reason"": ""rottura del resistenza""}, ""sources"": [""Nison - candlestick reversals confirmed at support/resistance""], ""annotations"": {""levels"": [{""label"": ""Resistenza"", ""price"": 97.510002, ""kind"": ""resistance""}, {""label"": ""Stop / invalidazione"", ""price"": 97.510002, ""kind"": ""stop""}], ""points"": []}, ""atr"": 2.3129922999358334, ""horizon"": ""short"", ""regime_at_fire"": ""bull"", ""first_emitted_at"": ""2026-09-02T09:39:44.799015+00:00"", ""amended_at"": ""2026-09-02T09:50:26.177367+00:00"", ""amend_count"": 2}",5,92.900002,97.599998,0.050591990299418965,0,0,-0.06849933083515958,2026-09-02 09:53:36.823224+00:00
19670,1583,DKS,gap_and_go,2026-08-25,bear,132.9500,2026-09-02 09:53:02.411753+00:00,2026-09-02 09:53:52.591996+00:00,,19098,"{""tone"": ""bear"", ""strength"": 99, ""probability"": 50, ""chain"": [{""date"": ""2026-08-18"", ""label"": ""MACD cross ribassista"", ""detail"": ""incrocio MACD nel verso del segnale"", ""kind"": ""confirmation""}, {""date"": ""2026-08-24"", ""label"": ""Candela di rifiuto"", ""detail"": ""pattern engulfing"", ""kind"": ""confirmation""}, {""date"": ""2026-08-25"", ""label"": ""Gap bear"", ""detail"": ""apertura in gap del -20.6%""}, {""date"": ""2026-08-25"", ""label"": ""Conferma volume"", ""detail"": ""22.1x la media: gap partecipato""}, {""date"": ""2026-09-01"", ""label"": ""Trend ADX in rafforzamento"", ""detail"": ""ADX conferma la forza del trend"", ""kind"": ""confirmation""}], ""factors"": {""gap_size"": 0.9741282176087965, ""volume_strength"": 1.0, ""trend_alignment"": 1.0, ""confirmation_count"": 1.0}, ""invalidation"": null, ""sources"": [""Gap taxonomy (breakaway vs exhaustion) + volume confirmation""], ""annotations"": {""levels"": [], ""points"": []}, ""atr"": 9.220974913504417, ""horizon"": ""short"", ""regime_at_fire"": ""bear"", ""first_emitted_at"": ""2026-09-02T09:53:02.802923+00:00""}",5,124.309998,132.949997,0.06950365327815389,0,0,-0.0874109938138945,2026-09-02 09:53:36.823224+00:00
20065,113,IBE.MC,candle_reversal,2026-08-31,bear,19.8300,2026-09-07 23:32:29.048833+00:00,2026-09-08 08:53:33.034142+00:00,,19411,"{""tone"": ""bear"", ""strength"": 87, ""probability"": 49, ""chain"": [{""date"": ""2026-08-28"", ""label"": ""Lower-high confermato"", ""detail"": ""struttura a conferma della continuazione"", ""kind"": ""confirmation""}, {""date"": ""2026-08-31"", ""label"": ""Candela di inversione bear"", ""detail"": ""pattern Engulfing""}, {""date"": ""2026-08-31"", ""label"": ""A resistenza"", ""detail"": ""prezzo 19.83 al livello 20.05""}, {""date"": ""2026-09-01"", ""label"": ""MACD cross ribassista"", ""detail"": ""incrocio MACD nel verso del segnale"", ""kind"": ""confirmation""}, {""date"": ""2026-09-07"", ""label"": ""Trend ADX in rafforzamento"", ""detail"": ""ADX conferma la forza del trend"", ""kind"": ""confirmation""}], ""factors"": {""candle_strength"": 0.872463358536328, ""at_level"": 1.0, ""confirmation_count"": 1.0}, ""invalidation"": {""level"": 20.05, ""reason"": ""rottura del resistenza""}, ""sources"": [""Nison - candlestick reversals confirmed at support/resistance""], ""annotations"": {""levels"": [{""label"": ""Resistenza"", ""price"": 20.05, ""kind"": ""resistance""}, {""label"": ""Stop / invalidazione"", ""price"": 20.05, ""kind"": ""stop""}], ""points"": []}, ""atr"": 0.26543709072009347, ""horizon"": ""short"", ""regime_at_fire"": ""bull"", ""first_emitted_at"": ""2026-09-07T23:32:30.000971+00:00""}",5,20.08,19.83,-0.01245019920318724,1,1,0.004993628425286001,2026-09-07 23:40:39.446313+00:00
19146,342,DHR,candle_reversal,2026-08-18,bear,215.9700,2026-08-26 18:33:36.146864+00:00,2026-08-26 18:39:59.778321+00:00,,18580,"{""tone"": ""bear"", ""strength"": 81, ""probability"": 49, ""chain"": [{""date"": ""2026-08-18"", ""label"": ""Candela di inversione bear"", ""detail"": ""pattern Engulfing""}, {""date"": ""2026-08-18"", ""label"": ""A resistenza"", ""detail"": ""prezzo 215.97 al livello 214.01""}, {""date"": ""2026-08-18"", ""label"": ""MACD cross ribassista"", ""detail"": ""incrocio MACD nel verso del segnale"", ""kind"": ""confirmation""}], ""factors"": {""candle_strength"": 0.806684084421251, ""at_level"": 1.0, ""confirmation_count"": 0.3333333333333333}, ""invalidation"": {""level"": 214.01, ""reason"": ""rottura del resistenza""}, ""sources"": [""Nison - candlestick reversals confirmed at support/resistance""], ""annotations"": {""levels"": [{""label"": ""Resistenza"", ""price"": 214.01, ""kind"": ""resistance""}, {""label"": ""Stop / invalidazione"", ""price"": 214.01, ""kind"": ""stop""}], ""points"": []}, ""atr"": 6.652850485848224, ""horizon"": ""short"", ""regime_at_fire"": ""bull"", ""first_emitted_at"": ""2026-08-26T18:33:36.323292+00:00""}",5,199.580002,215.970001,0.08212245132656126,0,0,-0.07399955116624446,2026-08-26 18:39:45.130389+00:00
19147,607,SNA,candle_reversal,2026-08-18,bear,394.5600,2026-08-26 18:34:22.508198+00:00,2026-08-26 18:39:59.778321+00:00,,18600,"{""tone"": ""bear"", ""strength"": 86, ""probability"": 49, ""chain"": [{""date"": ""2026-08-18"", ""label"": ""Candela di inversione bear"", ""detail"": ""pattern Engulfing""}, {""date"": ""2026-08-18"", ""label"": ""A resistenza"", ""detail"": ""prezzo 394.56 al livello 393.94""}, {""date"": ""2026-08-25"", ""label"": ""Rifiuto su EMA50"", ""detail"": ""ritorno alla media e rifiuto nel verso del trend"", ""kind"": ""confirmation""}], ""factors"": {""candle_strength"": 0.858015331764605, ""at_level"": 1.0, ""confirmation_count"": 0.3333333333333333}, ""invalidation"": {""level"": 393.94, ""reason"": ""rottura del resistenza""}, ""sources"": [""Nison - candlestick reversals confirmed at support/resistance""], ""annotations"": {""levels"": [{""label"": ""Resistenza"", ""price"": 393.94, ""kind"": ""resistance""}, {""label"": ""Stop / invalidazione"", ""price"": 393.94, ""kind"": ""stop""}], ""points"": []}, ""atr"": 7.2165326434931165, ""horizon"": ""short"", ""regime_at_fire"": ""bull"", ""first_emitted_at"": ""2026-08-26T18:34:22.869242+00:00""}",5,395.709991,394.559998,-0.002906151035241389,1,1,0.0110290511955582,2026-08-26 18:39:45.130389+00:00
19149,1535,RGTI,candle_reversal,2026-08-18,bear,16.9400,2026-08-26 18:36:08.953659+00:00,2026-08-26 18:39:59.778321+00:00,,18625,"{""tone"": ""bear"", ""strength"": 61, ""probability"": 49, ""chain"": [{""date"": ""2026-08-13"", ""label"": ""Lower-high confermato"", ""detail"": ""struttura a conferma della continuazione"", ""kind"": ""confirmation""}, {""date"": ""2026-08-18"", ""label"": ""Candela di inversione bear"", ""detail"": ""pattern Shooting star""}, {""date"": ""2026-08-18"", ""label"": ""A resistenza"", ""detail"": ""prezzo 16.94 al livello 17.27""}, {""date"": ""2026-08-20"", ""label"": ""Rifiuto su EMA50"", ""detail"": ""ritorno alla media e rifiuto nel verso del trend"", ""kind"": ""confirmation""}, {""date"": ""2026-08-24"", ""label"": ""MACD cross ribassista"", ""detail"": ""incrocio MACD nel verso del segnale"", ""kind"": ""confirmation""}], ""factors"": {""candle_strength"": 0.6091946188340809, ""at_level"": 1.0, ""confirmation_count"": 1.0}, ""invalidation"": {""level"": 17.268, ""reason"": ""rottura del resistenza""}, ""sources"": [""Nison - candlestick reversals confirmed at support/resistance""], ""annotations"": {""levels"": [{""label"": ""Resistenza"", ""price"": 17.268, ""kind"": ""resistance""}, {""label"": ""Stop / invalidazione"", ""price"": 17.268, ""kind"": ""stop""}], ""points"": []}, ""atr"": 1.242446500634107, ""horizon"": ""short"", ""regime_at_fire"": ""bear"", ""first_emitted_at"": ""2026-08-26T18:36:09.323103+00:00""}",5,17.709999,16.940001,-0.04347815039402325,1,1,0.05160105055434006,2026-08-26 18:39:45.130389+00:00
19148,1463,BIDU,gap_and_go,2026-08-18,bear,93.4300,2026-08-26 18:35:21.131394+00:00,2026-08-26 18:39:59.778321+00:00,,18615,"{""tone"": ""bear"", ""strength"": 87, ""probability"": 50, ""chain"": [{""date"": ""2026-08-13"", ""label"": ""MACD cross ribassista"", ""detail"": ""incrocio MACD nel verso del segnale"", ""kind"": ""confirmation""}, {""date"": ""2026-08-14"", ""label"": ""Candela di rifiuto"", ""detail"": ""pattern evening_star"", ""kind"": ""confirmation""}, {""date"": ""2026-08-18"", ""label"": ""Gap bear"", ""detail"": ""apertura in gap del -9.4%""}, {""date"": ""2026-08-18"", ""label"": ""Conferma volume"", ""detail"": ""8.1x la media: gap partecipato""}], ""factors"": {""gap_size"": 0.8868092741707851, ""volume_strength"": 0.7735934350185724, ""trend_alignment"": 1.0, ""confirmation_count"": 0.6666666666666666}, ""invalidation"": null, ""sources"": [""Gap taxonomy (breakaway vs exhaustion) + volume confirmation""], ""annotations"": {""levels"": [], ""points"": []}, ""atr"": 3.5364313867390944, ""horizon"": ""short"", ""regime_at_fire"": ""bear"", ""first_emitted_at"": ""2026-08-26T18:35:21.774385+00:00""}",5,90.870003,93.43,0.02817208006474936,0,0,-0.02004917990443255,2026-08-26 18:39:45.130389+00:00
19537,77,TIT.MI,candle_reversal,2026-08-25,bull,7.5530,2026-09-01 23:31:49.631098+00:00,2026-09-02 09:33:19.613882+00:00,,19020,"{""tone"": ""bull"", ""strength"": 60, ""probability"": 49, ""chain"": [{""date"": ""2026-08-25"", ""label"": ""Candela di inversione bull"", ""detail"": ""pattern Engulfing""}, {""date"": ""2026-08-25"", ""label"": ""A supporto"", ""detail"": ""prezzo 7.55 al livello 7.65""}], ""factors"": {""candle_strength"": 0.5999999999999943, ""at_level"": 1.0}, ""invalidation"": {""level"": 7.647, ""reason"": ""rottura del supporto""}, ""sources"": [""Nison - candlestick reversals confirmed at support/resistance""], ""annotations"": {""levels"": [{""label"": ""Supporto"", ""price"": 7.647, ""kind"": ""support""}, {""label"": ""Stop / invalidazione"", ""price"": 7.647, ""kind"": ""stop""}], ""points"": []}, ""atr"": 0.11488334669653229, ""horizon"": ""short"", ""regime_at_fire"": ""bull"", ""first_emitted_at"": ""2026-09-01T23:31:49.818761+00:00""}",5,7.71,7.553,-0.020363164721141414,0,0,-0.002455824185400801,2026-09-01 23:44:42.595753+00:00
19332,586,RMD,candle_reversal,2026-08-20,bear,235.7600,2026-08-28 18:33:15.569359+00:00,2026-08-28 18:44:40.285890+00:00,,18813,"{""tone"": ""bear"", ""strength"": 67, ""probability"": 49, ""chain"": [{""date"": ""2026-08-17"", ""label"": ""Rifiuto su EMA200"", ""detail"": ""ritorno alla media e rifiuto nel verso del trend"", ""kind"": ""confirmation""}, {""date"": ""2026-08-20"", ""label"": ""Candela di inversione bear"", ""detail"": ""pattern Shooting star""}, {""date"": ""2026-08-20"", ""label"": ""A resistenza"", ""detail"": ""prezzo 235.76 al livello 234.91""}], ""factors"": {""candle_strength"": 0.6680069414316727, ""at_level"": 1.0, ""confirmation_count"": 0.3333333333333333}, ""invalidation"": {""level"": 234.91, ""reason"": ""rottura del resistenza""}, ""sources"": [""Nison - candlestick reversals confirmed at support/resistance""], ""annotations"": {""levels"": [{""label"": ""Resistenza"", ""price"": 234.91, ""kind"": ""resistance""}, {""label"": ""Stop / invalidazione"", ""price"": 234.91, ""kind"": ""stop""}], ""points"": []}, ""atr"": 6.696209918187557, ""horizon"": ""short"", ""regime_at_fire"": ""bull"", ""first_emitted_at"": ""2026-08-28T18:33:16.291041+00:00""}",5,228.440002,235.759995,0.03204339404619683,0,0,-0.027766421665171404,2026-08-28 18:44:25.198976+00:00
19723,70,MB.MI,candle_reversal,2026-08-26,bear,27.5300,2026-09-02 23:31:15.520005+00:00,2026-09-03 10:00:22.232524+00:00,,19122,"{""tone"": ""bear"", ""strength"": 91, ""probability"": 49, ""chain"": [{""date"": ""2026-08-24"", ""label"": ""Trend ADX in rafforzamento"", ""detail"": ""ADX conferma la forza del trend"", ""kind"": ""confirmation""}, {""date"": ""2026-08-26"", ""label"": ""Candela di inversione bear"", ""detail"": ""pattern Engulfing""}, {""date"": ""2026-08-26"", ""label"": ""A resistenza"", ""detail"": ""prezzo 27.53 al livello 27.81""}], ""factors"": {""candle_strength"": 0.909142603040507, ""at_level"": 1.0, ""confirmation_count"": 0.3333333333333333}, ""invalidation"": {""level"": 27.809999, ""reason"": ""rottura del resistenza""}, ""sources"": [""Nison - candlestick reversals confirmed at support/resistance""], ""annotations"": {""levels"": [{""label"": ""Resistenza"", ""price"": 27.809999, ""kind"": ""resistance""}, {""label"": ""Stop / invalidazione"", ""price"": 27.809999, ""kind"": ""stop""}], ""points"": []}, ""atr"": 0.5096838743757667, ""horizon"": ""short"", ""regime_at_fire"": ""bull"", ""first_emitted_at"": ""2026-09-02T23:31:15.890001+00:00""}",5,27.959999,27.530001,-0.0153790420378771,1,0,-2.2048871213931065e-05,2026-09-02 23:37:27.714107+00:00
19788,70,MB.MI,candle_reversal,2026-08-26,bear,27.5300,2026-09-03 09:33:28.272736+00:00,2026-09-03 10:00:22.232524+00:00,,19122,"{""tone"": ""bear"", ""strength"": 91, ""probability"": 49, ""chain"": [{""date"": ""2026-08-24"", ""label"": ""Trend ADX in rafforzamento"", ""detail"": ""ADX conferma la forza del trend"", ""kind"": ""confirmation""}, {""date"": ""2026-08-26"", ""label"": ""Candela di inversione bear"", ""detail"": ""pattern Engulfing""}, {""date"": ""2026-08-26"", ""label"": ""A resistenza"", ""detail"": ""prezzo 27.53 al livello 27.81""}], ""factors"": {""candle_strength"": 0.909142603040507, ""at_level"": 1.0, ""confirmation_count"": 0.3333333333333333}, ""invalidation"": {""level"": 27.809999, ""reason"": ""rottura del resistenza""}, ""sources"": [""Nison - candlestick reversals confirmed at support/resistance""], ""annotations"": {""levels"": [{""label"": ""Resistenza"", ""price"": 27.809999, ""kind"": ""resistance""}, {""label"": ""Stop / invalidazione"", ""price"": 27.809999, ""kind"": ""stop""}], ""points"": []}, ""atr"": 0.5096838743757667, ""horizon"": ""short"", ""regime_at_fire"": ""bull"", ""first_emitted_at"": ""2026-09-03T09:33:28.705323+00:00""}",5,27.959999,27.530001,-0.0153790420378771,1,0,-2.2048871213931065e-05,2026-09-03 10:00:05.941052+00:00
19789,434,HPE,candle_reversal,2026-08-26,bull,51.8300,2026-09-03 09:34:21.802219+00:00,2026-09-03 10:00:22.232524+00:00,,19437,"{""tone"": ""bull"", ""strength"": 74, ""probability"": 49, ""chain"": [{""date"": ""2026-08-24"", ""label"": ""Higher-low confermato"", ""detail"": ""struttura a conferma della continuazione"", ""kind"": ""confirmation""}, {""date"": ""2026-08-26"", ""label"": ""Candela di inversione bull"", ""detail"": ""pattern Engulfing""}, {""date"": ""2026-08-26"", ""label"": ""A supporto"", ""detail"": ""prezzo 51.83 al livello 51.30""}], ""factors"": {""candle_strength"": 0.7353647733486666, ""at_level"": 1.0, ""confirmation_count"": 0.3333333333333333}, ""invalidation"": {""level"": 51.299999, ""reason"": ""rottura del supporto""}, ""sources"": [""Nison - candlestick reversals confirmed at support/resistance""], ""annotations"": {""levels"": [{""label"": ""Supporto"", ""price"": 51.299999, ""kind"": ""support""}, {""label"": ""Stop / invalidazione"", ""price"": 51.299999, ""kind"": ""stop""}], ""points"": []}, ""atr"": 2.6729406554963444, ""horizon"": ""short"", ""regime_at_fire"": ""bull"", ""first_emitted_at"": ""2026-09-03T09:34:21.998796+00:00""}",5,55.23,51.830002,-0.061560709759188814,0,0,-0.04615961885009778,2026-09-03 10:00:05.941052+00:00
19343,2026,RDDT,candle_reversal,2026-08-20,bull,153.9500,2026-08-28 18:34:33.261224+00:00,2026-08-28 18:44:40.285890+00:00,,18929,"{""tone"": ""bull"", ""strength"": 60, ""probability"": 49, ""chain"": [{""date"": ""2026-08-14"", ""label"": ""Volume sulla salita"", ""detail"": ""volume sopra la media nel verso del segnale"", ""kind"": ""confirmation""}, {""date"": ""2026-08-20"", ""label"": ""Candela di inversione bull"", ""detail"": ""pattern Hammer""}, {""date"": ""2026-08-20"", ""label"": ""A supporto"", ""detail"": ""prezzo 153.95 al livello 152.65""}, {""date"": ""2026-08-20"", ""label"": ""Higher-low confermato"", ""detail"": ""struttura a conferma della continuazione"", ""kind"": ""confirmation""}, {""date"": ""2026-08-25"", ""label"": ""MACD cross rialzista"", ""detail"": ""incrocio MACD nel verso del segnale"", ""kind"": ""confirmation""}], ""factors"": {""candle_strength"": 0.6047610632796068, ""at_level"": 1.0, ""confirmation_count"": 1.0}, ""invalidation"": {""level"": 152.649994, ""reason"": ""rottura del supporto""}, ""sources"": [""Nison - candlestick reversals confirmed at support/resistance""], ""annotations"": {""levels"": [{""label"": ""Supporto"", ""price"": 152.649994, ""kind"": ""support""}, {""label"": ""Stop / invalidazione"", ""price"": 152.649994, ""kind"": ""stop""}], ""points"": []}, ""atr"": 10.196119448427138, ""horizon"": ""short"", ""regime_at_fire"": ""bear"", ""first_emitted_at"": ""2026-08-28T18:34:33.666998+00:00""}",5,150.309998,153.949997,0.024216612656730918,1,1,0.019939640275705495,2026-08-28 18:44:25.198976+00:00
20066,386,EVRG,candle_reversal,2026-08-28,bear,81.5400,2026-09-08 08:44:24.235647+00:00,2026-09-08 08:53:33.034142+00:00,,19351,"{""tone"": ""bear"", ""strength"": 73, ""probability"": 49, ""chain"": [{""date"": ""2026-08-21"", ""label"": ""Rifiuto su EMA50"", ""detail"": ""ritorno alla media e rifiuto nel verso del trend"", ""kind"": ""confirmation""}, {""date"": ""2026-08-21"", ""label"": ""MACD cross ribassista"", ""detail"": ""incrocio MACD nel verso del segnale"", ""kind"": ""confirmation""}, {""date"": ""2026-08-28"", ""label"": ""Candela di inversione bear"", ""detail"": ""pattern Engulfing""}, {""date"": ""2026-08-28"", ""label"": ""A resistenza"", ""detail"": ""prezzo 81.54 al livello 83.19""}], ""factors"": {""candle_strength"": 0.7292212177449997, ""at_level"": 1.0, ""confirmation_count"": 0.6666666666666666}, ""invalidation"": {""level"": 83.19, ""reason"": ""rottura del resistenza""}, ""sources"": [""Nison - candlestick reversals confirmed at support/resistance""], ""annotations"": {""levels"": [{""label"": ""Resistenza"", ""price"": 83.19, ""kind"": ""resistance""}, {""label"": ""Stop / invalidazione"", ""price"": 83.19, ""kind"": ""stop""}], ""points"": []}, ""atr"": 1.3525859438189198, ""horizon"": ""short"", ""regime_at_fire"": ""bull"", ""first_emitted_at"": ""2026-09-08T08:32:21.707674+00:00"", ""amended_at"": ""2026-09-08T08:44:24.231942+00:00"", ""amend_count"": 2}",5,80.650002,81.540001,0.011035325206811608,0,0,-0.016761568240593716,2026-09-08 08:53:17.877494+00:00
20527,207,0066.HK,candle_reversal,2026-09-04,bull,32.9400,2026-09-13 12:06:58.529975+00:00,2026-09-13 12:15:10.597625+00:00,,19881,"{""tone"": ""bull"", ""strength"": 72, ""probability"": 49, ""chain"": [{""date"": ""2026-09-04"", ""label"": ""Candela di inversione bull"", ""detail"": ""pattern Engulfing""}, {""date"": ""2026-09-04"", ""label"": ""A supporto"", ""detail"": ""prezzo 32.94 al livello 33.02""}, {""date"": ""2026-09-09"", ""label"": ""MACD cross rialzista"", ""detail"": ""incrocio MACD nel verso del segnale"", ""kind"": ""confirmation""}, {""date"": ""2026-09-10"", ""label"": ""Rifiuto su EMA50"", ""detail"": ""ritorno alla media e rifiuto nel verso del trend"", ""kind"": ""confirmation""}], ""factors"": {""candle_strength"": 0.72272298554207, ""at_level"": 1.0, ""confirmation_count"": 0.6666666666666666}, ""invalidation"": {""level"": 33.02, ""reason"": ""rottura del supporto""}, ""sources"": [""Nison - candlestick reversals confirmed at support/resistance""], ""annotations"": {""levels"": [{""label"": ""Supporto"", ""price"": 33.02, ""kind"": ""support""}, {""label"": ""Stop / invalidazione"", ""price"": 33.02, ""kind"": ""stop""}], ""points"": []}, ""atr"": 0.6195321520087848, ""horizon"": ""short"", ""regime_at_fire"": ""bull"", ""first_emitted_at"": ""2026-09-13T12:06:59.543708+00:00""}",5,32.939999,32.939999,0.0,0,1,0.019157088122605415,2026-09-13 12:14:54.889552+00:00
19329,13,WMT,gap_and_go,2026-08-20,bear,102.6300,2026-08-28 18:32:03.067052+00:00,2026-08-28 18:44:40.285890+00:00,,18780,"{""tone"": ""bear"", ""strength"": 61, ""probability"": 50, ""chain"": [{""date"": ""2026-08-19"", ""label"": ""Rifiuto su EMA200"", ""detail"": ""ritorno alla media e rifiuto nel verso del trend"", ""kind"": ""confirmation""}, {""date"": ""2026-08-20"", ""label"": ""Gap bear"", ""detail"": ""apertura in gap del -6.9%""}, {""date"": ""2026-08-20"", ""label"": ""Conferma volume"", ""detail"": ""3.8x la media: gap partecipato""}, {""date"": ""2026-08-20"", ""label"": ""MACD cross ribassista"", ""detail"": ""incrocio MACD nel verso del segnale"", ""kind"": ""confirmation""}, {""date"": ""2026-08-26"", ""label"": ""Candela di rifiuto"", ""detail"": ""pattern evening_star"", ""kind"": ""confirmation""}], ""factors"": {""gap_size"": 0.8126970150866926, ""volume_strength"": 0.49422617136573194, ""trend_alignment"": 1.0, ""confirmation_count"": 1.0}, ""invalidation"": null, ""sources"": [""Gap taxonomy (breakaway vs exhaustion) + volume confirmation""], ""annotations"": {""levels"": [], ""points"": []}, ""atr"": 2.8075313269169877, ""horizon"": ""short"", ""regime_at_fire"": ""bear"", ""first_emitted_at"": ""2026-08-28T18:32:03.843152+00:00""}",5,103.839996,102.629997,-0.01165253319154591,1,1,0.015929505572571334,2026-08-28 18:44:25.198976+00:00
20528,1108,KGF.L,candle_reversal,2026-09-04,bull,2.8850,2026-09-13 12:08:54.174955+00:00,2026-09-13 12:15:10.597625+00:00,,19933,"{""tone"": ""bull"", ""strength"": 95, ""probability"": 49, ""chain"": [{""date"": ""2026-08-28"", ""label"": ""Trend ADX in rafforzamento"", ""detail"": ""ADX conferma la forza del trend"", ""kind"": ""confirmation""}, {""date"": ""2026-09-04"", ""label"": ""Candela di inversione bull"", ""detail"": ""pattern Engulfing""}, {""date"": ""2026-09-04"", ""label"": ""A supporto"", ""detail"": ""prezzo 2.88 al livello 2.85""}], ""factors"": {""candle_strength"": 0.9506318375496197, ""at_level"": 1.0, ""confirmation_count"": 0.3333333333333333}, ""invalidation"": {""level"": 2.85, ""reason"": ""rottura del supporto""}, ""sources"": [""Nison - candlestick reversals confirmed at support/resistance""], ""annotations"": {""levels"": [{""label"": ""Supporto"", ""price"": 2.85, ""kind"": ""support""}, {""label"": ""Stop / invalidazione"", ""price"": 2.85, ""kind"": ""stop""}], ""points"": []}, ""atr"": 0.07370193772705846, ""horizon"": ""short"", ""regime_at_fire"": ""bear"", ""first_emitted_at"": ""2026-09-13T12:08:54.790231+00:00""}",5,3.074,2.885,-0.06148340923877682,0,0,-0.042326321116171406,2026-09-13 12:14:54.889552+00:00
19794,70,MB.MI,candle_reversal,2026-08-26,bear,27.5300,2026-09-03 10:19:08.455795+00:00,2026-09-03 10:23:48.476684+00:00,,19122,"{""tone"": ""bear"", ""strength"": 91, ""probability"": 49, ""chain"": [{""date"": ""2026-08-24"", ""label"": ""Trend ADX in rafforzamento"", ""detail"": ""ADX conferma la forza del trend"", ""kind"": ""confirmation""}, {""date"": ""2026-08-26"", ""label"": ""Candela di inversione bear"", ""detail"": ""pattern Engulfing""}, {""date"": ""2026-08-26"", ""label"": ""A resistenza"", ""detail"": ""prezzo 27.53 al livello 27.81""}], ""factors"": {""candle_strength"": 0.909142603040507, ""at_level"": 1.0, ""confirmation_count"": 0.3333333333333333}, ""invalidation"": {""level"": 27.809999, ""reason"": ""rottura del resistenza""}, ""sources"": [""Nison - candlestick reversals confirmed at support/resistance""], ""annotations"": {""levels"": [{""label"": ""Resistenza"", ""price"": 27.809999, ""kind"": ""resistance""}, {""label"": ""Stop / invalidazione"", ""price"": 27.809999, ""kind"": ""stop""}], ""points"": []}, ""atr"": 0.5096838743757667, ""horizon"": ""short"", ""regime_at_fire"": ""bull"", ""first_emitted_at"": ""2026-09-03T10:19:08.908158+00:00""}",5,27.959999,27.530001,-0.0153790420378771,1,0,-2.2048871213931065e-05,2026-09-03 10:23:29.130711+00:00
19890,1895,BURL,gap_and_go,2026-08-27,bear,258.5600,2026-09-04 10:19:46.713944+00:00,2026-09-04 10:24:41.355978+00:00,,19305,"{""tone"": ""bear"", ""strength"": 61, ""probability"": 50, ""chain"": [{""date"": ""2026-08-21"", ""label"": ""Candela di rifiuto"", ""detail"": ""pattern engulfing"", ""kind"": ""confirmation""}, {""date"": ""2026-08-27"", ""label"": ""Gap bear"", ""detail"": ""apertura in gap del -2.4%""}, {""date"": ""2026-08-27"", ""label"": ""Conferma volume"", ""detail"": ""4.4x la media: gap partecipato""}, {""date"": ""2026-08-27"", ""label"": ""Rifiuto su EMA200"", ""detail"": ""ritorno alla media e rifiuto nel verso del trend"", ""kind"": ""confirmation""}, {""date"": ""2026-09-03"", ""label"": ""Trend ADX in rafforzamento"", ""detail"": ""ADX conferma la forza del trend"", ""kind"": ""confirmation""}], ""factors"": {""gap_size"": 0.4923639365063834, ""volume_strength"": 0.5451175720453671, ""trend_alignment"": 1.0, ""confirmation_count"": 1.0}, ""invalidation"": null, ""sources"": [""Gap taxonomy (breakaway vs exhaustion) + volume confirmation""], ""annotations"": {""levels"": [], ""points"": []}, ""atr"": 11.864613857794787, ""horizon"": ""short"", ""regime_at_fire"": ""bear"", ""first_emitted_at"": ""2026-09-04T10:19:47.491967+00:00""}",5,290.0,258.559998,-0.1084138,1,1,0.1028936723770647,2026-09-04 10:24:23.509455+00:00
19889,1313,VEEV,gap_and_go,2026-08-27,bull,284.3800,2026-09-04 10:19:19.166174+00:00,2026-09-04 10:24:41.355978+00:00,,19282,"{""tone"": ""bull"", ""strength"": 61, ""probability"": 50, ""chain"": [{""date"": ""2026-08-26"", ""label"": ""Higher-low confermato"", ""detail"": ""struttura a conferma della continuazione"", ""kind"": ""confirmation""}, {""date"": ""2026-08-27"", ""label"": ""Gap bull"", ""detail"": ""apertura in gap del 12.4%""}, {""date"": ""2026-08-27"", ""label"": ""Conferma volume"", ""detail"": ""3.7x la media: gap partecipato""}, {""date"": ""2026-08-27"", ""label"": ""MACD cross rialzista"", ""detail"": ""incrocio MACD nel verso del segnale"", ""kind"": ""confirmation""}, {""date"": ""2026-08-31"", ""label"": ""Candela di rifiuto"", ""detail"": ""pattern engulfing"", ""kind"": ""confirmation""}, {""date"": ""2026-09-03"", ""label"": ""Trend ADX in rafforzamento"", ""detail"": ""ADX conferma la forza del trend"", ""kind"": ""confirmation""}], ""factors"": {""gap_size"": 0.9279281919862548, ""volume_strength"": 0.48629576993099727, ""trend_alignment"": 1.0, ""confirmation_count"": 1.0}, ""invalidation"": null, ""sources"": [""Gap taxonomy (breakaway vs exhaustion) + volume confirmation""], ""annotations"": {""levels"": [], ""points"": []}, ""atr"": 10.88554670447168, ""horizon"": ""short"", ""regime_at_fire"": ""bull"", ""first_emitted_at"": ""2026-09-04T10:19:19.746947+00:00""}",5,282.130005,284.380005,0.007975046822829013,1,1,0.013495174445764313,2026-09-04 10:24:23.509455+00:00
19882,437,HRL,gap_and_go,2026-08-27,bear,21.6800,2026-09-04 10:17:42.265888+00:00,2026-09-04 10:24:41.355978+00:00,,19255,"{""tone"": ""bear"", ""strength"": 67, ""probability"": 50, ""chain"": [{""date"": ""2026-08-26"", ""label"": ""Rifiuto su EMA200"", ""detail"": ""ritorno alla media e rifiuto nel verso del trend"", ""kind"": ""confirmation""}, {""date"": ""2026-08-27"", ""label"": ""Gap bear"", ""detail"": ""apertura in gap del -3.0%""}, {""date"": ""2026-08-27"", ""label"": ""Conferma volume"", ""detail"": ""4.8x la media: gap partecipato""}, {""date"": ""2026-09-03"", ""label"": ""Candela di rifiuto"", ""detail"": ""pattern evening_star"", ""kind"": ""confirmation""}, {""date"": ""2026-09-03"", ""label"": ""Trend ADX in rafforzamento"", ""detail"": ""ADX conferma la forza del trend"", ""kind"": ""confirmation""}], ""factors"": {""gap_size"": 0.5494512990068029, ""volume_strength"": 0.5810899279070256, ""trend_alignment"": 1.0, ""confirmation_count"": 1.0}, ""invalidation"": null, ""sources"": [""Gap taxonomy (breakaway vs exhaustion) + volume confirmation""], ""annotations"": {""levels"": [], ""points"": []}, ""atr"": 0.5737741829728356, ""horizon"": ""short"", ""regime_at_fire"": ""bear"", ""first_emitted_at"": ""2026-09-04T10:17:42.677111+00:00""}",5,21.280001,21.68,0.018796944605406818,0,0,-0.024317072228342118,2026-09-04 10:24:23.509455+00:00
19687,241,APA,candle_reversal,2026-08-25,bear,44.3000,2026-09-02 11:01:17.876435+00:00,2026-09-02 11:05:21.680617+00:00,,19139,"{""tone"": ""bear"", ""strength"": 86, ""probability"": 49, ""chain"": [{""date"": ""2026-08-20"", ""label"": ""RSI ipercomprato"", ""detail"": ""estremo RSI a conferma del segnale"", ""kind"": ""confirmation""}, {""date"": ""2026-08-25"", ""label"": ""Candela di inversione bear"", ""detail"": ""pattern Shooting star""}, {""date"": ""2026-08-25"", ""label"": ""A resistenza"", ""detail"": ""prezzo 44.30 al livello 45.05""}, {""date"": ""2026-08-27"", ""label"": ""MACD cross ribassista"", ""detail"": ""incrocio MACD nel verso del segnale"", ""kind"": ""confirmation""}], ""factors"": {""candle_strength"": 0.8644671635863131, ""at_level"": 1.0, ""confirmation_count"": 0.6666666666666666}, ""invalidation"": {""level"": 45.049999, ""reason"": ""rottura del resistenza""}, ""sources"": [""Nison - candlestick reversals confirmed at support/resistance""], ""annotations"": {""levels"": [{""label"": ""Resistenza"", ""price"": 45.049999, ""kind"": ""resistance""}, {""label"": ""Stop / invalidazione"", ""price"": 45.049999, ""kind"": ""stop""}], ""points"": []}, ""atr"": 1.4782862982091296, ""horizon"": ""short"", ""regime_at_fire"": ""bull"", ""first_emitted_at"": ""2026-09-02T10:51:37.996162+00:00"", ""amended_at"": ""2026-09-02T11:01:17.872168+00:00"", ""amend_count"": 1}",5,41.349998,44.299999,0.07134222835996273,0,0,-0.08924956889570335,2026-09-02 11:05:02.889814+00:00
19420,1568,9999.HK,candle_reversal,2026-08-21,bull,192.2000,2026-08-31 18:35:21.019111+00:00,2026-08-31 18:43:32.239767+00:00,,18924,"{""tone"": ""bull"", ""strength"": 66, ""probability"": 49, ""chain"": [{""date"": ""2026-08-21"", ""label"": ""Candela di inversione bull"", ""detail"": ""pattern Engulfing""}, {""date"": ""2026-08-21"", ""label"": ""A supporto"", ""detail"": ""prezzo 192.20 al livello 188.40""}, {""date"": ""2026-08-21"", ""label"": ""Higher-low confermato"", ""detail"": ""struttura a conferma della continuazione"", ""kind"": ""confirmation""}, {""date"": ""2026-08-21"", ""label"": ""Volume sulla salita"", ""detail"": ""volume sopra la media nel verso del segnale"", ""kind"": ""confirmation""}], ""factors"": {""candle_strength"": 0.6558824826989047, ""at_level"": 1.0, ""confirmation_count"": 0.6666666666666666}, ""invalidation"": {""level"": 188.399994, ""reason"": ""rottura del supporto""}, ""sources"": [""Nison - candlestick reversals confirmed at support/resistance""], ""annotations"": {""levels"": [{""label"": ""Supporto"", ""price"": 188.399994, ""kind"": ""support""}, {""label"": ""Stop / invalidazione"", ""price"": 188.399994, ""kind"": ""stop""}], ""points"": []}, ""atr"": 7.30320582236844, ""horizon"": ""short"", ""regime_at_fire"": ""bear"", ""first_emitted_at"": ""2026-08-31T18:35:23.697057+00:00""}",5,202.0,192.199997,-0.04851486633663371,0,0,-0.04620376393201964,2026-08-31 18:43:16.654764+00:00
19419,1160,0012.HK,gap_and_go,2026-08-21,bull,28.9800,2026-08-31 18:34:50.106372+00:00,2026-08-31 18:43:32.239767+00:00,,19084,"{""tone"": ""bull"", ""strength"": 62, ""probability"": 50, ""chain"": [{""date"": ""2026-08-14"", ""label"": ""Higher-low confermato"", ""detail"": ""struttura a conferma della continuazione"", ""kind"": ""confirmation""}, {""date"": ""2026-08-20"", ""label"": ""MACD cross rialzista"", ""detail"": ""incrocio MACD nel verso del segnale"", ""kind"": ""confirmation""}, {""date"": ""2026-08-21"", ""label"": ""Gap bull"", ""detail"": ""apertura in gap del 3.6%""}, {""date"": ""2026-08-21"", ""label"": ""Conferma volume"", ""detail"": ""3.8x la media: gap partecipato""}, {""date"": ""2026-08-26"", ""label"": ""Rifiuto su EMA200"", ""detail"": ""ritorno alla media e rifiuto nel verso del trend"", ""kind"": ""confirmation""}, {""date"": ""2026-08-28"", ""label"": ""Trend ADX in rafforzamento"", ""detail"": ""ADX conferma la forza del trend"", ""kind"": ""confirmation""}], ""factors"": {""gap_size"": 0.6119591909155431, ""volume_strength"": 0.4952768252054686, ""trend_alignment"": 1.0, ""confirmation_count"": 1.0}, ""invalidation"": null, ""sources"": [""Gap taxonomy (breakaway vs exhaustion) + volume confirmation""], ""annotations"": {""levels"": [], ""points"": []}, ""atr"": 0.723464197083127, ""horizon"": ""short"", ""regime_at_fire"": ""bear"", ""first_emitted_at"": ""2026-08-31T18:34:50.821186+00:00""}",5,30.200001,28.98,-0.04039738276829863,0,0,-0.038086280363684555,2026-08-31 18:43:16.654764+00:00
20531,207,0066.HK,candle_reversal,2026-09-04,bull,32.9400,2026-09-13 19:09:21.711083+00:00,2026-09-13 19:13:05.018015+00:00,,19881,"{""tone"": ""bull"", ""strength"": 72, ""probability"": 49, ""chain"": [{""date"": ""2026-09-04"", ""label"": ""Candela di inversione bull"", ""detail"": ""pattern Engulfing""}, {""date"": ""2026-09-04"", ""label"": ""A supporto"", ""detail"": ""prezzo 32.94 al livello 33.02""}, {""date"": ""2026-09-09"", ""label"": ""MACD cross rialzista"", ""detail"": ""incrocio MACD nel verso del segnale"", ""kind"": ""confirmation""}, {""date"": ""2026-09-10"", ""label"": ""Rifiuto su EMA50"", ""detail"": ""ritorno alla media e rifiuto nel verso del trend"", ""kind"": ""confirmation""}], ""factors"": {""candle_strength"": 0.72272298554207, ""at_level"": 1.0, ""confirmation_count"": 0.6666666666666666}, ""invalidation"": {""level"": 33.02, ""reason"": ""rottura del supporto""}, ""sources"": [""Nison - candlestick reversals confirmed at support/resistance""], ""annotations"": {""levels"": [{""label"": ""Supporto"", ""price"": 33.02, ""kind"": ""support""}, {""label"": ""Stop / invalidazione"", ""price"": 33.02, ""kind"": ""stop""}], ""points"": []}, ""atr"": 0.6195321520087848, ""horizon"": ""short"", ""regime_at_fire"": ""bull"", ""first_emitted_at"": ""2026-09-13T18:57:25.422509+00:00"", ""amended_at"": ""2026-09-13T19:09:21.707965+00:00"", ""amend_count"": 1}",5,32.939999,32.939999,0.0,0,1,0.019157088122605415,2026-09-13 19:12:50.214925+00:00
19891,25,CRM,gap_and_go,2026-08-27,bull,264.4300,2026-09-04 14:04:16.826111+00:00,2026-09-04 14:12:12.555726+00:00,,19243,"{""tone"": ""bull"", ""strength"": 69, ""probability"": 50, ""chain"": [{""date"": ""2026-08-26"", ""label"": ""Rifiuto su EMA200"", ""detail"": ""ritorno alla media e rifiuto nel verso del trend"", ""kind"": ""confirmation""}, {""date"": ""2026-08-27"", ""label"": ""Gap bull"", ""detail"": ""apertura in gap del 11.9%""}, {""date"": ""2026-08-27"", ""label"": ""Conferma volume"", ""detail"": ""4.7x la media: gap partecipato""}, {""date"": ""2026-09-03"", ""label"": ""Trend ADX in rafforzamento"", ""detail"": ""ADX conferma la forza del trend"", ""kind"": ""confirmation""}], ""factors"": {""gap_size"": 0.9219468052762735, ""volume_strength"": 0.5687239471937027, ""trend_alignment"": 1.0, ""confirmation_count"": 0.6666666666666666}, ""invalidation"": null, ""sources"": [""Gap taxonomy (breakaway vs exhaustion) + volume confirmation""], ""annotations"": {""levels"": [], ""points"": []}, ""atr"": 10.609332638703387, ""horizon"": ""short"", ""regime_at_fire"": ""bull"", ""first_emitted_at"": ""2026-09-04T14:04:17.976443+00:00""}",5,252.050003,264.429993,0.049117198383846095,1,1,0.054637326006781395,2026-09-04 14:11:54.804345+00:00
19688,341,CVS,candle_reversal,2026-08-25,bear,97.6000,2026-09-02 11:01:26.153600+00:00,2026-09-02 11:05:21.680617+00:00,,19553,"{""tone"": ""bear"", ""strength"": 68, ""probability"": 49, ""chain"": [{""date"": ""2026-08-25"", ""label"": ""Candela di inversione bear"", ""detail"": ""pattern Engulfing""}, {""date"": ""2026-08-25"", ""label"": ""A resistenza"", ""detail"": ""prezzo 97.60 al livello 97.51""}, {""date"": ""2026-08-31"", ""label"": ""Trend ADX in rafforzamento"", ""detail"": ""ADX conferma la forza del trend"", ""kind"": ""confirmation""}], ""factors"": {""candle_strength"": 0.6785675306178072, ""at_level"": 1.0, ""confirmation_count"": 0.3333333333333333}, ""invalidation"": {""level"": 97.510002, ""reason"": ""rottura del resistenza""}, ""sources"": [""Nison - candlestick reversals confirmed at support/resistance""], ""annotations"": {""levels"": [{""label"": ""Resistenza"", ""price"": 97.510002, ""kind"": ""resistance""}, {""label"": ""Stop / invalidazione"", ""price"": 97.510002, ""kind"": ""stop""}], ""points"": []}, ""atr"": 2.3129922999358334, ""horizon"": ""short"", ""regime_at_fire"": ""bull"", ""first_emitted_at"": ""2026-09-02T10:51:46.779065+00:00"", ""amended_at"": ""2026-09-02T11:01:26.148860+00:00"", ""amend_count"": 1}",5,92.900002,97.599998,0.050591990299418965,0,0,-0.06849933083515958,2026-09-02 11:05:02.889814+00:00
19689,588,HOOD,candle_reversal,2026-08-25,bull,103.5100,2026-09-02 11:02:26.068924+00:00,2026-09-02 11:05:21.680617+00:00,,19070,"{""tone"": ""bull"", ""strength"": 80, ""probability"": 49, ""chain"": [{""date"": ""2026-08-18"", ""label"": ""Higher-low confermato"", ""detail"": ""struttura a conferma della continuazione"", ""kind"": ""confirmation""}, {""date"": ""2026-08-21"", ""label"": ""Volume sulla salita"", ""detail"": ""volume sopra la media nel verso del segnale"", ""kind"": ""confirmation""}, {""date"": ""2026-08-25"", ""label"": ""Candela di inversione bull"", ""detail"": ""pattern Engulfing""}, {""date"": ""2026-08-25"", ""label"": ""A supporto"", ""detail"": ""prezzo 103.51 al livello 104.45""}, {""date"": ""2026-08-31"", ""label"": ""Rifiuto su EMA50"", ""detail"": ""ritorno alla media e rifiuto nel verso del trend"", ""kind"": ""confirmation""}], ""factors"": {""candle_strength"": 0.7960286503805103, ""at_level"": 1.0, ""confirmation_count"": 1.0}, ""invalidation"": {""level"": 104.45, ""reason"": ""rottura del supporto""}, ""sources"": [""Nison - candlestick reversals confirmed at support/resistance""], ""annotations"": {""levels"": [{""label"": ""Supporto"", ""price"": 104.45, ""kind"": ""support""}, {""label"": ""Stop / invalidazione"", ""price"": 104.45, ""kind"": ""stop""}], ""points"": []}, ""atr"": 5.889679459608045, ""horizon"": ""short"", ""regime_at_fire"": ""bull"", ""first_emitted_at"": ""2026-09-02T10:52:45.190679+00:00"", ""amended_at"": ""2026-09-02T11:02:26.066701+00:00"", ""amend_count"": 1}",5,112.089996,103.510002,-0.07654558217666452,0,0,-0.058638241640923905,2026-09-02 11:05:02.889814+00:00
19915,1895,BURL,gap_and_go,2026-08-27,bear,258.5600,2026-09-04 15:29:29.499507+00:00,2026-09-04 15:30:24.774475+00:00,,19305,"{""tone"": ""bear"", ""strength"": 61, ""probability"": 50, ""chain"": [{""date"": ""2026-08-21"", ""label"": ""Candela di rifiuto"", ""detail"": ""pattern engulfing"", ""kind"": ""confirmation""}, {""date"": ""2026-08-27"", ""label"": ""Gap bear"", ""detail"": ""apertura in gap del -2.4%""}, {""date"": ""2026-08-27"", ""label"": ""Conferma volume"", ""detail"": ""4.4x la media: gap partecipato""}, {""date"": ""2026-08-27"", ""label"": ""Rifiuto su EMA200"", ""detail"": ""ritorno alla media e rifiuto nel verso del trend"", ""kind"": ""confirmation""}, {""date"": ""2026-09-03"", ""label"": ""Trend ADX in rafforzamento"", ""detail"": ""ADX conferma la forza del trend"", ""kind"": ""confirmation""}], ""factors"": {""gap_size"": 0.4923639365063834, ""volume_strength"": 0.5451175720453671, ""trend_alignment"": 1.0, ""confirmation_count"": 1.0}, ""invalidation"": null, ""sources"": [""Gap taxonomy (breakaway vs exhaustion) + volume confirmation""], ""annotations"": {""levels"": [], ""points"": []}, ""atr"": 11.864613857794787, ""horizon"": ""short"", ""regime_at_fire"": ""bear"", ""first_emitted_at"": ""2026-09-04T15:29:30.278372+00:00""}",5,290.0,258.559998,-0.1084138,1,1,0.1028936723770647,2026-09-04 15:30:09.185847+00:00
20027,386,EVRG,candle_reversal,2026-08-28,bear,81.5400,2026-09-05 23:31:42.426863+00:00,2026-09-05 23:38:41.487992+00:00,,19351,"{""tone"": ""bear"", ""strength"": 73, ""probability"": 49, ""chain"": [{""date"": ""2026-08-21"", ""label"": ""Rifiuto su EMA50"", ""detail"": ""ritorno alla media e rifiuto nel verso del trend"", ""kind"": ""confirmation""}, {""date"": ""2026-08-21"", ""label"": ""MACD cross ribassista"", ""detail"": ""incrocio MACD nel verso del segnale"", ""kind"": ""confirmation""}, {""date"": ""2026-08-28"", ""label"": ""Candela di inversione bear"", ""detail"": ""pattern Engulfing""}, {""date"": ""2026-08-28"", ""label"": ""A resistenza"", ""detail"": ""prezzo 81.54 al livello 83.19""}], ""factors"": {""candle_strength"": 0.7292212177449997, ""at_level"": 1.0, ""confirmation_count"": 0.6666666666666666}, ""invalidation"": {""level"": 83.19, ""reason"": ""rottura del resistenza""}, ""sources"": [""Nison - candlestick reversals confirmed at support/resistance""], ""annotations"": {""levels"": [{""label"": ""Resistenza"", ""price"": 83.19, ""kind"": ""resistance""}, {""label"": ""Stop / invalidazione"", ""price"": 83.19, ""kind"": ""stop""}], ""points"": []}, ""atr"": 1.3525859438189198, ""horizon"": ""short"", ""regime_at_fire"": ""bull"", ""first_emitted_at"": ""2026-09-05T23:31:42.810345+00:00""}",5,80.650002,81.540001,0.011035325206811608,0,0,-0.01524289883935026,2026-09-05 23:38:26.585010+00:00
20028,397,FAST,candle_reversal,2026-08-28,bear,49.6000,2026-09-05 23:31:43.441098+00:00,2026-09-05 23:38:41.487992+00:00,,19352,"{""tone"": ""bear"", ""strength"": 88, ""probability"": 49, ""chain"": [{""date"": ""2026-08-24"", ""label"": ""Lower-high confermato"", ""detail"": ""struttura a conferma della continuazione"", ""kind"": ""confirmation""}, {""date"": ""2026-08-28"", ""label"": ""Candela di inversione bear"", ""detail"": ""pattern Engulfing""}, {""date"": ""2026-08-28"", ""label"": ""A resistenza"", ""detail"": ""prezzo 49.60 al livello 49.67""}, {""date"": ""2026-09-02"", ""label"": ""Rifiuto su EMA50"", ""detail"": ""ritorno alla media e rifiuto nel verso del trend"", ""kind"": ""confirmation""}], ""factors"": {""candle_strength"": 0.8832311106860662, ""at_level"": 1.0, ""confirmation_count"": 0.6666666666666666}, ""invalidation"": {""level"": 49.67, ""reason"": ""rottura del resistenza""}, ""sources"": [""Nison - candlestick reversals confirmed at support/resistance""], ""annotations"": {""levels"": [{""label"": ""Resistenza"", ""price"": 49.67, ""kind"": ""resistance""}, {""label"": ""Stop / invalidazione"", ""price"": 49.67, ""kind"": ""stop""}], ""points"": []}, ""atr"": 1.142162366897672, ""horizon"": ""short"", ""regime_at_fire"": ""bull"", ""first_emitted_at"": ""2026-09-05T23:31:44.389556+00:00""}",5,49.779999,49.599998,-0.0036159301650446896,1,0,-0.000591643467493963,2026-09-05 23:38:26.585010+00:00
20533,207,0066.HK,candle_reversal,2026-09-04,bull,32.9400,2026-09-13 23:32:32.423134+00:00,2026-09-13 23:40:13.309500+00:00,,19881,"{""tone"": ""bull"", ""strength"": 72, ""probability"": 49, ""chain"": [{""date"": ""2026-09-04"", ""label"": ""Candela di inversione bull"", ""detail"": ""pattern Engulfing""}, {""date"": ""2026-09-04"", ""label"": ""A supporto"", ""detail"": ""prezzo 32.94 al livello 33.02""}, {""date"": ""2026-09-09"", ""label"": ""MACD cross rialzista"", ""detail"": ""incrocio MACD nel verso del segnale"", ""kind"": ""confirmation""}, {""date"": ""2026-09-10"", ""label"": ""Rifiuto su EMA50"", ""detail"": ""ritorno alla media e rifiuto nel verso del trend"", ""kind"": ""confirmation""}], ""factors"": {""candle_strength"": 0.72272298554207, ""at_level"": 1.0, ""confirmation_count"": 0.6666666666666666}, ""invalidation"": {""level"": 33.02, ""reason"": ""rottura del supporto""}, ""sources"": [""Nison - candlestick reversals confirmed at support/resistance""], ""annotations"": {""levels"": [{""label"": ""Supporto"", ""price"": 33.02, ""kind"": ""support""}, {""label"": ""Stop / invalidazione"", ""price"": 33.02, ""kind"": ""stop""}], ""points"": []}, ""atr"": 0.6195321520087848, ""horizon"": ""short"", ""regime_at_fire"": ""bull"", ""first_emitted_at"": ""2026-09-13T23:32:33.372038+00:00""}",5,32.939999,32.939999,0.0,0,1,0.019157088122605415,2026-09-13 23:39:58.820438+00:00
19914,1313,VEEV,gap_and_go,2026-08-27,bull,284.3800,2026-09-04 15:28:57.204091+00:00,2026-09-04 15:30:24.774475+00:00,,19282,"{""tone"": ""bull"", ""strength"": 61, ""probability"": 50, ""chain"": [{""date"": ""2026-08-26"", ""label"": ""Higher-low confermato"", ""detail"": ""struttura a conferma della continuazione"", ""kind"": ""confirmation""}, {""date"": ""2026-08-27"", ""label"": ""Gap bull"", ""detail"": ""apertura in gap del 12.4%""}, {""date"": ""2026-08-27"", ""label"": ""Conferma volume"", ""detail"": ""3.7x la media: gap partecipato""}, {""date"": ""2026-08-27"", ""label"": ""MACD cross rialzista"", ""detail"": ""incrocio MACD nel verso del segnale"", ""kind"": ""confirmation""}, {""date"": ""2026-08-31"", ""label"": ""Candela di rifiuto"", ""detail"": ""pattern engulfing"", ""kind"": ""confirmation""}, {""date"": ""2026-09-03"", ""label"": ""Trend ADX in rafforzamento"", ""detail"": ""ADX conferma la forza del trend"", ""kind"": ""confirmation""}], ""factors"": {""gap_size"": 0.9279281919862548, ""volume_strength"": 0.48629576993099727, ""trend_alignment"": 1.0, ""confirmation_count"": 1.0}, ""invalidation"": null, ""sources"": [""Gap taxonomy (breakaway vs exhaustion) + volume confirmation""], ""annotations"": {""levels"": [], ""points"": []}, ""atr"": 10.88554670447168, ""horizon"": ""short"", ""regime_at_fire"": ""bull"", ""first_emitted_at"": ""2026-09-04T15:28:57.833724+00:00""}",5,282.130005,284.380005,0.007975046822829013,1,1,0.013495174445764313,2026-09-04 15:30:09.185847+00:00
19128,607,SNA,candle_reversal,2026-08-18,bear,394.5600,2026-08-26 16:36:34.181305+00:00,2026-08-26 16:43:39.025316+00:00,,18600,"{""tone"": ""bear"", ""strength"": 86, ""probability"": 49, ""chain"": [{""date"": ""2026-08-18"", ""label"": ""Candela di inversione bear"", ""detail"": ""pattern Engulfing""}, {""date"": ""2026-08-18"", ""label"": ""A resistenza"", ""detail"": ""prezzo 394.56 al livello 393.94""}, {""date"": ""2026-08-25"", ""label"": ""Rifiuto su EMA50"", ""detail"": ""ritorno alla media e rifiuto nel verso del trend"", ""kind"": ""confirmation""}], ""factors"": {""candle_strength"": 0.858015331764605, ""at_level"": 1.0, ""confirmation_count"": 0.3333333333333333}, ""invalidation"": {""level"": 393.94, ""reason"": ""rottura del resistenza""}, ""sources"": [""Nison - candlestick reversals confirmed at support/resistance""], ""annotations"": {""levels"": [{""label"": ""Resistenza"", ""price"": 393.94, ""kind"": ""resistance""}, {""label"": ""Stop / invalidazione"", ""price"": 393.94, ""kind"": ""stop""}], ""points"": []}, ""atr"": 7.2165326434931165, ""horizon"": ""short"", ""regime_at_fire"": ""bull"", ""first_emitted_at"": ""2026-08-26T16:36:34.869103+00:00""}",5,395.709991,394.559998,-0.002906151035241389,1,1,0.0110290511955582,2026-08-26 16:43:24.478675+00:00
19137,1463,BIDU,gap_and_go,2026-08-18,bear,93.4300,2026-08-26 16:37:39.222391+00:00,2026-08-26 16:43:39.025316+00:00,,18615,"{""tone"": ""bear"", ""strength"": 87, ""probability"": 50, ""chain"": [{""date"": ""2026-08-13"", ""label"": ""MACD cross ribassista"", ""detail"": ""incrocio MACD nel verso del segnale"", ""kind"": ""confirmation""}, {""date"": ""2026-08-14"", ""label"": ""Candela di rifiuto"", ""detail"": ""pattern evening_star"", ""kind"": ""confirmation""}, {""date"": ""2026-08-18"", ""label"": ""Gap bear"", ""detail"": ""apertura in gap del -9.4%""}, {""date"": ""2026-08-18"", ""label"": ""Conferma volume"", ""detail"": ""8.1x la media: gap partecipato""}], ""factors"": {""gap_size"": 0.8868092741707851, ""volume_strength"": 0.7735934350185724, ""trend_alignment"": 1.0, ""confirmation_count"": 0.6666666666666666}, ""invalidation"": null, ""sources"": [""Gap taxonomy (breakaway vs exhaustion) + volume confirmation""], ""annotations"": {""levels"": [], ""points"": []}, ""atr"": 3.5364313867390944, ""horizon"": ""short"", ""regime_at_fire"": ""bear"", ""first_emitted_at"": ""2026-08-26T16:37:39.794784+00:00""}",5,90.870003,93.43,0.02817208006474936,0,0,-0.02004917990443255,2026-08-26 16:43:24.478675+00:00
20515,207,0066.HK,candle_reversal,2026-09-04,bull,32.9400,2026-09-12 23:31:50.153279+00:00,2026-09-12 23:40:17.158854+00:00,,19881,"{""tone"": ""bull"", ""strength"": 72, ""probability"": 49, ""chain"": [{""date"": ""2026-09-04"", ""label"": ""Candela di inversione bull"", ""detail"": ""pattern Engulfing""}, {""date"": ""2026-09-04"", ""label"": ""A supporto"", ""detail"": ""prezzo 32.94 al livello 33.02""}, {""date"": ""2026-09-09"", ""label"": ""MACD cross rialzista"", ""detail"": ""incrocio MACD nel verso del segnale"", ""kind"": ""confirmation""}, {""date"": ""2026-09-10"", ""label"": ""Rifiuto su EMA50"", ""detail"": ""ritorno alla media e rifiuto nel verso del trend"", ""kind"": ""confirmation""}], ""factors"": {""candle_strength"": 0.72272298554207, ""at_level"": 1.0, ""confirmation_count"": 0.6666666666666666}, ""invalidation"": {""level"": 33.02, ""reason"": ""rottura del supporto""}, ""sources"": [""Nison - candlestick reversals confirmed at support/resistance""], ""annotations"": {""levels"": [{""label"": ""Supporto"", ""price"": 33.02, ""kind"": ""support""}, {""label"": ""Stop / invalidazione"", ""price"": 33.02, ""kind"": ""stop""}], ""points"": []}, ""atr"": 0.6195321520087848, ""horizon"": ""short"", ""regime_at_fire"": ""bull"", ""first_emitted_at"": ""2026-09-12T23:31:51.089882+00:00""}",5,32.939999,32.939999,0.0,0,1,0.019157088122605415,2026-09-12 23:40:02.050643+00:00
19141,1535,RGTI,candle_reversal,2026-08-18,bear,16.9400,2026-08-26 16:38:27.075069+00:00,2026-08-26 16:43:39.025316+00:00,,18625,"{""tone"": ""bear"", ""strength"": 61, ""probability"": 49, ""chain"": [{""date"": ""2026-08-13"", ""label"": ""Lower-high confermato"", ""detail"": ""struttura a conferma della continuazione"", ""kind"": ""confirmation""}, {""date"": ""2026-08-18"", ""label"": ""Candela di inversione bear"", ""detail"": ""pattern Shooting star""}, {""date"": ""2026-08-18"", ""label"": ""A resistenza"", ""detail"": ""prezzo 16.94 al livello 17.27""}, {""date"": ""2026-08-20"", ""label"": ""Rifiuto su EMA50"", ""detail"": ""ritorno alla media e rifiuto nel verso del trend"", ""kind"": ""confirmation""}, {""date"": ""2026-08-24"", ""label"": ""MACD cross ribassista"", ""detail"": ""incrocio MACD nel verso del segnale"", ""kind"": ""confirmation""}], ""factors"": {""candle_strength"": 0.6091946188340809, ""at_level"": 1.0, ""confirmation_count"": 1.0}, ""invalidation"": {""level"": 17.268, ""reason"": ""rottura del resistenza""}, ""sources"": [""Nison - candlestick reversals confirmed at support/resistance""], ""annotations"": {""levels"": [{""label"": ""Resistenza"", ""price"": 17.268, ""kind"": ""resistance""}, {""label"": ""Stop / invalidazione"", ""price"": 17.268, ""kind"": ""stop""}], ""points"": []}, ""atr"": 1.242446500634107, ""horizon"": ""short"", ""regime_at_fire"": ""bear"", ""first_emitted_at"": ""2026-08-26T16:38:27.446840+00:00""}",5,17.709999,16.940001,-0.04347815039402325,1,1,0.05160105055434006,2026-08-26 16:43:24.478675+00:00
20516,1108,KGF.L,candle_reversal,2026-09-04,bull,2.8850,2026-09-12 23:33:21.333992+00:00,2026-09-12 23:40:17.158854+00:00,,19933,"{""tone"": ""bull"", ""strength"": 95, ""probability"": 49, ""chain"": [{""date"": ""2026-08-28"", ""label"": ""Trend ADX in rafforzamento"", ""detail"": ""ADX conferma la forza del trend"", ""kind"": ""confirmation""}, {""date"": ""2026-09-04"", ""label"": ""Candela di inversione bull"", ""detail"": ""pattern Engulfing""}, {""date"": ""2026-09-04"", ""label"": ""A supporto"", ""detail"": ""prezzo 2.88 al livello 2.85""}], ""factors"": {""candle_strength"": 0.9506318375496197, ""at_level"": 1.0, ""confirmation_count"": 0.3333333333333333}, ""invalidation"": {""level"": 2.85, ""reason"": ""rottura del supporto""}, ""sources"": [""Nison - candlestick reversals confirmed at support/resistance""], ""annotations"": {""levels"": [{""label"": ""Supporto"", ""price"": 2.85, ""kind"": ""support""}, {""label"": ""Stop / invalidazione"", ""price"": 2.85, ""kind"": ""stop""}], ""points"": []}, ""atr"": 0.07370193772705846, ""horizon"": ""short"", ""regime_at_fire"": ""bear"", ""first_emitted_at"": ""2026-09-12T23:33:21.893387+00:00""}",5,3.074,2.885,-0.06148340923877682,0,0,-0.042326321116171406,2026-09-12 23:40:02.050643+00:00
19685,77,TIT.MI,candle_reversal,2026-08-25,bull,7.5530,2026-09-02 11:00:37.822503+00:00,2026-09-02 11:05:21.680617+00:00,,19020,"{""tone"": ""bull"", ""strength"": 60, ""probability"": 49, ""chain"": [{""date"": ""2026-08-25"", ""label"": ""Candela di inversione bull"", ""detail"": ""pattern Engulfing""}, {""date"": ""2026-08-25"", ""label"": ""A supporto"", ""detail"": ""prezzo 7.55 al livello 7.65""}], ""factors"": {""candle_strength"": 0.5999999999999943, ""at_level"": 1.0}, ""invalidation"": {""level"": 7.647, ""reason"": ""rottura del supporto""}, ""sources"": [""Nison - candlestick reversals confirmed at support/resistance""], ""annotations"": {""levels"": [{""label"": ""Supporto"", ""price"": 7.647, ""kind"": ""support""}, {""label"": ""Stop / invalidazione"", ""price"": 7.647, ""kind"": ""stop""}], ""points"": []}, ""atr"": 0.11488334669653229, ""horizon"": ""short"", ""regime_at_fire"": ""bull"", ""first_emitted_at"": ""2026-09-02T10:47:15.280098+00:00"", ""amended_at"": ""2026-09-02T11:00:37.818259+00:00"", ""amend_count"": 2}",5,7.71,7.553,-0.020363164721141414,0,0,-0.002455824185400801,2026-09-02 11:05:02.889814+00:00
20535,207,0066.HK,candle_reversal,2026-09-04,bull,32.9400,2026-09-14 01:11:29.790540+00:00,2026-09-14 01:31:21.985557+00:00,,19881,"{""tone"": ""bull"", ""strength"": 72, ""probability"": 49, ""chain"": [{""date"": ""2026-09-04"", ""label"": ""Candela di inversione bull"", ""detail"": ""pattern Engulfing""}, {""date"": ""2026-09-04"", ""label"": ""A supporto"", ""detail"": ""prezzo 32.94 al livello 33.02""}, {""date"": ""2026-09-09"", ""label"": ""MACD cross rialzista"", ""detail"": ""incrocio MACD nel verso del segnale"", ""kind"": ""confirmation""}, {""date"": ""2026-09-10"", ""label"": ""Rifiuto su EMA50"", ""detail"": ""ritorno alla media e rifiuto nel verso del trend"", ""kind"": ""confirmation""}], ""factors"": {""candle_strength"": 0.72272298554207, ""at_level"": 1.0, ""confirmation_count"": 0.6666666666666666}, ""invalidation"": {""level"": 33.02, ""reason"": ""rottura del supporto""}, ""sources"": [""Nison - candlestick reversals confirmed at support/resistance""], ""annotations"": {""levels"": [{""label"": ""Supporto"", ""price"": 33.02, ""kind"": ""support""}, {""label"": ""Stop / invalidazione"", ""price"": 33.02, ""kind"": ""stop""}], ""points"": []}, ""atr"": 0.6195321520087848, ""horizon"": ""short"", ""regime_at_fire"": ""bull"", ""first_emitted_at"": ""2026-09-14T01:11:31.117821+00:00""}",5,32.939999,32.939999,0.0,0,1,0.019157088122605415,2026-09-14 01:31:07.538810+00:00
16501,259,AXON,candle_reversal,2026-07-16,bull,491.9000,2026-07-24 00:25:05.729511+00:00,2026-07-24 00:27:54.215279+00:00,,15834,"{""tone"": ""bull"", ""strength"": 66, ""probability"": 49, ""chain"": [{""date"": ""2026-07-16"", ""label"": ""Candela di inversione bull"", ""detail"": ""pattern Hammer""}, {""date"": ""2026-07-16"", ""label"": ""A supporto"", ""detail"": ""prezzo 491.90 al livello 484.43""}, {""date"": ""2026-07-20"", ""label"": ""Trend ADX in rafforzamento"", ""detail"": ""ADX conferma la forza del trend"", ""kind"": ""confirmation""}, {""date"": ""2026-07-20"", ""label"": ""Rifiuto su EMA50"", ""detail"": ""ritorno alla media e rifiuto nel verso del trend"", ""kind"": ""confirmation""}], ""factors"": {""candle_strength"": 0.6609216402760905, ""at_level"": 1.0, ""confirmation_count"": 0.6666666666666666}, ""invalidation"": {""level"": 484.43, ""reason"": ""rottura del supporto""}, ""sources"": [""Nison - candlestick reversals confirmed at support/resistance""], ""annotations"": {""levels"": [{""label"": ""Supporto"", ""price"": 484.43, ""kind"": ""support""}, {""label"": ""Stop / invalidazione"", ""price"": 484.43, ""kind"": ""stop""}], ""points"": []}, ""atr"": 30.064324015417935, ""horizon"": ""short"", ""regime_at_fire"": ""bear"", ""first_emitted_at"": ""2026-07-24T00:25:06.542674+00:00""}",5,541.75,491.9,-0.09201661282879559,0,0,-0.08586175468302877,2026-07-24 00:27:41.103649+00:00
20536,1108,KGF.L,candle_reversal,2026-09-04,bull,2.8850,2026-09-14 01:24:41.509142+00:00,2026-09-14 01:31:21.985557+00:00,,19933,"{""tone"": ""bull"", ""strength"": 95, ""probability"": 49, ""chain"": [{""date"": ""2026-08-28"", ""label"": ""Trend ADX in rafforzamento"", ""detail"": ""ADX conferma la forza del trend"", ""kind"": ""confirmation""}, {""date"": ""2026-09-04"", ""label"": ""Candela di inversione bull"", ""detail"": ""pattern Engulfing""}, {""date"": ""2026-09-04"", ""label"": ""A supporto"", ""detail"": ""prezzo 2.88 al livello 2.85""}], ""factors"": {""candle_strength"": 0.9506318375496197, ""at_level"": 1.0, ""confirmation_count"": 0.3333333333333333}, ""invalidation"": {""level"": 2.85, ""reason"": ""rottura del supporto""}, ""sources"": [""Nison - candlestick reversals confirmed at support/resistance""], ""annotations"": {""levels"": [{""label"": ""Supporto"", ""price"": 2.85, ""kind"": ""support""}, {""label"": ""Stop / invalidazione"", ""price"": 2.85, ""kind"": ""stop""}], ""points"": []}, ""atr"": 0.07370193772705846, ""horizon"": ""short"", ""regime_at_fire"": ""bear"", ""first_emitted_at"": ""2026-09-14T01:13:22.968599+00:00"", ""amended_at"": ""2026-09-14T01:24:41.507305+00:00"", ""amend_count"": 1}",5,3.074,2.885,-0.06148340923877682,0,0,-0.042326321116171406,2026-09-14 01:31:07.538810+00:00
16502,412,GRMN,candle_reversal,2026-07-16,bull,240.1000,2026-07-24 00:25:31.109031+00:00,2026-07-24 00:27:54.215279+00:00,,15850,"{""tone"": ""bull"", ""strength"": 86, ""probability"": 49, ""chain"": [{""date"": ""2026-07-16"", ""label"": ""Candela di inversione bull"", ""detail"": ""pattern Engulfing""}, {""date"": ""2026-07-16"", ""label"": ""A supporto"", ""detail"": ""prezzo 240.10 al livello 244.97""}, {""date"": ""2026-07-16"", ""label"": ""Rifiuto su EMA50"", ""detail"": ""ritorno alla media e rifiuto nel verso del trend"", ""kind"": ""confirmation""}, {""date"": ""2026-07-17"", ""label"": ""Volume sulla salita"", ""detail"": ""volume sopra la media nel verso del segnale"", ""kind"": ""confirmation""}], ""factors"": {""candle_strength"": 0.8585453359425982, ""at_level"": 1.0, ""confirmation_count"": 0.6666666666666666}, ""invalidation"": {""level"": 244.97, ""reason"": ""rottura del supporto""}, ""sources"": [""Nison - candlestick reversals confirmed at support/resistance""], ""annotations"": {""levels"": [{""label"": ""Supporto"", ""price"": 244.97, ""kind"": ""support""}, {""label"": ""Stop / invalidazione"", ""price"": 244.97, ""kind"": ""stop""}], ""points"": []}, ""atr"": 6.381185434416317, ""horizon"": ""short"", ""regime_at_fire"": ""bull"", ""first_emitted_at"": ""2026-07-24T00:25:31.489639+00:00""}",5,250.99,240.1,-0.04338818279612744,0,0,-0.037233324650360625,2026-07-24 00:27:41.103649+00:00
19917,25,CRM,gap_and_go,2026-08-27,bull,264.4300,2026-09-04 18:32:03.614478+00:00,2026-09-04 18:39:19.951749+00:00,,19243,"{""tone"": ""bull"", ""strength"": 69, ""probability"": 50, ""chain"": [{""date"": ""2026-08-26"", ""label"": ""Rifiuto su EMA200"", ""detail"": ""ritorno alla media e rifiuto nel verso del trend"", ""kind"": ""confirmation""}, {""date"": ""2026-08-27"", ""label"": ""Gap bull"", ""detail"": ""apertura in gap del 11.9%""}, {""date"": ""2026-08-27"", ""label"": ""Conferma volume"", ""detail"": ""4.7x la media: gap partecipato""}, {""date"": ""2026-09-03"", ""label"": ""Trend ADX in rafforzamento"", ""detail"": ""ADX conferma la forza del trend"", ""kind"": ""confirmation""}], ""factors"": {""gap_size"": 0.9219468052762735, ""volume_strength"": 0.5687239471937027, ""trend_alignment"": 1.0, ""confirmation_count"": 0.6666666666666666}, ""invalidation"": null, ""sources"": [""Gap taxonomy (breakaway vs exhaustion) + volume confirmation""], ""annotations"": {""levels"": [], ""points"": []}, ""atr"": 10.609332638703387, ""horizon"": ""short"", ""regime_at_fire"": ""bull"", ""first_emitted_at"": ""2026-09-04T18:32:04.266911+00:00""}",5,252.050003,264.429993,0.049117198383846095,1,1,0.05536063566823052,2026-09-04 18:39:04.511586+00:00
16884,429,HAS,gap_and_go,2026-07-21,bull,96.3400,2026-07-29 16:00:19.024183+00:00,2026-07-29 16:02:55.020417+00:00,,16569,"{""tone"": ""bull"", ""strength"": 62, ""probability"": 50, ""chain"": [{""date"": ""2026-07-15"", ""label"": ""MACD cross rialzista"", ""detail"": ""incrocio MACD nel verso del segnale"", ""kind"": ""confirmation""}, {""date"": ""2026-07-21"", ""label"": ""Gap bull"", ""detail"": ""apertura in gap del 3.6%""}, {""date"": ""2026-07-21"", ""label"": ""Conferma volume"", ""detail"": ""3.9x la media: gap partecipato""}, {""date"": ""2026-07-24"", ""label"": ""Rifiuto su EMA200"", ""detail"": ""ritorno alla media e rifiuto nel verso del trend"", ""kind"": ""confirmation""}, {""date"": ""2026-07-28"", ""label"": ""Trend ADX in rafforzamento"", ""detail"": ""ADX conferma la forza del trend"", ""kind"": ""confirmation""}], ""factors"": {""gap_size"": 0.6078869959553869, ""volume_strength"": 0.5026293495201611, ""trend_alignment"": 1.0, ""confirmation_count"": 1.0}, ""invalidation"": null, ""sources"": [""Gap taxonomy (breakaway vs exhaustion) + volume confirmation""], ""annotations"": {""levels"": [], ""points"": []}, ""atr"": 2.8644363269723025, ""horizon"": ""short"", ""regime_at_fire"": ""bull"", ""first_emitted_at"": ""2026-07-29T16:00:19.415376+00:00""}",5,88.78,96.34,0.08515431403469242,1,1,0.07606369192666623,2026-07-29 16:02:41.314792+00:00
19703,588,HOOD,candle_reversal,2026-08-25,bull,103.5100,2026-09-02 18:33:24.240314+00:00,2026-09-02 18:40:11.693915+00:00,,19070,"{""tone"": ""bull"", ""strength"": 80, ""probability"": 49, ""chain"": [{""date"": ""2026-08-18"", ""label"": ""Higher-low confermato"", ""detail"": ""struttura a conferma della continuazione"", ""kind"": ""confirmation""}, {""date"": ""2026-08-21"", ""label"": ""Volume sulla salita"", ""detail"": ""volume sopra la media nel verso del segnale"", ""kind"": ""confirmation""}, {""date"": ""2026-08-25"", ""label"": ""Candela di inversione bull"", ""detail"": ""pattern Engulfing""}, {""date"": ""2026-08-25"", ""label"": ""A supporto"", ""detail"": ""prezzo 103.51 al livello 104.45""}, {""date"": ""2026-08-31"", ""label"": ""Rifiuto su EMA50"", ""detail"": ""ritorno alla media e rifiuto nel verso del trend"", ""kind"": ""confirmation""}], ""factors"": {""candle_strength"": 0.7960286503805103, ""at_level"": 1.0, ""confirmation_count"": 1.0}, ""invalidation"": {""level"": 104.45, ""reason"": ""rottura del supporto""}, ""sources"": [""Nison - candlestick reversals confirmed at support/resistance""], ""annotations"": {""levels"": [{""label"": ""Supporto"", ""price"": 104.45, ""kind"": ""support""}, {""label"": ""Stop / invalidazione"", ""price"": 104.45, ""kind"": ""stop""}], ""points"": []}, ""atr"": 5.889679459608045, ""horizon"": ""short"", ""regime_at_fire"": ""bull"", ""first_emitted_at"": ""2026-09-02T18:33:24.788543+00:00""}",5,112.089996,103.510002,-0.07654558217666452,0,0,-0.058670440500329823,2026-09-02 18:39:56.291756+00:00
17269,1142,SPX.L,candle_reversal,2026-07-24,bull,69.4500,2026-08-02 23:34:26.682373+00:00,2026-08-02 23:35:36.594336+00:00,,16538,"{""tone"": ""bull"", ""strength"": 96, ""probability"": 49, ""chain"": [{""date"": ""2026-07-24"", ""label"": ""Candela di inversione bull"", ""detail"": ""pattern Engulfing""}, {""date"": ""2026-07-24"", ""label"": ""A supporto"", ""detail"": ""prezzo 69.45 al livello 69.76""}, {""date"": ""2026-07-30"", ""label"": ""Rifiuto su EMA50"", ""detail"": ""ritorno alla media e rifiuto nel verso del trend"", ""kind"": ""confirmation""}], ""factors"": {""candle_strength"": 0.96100431480727, ""at_level"": 1.0, ""confirmation_count"": 0.3333333333333333}, ""invalidation"": {""level"": 69.76, ""reason"": ""rottura del supporto""}, ""sources"": [""Nison - candlestick reversals confirmed at support/resistance""], ""annotations"": {""levels"": [{""label"": ""Supporto"", ""price"": 69.76, ""kind"": ""support""}, {""label"": ""Stop / invalidazione"", ""price"": 69.76, ""kind"": ""stop""}], ""points"": []}, ""atr"": 1.8655201787653493, ""horizon"": ""short"", ""regime_at_fire"": ""bull"", ""first_emitted_at"": ""2026-08-02T23:34:26.864386+00:00""}",5,70.8,69.45,-0.01906779661016944,0,0,-0.027329251828605308,2026-08-02 23:35:22.928610+00:00
19121,342,DHR,candle_reversal,2026-08-18,bear,215.9700,2026-08-26 16:35:35.231537+00:00,2026-08-26 16:43:39.025316+00:00,,18580,"{""tone"": ""bear"", ""strength"": 81, ""probability"": 49, ""chain"": [{""date"": ""2026-08-18"", ""label"": ""Candela di inversione bear"", ""detail"": ""pattern Engulfing""}, {""date"": ""2026-08-18"", ""label"": ""A resistenza"", ""detail"": ""prezzo 215.97 al livello 214.01""}, {""date"": ""2026-08-18"", ""label"": ""MACD cross ribassista"", ""detail"": ""incrocio MACD nel verso del segnale"", ""kind"": ""confirmation""}], ""factors"": {""candle_strength"": 0.806684084421251, ""at_level"": 1.0, ""confirmation_count"": 0.3333333333333333}, ""invalidation"": {""level"": 214.01, ""reason"": ""rottura del resistenza""}, ""sources"": [""Nison - candlestick reversals confirmed at support/resistance""], ""annotations"": {""levels"": [{""label"": ""Resistenza"", ""price"": 214.01, ""kind"": ""resistance""}, {""label"": ""Stop / invalidazione"", ""price"": 214.01, ""kind"": ""stop""}], ""points"": []}, ""atr"": 6.652850485848224, ""horizon"": ""short"", ""regime_at_fire"": ""bull"", ""first_emitted_at"": ""2026-08-26T16:35:35.416475+00:00""}",5,199.580002,215.970001,0.08212245132656126,0,0,-0.07399955116624446,2026-08-26 16:43:24.478675+00:00
15924,655,VTR,candle_reversal,2026-07-09,bear,95.0400,2026-07-17 14:52:28.983547+00:00,2026-07-17 14:57:34.519304+00:00,,15544,"{""tone"": ""bear"", ""strength"": 61, ""probability"": 49, ""chain"": [{""date"": ""2026-07-07"", ""label"": ""RSI ipercomprato"", ""detail"": ""estremo RSI a conferma del segnale"", ""kind"": ""confirmation""}, {""date"": ""2026-07-09"", ""label"": ""Candela di inversione bear"", ""detail"": ""pattern Shooting star""}, {""date"": ""2026-07-09"", ""label"": ""A resistenza"", ""detail"": ""prezzo 95.04 al livello 94.60""}], ""factors"": {""candle_strength"": 0.6110169491525395, ""at_level"": 1.0, ""confirmation_count"": 0.3333333333333333}, ""invalidation"": {""level"": 94.6, ""reason"": ""rottura del resistenza""}, ""sources"": [""Nison - candlestick reversals confirmed at support/resistance""], ""annotations"": {""levels"": [{""label"": ""Resistenza"", ""price"": 94.6, ""kind"": ""resistance""}, {""label"": ""Stop / invalidazione"", ""price"": 94.6, ""kind"": ""stop""}], ""points"": []}, ""atr"": 2.0919102248613073, ""horizon"": ""short"", ""regime_at_fire"": ""bull"", ""first_emitted_at"": ""2026-07-17T14:52:29.180376+00:00""}",5,91.74,95.04,0.035971223021582954,0,0,-0.03355966253138336,2026-07-17 14:57:21.149384+00:00
19795,434,HPE,candle_reversal,2026-08-26,bull,51.8300,2026-09-03 10:20:19.519484+00:00,2026-09-03 10:23:48.476684+00:00,,19437,"{""tone"": ""bull"", ""strength"": 74, ""probability"": 49, ""chain"": [{""date"": ""2026-08-24"", ""label"": ""Higher-low confermato"", ""detail"": ""struttura a conferma della continuazione"", ""kind"": ""confirmation""}, {""date"": ""2026-08-26"", ""label"": ""Candela di inversione bull"", ""detail"": ""pattern Engulfing""}, {""date"": ""2026-08-26"", ""label"": ""A supporto"", ""detail"": ""prezzo 51.83 al livello 51.30""}], ""factors"": {""candle_strength"": 0.7353647733486666, ""at_level"": 1.0, ""confirmation_count"": 0.3333333333333333}, ""invalidation"": {""level"": 51.299999, ""reason"": ""rottura del supporto""}, ""sources"": [""Nison - candlestick reversals confirmed at support/resistance""], ""annotations"": {""levels"": [{""label"": ""Supporto"", ""price"": 51.299999, ""kind"": ""support""}, {""label"": ""Stop / invalidazione"", ""price"": 51.299999, ""kind"": ""stop""}], ""points"": []}, ""atr"": 2.6729406554963444, ""horizon"": ""short"", ""regime_at_fire"": ""bull"", ""first_emitted_at"": ""2026-09-03T10:20:19.743264+00:00""}",5,55.23,51.830002,-0.061560709759188814,0,0,-0.04615961885009778,2026-09-03 10:23:29.130711+00:00
20035,386,EVRG,candle_reversal,2026-08-28,bear,81.5400,2026-09-07 10:56:20.529596+00:00,2026-09-07 10:59:53.412962+00:00,,19351,"{""tone"": ""bear"", ""strength"": 73, ""probability"": 49, ""chain"": [{""date"": ""2026-08-21"", ""label"": ""Rifiuto su EMA50"", ""detail"": ""ritorno alla media e rifiuto nel verso del trend"", ""kind"": ""confirmation""}, {""date"": ""2026-08-21"", ""label"": ""MACD cross ribassista"", ""detail"": ""incrocio MACD nel verso del segnale"", ""kind"": ""confirmation""}, {""date"": ""2026-08-28"", ""label"": ""Candela di inversione bear"", ""detail"": ""pattern Engulfing""}, {""date"": ""2026-08-28"", ""label"": ""A resistenza"", ""detail"": ""prezzo 81.54 al livello 83.19""}], ""factors"": {""candle_strength"": 0.7292212177449997, ""at_level"": 1.0, ""confirmation_count"": 0.6666666666666666}, ""invalidation"": {""level"": 83.19, ""reason"": ""rottura del resistenza""}, ""sources"": [""Nison - candlestick reversals confirmed at support/resistance""], ""annotations"": {""levels"": [{""label"": ""Resistenza"", ""price"": 83.19, ""kind"": ""resistance""}, {""label"": ""Stop / invalidazione"", ""price"": 83.19, ""kind"": ""stop""}], ""points"": []}, ""atr"": 1.3525859438189198, ""horizon"": ""short"", ""regime_at_fire"": ""bull"", ""first_emitted_at"": ""2026-09-07T10:56:20.943668+00:00""}",5,80.650002,81.540001,0.011035325206811608,0,0,-0.01524289883935026,2026-09-07 10:59:38.745808+00:00
20036,397,FAST,candle_reversal,2026-08-28,bear,49.6000,2026-09-07 10:56:21.601666+00:00,2026-09-07 10:59:53.412962+00:00,,19352,"{""tone"": ""bear"", ""strength"": 88, ""probability"": 49, ""chain"": [{""date"": ""2026-08-24"", ""label"": ""Lower-high confermato"", ""detail"": ""struttura a conferma della continuazione"", ""kind"": ""confirmation""}, {""date"": ""2026-08-28"", ""label"": ""Candela di inversione bear"", ""detail"": ""pattern Engulfing""}, {""date"": ""2026-08-28"", ""label"": ""A resistenza"", ""detail"": ""prezzo 49.60 al livello 49.67""}, {""date"": ""2026-09-02"", ""label"": ""Rifiuto su EMA50"", ""detail"": ""ritorno alla media e rifiuto nel verso del trend"", ""kind"": ""confirmation""}], ""factors"": {""candle_strength"": 0.8832311106860662, ""at_level"": 1.0, ""confirmation_count"": 0.6666666666666666}, ""invalidation"": {""level"": 49.67, ""reason"": ""rottura del resistenza""}, ""sources"": [""Nison - candlestick reversals confirmed at support/resistance""], ""annotations"": {""levels"": [{""label"": ""Resistenza"", ""price"": 49.67, ""kind"": ""resistance""}, {""label"": ""Stop / invalidazione"", ""price"": 49.67, ""kind"": ""stop""}], ""points"": []}, ""atr"": 1.142162366897672, ""horizon"": ""short"", ""regime_at_fire"": ""bull"", ""first_emitted_at"": ""2026-09-07T10:56:22.643619+00:00""}",5,49.779999,49.599998,-0.0036159301650446896,1,0,-0.000591643467493963,2026-09-07 10:59:38.745808+00:00
18281,1979,OVV,candle_reversal,2026-08-05,bear,63.2000,2026-08-13 18:35:15.783896+00:00,2026-08-13 18:46:04.525765+00:00,,17834,"{""tone"": ""bear"", ""strength"": 88, ""probability"": 49, ""chain"": [{""date"": ""2026-08-05"", ""label"": ""Candela di inversione bear"", ""detail"": ""pattern Engulfing""}, {""date"": ""2026-08-05"", ""label"": ""A resistenza"", ""detail"": ""prezzo 63.20 al livello 63.46""}, {""date"": ""2026-08-05"", ""label"": ""MACD cross ribassista"", ""detail"": ""incrocio MACD nel verso del segnale"", ""kind"": ""confirmation""}], ""factors"": {""candle_strength"": 0.8823794146251802, ""at_level"": 1.0, ""confirmation_count"": 0.3333333333333333}, ""invalidation"": {""level"": 63.46, ""reason"": ""rottura del resistenza""}, ""sources"": [""Nison - candlestick reversals confirmed at support/resistance""], ""annotations"": {""levels"": [{""label"": ""Resistenza"", ""price"": 63.46, ""kind"": ""resistance""}, {""label"": ""Stop / invalidazione"", ""price"": 63.46, ""kind"": ""stop""}], ""points"": []}, ""atr"": 2.017872458492034, ""horizon"": ""short"", ""regime_at_fire"": ""bull"", ""first_emitted_at"": ""2026-08-13T18:35:16.154904+00:00""}",5,57.959999,63.200001,0.09040721343007618,0,0,-0.08124196169842994,2026-08-13 18:45:48.245183+00:00
18255,463,JBL,candle_reversal,2026-08-05,bear,366.1600,2026-08-13 18:33:04.322765+00:00,2026-08-13 18:46:04.525765+00:00,,18189,"{""tone"": ""bear"", ""strength"": 62, ""probability"": 49, ""chain"": [{""date"": ""2026-07-31"", ""label"": ""Rifiuto su EMA50"", ""detail"": ""ritorno alla media e rifiuto nel verso del trend"", ""kind"": ""confirmation""}, {""date"": ""2026-08-05"", ""label"": ""Candela di inversione bear"", ""detail"": ""pattern Shooting star""}, {""date"": ""2026-08-05"", ""label"": ""A resistenza"", ""detail"": ""prezzo 366.16 al livello 372.37""}], ""factors"": {""candle_strength"": 0.6215795789473664, ""at_level"": 1.0, ""confirmation_count"": 0.3333333333333333}, ""invalidation"": {""level"": 372.37, ""reason"": ""rottura del resistenza""}, ""sources"": [""Nison - candlestick reversals confirmed at support/resistance""], ""annotations"": {""levels"": [{""label"": ""Resistenza"", ""price"": 372.37, ""kind"": ""resistance""}, {""label"": ""Stop / invalidazione"", ""price"": 372.37, ""kind"": ""stop""}], ""points"": []}, ""atr"": 16.707963352898382, ""horizon"": ""short"", ""regime_at_fire"": ""bull"", ""first_emitted_at"": ""2026-08-13T18:33:04.888697+00:00""}",5,338.619995,366.160004,0.08133013232133557,0,0,-0.07216488058968933,2026-08-13 18:45:48.245183+00:00
19526,577,Q,candle_reversal,2026-08-24,bull,119.4300,2026-09-01 16:00:14.254045+00:00,2026-09-01 16:02:57.944626+00:00,,18968,"{""tone"": ""bull"", ""strength"": 69, ""probability"": 49, ""chain"": [{""date"": ""2026-08-20"", ""label"": ""Volume sulla salita"", ""detail"": ""volume sopra la media nel verso del segnale"", ""kind"": ""confirmation""}, {""date"": ""2026-08-24"", ""label"": ""Candela di inversione bull"", ""detail"": ""pattern Hammer""}, {""date"": ""2026-08-24"", ""label"": ""A supporto"", ""detail"": ""prezzo 119.43 al livello 122.67""}], ""factors"": {""candle_strength"": 0.687327007368902, ""at_level"": 1.0, ""confirmation_count"": 0.3333333333333333}, ""invalidation"": {""level"": 122.669998, ""reason"": ""rottura del supporto""}, ""sources"": [""Nison - candlestick reversals confirmed at support/resistance""], ""annotations"": {""levels"": [{""label"": ""Supporto"", ""price"": 122.669998, ""kind"": ""support""}, {""label"": ""Stop / invalidazione"", ""price"": 122.669998, ""kind"": ""stop""}], ""points"": []}, ""atr"": 6.30320539498496, ""horizon"": ""short"", ""regime_at_fire"": ""bear"", ""first_emitted_at"": ""2026-09-01T16:00:15.103539+00:00""}",5,126.239998,119.43,-0.05394485193195264,0,0,-0.0431204928706031,2026-09-01 16:02:43.480215+00:00
19527,570,PRU,candle_reversal,2026-08-24,bull,117.6000,2026-09-01 16:00:17.653580+00:00,2026-09-01 16:02:57.944626+00:00,,19112,"{""tone"": ""bull"", ""strength"": 80, ""probability"": 49, ""chain"": [{""date"": ""2026-08-24"", ""label"": ""Candela di inversione bull"", ""detail"": ""pattern Engulfing""}, {""date"": ""2026-08-24"", ""label"": ""A supporto"", ""detail"": ""prezzo 117.60 al livello 117.63""}, {""date"": ""2026-08-28"", ""label"": ""Trend ADX in rafforzamento"", ""detail"": ""ADX conferma la forza del trend"", ""kind"": ""confirmation""}], ""factors"": {""candle_strength"": 0.7959531337657818, ""at_level"": 1.0, ""confirmation_count"": 0.3333333333333333}, ""invalidation"": {""level"": 117.629997, ""reason"": ""rottura del supporto""}, ""sources"": [""Nison - candlestick reversals confirmed at support/resistance""], ""annotations"": {""levels"": [{""label"": ""Supporto"", ""price"": 117.629997, ""kind"": ""support""}, {""label"": ""Stop / invalidazione"", ""price"": 117.629997, ""kind"": ""stop""}], ""points"": []}, ""atr"": 2.3340004101885903, ""horizon"": ""short"", ""regime_at_fire"": ""bull"", ""first_emitted_at"": ""2026-09-01T16:00:18.544116+00:00""}",5,122.669998,117.599998,-0.04133039930431892,0,0,-0.03050604024296938,2026-09-01 16:02:43.480215+00:00
17411,380,EQIX,candle_reversal,2026-07-27,bear,1031.4399,2026-08-03 21:45:03.540462+00:00,2026-08-04 10:07:09.686251+00:00,,16661,"{""tone"": ""bear"", ""strength"": 65, ""probability"": 49, ""chain"": [{""date"": ""2026-07-27"", ""label"": ""Candela di inversione bear"", ""detail"": ""pattern Engulfing""}, {""date"": ""2026-07-27"", ""label"": ""A resistenza"", ""detail"": ""prezzo 1031.44 al livello 1054.54""}, {""date"": ""2026-07-29"", ""label"": ""Rifiuto su EMA50"", ""detail"": ""ritorno alla media e rifiuto nel verso del trend"", ""kind"": ""confirmation""}], ""factors"": {""candle_strength"": 0.6549852037332116, ""at_level"": 1.0, ""confirmation_count"": 0.3333333333333333}, ""invalidation"": {""level"": 1054.54, ""reason"": ""rottura del resistenza""}, ""sources"": [""Nison - candlestick reversals confirmed at support/resistance""], ""annotations"": {""levels"": [{""label"": ""Resistenza"", ""price"": 1054.54, ""kind"": ""resistance""}, {""label"": ""Stop / invalidazione"", ""price"": 1054.54, ""kind"": ""stop""}], ""points"": []}, ""atr"": 33.9727214254825, ""horizon"": ""short"", ""regime_at_fire"": ""bull"", ""first_emitted_at"": ""2026-08-03T21:45:04.292351+00:00""}",5,1046.79,1031.439941,-0.014663933549231345,1,1,0.02509158951610498,2026-08-03 21:47:37.194385+00:00
20043,386,EVRG,candle_reversal,2026-08-28,bear,81.5400,2026-09-07 18:32:24.434045+00:00,2026-09-07 18:42:25.745610+00:00,,19351,"{""tone"": ""bear"", ""strength"": 73, ""probability"": 49, ""chain"": [{""date"": ""2026-08-21"", ""label"": ""Rifiuto su EMA50"", ""detail"": ""ritorno alla media e rifiuto nel verso del trend"", ""kind"": ""confirmation""}, {""date"": ""2026-08-21"", ""label"": ""MACD cross ribassista"", ""detail"": ""incrocio MACD nel verso del segnale"", ""kind"": ""confirmation""}, {""date"": ""2026-08-28"", ""label"": ""Candela di inversione bear"", ""detail"": ""pattern Engulfing""}, {""date"": ""2026-08-28"", ""label"": ""A resistenza"", ""detail"": ""prezzo 81.54 al livello 83.19""}], ""factors"": {""candle_strength"": 0.7292212177449997, ""at_level"": 1.0, ""confirmation_count"": 0.6666666666666666}, ""invalidation"": {""level"": 83.19, ""reason"": ""rottura del resistenza""}, ""sources"": [""Nison - candlestick reversals confirmed at support/resistance""], ""annotations"": {""levels"": [{""label"": ""Resistenza"", ""price"": 83.19, ""kind"": ""resistance""}, {""label"": ""Stop / invalidazione"", ""price"": 83.19, ""kind"": ""stop""}], ""points"": []}, ""atr"": 1.3525859438189198, ""horizon"": ""short"", ""regime_at_fire"": ""bull"", ""first_emitted_at"": ""2026-09-07T18:32:24.614196+00:00""}",5,80.650002,81.540001,0.011035325206811608,0,0,-0.016761568240593716,2026-09-07 18:42:10.622325+00:00
20088,113,IBE.MC,candle_reversal,2026-08-31,bear,19.8300,2026-09-08 11:31:06.437427+00:00,2026-09-08 11:39:03.669216+00:00,,19411,"{""tone"": ""bear"", ""strength"": 87, ""probability"": 49, ""chain"": [{""date"": ""2026-08-28"", ""label"": ""Lower-high confermato"", ""detail"": ""struttura a conferma della continuazione"", ""kind"": ""confirmation""}, {""date"": ""2026-08-31"", ""label"": ""Candela di inversione bear"", ""detail"": ""pattern Engulfing""}, {""date"": ""2026-08-31"", ""label"": ""A resistenza"", ""detail"": ""prezzo 19.83 al livello 20.05""}, {""date"": ""2026-09-01"", ""label"": ""MACD cross ribassista"", ""detail"": ""incrocio MACD nel verso del segnale"", ""kind"": ""confirmation""}, {""date"": ""2026-09-07"", ""label"": ""Trend ADX in rafforzamento"", ""detail"": ""ADX conferma la forza del trend"", ""kind"": ""confirmation""}], ""factors"": {""candle_strength"": 0.872463358536328, ""at_level"": 1.0, ""confirmation_count"": 1.0}, ""invalidation"": {""level"": 20.05, ""reason"": ""rottura del resistenza""}, ""sources"": [""Nison - candlestick reversals confirmed at support/resistance""], ""annotations"": {""levels"": [{""label"": ""Resistenza"", ""price"": 20.05, ""kind"": ""resistance""}, {""label"": ""Stop / invalidazione"", ""price"": 20.05, ""kind"": ""stop""}], ""points"": []}, ""atr"": 0.26543709072009347, ""horizon"": ""short"", ""regime_at_fire"": ""bull"", ""first_emitted_at"": ""2026-09-08T11:31:07.502023+00:00""}",5,20.08,19.83,-0.01245019920318724,1,1,0.004993628425286001,2026-09-08 11:38:48.660127+00:00
20087,397,FAST,candle_reversal,2026-08-28,bear,49.6000,2026-09-08 11:30:06.744889+00:00,2026-09-08 11:39:03.669216+00:00,,19352,"{""tone"": ""bear"", ""strength"": 88, ""probability"": 49, ""chain"": [{""date"": ""2026-08-24"", ""label"": ""Lower-high confermato"", ""detail"": ""struttura a conferma della continuazione"", ""kind"": ""confirmation""}, {""date"": ""2026-08-28"", ""label"": ""Candela di inversione bear"", ""detail"": ""pattern Engulfing""}, {""date"": ""2026-08-28"", ""label"": ""A resistenza"", ""detail"": ""prezzo 49.60 al livello 49.67""}, {""date"": ""2026-09-02"", ""label"": ""Rifiuto su EMA50"", ""detail"": ""ritorno alla media e rifiuto nel verso del trend"", ""kind"": ""confirmation""}], ""factors"": {""candle_strength"": 0.8832311106860662, ""at_level"": 1.0, ""confirmation_count"": 0.6666666666666666}, ""invalidation"": {""level"": 49.67, ""reason"": ""rottura del resistenza""}, ""sources"": [""Nison - candlestick reversals confirmed at support/resistance""], ""annotations"": {""levels"": [{""label"": ""Resistenza"", ""price"": 49.67, ""kind"": ""resistance""}, {""label"": ""Stop / invalidazione"", ""price"": 49.67, ""kind"": ""stop""}], ""points"": []}, ""atr"": 1.142162366897672, ""horizon"": ""short"", ""regime_at_fire"": ""bull"", ""first_emitted_at"": ""2026-09-08T11:30:07.992773+00:00""}",5,49.779999,49.599998,-0.0036159301650446896,1,0,-0.0021103128687374184,2026-09-08 11:38:48.660127+00:00
18265,1378,SEDG,gap_and_go,2026-08-05,bear,32.0200,2026-08-13 18:34:18.204902+00:00,2026-08-13 18:46:04.525765+00:00,,17694,"{""tone"": ""bear"", ""strength"": 87, ""probability"": 50, ""chain"": [{""date"": ""2026-07-31"", ""label"": ""Rifiuto su EMA200"", ""detail"": ""ritorno alla media e rifiuto nel verso del trend"", ""kind"": ""confirmation""}, {""date"": ""2026-08-04"", ""label"": ""Lower-high confermato"", ""detail"": ""struttura a conferma della continuazione"", ""kind"": ""confirmation""}, {""date"": ""2026-08-05"", ""label"": ""Gap bear"", ""detail"": ""apertura in gap del -18.1%""}, {""date"": ""2026-08-05"", ""label"": ""Conferma volume"", ""detail"": ""7.5x la media: gap partecipato""}, {""date"": ""2026-08-05"", ""label"": ""MACD cross ribassista"", ""detail"": ""incrocio MACD nel verso del segnale"", ""kind"": ""confirmation""}, {""date"": ""2026-08-12"", ""label"": ""Candela di rifiuto"", ""detail"": ""pattern engulfing"", ""kind"": ""confirmation""}], ""factors"": {""gap_size"": 0.9658567215922773, ""volume_strength"": 0.7458174829351059, ""trend_alignment"": 1.0, ""confirmation_count"": 1.0}, ""invalidation"": null, ""sources"": [""Gap taxonomy (breakaway vs exhaustion) + volume confirmation""], ""annotations"": {""levels"": [], ""points"": []}, ""atr"": 4.264448658012207, ""horizon"": ""short"", ""regime_at_fire"": ""bear"", ""first_emitted_at"": ""2026-08-13T18:34:18.581472+00:00""}",5,33.900002,32.02,-0.05545728286387708,1,1,0.06462253459552332,2026-08-13 18:45:48.245183+00:00
20077,201,0027.HK,candle_reversal,2026-09-01,bear,33.7200,2026-09-08 09:37:51.597060+00:00,2026-09-09 08:57:54.490977+00:00,,19481,"{""tone"": ""bear"", ""strength"": 85, ""probability"": 49, ""chain"": [{""date"": ""2026-08-26"", ""label"": ""MACD cross ribassista"", ""detail"": ""incrocio MACD nel verso del segnale"", ""kind"": ""confirmation""}, {""date"": ""2026-08-27"", ""label"": ""Rifiuto su EMA200"", ""detail"": ""ritorno alla media e rifiuto nel verso del trend"", ""kind"": ""confirmation""}, {""date"": ""2026-09-01"", ""label"": ""Candela di inversione bear"", ""detail"": ""pattern Engulfing""}, {""date"": ""2026-09-01"", ""label"": ""A resistenza"", ""detail"": ""prezzo 33.72 al livello 34.08""}, {""date"": ""2026-09-08"", ""label"": ""Trend ADX in rafforzamento"", ""detail"": ""ADX conferma la forza del trend"", ""kind"": ""confirmation""}], ""factors"": {""candle_strength"": 0.8526295783300267, ""at_level"": 1.0, ""confirmation_count"": 1.0}, ""invalidation"": {""level"": 34.08, ""reason"": ""rottura del resistenza""}, ""sources"": [""Nison - candlestick reversals confirmed at support/resistance""], ""annotations"": {""levels"": [{""label"": ""Resistenza"", ""price"": 34.08, ""kind"": ""resistance""}, {""label"": ""Stop / invalidazione"", ""price"": 34.08, ""kind"": ""stop""}], ""points"": []}, ""atr"": 0.8154391415673875, ""horizon"": ""short"", ""regime_at_fire"": ""bear"", ""first_emitted_at"": ""2026-09-08T09:37:52.748019+00:00""}",5,33.080002,33.720001,0.019347006085429053,0,0,-0.02788484419146775,2026-09-08 09:39:04.188598+00:00
16611,457,ISRG,gap_and_go,2026-07-17,bear,337.5000,2026-07-24 21:49:28.745771+00:00,2026-07-25 23:41:01.277612+00:00,,15970,"{""tone"": ""bear"", ""strength"": 62, ""probability"": 50, ""chain"": [{""date"": ""2026-07-14"", ""label"": ""MACD cross ribassista"", ""detail"": ""incrocio MACD nel verso del segnale"", ""kind"": ""confirmation""}, {""date"": ""2026-07-17"", ""label"": ""Gap bear"", ""detail"": ""apertura in gap del -9.3%""}, {""date"": ""2026-07-17"", ""label"": ""Conferma volume"", ""detail"": ""3.9x la media: gap partecipato""}, {""date"": ""2026-07-22"", ""label"": ""Candela di rifiuto"", ""detail"": ""pattern engulfing"", ""kind"": ""confirmation""}, {""date"": ""2026-07-24"", ""label"": ""Trend ADX in rafforzamento"", ""detail"": ""ADX conferma la forza del trend"", ""kind"": ""confirmation""}], ""factors"": {""gap_size"": 0.8848577398739509, ""volume_strength"": 0.5028037326626768, ""trend_alignment"": 1.0, ""confirmation_count"": 1.0}, ""invalidation"": null, ""sources"": [""Gap taxonomy (breakaway vs exhaustion) + volume confirmation""], ""annotations"": {""levels"": [], ""points"": []}, ""atr"": 15.841750427498516, ""horizon"": ""short"", ""regime_at_fire"": ""bear"", ""first_emitted_at"": ""2026-07-24T21:38:30.856544+00:00"", ""amended_at"": ""2026-07-24T21:49:28.744181+00:00"", ""amend_count"": 2}",5,345.42,337.5,-0.022928608650338744,1,1,0.024121583754322145,2026-07-24 21:51:52.799615+00:00
20094,386,EVRG,candle_reversal,2026-08-28,bear,81.5400,2026-09-08 18:18:50.610874+00:00,2026-09-08 18:25:27.946865+00:00,,19351,"{""tone"": ""bear"", ""strength"": 73, ""probability"": 49, ""chain"": [{""date"": ""2026-08-21"", ""label"": ""Rifiuto su EMA50"", ""detail"": ""ritorno alla media e rifiuto nel verso del trend"", ""kind"": ""confirmation""}, {""date"": ""2026-08-21"", ""label"": ""MACD cross ribassista"", ""detail"": ""incrocio MACD nel verso del segnale"", ""kind"": ""confirmation""}, {""date"": ""2026-08-28"", ""label"": ""Candela di inversione bear"", ""detail"": ""pattern Engulfing""}, {""date"": ""2026-08-28"", ""label"": ""A resistenza"", ""detail"": ""prezzo 81.54 al livello 83.19""}], ""factors"": {""candle_strength"": 0.7292212177449997, ""at_level"": 1.0, ""confirmation_count"": 0.6666666666666666}, ""invalidation"": {""level"": 83.19, ""reason"": ""rottura del resistenza""}, ""sources"": [""Nison - candlestick reversals confirmed at support/resistance""], ""annotations"": {""levels"": [{""label"": ""Resistenza"", ""price"": 83.19, ""kind"": ""resistance""}, {""label"": ""Stop / invalidazione"", ""price"": 83.19, ""kind"": ""stop""}], ""points"": []}, ""atr"": 1.3525859438189198, ""horizon"": ""short"", ""regime_at_fire"": ""bull"", ""first_emitted_at"": ""2026-09-08T17:57:41.821276+00:00"", ""amended_at"": ""2026-09-08T18:18:50.608919+00:00"", ""amend_count"": 3}",5,80.650002,81.540001,0.011035325206811608,0,0,-0.016761568240593716,2026-09-08 18:25:12.061270+00:00
16078,1801,CPRX,candle_reversal,2026-07-09,bear,31.4900,2026-07-20 23:33:26.390855+00:00,2026-07-20 23:34:07.039485+00:00,,15898,"{""tone"": ""bear"", ""strength"": 96, ""probability"": 49, ""chain"": [{""date"": ""2026-07-09"", ""label"": ""Candela di inversione bear"", ""detail"": ""pattern Shooting star""}, {""date"": ""2026-07-09"", ""label"": ""A resistenza"", ""detail"": ""prezzo 31.49 al livello 31.50""}, {""date"": ""2026-07-16"", ""label"": ""RSI ipercomprato"", ""detail"": ""estremo RSI a conferma del segnale"", ""kind"": ""confirmation""}], ""factors"": {""candle_strength"": 0.96100431480727, ""at_level"": 1.0, ""confirmation_count"": 0.3333333333333333}, ""invalidation"": {""level"": 31.5, ""reason"": ""rottura del resistenza""}, ""sources"": [""Nison - candlestick reversals confirmed at support/resistance""], ""annotations"": {""levels"": [{""label"": ""Resistenza"", ""price"": 31.5, ""kind"": ""resistance""}, {""label"": ""Stop / invalidazione"", ""price"": 31.5, ""kind"": ""stop""}], ""points"": []}, ""atr"": 0.06777446944275221, ""horizon"": ""short"", ""regime_at_fire"": ""bull"", ""first_emitted_at"": ""2026-07-20T23:33:27.371751+00:00""}",5,31.47,31.49,0.0006355258976802336,0,1,0.001538721730892846,2026-07-20 23:33:52.192702+00:00
15919,1801,CPRX,candle_reversal,2026-07-09,bear,31.4900,2026-07-17 11:56:28.822419+00:00,2026-07-17 11:57:07.274857+00:00,,15898,"{""tone"": ""bear"", ""strength"": 96, ""probability"": 49, ""chain"": [{""date"": ""2026-07-09"", ""label"": ""Candela di inversione bear"", ""detail"": ""pattern Shooting star""}, {""date"": ""2026-07-09"", ""label"": ""A resistenza"", ""detail"": ""prezzo 31.49 al livello 31.50""}, {""date"": ""2026-07-16"", ""label"": ""RSI ipercomprato"", ""detail"": ""estremo RSI a conferma del segnale"", ""kind"": ""confirmation""}], ""factors"": {""candle_strength"": 0.96100431480727, ""at_level"": 1.0, ""confirmation_count"": 0.3333333333333333}, ""invalidation"": {""level"": 31.5, ""reason"": ""rottura del resistenza""}, ""sources"": [""Nison - candlestick reversals confirmed at support/resistance""], ""annotations"": {""levels"": [{""label"": ""Resistenza"", ""price"": 31.5, ""kind"": ""resistance""}, {""label"": ""Stop / invalidazione"", ""price"": 31.5, ""kind"": ""stop""}], ""points"": []}, ""atr"": 0.06777446944275221, ""horizon"": ""short"", ""regime_at_fire"": ""bull"", ""first_emitted_at"": ""2026-07-17T11:56:29.022840+00:00""}",5,31.47,31.49,0.0006355258976802336,0,1,0.00177603459251936,2026-07-17 11:56:54.570452+00:00
17409,380,EQIX,candle_reversal,2026-07-27,bear,1031.4399,2026-08-03 21:33:14.640602+00:00,2026-08-04 10:07:09.686251+00:00,,16661,"{""tone"": ""bear"", ""strength"": 65, ""probability"": 49, ""chain"": [{""date"": ""2026-07-27"", ""label"": ""Candela di inversione bear"", ""detail"": ""pattern Engulfing""}, {""date"": ""2026-07-27"", ""label"": ""A resistenza"", ""detail"": ""prezzo 1031.44 al livello 1054.54""}, {""date"": ""2026-07-29"", ""label"": ""Rifiuto su EMA50"", ""detail"": ""ritorno alla media e rifiuto nel verso del trend"", ""kind"": ""confirmation""}], ""factors"": {""candle_strength"": 0.6549852037332116, ""at_level"": 1.0, ""confirmation_count"": 0.3333333333333333}, ""invalidation"": {""level"": 1054.54, ""reason"": ""rottura del resistenza""}, ""sources"": [""Nison - candlestick reversals confirmed at support/resistance""], ""annotations"": {""levels"": [{""label"": ""Resistenza"", ""price"": 1054.54, ""kind"": ""resistance""}, {""label"": ""Stop / invalidazione"", ""price"": 1054.54, ""kind"": ""stop""}], ""points"": []}, ""atr"": 33.9727214254825, ""horizon"": ""short"", ""regime_at_fire"": ""bull"", ""first_emitted_at"": ""2026-08-03T21:33:15.221956+00:00""}",5,1046.79,1031.439941,-0.014663933549231345,1,1,0.02509158951610498,2026-08-03 21:35:54.260599+00:00
17407,380,EQIX,candle_reversal,2026-07-27,bear,1031.4399,2026-08-03 20:50:53.648368+00:00,2026-08-04 10:07:09.686251+00:00,,16661,"{""tone"": ""bear"", ""strength"": 65, ""probability"": 49, ""chain"": [{""date"": ""2026-07-27"", ""label"": ""Candela di inversione bear"", ""detail"": ""pattern Engulfing""}, {""date"": ""2026-07-27"", ""label"": ""A resistenza"", ""detail"": ""prezzo 1031.44 al livello 1054.54""}, {""date"": ""2026-07-29"", ""label"": ""Rifiuto su EMA50"", ""detail"": ""ritorno alla media e rifiuto nel verso del trend"", ""kind"": ""confirmation""}], ""factors"": {""candle_strength"": 0.6549852037332116, ""at_level"": 1.0, ""confirmation_count"": 0.3333333333333333}, ""invalidation"": {""level"": 1054.54, ""reason"": ""rottura del resistenza""}, ""sources"": [""Nison - candlestick reversals confirmed at support/resistance""], ""annotations"": {""levels"": [{""label"": ""Resistenza"", ""price"": 1054.54, ""kind"": ""resistance""}, {""label"": ""Stop / invalidazione"", ""price"": 1054.54, ""kind"": ""stop""}], ""points"": []}, ""atr"": 33.9727214254825, ""horizon"": ""short"", ""regime_at_fire"": ""bull"", ""first_emitted_at"": ""2026-08-03T20:50:54.853857+00:00""}",5,1046.79,1031.439941,-0.014663933549231345,1,1,0.02509158951610498,2026-08-03 20:56:29.931462+00:00
16504,66,G.MI,candle_reversal,2026-07-16,bull,42.5900,2026-07-24 00:38:26.334010+00:00,2026-07-24 00:44:37.781745+00:00,,15815,"{""tone"": ""bull"", ""strength"": 64, ""probability"": 49, ""chain"": [{""date"": ""2026-07-14"", ""label"": ""Trend ADX in rafforzamento"", ""detail"": ""ADX conferma la forza del trend"", ""kind"": ""confirmation""}, {""date"": ""2026-07-16"", ""label"": ""Candela di inversione bull"", ""detail"": ""pattern Engulfing""}, {""date"": ""2026-07-16"", ""label"": ""A supporto"", ""detail"": ""prezzo 42.59 al livello 41.70""}, {""date"": ""2026-07-16"", ""label"": ""Rifiuto su EMA50"", ""detail"": ""ritorno alla media e rifiuto nel verso del trend"", ""kind"": ""confirmation""}], ""factors"": {""candle_strength"": 0.6436936936936903, ""at_level"": 1.0, ""confirmation_count"": 0.6666666666666666}, ""invalidation"": {""level"": 41.7, ""reason"": ""rottura del supporto""}, ""sources"": [""Nison - candlestick reversals confirmed at support/resistance""], ""annotations"": {""levels"": [{""label"": ""Supporto"", ""price"": 41.7, ""kind"": ""support""}, {""label"": ""Stop / invalidazione"", ""price"": 41.7, ""kind"": ""stop""}], ""points"": []}, ""atr"": 0.6446192264179411, ""horizon"": ""short"", ""regime_at_fire"": ""bull"", ""first_emitted_at"": ""2026-07-24T00:38:26.520066+00:00""}",5,42.08,42.59,0.012119771863118078,1,1,0.01827463000888489,2026-07-24 00:44:24.068133+00:00
16079,88,ABI.BR,candle_reversal,2026-07-13,bear,71.1800,2026-07-20 23:40:21.893074+00:00,2026-07-21 13:40:11.137205+00:00,,15596,"{""tone"": ""bear"", ""strength"": 67, ""probability"": 49, ""chain"": [{""date"": ""2026-07-13"", ""label"": ""Candela di inversione bear"", ""detail"": ""pattern Shooting star""}, {""date"": ""2026-07-13"", ""label"": ""A resistenza"", ""detail"": ""prezzo 71.18 al livello 70.36""}], ""factors"": {""candle_strength"": 0.6692982456140162, ""at_level"": 1.0}, ""invalidation"": {""level"": 70.36, ""reason"": ""rottura del resistenza""}, ""sources"": [""Nison - candlestick reversals confirmed at support/resistance""], ""annotations"": {""levels"": [{""label"": ""Resistenza"", ""price"": 70.36, ""kind"": ""resistance""}, {""label"": ""Stop / invalidazione"", ""price"": 70.36, ""kind"": ""stop""}], ""points"": []}, ""atr"": 1.4416858205625465, ""horizon"": ""short"", ""regime_at_fire"": ""bull"", ""first_emitted_at"": ""2026-07-20T23:40:22.866128+00:00""}",5,69.64,71.18,0.022113727742676614,0,0,-0.027706536949454096,2026-07-20 23:43:21.408148+00:00
20397,77,TIT.MI,candle_reversal,2026-09-03,bull,7.4790,2026-09-10 21:00:53.677592+00:00,2026-09-11 14:13:14.138150+00:00,,19800,"{""tone"": ""bull"", ""strength"": 68, ""probability"": 49, ""chain"": [{""date"": ""2026-09-03"", ""label"": ""Candela di inversione bull"", ""detail"": ""pattern Engulfing""}, {""date"": ""2026-09-03"", ""label"": ""A supporto"", ""detail"": ""prezzo 7.48 al livello 7.65""}, {""date"": ""2026-09-03"", ""label"": ""MACD cross rialzista"", ""detail"": ""incrocio MACD nel verso del segnale"", ""kind"": ""confirmation""}, {""date"": ""2026-09-08"", ""label"": ""Volume sulla salita"", ""detail"": ""volume sopra la media nel verso del segnale"", ""kind"": ""confirmation""}], ""factors"": {""candle_strength"": 0.6810344827586228, ""at_level"": 1.0, ""confirmation_count"": 0.6666666666666666}, ""invalidation"": {""level"": 7.647, ""reason"": ""rottura del supporto""}, ""sources"": [""Nison - candlestick reversals confirmed at support/resistance""], ""annotations"": {""levels"": [{""label"": ""Supporto"", ""price"": 7.647, ""kind"": ""support""}, {""label"": ""Stop / invalidazione"", ""price"": 7.647, ""kind"": ""stop""}], ""points"": []}, ""atr"": 0.1551151696747692, ""horizon"": ""short"", ""regime_at_fire"": ""bull"", ""first_emitted_at"": ""2026-09-10T20:56:58.466133+00:00"", ""amended_at"": ""2026-09-10T21:00:53.675777+00:00"", ""amend_count"": 1}",5,7.763,7.479,-0.036583794924642477,0,0,-0.018867298861650394,2026-09-10 21:09:09.913080+00:00
15918,655,VTR,candle_reversal,2026-07-09,bear,95.0400,2026-07-17 11:55:09.118036+00:00,2026-07-17 11:57:07.274857+00:00,,15544,"{""tone"": ""bear"", ""strength"": 61, ""probability"": 49, ""chain"": [{""date"": ""2026-07-07"", ""label"": ""RSI ipercomprato"", ""detail"": ""estremo RSI a conferma del segnale"", ""kind"": ""confirmation""}, {""date"": ""2026-07-09"", ""label"": ""Candela di inversione bear"", ""detail"": ""pattern Shooting star""}, {""date"": ""2026-07-09"", ""label"": ""A resistenza"", ""detail"": ""prezzo 95.04 al livello 94.60""}], ""factors"": {""candle_strength"": 0.6110169491525395, ""at_level"": 1.0, ""confirmation_count"": 0.3333333333333333}, ""invalidation"": {""level"": 94.6, ""reason"": ""rottura del resistenza""}, ""sources"": [""Nison - candlestick reversals confirmed at support/resistance""], ""annotations"": {""levels"": [{""label"": ""Resistenza"", ""price"": 94.6, ""kind"": ""resistance""}, {""label"": ""Stop / invalidazione"", ""price"": 94.6, ""kind"": ""stop""}], ""points"": []}, ""atr"": 2.0919102248613073, ""horizon"": ""short"", ""regime_at_fire"": ""bull"", ""first_emitted_at"": ""2026-07-17T11:55:09.325284+00:00""}",5,91.74,95.04,0.035971223021582954,0,0,-0.03355966253138336,2026-07-17 11:56:54.570452+00:00
20321,77,TIT.MI,candle_reversal,2026-09-03,bull,7.4790,2026-09-10 19:36:12.776002+00:00,2026-09-11 14:13:14.138150+00:00,,19800,"{""tone"": ""bull"", ""strength"": 68, ""probability"": 49, ""chain"": [{""date"": ""2026-09-03"", ""label"": ""Candela di inversione bull"", ""detail"": ""pattern Engulfing""}, {""date"": ""2026-09-03"", ""label"": ""A supporto"", ""detail"": ""prezzo 7.48 al livello 7.65""}, {""date"": ""2026-09-03"", ""label"": ""MACD cross rialzista"", ""detail"": ""incrocio MACD nel verso del segnale"", ""kind"": ""confirmation""}, {""date"": ""2026-09-08"", ""label"": ""Volume sulla salita"", ""detail"": ""volume sopra la media nel verso del segnale"", ""kind"": ""confirmation""}], ""factors"": {""candle_strength"": 0.6810344827586228, ""at_level"": 1.0, ""confirmation_count"": 0.6666666666666666}, ""invalidation"": {""level"": 7.647, ""reason"": ""rottura del supporto""}, ""sources"": [""Nison - candlestick reversals confirmed at support/resistance""], ""annotations"": {""levels"": [{""label"": ""Supporto"", ""price"": 7.647, ""kind"": ""support""}, {""label"": ""Stop / invalidazione"", ""price"": 7.647, ""kind"": ""stop""}], ""points"": []}, ""atr"": 0.1551151696747692, ""horizon"": ""short"", ""regime_at_fire"": ""bull"", ""first_emitted_at"": ""2026-09-10T19:26:24.743052+00:00"", ""amended_at"": ""2026-09-10T19:36:12.773964+00:00"", ""amend_count"": 1}",5,7.763,7.479,-0.036583794924642477,0,0,-0.018867298861650394,2026-09-10 19:52:41.419149+00:00
17297,422,GPC,candle_reversal,2026-07-24,bull,124.3700,2026-08-03 17:07:40.448446+00:00,2026-08-03 17:14:25.165773+00:00,,16566,"{""tone"": ""bull"", ""strength"": 92, ""probability"": 49, ""chain"": [{""date"": ""2026-07-21"", ""label"": ""Rifiuto su EMA200"", ""detail"": ""ritorno alla media e rifiuto nel verso del trend"", ""kind"": ""confirmation""}, {""date"": ""2026-07-21"", ""label"": ""Higher-low confermato"", ""detail"": ""struttura a conferma della continuazione"", ""kind"": ""confirmation""}, {""date"": ""2026-07-21"", ""label"": ""Volume sulla salita"", ""detail"": ""volume sopra la media nel verso del segnale"", ""kind"": ""confirmation""}, {""date"": ""2026-07-24"", ""label"": ""Candela di inversione bull"", ""detail"": ""pattern Engulfing""}, {""date"": ""2026-07-24"", ""label"": ""A supporto"", ""detail"": ""prezzo 124.37 al livello 124.32""}, {""date"": ""2026-07-31"", ""label"": ""Trend ADX in rafforzamento"", ""detail"": ""ADX conferma la forza del trend"", ""kind"": ""confirmation""}], ""factors"": {""candle_strength"": 0.924500135090478, ""at_level"": 1.0, ""confirmation_count"": 1.0}, ""invalidation"": {""level"": 124.32, ""reason"": ""rottura del supporto""}, ""sources"": [""Nison - candlestick reversals confirmed at support/resistance""], ""annotations"": {""levels"": [{""label"": ""Supporto"", ""price"": 124.32, ""kind"": ""support""}, {""label"": ""Stop / invalidazione"", ""price"": 124.32, ""kind"": ""stop""}], ""points"": []}, ""atr"": 4.477528277537326, ""horizon"": ""short"", ""regime_at_fire"": ""bull"", ""first_emitted_at"": ""2026-08-03T17:07:41.656072+00:00""}",5,124.21,124.370003,0.0012881652040899194,1,0,-0.006973290266825135,2026-08-03 17:14:11.635362+00:00
17001,23,ADBE,candle_reversal,2026-07-22,bear,263.4300,2026-07-30 15:02:47.078178+00:00,2026-07-30 15:13:25.055125+00:00,,16644,"{""tone"": ""bear"", ""strength"": 91, ""probability"": 49, ""chain"": [{""date"": ""2026-07-17"", ""label"": ""Lower-high confermato"", ""detail"": ""struttura a conferma della continuazione"", ""kind"": ""confirmation""}, {""date"": ""2026-07-22"", ""label"": ""Candela di inversione bear"", ""detail"": ""pattern Engulfing""}, {""date"": ""2026-07-22"", ""label"": ""A resistenza"", ""detail"": ""prezzo 263.43 al livello 265.09""}, {""date"": ""2026-07-23"", ""label"": ""Rifiuto su EMA50"", ""detail"": ""ritorno alla media e rifiuto nel verso del trend"", ""kind"": ""confirmation""}], ""factors"": {""candle_strength"": 0.9088494109929783, ""at_level"": 1.0, ""confirmation_count"": 0.6666666666666666}, ""invalidation"": {""level"": 265.09, ""reason"": ""rottura del resistenza""}, ""sources"": [""Nison - candlestick reversals confirmed at support/resistance""], ""annotations"": {""levels"": [{""label"": ""Resistenza"", ""price"": 265.09, ""kind"": ""resistance""}, {""label"": ""Stop / invalidazione"", ""price"": 265.09, ""kind"": ""stop""}], ""points"": []}, ""atr"": 11.640124764278536, ""horizon"": ""short"", ""regime_at_fire"": ""bear"", ""first_emitted_at"": ""2026-07-30T15:02:47.270394+00:00""}",5,218.36,263.43,0.2064022714782927,0,0,-0.2042111350941779,2026-07-30 15:13:09.860093+00:00
20398,77,TIT.MI,candle_reversal,2026-09-03,bull,7.4790,2026-09-10 21:30:08.154287+00:00,2026-09-11 14:13:14.138150+00:00,,19800,"{""tone"": ""bull"", ""strength"": 68, ""probability"": 49, ""chain"": [{""date"": ""2026-09-03"", ""label"": ""Candela di inversione bull"", ""detail"": ""pattern Engulfing""}, {""date"": ""2026-09-03"", ""label"": ""A supporto"", ""detail"": ""prezzo 7.48 al livello 7.65""}, {""date"": ""2026-09-03"", ""label"": ""MACD cross rialzista"", ""detail"": ""incrocio MACD nel verso del segnale"", ""kind"": ""confirmation""}, {""date"": ""2026-09-08"", ""label"": ""Volume sulla salita"", ""detail"": ""volume sopra la media nel verso del segnale"", ""kind"": ""confirmation""}], ""factors"": {""candle_strength"": 0.6810344827586228, ""at_level"": 1.0, ""confirmation_count"": 0.6666666666666666}, ""invalidation"": {""level"": 7.647, ""reason"": ""rottura del supporto""}, ""sources"": [""Nison - candlestick reversals confirmed at support/resistance""], ""annotations"": {""levels"": [{""label"": ""Supporto"", ""price"": 7.647, ""kind"": ""support""}, {""label"": ""Stop / invalidazione"", ""price"": 7.647, ""kind"": ""stop""}], ""points"": []}, ""atr"": 0.1551151696747692, ""horizon"": ""short"", ""regime_at_fire"": ""bull"", ""first_emitted_at"": ""2026-09-10T21:30:08.883246+00:00""}",5,7.763,7.479,-0.036583794924642477,0,0,-0.018867298861650394,2026-09-10 21:33:39.456937+00:00
17002,268,BIIB,candle_reversal,2026-07-22,bear,209.2300,2026-07-30 15:03:13.494010+00:00,2026-07-30 15:13:25.055125+00:00,,16259,"{""tone"": ""bear"", ""strength"": 68, ""probability"": 49, ""chain"": [{""date"": ""2026-07-17"", ""label"": ""Lower-high confermato"", ""detail"": ""struttura a conferma della continuazione"", ""kind"": ""confirmation""}, {""date"": ""2026-07-22"", ""label"": ""Candela di inversione bear"", ""detail"": ""pattern Engulfing""}, {""date"": ""2026-07-22"", ""label"": ""A resistenza"", ""detail"": ""prezzo 209.23 al livello 205.97""}], ""factors"": {""candle_strength"": 0.6750361794500672, ""at_level"": 1.0, ""confirmation_count"": 0.3333333333333333}, ""invalidation"": {""level"": 205.97, ""reason"": ""rottura del resistenza""}, ""sources"": [""Nison - candlestick reversals confirmed at support/resistance""], ""annotations"": {""levels"": [{""label"": ""Resistenza"", ""price"": 205.97, ""kind"": ""resistance""}, {""label"": ""Stop / invalidazione"", ""price"": 205.97, ""kind"": ""stop""}], ""points"": []}, ""atr"": 8.15034277438415, ""horizon"": ""short"", ""regime_at_fire"": ""bull"", ""first_emitted_at"": ""2026-07-30T15:03:14.275908+00:00""}",5,197.74,209.23,0.05810660463234529,0,0,-0.05591546824823048,2026-07-30 15:13:09.860093+00:00
17003,322,CMCSA,candle_reversal,2026-07-22,bear,24.6100,2026-07-30 15:03:22.511620+00:00,2026-07-30 15:13:25.055125+00:00,,16763,"{""tone"": ""bear"", ""strength"": 63, ""probability"": 49, ""chain"": [{""date"": ""2026-07-17"", ""label"": ""Lower-high confermato"", ""detail"": ""struttura a conferma della continuazione"", ""kind"": ""confirmation""}, {""date"": ""2026-07-22"", ""label"": ""Candela di inversione bear"", ""detail"": ""pattern Engulfing""}, {""date"": ""2026-07-22"", ""label"": ""A resistenza"", ""detail"": ""prezzo 24.61 al livello 24.63""}, {""date"": ""2026-07-23"", ""label"": ""Rifiuto su EMA50"", ""detail"": ""ritorno alla media e rifiuto nel verso del trend"", ""kind"": ""confirmation""}, {""date"": ""2026-07-23"", ""label"": ""MACD cross ribassista"", ""detail"": ""incrocio MACD nel verso del segnale"", ""kind"": ""confirmation""}], ""factors"": {""candle_strength"": 0.6342105263157876, ""at_level"": 1.0, ""confirmation_count"": 1.0}, ""invalidation"": {""level"": 24.63, ""reason"": ""rottura del resistenza""}, ""sources"": [""Nison - candlestick reversals confirmed at support/resistance""], ""annotations"": {""levels"": [{""label"": ""Resistenza"", ""price"": 24.63, ""kind"": ""resistance""}, {""label"": ""Stop / invalidazione"", ""price"": 24.63, ""kind"": ""stop""}], ""points"": []}, ""atr"": 0.9398012425988125, ""horizon"": ""short"", ""regime_at_fire"": ""bear"", ""first_emitted_at"": ""2026-07-30T15:03:23.484222+00:00""}",5,23.52,24.61,0.046343537414965885,0,0,-0.04415240103085107,2026-07-30 15:13:09.860093+00:00
17004,408,FOXA,candle_reversal,2026-07-22,bear,58.9500,2026-07-30 15:03:40.639830+00:00,2026-07-30 15:13:25.055125+00:00,,16274,"{""tone"": ""bear"", ""strength"": 81, ""probability"": 49, ""chain"": [{""date"": ""2026-07-22"", ""label"": ""Candela di inversione bear"", ""detail"": ""pattern Engulfing""}, {""date"": ""2026-07-22"", ""label"": ""A resistenza"", ""detail"": ""prezzo 58.95 al livello 58.92""}, {""date"": ""2026-07-22"", ""label"": ""Rifiuto su EMA50"", ""detail"": ""ritorno alla media e rifiuto nel verso del trend"", ""kind"": ""confirmation""}], ""factors"": {""candle_strength"": 0.8067114093959734, ""at_level"": 1.0, ""confirmation_count"": 0.3333333333333333}, ""invalidation"": {""level"": 58.925, ""reason"": ""rottura del resistenza""}, ""sources"": [""Nison - candlestick reversals confirmed at support/resistance""], ""annotations"": {""levels"": [{""label"": ""Resistenza"", ""price"": 58.925, ""kind"": ""resistance""}, {""label"": ""Stop / invalidazione"", ""price"": 58.925, ""kind"": ""stop""}], ""points"": []}, ""atr"": 1.8407684538983224, ""horizon"": ""short"", ""regime_at_fire"": ""bear"", ""first_emitted_at"": ""2026-07-30T15:03:40.828223+00:00""}",5,56.45,58.95,0.04428697962798944,0,0,-0.04209584324387463,2026-07-30 15:13:09.860093+00:00
16003,1801,CPRX,candle_reversal,2026-07-09,bear,31.4900,2026-07-18 11:01:08.240028+00:00,2026-07-18 11:02:07.336686+00:00,,15898,"{""tone"": ""bear"", ""strength"": 96, ""probability"": 49, ""chain"": [{""date"": ""2026-07-09"", ""label"": ""Candela di inversione bear"", ""detail"": ""pattern Shooting star""}, {""date"": ""2026-07-09"", ""label"": ""A resistenza"", ""detail"": ""prezzo 31.49 al livello 31.50""}, {""date"": ""2026-07-16"", ""label"": ""RSI ipercomprato"", ""detail"": ""estremo RSI a conferma del segnale"", ""kind"": ""confirmation""}], ""factors"": {""candle_strength"": 0.96100431480727, ""at_level"": 1.0, ""confirmation_count"": 0.3333333333333333}, ""invalidation"": {""level"": 31.5, ""reason"": ""rottura del resistenza""}, ""sources"": [""Nison - candlestick reversals confirmed at support/resistance""], ""annotations"": {""levels"": [{""label"": ""Resistenza"", ""price"": 31.5, ""kind"": ""resistance""}, {""label"": ""Stop / invalidazione"", ""price"": 31.5, ""kind"": ""stop""}], ""points"": []}, ""atr"": 0.06777446944275221, ""horizon"": ""short"", ""regime_at_fire"": ""bull"", ""first_emitted_at"": ""2026-07-18T11:01:08.429382+00:00""}",5,31.47,31.49,0.0006355258976802336,0,1,0.001538721730892846,2026-07-18 11:01:54.153531+00:00
17005,537,NRG,candle_reversal,2026-07-22,bull,124.2300,2026-07-30 15:03:59.988082+00:00,2026-07-30 15:13:25.055125+00:00,,16286,"{""tone"": ""bull"", ""strength"": 83, ""probability"": 49, ""chain"": [{""date"": ""2026-07-22"", ""label"": ""Candela di inversione bull"", ""detail"": ""pattern Engulfing""}, {""date"": ""2026-07-22"", ""label"": ""A supporto"", ""detail"": ""prezzo 124.23 al livello 127.11""}, {""date"": ""2026-07-23"", ""label"": ""Rifiuto su EMA50"", ""detail"": ""ritorno alla media e rifiuto nel verso del trend"", ""kind"": ""confirmation""}, {""date"": ""2026-07-23"", ""label"": ""MACD cross rialzista"", ""detail"": ""incrocio MACD nel verso del segnale"", ""kind"": ""confirmation""}], ""factors"": {""candle_strength"": 0.827250351617437, ""at_level"": 1.0, ""confirmation_count"": 0.6666666666666666}, ""invalidation"": {""level"": 127.11, ""reason"": ""rottura del supporto""}, ""sources"": [""Nison - candlestick reversals confirmed at support/resistance""], ""annotations"": {""levels"": [{""label"": ""Supporto"", ""price"": 127.11, ""kind"": ""support""}, {""label"": ""Stop / invalidazione"", ""price"": 127.11, ""kind"": ""stop""}], ""points"": []}, ""atr"": 5.903300539265516, ""horizon"": ""short"", ""regime_at_fire"": ""bear"", ""first_emitted_at"": ""2026-07-30T15:04:00.579940+00:00""}",5,139.98,124.23,-0.11251607372481776,0,0,-0.11470721010893256,2026-07-30 15:13:09.860093+00:00
16981,23,ADBE,candle_reversal,2026-07-22,bear,263.4300,2026-07-30 09:23:02.053524+00:00,2026-07-30 09:30:08.455338+00:00,,16644,"{""tone"": ""bear"", ""strength"": 91, ""probability"": 49, ""chain"": [{""date"": ""2026-07-17"", ""label"": ""Lower-high confermato"", ""detail"": ""struttura a conferma della continuazione"", ""kind"": ""confirmation""}, {""date"": ""2026-07-22"", ""label"": ""Candela di inversione bear"", ""detail"": ""pattern Engulfing""}, {""date"": ""2026-07-22"", ""label"": ""A resistenza"", ""detail"": ""prezzo 263.43 al livello 265.09""}, {""date"": ""2026-07-23"", ""label"": ""Rifiuto su EMA50"", ""detail"": ""ritorno alla media e rifiuto nel verso del trend"", ""kind"": ""confirmation""}], ""factors"": {""candle_strength"": 0.9088494109929783, ""at_level"": 1.0, ""confirmation_count"": 0.6666666666666666}, ""invalidation"": {""level"": 265.09, ""reason"": ""rottura del resistenza""}, ""sources"": [""Nison - candlestick reversals confirmed at support/resistance""], ""annotations"": {""levels"": [{""label"": ""Resistenza"", ""price"": 265.09, ""kind"": ""resistance""}, {""label"": ""Stop / invalidazione"", ""price"": 265.09, ""kind"": ""stop""}], ""points"": []}, ""atr"": 11.640124764278536, ""horizon"": ""short"", ""regime_at_fire"": ""bear"", ""first_emitted_at"": ""2026-07-30T09:23:02.244319+00:00""}",5,218.36,263.43,0.2064022714782927,0,0,-0.2042111350941779,2026-07-30 09:29:53.657323+00:00
15998,1801,CPRX,candle_reversal,2026-07-09,bear,31.4900,2026-07-18 10:50:53.398112+00:00,2026-07-18 11:02:07.336686+00:00,,15898,"{""tone"": ""bear"", ""strength"": 96, ""probability"": 49, ""chain"": [{""date"": ""2026-07-09"", ""label"": ""Candela di inversione bear"", ""detail"": ""pattern Shooting star""}, {""date"": ""2026-07-09"", ""label"": ""A resistenza"", ""detail"": ""prezzo 31.49 al livello 31.50""}, {""date"": ""2026-07-16"", ""label"": ""RSI ipercomprato"", ""detail"": ""estremo RSI a conferma del segnale"", ""kind"": ""confirmation""}], ""factors"": {""candle_strength"": 0.96100431480727, ""at_level"": 1.0, ""confirmation_count"": 0.3333333333333333}, ""invalidation"": {""level"": 31.5, ""reason"": ""rottura del resistenza""}, ""sources"": [""Nison - candlestick reversals confirmed at support/resistance""], ""annotations"": {""levels"": [{""label"": ""Resistenza"", ""price"": 31.5, ""kind"": ""resistance""}, {""label"": ""Stop / invalidazione"", ""price"": 31.5, ""kind"": ""stop""}], ""points"": []}, ""atr"": 0.06777446944275221, ""horizon"": ""short"", ""regime_at_fire"": ""bull"", ""first_emitted_at"": ""2026-07-18T10:50:53.591345+00:00""}",5,31.47,31.49,0.0006355258976802336,0,1,0.001538721730892846,2026-07-18 11:01:54.153531+00:00
17006,627,TEL,gap_and_go,2026-07-22,bear,206.9500,2026-07-30 15:04:16.104413+00:00,2026-07-30 15:13:25.055125+00:00,,16335,"{""tone"": ""bear"", ""strength"": 61, ""probability"": 50, ""chain"": [{""date"": ""2026-07-20"", ""label"": ""Rifiuto su EMA50"", ""detail"": ""ritorno alla media e rifiuto nel verso del trend"", ""kind"": ""confirmation""}, {""date"": ""2026-07-22"", ""label"": ""Gap bear"", ""detail"": ""apertura in gap del -4.6%""}, {""date"": ""2026-07-22"", ""label"": ""Conferma volume"", ""detail"": ""3.8x la media: gap partecipato""}], ""factors"": {""gap_size"": 0.7131357351322893, ""volume_strength"": 0.49171150067538505, ""trend_alignment"": 1.0, ""confirmation_count"": 0.3333333333333333}, ""invalidation"": null, ""sources"": [""Gap taxonomy (breakaway vs exhaustion) + volume confirmation""], ""annotations"": {""levels"": [], ""points"": []}, ""atr"": 7.733454896304019, ""horizon"": ""short"", ""regime_at_fire"": ""bear"", ""first_emitted_at"": ""2026-07-30T15:04:16.690670+00:00""}",5,200.28,206.95,0.033303375274615465,0,0,-0.031112238890500653,2026-07-30 15:13:09.860093+00:00
16018,1801,CPRX,candle_reversal,2026-07-09,bear,31.4900,2026-07-20 18:35:33.826428+00:00,2026-07-20 18:47:57.299792+00:00,,15898,"{""tone"": ""bear"", ""strength"": 96, ""probability"": 49, ""chain"": [{""date"": ""2026-07-09"", ""label"": ""Candela di inversione bear"", ""detail"": ""pattern Shooting star""}, {""date"": ""2026-07-09"", ""label"": ""A resistenza"", ""detail"": ""prezzo 31.49 al livello 31.50""}, {""date"": ""2026-07-16"", ""label"": ""RSI ipercomprato"", ""detail"": ""estremo RSI a conferma del segnale"", ""kind"": ""confirmation""}], ""factors"": {""candle_strength"": 0.96100431480727, ""at_level"": 1.0, ""confirmation_count"": 0.3333333333333333}, ""invalidation"": {""level"": 31.5, ""reason"": ""rottura del resistenza""}, ""sources"": [""Nison - candlestick reversals confirmed at support/resistance""], ""annotations"": {""levels"": [{""label"": ""Resistenza"", ""price"": 31.5, ""kind"": ""resistance""}, {""label"": ""Stop / invalidazione"", ""price"": 31.5, ""kind"": ""stop""}], ""points"": []}, ""atr"": 0.06777446944275221, ""horizon"": ""short"", ""regime_at_fire"": ""bull"", ""first_emitted_at"": ""2026-07-20T18:35:34.770728+00:00""}",5,31.47,31.49,0.0006355258976802336,0,1,0.001538721730892846,2026-07-20 18:47:43.660308+00:00
17007,669,WAB,gap_and_go,2026-07-22,bull,291.7600,2026-07-30 15:04:23.269369+00:00,2026-07-30 15:13:25.055125+00:00,,16310,"{""tone"": ""bull"", ""strength"": 63, ""probability"": 50, ""chain"": [{""date"": ""2026-07-21"", ""label"": ""Higher-low confermato"", ""detail"": ""struttura a conferma della continuazione"", ""kind"": ""confirmation""}, {""date"": ""2026-07-22"", ""label"": ""Gap bull"", ""detail"": ""apertura in gap del 4.8%""}, {""date"": ""2026-07-22"", ""label"": ""Conferma volume"", ""detail"": ""3.9x la media: gap partecipato""}, {""date"": ""2026-07-22"", ""label"": ""Candela di rifiuto"", ""detail"": ""pattern morning_star"", ""kind"": ""confirmation""}, {""date"": ""2026-07-22"", ""label"": ""MACD cross rialzista"", ""detail"": ""incrocio MACD nel verso del segnale"", ""kind"": ""confirmation""}], ""factors"": {""gap_size"": 0.7273650058816848, ""volume_strength"": 0.5063780263021959, ""trend_alignment"": 1.0, ""confirmation_count"": 1.0}, ""invalidation"": null, ""sources"": [""Gap taxonomy (breakaway vs exhaustion) + volume confirmation""], ""annotations"": {""levels"": [], ""points"": []}, ""atr"": 8.822709628591777, ""horizon"": ""short"", ""regime_at_fire"": ""bull"", ""first_emitted_at"": ""2026-07-30T15:04:23.460664+00:00""}",5,290.0,291.76,0.006068965517241454,1,1,0.0038778291331266414,2026-07-30 15:13:09.860093+00:00
16121,1801,CPRX,candle_reversal,2026-07-09,bear,31.4900,2026-07-21 18:35:03.268584+00:00,2026-07-21 18:45:10.778202+00:00,,15898,"{""tone"": ""bear"", ""strength"": 96, ""probability"": 49, ""chain"": [{""date"": ""2026-07-09"", ""label"": ""Candela di inversione bear"", ""detail"": ""pattern Shooting star""}, {""date"": ""2026-07-09"", ""label"": ""A resistenza"", ""detail"": ""prezzo 31.49 al livello 31.50""}, {""date"": ""2026-07-16"", ""label"": ""RSI ipercomprato"", ""detail"": ""estremo RSI a conferma del segnale"", ""kind"": ""confirmation""}], ""factors"": {""candle_strength"": 0.96100431480727, ""at_level"": 1.0, ""confirmation_count"": 0.3333333333333333}, ""invalidation"": {""level"": 31.5, ""reason"": ""rottura del resistenza""}, ""sources"": [""Nison - candlestick reversals confirmed at support/resistance""], ""annotations"": {""levels"": [{""label"": ""Resistenza"", ""price"": 31.5, ""kind"": ""resistance""}, {""label"": ""Stop / invalidazione"", ""price"": 31.5, ""kind"": ""stop""}], ""points"": []}, ""atr"": 0.06777446944275221, ""horizon"": ""short"", ""regime_at_fire"": ""bull"", ""first_emitted_at"": ""2026-07-21T18:35:03.862772+00:00""}",5,31.47,31.49,0.0006355258976802336,0,1,0.001538721730892846,2026-07-21 18:44:56.263488+00:00
17028,537,NRG,candle_reversal,2026-07-22,bull,124.2300,2026-07-30 18:32:43.272424+00:00,2026-07-30 18:38:01.063946+00:00,,16286,"{""tone"": ""bull"", ""strength"": 83, ""probability"": 49, ""chain"": [{""date"": ""2026-07-22"", ""label"": ""Candela di inversione bull"", ""detail"": ""pattern Engulfing""}, {""date"": ""2026-07-22"", ""label"": ""A supporto"", ""detail"": ""prezzo 124.23 al livello 127.11""}, {""date"": ""2026-07-23"", ""label"": ""Rifiuto su EMA50"", ""detail"": ""ritorno alla media e rifiuto nel verso del trend"", ""kind"": ""confirmation""}, {""date"": ""2026-07-23"", ""label"": ""MACD cross rialzista"", ""detail"": ""incrocio MACD nel verso del segnale"", ""kind"": ""confirmation""}], ""factors"": {""candle_strength"": 0.827250351617437, ""at_level"": 1.0, ""confirmation_count"": 0.6666666666666666}, ""invalidation"": {""level"": 127.11, ""reason"": ""rottura del supporto""}, ""sources"": [""Nison - candlestick reversals confirmed at support/resistance""], ""annotations"": {""levels"": [{""label"": ""Supporto"", ""price"": 127.11, ""kind"": ""support""}, {""label"": ""Stop / invalidazione"", ""price"": 127.11, ""kind"": ""stop""}], ""points"": []}, ""atr"": 5.903300539265516, ""horizon"": ""short"", ""regime_at_fire"": ""bear"", ""first_emitted_at"": ""2026-07-30T18:32:43.855377+00:00""}",5,139.98,124.23,-0.11251607372481776,0,0,-0.11470721010893256,2026-07-30 18:37:46.814741+00:00
20317,77,TIT.MI,candle_reversal,2026-09-03,bull,7.4790,2026-09-10 18:32:35.420541+00:00,2026-09-11 14:13:14.138150+00:00,,19800,"{""tone"": ""bull"", ""strength"": 68, ""probability"": 49, ""chain"": [{""date"": ""2026-09-03"", ""label"": ""Candela di inversione bull"", ""detail"": ""pattern Engulfing""}, {""date"": ""2026-09-03"", ""label"": ""A supporto"", ""detail"": ""prezzo 7.48 al livello 7.65""}, {""date"": ""2026-09-03"", ""label"": ""MACD cross rialzista"", ""detail"": ""incrocio MACD nel verso del segnale"", ""kind"": ""confirmation""}, {""date"": ""2026-09-08"", ""label"": ""Volume sulla salita"", ""detail"": ""volume sopra la media nel verso del segnale"", ""kind"": ""confirmation""}], ""factors"": {""candle_strength"": 0.6810344827586228, ""at_level"": 1.0, ""confirmation_count"": 0.6666666666666666}, ""invalidation"": {""level"": 7.647, ""reason"": ""rottura del supporto""}, ""sources"": [""Nison - candlestick reversals confirmed at support/resistance""], ""annotations"": {""levels"": [{""label"": ""Supporto"", ""price"": 7.647, ""kind"": ""support""}, {""label"": ""Stop / invalidazione"", ""price"": 7.647, ""kind"": ""stop""}], ""points"": []}, ""atr"": 0.1551151696747692, ""horizon"": ""short"", ""regime_at_fire"": ""bull"", ""first_emitted_at"": ""2026-09-10T18:32:36.189377+00:00""}",5,7.763,7.479,-0.036583794924642477,0,0,-0.018867298861650394,2026-09-10 18:35:26.290668+00:00
20534,1108,KGF.L,candle_reversal,2026-09-04,bull,2.8850,2026-09-13 23:34:04.143056+00:00,2026-09-13 23:40:13.309500+00:00,,19933,"{""tone"": ""bull"", ""strength"": 95, ""probability"": 49, ""chain"": [{""date"": ""2026-08-28"", ""label"": ""Trend ADX in rafforzamento"", ""detail"": ""ADX conferma la forza del trend"", ""kind"": ""confirmation""}, {""date"": ""2026-09-04"", ""label"": ""Candela di inversione bull"", ""detail"": ""pattern Engulfing""}, {""date"": ""2026-09-04"", ""label"": ""A supporto"", ""detail"": ""prezzo 2.88 al livello 2.85""}], ""factors"": {""candle_strength"": 0.9506318375496197, ""at_level"": 1.0, ""confirmation_count"": 0.3333333333333333}, ""invalidation"": {""level"": 2.85, ""reason"": ""rottura del supporto""}, ""sources"": [""Nison - candlestick reversals confirmed at support/resistance""], ""annotations"": {""levels"": [{""label"": ""Supporto"", ""price"": 2.85, ""kind"": ""support""}, {""label"": ""Stop / invalidazione"", ""price"": 2.85, ""kind"": ""stop""}], ""points"": []}, ""atr"": 0.07370193772705846, ""horizon"": ""short"", ""regime_at_fire"": ""bear"", ""first_emitted_at"": ""2026-09-13T23:34:04.702616+00:00""}",5,3.074,2.885,-0.06148340923877682,0,0,-0.042326321116171406,2026-09-13 23:39:58.820438+00:00
16091,1801,CPRX,candle_reversal,2026-07-09,bear,31.4900,2026-07-21 13:55:54.512287+00:00,2026-07-21 13:56:47.613470+00:00,,15898,"{""tone"": ""bear"", ""strength"": 96, ""probability"": 49, ""chain"": [{""date"": ""2026-07-09"", ""label"": ""Candela di inversione bear"", ""detail"": ""pattern Shooting star""}, {""date"": ""2026-07-09"", ""label"": ""A resistenza"", ""detail"": ""prezzo 31.49 al livello 31.50""}, {""date"": ""2026-07-16"", ""label"": ""RSI ipercomprato"", ""detail"": ""estremo RSI a conferma del segnale"", ""kind"": ""confirmation""}], ""factors"": {""candle_strength"": 0.96100431480727, ""at_level"": 1.0, ""confirmation_count"": 0.3333333333333333}, ""invalidation"": {""level"": 31.5, ""reason"": ""rottura del resistenza""}, ""sources"": [""Nison - candlestick reversals confirmed at support/resistance""], ""annotations"": {""levels"": [{""label"": ""Resistenza"", ""price"": 31.5, ""kind"": ""resistance""}, {""label"": ""Stop / invalidazione"", ""price"": 31.5, ""kind"": ""stop""}], ""points"": []}, ""atr"": 0.06777446944275221, ""horizon"": ""short"", ""regime_at_fire"": ""bull"", ""first_emitted_at"": ""2026-07-21T13:55:56.216085+00:00""}",5,31.47,31.49,0.0006355258976802336,0,1,0.001538721730892846,2026-07-21 13:56:34.027104+00:00
16088,88,ABI.BR,candle_reversal,2026-07-13,bear,71.1800,2026-07-21 13:52:51.629720+00:00,2026-07-21 13:56:47.613470+00:00,,15596,"{""tone"": ""bear"", ""strength"": 67, ""probability"": 49, ""chain"": [{""date"": ""2026-07-13"", ""label"": ""Candela di inversione bear"", ""detail"": ""pattern Shooting star""}, {""date"": ""2026-07-13"", ""label"": ""A resistenza"", ""detail"": ""prezzo 71.18 al livello 70.36""}], ""factors"": {""candle_strength"": 0.6692982456140162, ""at_level"": 1.0}, ""invalidation"": {""level"": 70.36, ""reason"": ""rottura del resistenza""}, ""sources"": [""Nison - candlestick reversals confirmed at support/resistance""], ""annotations"": {""levels"": [{""label"": ""Resistenza"", ""price"": 70.36, ""kind"": ""resistance""}, {""label"": ""Stop / invalidazione"", ""price"": 70.36, ""kind"": ""stop""}], ""points"": []}, ""atr"": 1.4416858205625465, ""horizon"": ""short"", ""regime_at_fire"": ""bull"", ""first_emitted_at"": ""2026-07-21T13:52:52.204418+00:00""}",5,69.64,71.18,0.022113727742676614,0,0,-0.02708903073537902,2026-07-21 13:56:34.027104+00:00
16234,228,MO,candle_reversal,2026-07-14,bear,72.9900,2026-07-22 18:41:06.567039+00:00,2026-07-22 18:44:04.028811+00:00,,15690,"{""tone"": ""bear"", ""strength"": 68, ""probability"": 49, ""chain"": [{""date"": ""2026-07-08"", ""label"": ""Lower-high confermato"", ""detail"": ""struttura a conferma della continuazione"", ""kind"": ""confirmation""}, {""date"": ""2026-07-09"", ""label"": ""MACD cross ribassista"", ""detail"": ""incrocio MACD nel verso del segnale"", ""kind"": ""confirmation""}, {""date"": ""2026-07-14"", ""label"": ""Candela di inversione bear"", ""detail"": ""pattern Engulfing""}, {""date"": ""2026-07-14"", ""label"": ""A resistenza"", ""detail"": ""prezzo 72.99 al livello 73.75""}], ""factors"": {""candle_strength"": 0.6768292682926953, ""at_level"": 1.0, ""confirmation_count"": 0.6666666666666666}, ""invalidation"": {""level"": 73.75, ""reason"": ""rottura del resistenza""}, ""sources"": [""Nison - candlestick reversals confirmed at support/resistance""], ""annotations"": {""levels"": [{""label"": ""Resistenza"", ""price"": 73.75, ""kind"": ""resistance""}, {""label"": ""Stop / invalidazione"", ""price"": 73.75, ""kind"": ""stop""}], ""points"": []}, ""atr"": 1.721482854993253, ""horizon"": ""short"", ""regime_at_fire"": ""bull"", ""first_emitted_at"": ""2026-07-22T18:41:07.329903+00:00""}",5,70.16,72.99,0.040336374002280406,0,0,-0.039720334507308885,2026-07-22 18:43:51.183862+00:00
16081,1113,LSEG.L,candle_reversal,2026-07-14,bull,88.4400,2026-07-20 23:42:15.477927+00:00,2026-07-22 13:50:11.081870+00:00,,15997,"{""tone"": ""bull"", ""strength"": 81, ""probability"": 49, ""chain"": [{""date"": ""2026-07-14"", ""label"": ""Candela di inversione bull"", ""detail"": ""pattern Hammer""}, {""date"": ""2026-07-14"", ""label"": ""A supporto"", ""detail"": ""prezzo 88.44 al livello 87.02""}, {""date"": ""2026-07-16"", ""label"": ""Rifiuto su EMA200"", ""detail"": ""ritorno alla media e rifiuto nel verso del trend"", ""kind"": ""confirmation""}], ""factors"": {""candle_strength"": 0.8071183112420227, ""at_level"": 1.0, ""confirmation_count"": 0.3333333333333333}, ""invalidation"": {""level"": 87.02, ""reason"": ""rottura del supporto""}, ""sources"": [""Nison - candlestick reversals confirmed at support/resistance""], ""annotations"": {""levels"": [{""label"": ""Supporto"", ""price"": 87.02, ""kind"": ""support""}, {""label"": ""Stop / invalidazione"", ""price"": 87.02, ""kind"": ""stop""}], ""points"": []}, ""atr"": 5.98960807030783, ""horizon"": ""short"", ""regime_at_fire"": ""bear"", ""first_emitted_at"": ""2026-07-20T23:42:16.446836+00:00""}",5,89.74,86.0,-0.04167595275239577,0,0,-0.04912678704994562,2026-07-21 18:44:56.263488+00:00
20074,386,EVRG,candle_reversal,2026-08-28,bear,81.5400,2026-09-08 09:35:42.779911+00:00,2026-09-08 09:39:19.191698+00:00,,19351,"{""tone"": ""bear"", ""strength"": 73, ""probability"": 49, ""chain"": [{""date"": ""2026-08-21"", ""label"": ""Rifiuto su EMA50"", ""detail"": ""ritorno alla media e rifiuto nel verso del trend"", ""kind"": ""confirmation""}, {""date"": ""2026-08-21"", ""label"": ""MACD cross ribassista"", ""detail"": ""incrocio MACD nel verso del segnale"", ""kind"": ""confirmation""}, {""date"": ""2026-08-28"", ""label"": ""Candela di inversione bear"", ""detail"": ""pattern Engulfing""}, {""date"": ""2026-08-28"", ""label"": ""A resistenza"", ""detail"": ""prezzo 81.54 al livello 83.19""}], ""factors"": {""candle_strength"": 0.7292212177449997, ""at_level"": 1.0, ""confirmation_count"": 0.6666666666666666}, ""invalidation"": {""level"": 83.19, ""reason"": ""rottura del resistenza""}, ""sources"": [""Nison - candlestick reversals confirmed at support/resistance""], ""annotations"": {""levels"": [{""label"": ""Resistenza"", ""price"": 83.19, ""kind"": ""resistance""}, {""label"": ""Stop / invalidazione"", ""price"": 83.19, ""kind"": ""stop""}], ""points"": []}, ""atr"": 1.3525859438189198, ""horizon"": ""short"", ""regime_at_fire"": ""bull"", ""first_emitted_at"": ""2026-09-08T09:35:43.202528+00:00""}",5,80.650002,81.540001,0.011035325206811608,0,0,-0.016761568240593716,2026-09-08 09:39:04.188598+00:00
16014,1113,LSEG.L,candle_reversal,2026-07-14,bull,88.4400,2026-07-20 18:34:52.818401+00:00,2026-07-22 13:50:11.081870+00:00,,15997,"{""tone"": ""bull"", ""strength"": 81, ""probability"": 49, ""chain"": [{""date"": ""2026-07-14"", ""label"": ""Candela di inversione bull"", ""detail"": ""pattern Hammer""}, {""date"": ""2026-07-14"", ""label"": ""A supporto"", ""detail"": ""prezzo 88.44 al livello 87.02""}, {""date"": ""2026-07-16"", ""label"": ""Rifiuto su EMA200"", ""detail"": ""ritorno alla media e rifiuto nel verso del trend"", ""kind"": ""confirmation""}], ""factors"": {""candle_strength"": 0.8071183112420227, ""at_level"": 1.0, ""confirmation_count"": 0.3333333333333333}, ""invalidation"": {""level"": 87.02, ""reason"": ""rottura del supporto""}, ""sources"": [""Nison - candlestick reversals confirmed at support/resistance""], ""annotations"": {""levels"": [{""label"": ""Supporto"", ""price"": 87.02, ""kind"": ""support""}, {""label"": ""Stop / invalidazione"", ""price"": 87.02, ""kind"": ""stop""}], ""points"": []}, ""atr"": 5.98960807030783, ""horizon"": ""short"", ""regime_at_fire"": ""bear"", ""first_emitted_at"": ""2026-07-20T18:34:54.641397+00:00""}",5,89.74,86.0,-0.04167595275239577,0,0,-0.04912678704994562,2026-07-21 18:44:56.263488+00:00
16184,1801,CPRX,candle_reversal,2026-07-09,bear,31.4900,2026-07-22 13:46:14.996384+00:00,2026-07-22 13:50:11.081870+00:00,,15898,"{""tone"": ""bear"", ""strength"": 96, ""probability"": 49, ""chain"": [{""date"": ""2026-07-09"", ""label"": ""Candela di inversione bear"", ""detail"": ""pattern Shooting star""}, {""date"": ""2026-07-09"", ""label"": ""A resistenza"", ""detail"": ""prezzo 31.49 al livello 31.50""}, {""date"": ""2026-07-16"", ""label"": ""RSI ipercomprato"", ""detail"": ""estremo RSI a conferma del segnale"", ""kind"": ""confirmation""}], ""factors"": {""candle_strength"": 0.96100431480727, ""at_level"": 1.0, ""confirmation_count"": 0.3333333333333333}, ""invalidation"": {""level"": 31.5, ""reason"": ""rottura del resistenza""}, ""sources"": [""Nison - candlestick reversals confirmed at support/resistance""], ""annotations"": {""levels"": [{""label"": ""Resistenza"", ""price"": 31.5, ""kind"": ""resistance""}, {""label"": ""Stop / invalidazione"", ""price"": 31.5, ""kind"": ""stop""}], ""points"": []}, ""atr"": 0.06777446944275221, ""horizon"": ""short"", ""regime_at_fire"": ""bull"", ""first_emitted_at"": ""2026-07-22T13:46:15.706953+00:00""}",5,31.47,31.49,0.0006355258976802336,0,1,0.001538721730892846,2026-07-22 13:49:56.107580+00:00
16092,88,ABI.BR,candle_reversal,2026-07-13,bear,71.1800,2026-07-21 14:06:48.392563+00:00,2026-07-21 14:10:42.287158+00:00,,15596,"{""tone"": ""bear"", ""strength"": 67, ""probability"": 49, ""chain"": [{""date"": ""2026-07-13"", ""label"": ""Candela di inversione bear"", ""detail"": ""pattern Shooting star""}, {""date"": ""2026-07-13"", ""label"": ""A resistenza"", ""detail"": ""prezzo 71.18 al livello 70.36""}], ""factors"": {""candle_strength"": 0.6692982456140162, ""at_level"": 1.0}, ""invalidation"": {""level"": 70.36, ""reason"": ""rottura del resistenza""}, ""sources"": [""Nison - candlestick reversals confirmed at support/resistance""], ""annotations"": {""levels"": [{""label"": ""Resistenza"", ""price"": 70.36, ""kind"": ""resistance""}, {""label"": ""Stop / invalidazione"", ""price"": 70.36, ""kind"": ""stop""}], ""points"": []}, ""atr"": 1.4416858205625465, ""horizon"": ""short"", ""regime_at_fire"": ""bull"", ""first_emitted_at"": ""2026-07-21T14:06:49.341833+00:00""}",5,69.64,71.18,0.022113727742676614,0,0,-0.02708903073537902,2026-07-21 14:10:29.207533+00:00
16185,1920,CAL,candle_reversal,2026-07-14,bear,11.8000,2026-07-22 13:46:17.983599+00:00,2026-07-22 13:50:11.081870+00:00,,15805,"{""tone"": ""bear"", ""strength"": 84, ""probability"": 49, ""chain"": [{""date"": ""2026-07-14"", ""label"": ""Candela di inversione bear"", ""detail"": ""pattern Engulfing""}, {""date"": ""2026-07-14"", ""label"": ""A resistenza"", ""detail"": ""prezzo 11.80 al livello 11.84""}, {""date"": ""2026-07-20"", ""label"": ""Rifiuto su EMA50"", ""detail"": ""ritorno alla media e rifiuto nel verso del trend"", ""kind"": ""confirmation""}], ""factors"": {""candle_strength"": 0.8428571428571402, ""at_level"": 1.0, ""confirmation_count"": 0.3333333333333333}, ""invalidation"": {""level"": 11.84, ""reason"": ""rottura del resistenza""}, ""sources"": [""Nison - candlestick reversals confirmed at support/resistance""], ""annotations"": {""levels"": [{""label"": ""Resistenza"", ""price"": 11.84, ""kind"": ""resistance""}, {""label"": ""Stop / invalidazione"", ""price"": 11.84, ""kind"": ""stop""}], ""points"": []}, ""atr"": 0.7067186040560965, ""horizon"": ""short"", ""regime_at_fire"": ""bear"", ""first_emitted_at"": ""2026-07-22T13:46:18.164000+00:00""}",5,11.31,11.8,0.043324491600353676,0,0,-0.042708452105382155,2026-07-22 13:49:56.107580+00:00
16177,501,MAS,candle_reversal,2026-07-14,bull,76.8200,2026-07-22 13:44:32.543019+00:00,2026-07-22 13:50:11.081870+00:00,,16040,"{""tone"": ""bull"", ""strength"": 63, ""probability"": 49, ""chain"": [{""date"": ""2026-07-08"", ""label"": ""Higher-low confermato"", ""detail"": ""struttura a conferma della continuazione"", ""kind"": ""confirmation""}, {""date"": ""2026-07-09"", ""label"": ""Trend ADX in rafforzamento"", ""detail"": ""ADX conferma la forza del trend"", ""kind"": ""confirmation""}, {""date"": ""2026-07-14"", ""label"": ""Candela di inversione bull"", ""detail"": ""pattern Engulfing""}, {""date"": ""2026-07-14"", ""label"": ""A supporto"", ""detail"": ""prezzo 76.82 al livello 75.51""}], ""factors"": {""candle_strength"": 0.6324034334763906, ""at_level"": 1.0, ""confirmation_count"": 0.6666666666666666}, ""invalidation"": {""level"": 75.51, ""reason"": ""rottura del supporto""}, ""sources"": [""Nison - candlestick reversals confirmed at support/resistance""], ""annotations"": {""levels"": [{""label"": ""Supporto"", ""price"": 75.51, ""kind"": ""support""}, {""label"": ""Stop / invalidazione"", ""price"": 75.51, ""kind"": ""stop""}], ""points"": []}, ""atr"": 2.305568163965718, ""horizon"": ""short"", ""regime_at_fire"": ""bull"", ""first_emitted_at"": ""2026-07-22T13:38:13.904366+00:00"", ""amended_at"": ""2026-07-22T13:44:32.540602+00:00"", ""amend_count"": 1}",5,77.85,76.82,-0.013230571612074526,0,0,-0.01384661110704605,2026-07-22 13:49:56.107580+00:00
17421,380,EQIX,candle_reversal,2026-07-27,bear,1031.4399,2026-08-04 10:27:48.892261+00:00,2026-08-04 10:30:36.346283+00:00,,16661,"{""tone"": ""bear"", ""strength"": 65, ""probability"": 49, ""chain"": [{""date"": ""2026-07-27"", ""label"": ""Candela di inversione bear"", ""detail"": ""pattern Engulfing""}, {""date"": ""2026-07-27"", ""label"": ""A resistenza"", ""detail"": ""prezzo 1031.44 al livello 1054.54""}, {""date"": ""2026-07-29"", ""label"": ""Rifiuto su EMA50"", ""detail"": ""ritorno alla media e rifiuto nel verso del trend"", ""kind"": ""confirmation""}], ""factors"": {""candle_strength"": 0.6549852037332116, ""at_level"": 1.0, ""confirmation_count"": 0.3333333333333333}, ""invalidation"": {""level"": 1054.54, ""reason"": ""rottura del resistenza""}, ""sources"": [""Nison - candlestick reversals confirmed at support/resistance""], ""annotations"": {""levels"": [{""label"": ""Resistenza"", ""price"": 1054.54, ""kind"": ""resistance""}, {""label"": ""Stop / invalidazione"", ""price"": 1054.54, ""kind"": ""stop""}], ""points"": []}, ""atr"": 33.9727214254825, ""horizon"": ""short"", ""regime_at_fire"": ""bull"", ""first_emitted_at"": ""2026-08-04T10:27:49.467786+00:00""}",5,1046.79,1031.439941,-0.014663933549231345,1,1,0.02488111933895866,2026-08-04 10:30:22.540913+00:00
19673,77,TIT.MI,candle_reversal,2026-08-25,bull,7.5530,2026-09-02 10:01:04.388944+00:00,2026-09-02 10:05:48.267771+00:00,,19020,"{""tone"": ""bull"", ""strength"": 60, ""probability"": 49, ""chain"": [{""date"": ""2026-08-25"", ""label"": ""Candela di inversione bull"", ""detail"": ""pattern Engulfing""}, {""date"": ""2026-08-25"", ""label"": ""A supporto"", ""detail"": ""prezzo 7.55 al livello 7.65""}], ""factors"": {""candle_strength"": 0.5999999999999943, ""at_level"": 1.0}, ""invalidation"": {""level"": 7.647, ""reason"": ""rottura del supporto""}, ""sources"": [""Nison - candlestick reversals confirmed at support/resistance""], ""annotations"": {""levels"": [{""label"": ""Supporto"", ""price"": 7.647, ""kind"": ""support""}, {""label"": ""Stop / invalidazione"", ""price"": 7.647, ""kind"": ""stop""}], ""points"": []}, ""atr"": 0.11488334669653229, ""horizon"": ""short"", ""regime_at_fire"": ""bull"", ""first_emitted_at"": ""2026-09-02T10:01:04.595123+00:00""}",5,7.71,7.553,-0.020363164721141414,0,0,-0.002455824185400801,2026-09-02 10:05:32.271156+00:00
16004,1113,LSEG.L,candle_reversal,2026-07-14,bull,89.7800,2026-07-18 23:34:17.256182+00:00,2026-07-22 13:50:11.081870+00:00,,15997,"{""tone"": ""bull"", ""strength"": 81, ""probability"": 49, ""chain"": [{""date"": ""2026-07-14"", ""label"": ""Candela di inversione bull"", ""detail"": ""pattern Hammer""}, {""date"": ""2026-07-14"", ""label"": ""A supporto"", ""detail"": ""prezzo 89.78 al livello 90.50""}, {""date"": ""2026-07-16"", ""label"": ""Rifiuto su EMA200"", ""detail"": ""ritorno alla media e rifiuto nel verso del trend"", ""kind"": ""confirmation""}], ""factors"": {""candle_strength"": 0.8071183112420227, ""at_level"": 1.0, ""confirmation_count"": 0.3333333333333333}, ""invalidation"": {""level"": 90.5, ""reason"": ""rottura del supporto""}, ""sources"": [""Nison - candlestick reversals confirmed at support/resistance""], ""annotations"": {""levels"": [{""label"": ""Supporto"", ""price"": 90.5, ""kind"": ""support""}, {""label"": ""Stop / invalidazione"", ""price"": 90.5, ""kind"": ""stop""}], ""points"": []}, ""atr"": 6.248808692591723, ""horizon"": ""short"", ""regime_at_fire"": ""bear"", ""first_emitted_at"": ""2026-07-18T23:34:17.988911+00:00""}",5,89.74,86.0,-0.04167595275239577,0,0,-0.04912678704994562,2026-07-21 18:44:56.263488+00:00
16331,556,PNR,gap_and_go,2026-07-15,bear,63.0200,2026-07-23 11:30:42.132791+00:00,2026-07-23 11:42:12.664884+00:00,,15776,"{""tone"": ""bear"", ""strength"": 74, ""probability"": 50, ""chain"": [{""date"": ""2026-07-14"", ""label"": ""Rifiuto su EMA50"", ""detail"": ""ritorno alla media e rifiuto nel verso del trend"", ""kind"": ""confirmation""}, {""date"": ""2026-07-14"", ""label"": ""Candela di rifiuto"", ""detail"": ""pattern engulfing"", ""kind"": ""confirmation""}, {""date"": ""2026-07-15"", ""label"": ""Gap bear"", ""detail"": ""apertura in gap del -23.4%""}, {""date"": ""2026-07-15"", ""label"": ""Conferma volume"", ""detail"": ""5.3x la media: gap partecipato""}, {""date"": ""2026-07-15"", ""label"": ""MACD cross ribassista"", ""detail"": ""incrocio MACD nel verso del segnale"", ""kind"": ""confirmation""}, {""date"": ""2026-07-22"", ""label"": ""Trend ADX in rafforzamento"", ""detail"": ""ADX conferma la forza del trend"", ""kind"": ""confirmation""}], ""factors"": {""gap_size"": 0.9799789179628973, ""volume_strength"": 0.617632134709638, ""trend_alignment"": 1.0, ""confirmation_count"": 1.0}, ""invalidation"": null, ""sources"": [""Gap taxonomy (breakaway vs exhaustion) + volume confirmation""], ""annotations"": {""levels"": [], ""points"": []}, ""atr"": 3.005624704483311, ""horizon"": ""short"", ""regime_at_fire"": ""bear"", ""first_emitted_at"": ""2026-07-23T11:30:42.324427+00:00""}",5,64.33,63.02,-0.0203637494170682,1,1,0.02176102516622264,2026-07-23 11:41:58.725381+00:00
16019,1113,LSEG.L,candle_reversal,2026-07-14,bull,88.4400,2026-07-20 18:46:07.392840+00:00,2026-07-22 13:50:11.081870+00:00,,15997,"{""tone"": ""bull"", ""strength"": 81, ""probability"": 49, ""chain"": [{""date"": ""2026-07-14"", ""label"": ""Candela di inversione bull"", ""detail"": ""pattern Hammer""}, {""date"": ""2026-07-14"", ""label"": ""A supporto"", ""detail"": ""prezzo 88.44 al livello 87.02""}, {""date"": ""2026-07-16"", ""label"": ""Rifiuto su EMA200"", ""detail"": ""ritorno alla media e rifiuto nel verso del trend"", ""kind"": ""confirmation""}], ""factors"": {""candle_strength"": 0.8071183112420227, ""at_level"": 1.0, ""confirmation_count"": 0.3333333333333333}, ""invalidation"": {""level"": 87.02, ""reason"": ""rottura del supporto""}, ""sources"": [""Nison - candlestick reversals confirmed at support/resistance""], ""annotations"": {""levels"": [{""label"": ""Supporto"", ""price"": 87.02, ""kind"": ""support""}, {""label"": ""Stop / invalidazione"", ""price"": 87.02, ""kind"": ""stop""}], ""points"": []}, ""atr"": 5.98960807030783, ""horizon"": ""short"", ""regime_at_fire"": ""bear"", ""first_emitted_at"": ""2026-07-20T18:46:08.514926+00:00""}",5,89.74,86.0,-0.04167595275239577,0,0,-0.04912678704994562,2026-07-21 18:44:56.263488+00:00
17324,1407,BMRN,candle_reversal,2026-07-24,bull,60.0200,2026-08-03 19:48:59.239384+00:00,2026-08-03 19:50:00.925780+00:00,,16596,"{""tone"": ""bull"", ""strength"": 65, ""probability"": 49, ""chain"": [{""date"": ""2026-07-23"", ""label"": ""Rifiuto su EMA50"", ""detail"": ""ritorno alla media e rifiuto nel verso del trend"", ""kind"": ""confirmation""}, {""date"": ""2026-07-24"", ""label"": ""Candela di inversione bull"", ""detail"": ""pattern Hammer""}, {""date"": ""2026-07-24"", ""label"": ""A supporto"", ""detail"": ""prezzo 60.02 al livello 58.50""}, {""date"": ""2026-07-28"", ""label"": ""MACD cross rialzista"", ""detail"": ""incrocio MACD nel verso del segnale"", ""kind"": ""confirmation""}, {""date"": ""2026-07-30"", ""label"": ""Trend ADX in rafforzamento"", ""detail"": ""ADX conferma la forza del trend"", ""kind"": ""confirmation""}], ""factors"": {""candle_strength"": 0.6527123082931361, ""at_level"": 1.0, ""confirmation_count"": 1.0}, ""invalidation"": {""level"": 58.5, ""reason"": ""rottura del supporto""}, ""sources"": [""Nison - candlestick reversals confirmed at support/resistance""], ""annotations"": {""levels"": [{""label"": ""Supporto"", ""price"": 58.5, ""kind"": ""support""}, {""label"": ""Stop / invalidazione"", ""price"": 58.5, ""kind"": ""stop""}], ""points"": []}, ""atr"": 1.5829541001189305, ""horizon"": ""short"", ""regime_at_fire"": ""bull"", ""first_emitted_at"": ""2026-08-03T19:48:59.627555+00:00""}",5,59.330002,60.02,0.011629832744654234,1,1,0.0033683772737391794,2026-08-03 19:49:47.088463+00:00
16086,1113,LSEG.L,candle_reversal,2026-07-14,bull,88.4400,2026-07-21 13:33:36.133679+00:00,2026-07-22 13:50:11.081870+00:00,,15997,"{""tone"": ""bull"", ""strength"": 81, ""probability"": 49, ""chain"": [{""date"": ""2026-07-14"", ""label"": ""Candela di inversione bull"", ""detail"": ""pattern Hammer""}, {""date"": ""2026-07-14"", ""label"": ""A supporto"", ""detail"": ""prezzo 88.44 al livello 87.02""}, {""date"": ""2026-07-16"", ""label"": ""Rifiuto su EMA200"", ""detail"": ""ritorno alla media e rifiuto nel verso del trend"", ""kind"": ""confirmation""}], ""factors"": {""candle_strength"": 0.8071183112420227, ""at_level"": 1.0, ""confirmation_count"": 0.3333333333333333}, ""invalidation"": {""level"": 87.02, ""reason"": ""rottura del supporto""}, ""sources"": [""Nison - candlestick reversals confirmed at support/resistance""], ""annotations"": {""levels"": [{""label"": ""Supporto"", ""price"": 87.02, ""kind"": ""support""}, {""label"": ""Stop / invalidazione"", ""price"": 87.02, ""kind"": ""stop""}], ""points"": []}, ""atr"": 5.98960807030783, ""horizon"": ""short"", ""regime_at_fire"": ""bear"", ""first_emitted_at"": ""2026-07-21T13:33:36.497926+00:00""}",5,89.74,86.0,-0.04167595275239577,0,0,-0.04912678704994562,2026-07-21 18:44:56.263488+00:00
16093,420,GIS,candle_reversal,2026-07-13,bear,37.5800,2026-07-21 14:07:47.046085+00:00,2026-07-21 14:10:42.287158+00:00,,15626,"{""tone"": ""bear"", ""strength"": 64, ""probability"": 49, ""chain"": [{""date"": ""2026-07-13"", ""label"": ""Candela di inversione bear"", ""detail"": ""pattern Shooting star""}, {""date"": ""2026-07-13"", ""label"": ""A resistenza"", ""detail"": ""prezzo 37.58 al livello 37.93""}], ""factors"": {""candle_strength"": 0.6441176470588179, ""at_level"": 1.0}, ""invalidation"": {""level"": 37.93, ""reason"": ""rottura del resistenza""}, ""sources"": [""Nison - candlestick reversals confirmed at support/resistance""], ""annotations"": {""levels"": [{""label"": ""Resistenza"", ""price"": 37.93, ""kind"": ""resistance""}, {""label"": ""Stop / invalidazione"", ""price"": 37.93, ""kind"": ""stop""}], ""points"": []}, ""atr"": 1.2449866330820087, ""horizon"": ""short"", ""regime_at_fire"": ""bear"", ""first_emitted_at"": ""2026-07-21T14:07:47.433624+00:00""}",5,36.6,37.58,0.02677595628415297,0,0,-0.031751259276855376,2026-07-21 14:10:29.207533+00:00
16161,1113,LSEG.L,candle_reversal,2026-07-14,bull,86.0000,2026-07-21 23:33:21.249160+00:00,2026-07-22 13:50:11.081870+00:00,,15997,"{""tone"": ""bull"", ""strength"": 81, ""probability"": 49, ""chain"": [{""date"": ""2026-07-14"", ""label"": ""Candela di inversione bull"", ""detail"": ""pattern Hammer""}, {""date"": ""2026-07-14"", ""label"": ""A supporto"", ""detail"": ""prezzo 86.00 al livello 87.02""}, {""date"": ""2026-07-16"", ""label"": ""Rifiuto su EMA200"", ""detail"": ""ritorno alla media e rifiuto nel verso del trend"", ""kind"": ""confirmation""}], ""factors"": {""candle_strength"": 0.8071183112420227, ""at_level"": 1.0, ""confirmation_count"": 0.3333333333333333}, ""invalidation"": {""level"": 87.02, ""reason"": ""rottura del supporto""}, ""sources"": [""Nison - candlestick reversals confirmed at support/resistance""], ""annotations"": {""levels"": [{""label"": ""Supporto"", ""price"": 87.02, ""kind"": ""support""}, {""label"": ""Stop / invalidazione"", ""price"": 87.02, ""kind"": ""stop""}], ""points"": []}, ""atr"": 6.507493209758217, ""horizon"": ""short"", ""regime_at_fire"": ""bear"", ""first_emitted_at"": ""2026-07-21T23:33:21.609603+00:00""}",5,89.74,86.0,-0.04167595275239577,0,0,-0.042311141108154024,2026-07-21 23:48:56.949790+00:00
15925,1801,CPRX,candle_reversal,2026-07-09,bear,31.4900,2026-07-17 14:53:49.560611+00:00,2026-07-17 14:57:34.519304+00:00,,15898,"{""tone"": ""bear"", ""strength"": 96, ""probability"": 49, ""chain"": [{""date"": ""2026-07-09"", ""label"": ""Candela di inversione bear"", ""detail"": ""pattern Shooting star""}, {""date"": ""2026-07-09"", ""label"": ""A resistenza"", ""detail"": ""prezzo 31.49 al livello 31.50""}, {""date"": ""2026-07-16"", ""label"": ""RSI ipercomprato"", ""detail"": ""estremo RSI a conferma del segnale"", ""kind"": ""confirmation""}], ""factors"": {""candle_strength"": 0.96100431480727, ""at_level"": 1.0, ""confirmation_count"": 0.3333333333333333}, ""invalidation"": {""level"": 31.5, ""reason"": ""rottura del resistenza""}, ""sources"": [""Nison - candlestick reversals confirmed at support/resistance""], ""annotations"": {""levels"": [{""label"": ""Resistenza"", ""price"": 31.5, ""kind"": ""resistance""}, {""label"": ""Stop / invalidazione"", ""price"": 31.5, ""kind"": ""stop""}], ""points"": []}, ""atr"": 0.06777446944275221, ""horizon"": ""short"", ""regime_at_fire"": ""bull"", ""first_emitted_at"": ""2026-07-17T14:53:49.749477+00:00""}",5,31.47,31.49,0.0006355258976802336,0,1,0.00177603459251936,2026-07-17 14:57:21.149384+00:00
16090,1113,LSEG.L,candle_reversal,2026-07-14,bull,88.4400,2026-07-21 13:55:09.912448+00:00,2026-07-22 13:50:11.081870+00:00,,15997,"{""tone"": ""bull"", ""strength"": 81, ""probability"": 49, ""chain"": [{""date"": ""2026-07-14"", ""label"": ""Candela di inversione bull"", ""detail"": ""pattern Hammer""}, {""date"": ""2026-07-14"", ""label"": ""A supporto"", ""detail"": ""prezzo 88.44 al livello 87.02""}, {""date"": ""2026-07-16"", ""label"": ""Rifiuto su EMA200"", ""detail"": ""ritorno alla media e rifiuto nel verso del trend"", ""kind"": ""confirmation""}], ""factors"": {""candle_strength"": 0.8071183112420227, ""at_level"": 1.0, ""confirmation_count"": 0.3333333333333333}, ""invalidation"": {""level"": 87.02, ""reason"": ""rottura del supporto""}, ""sources"": [""Nison - candlestick reversals confirmed at support/resistance""], ""annotations"": {""levels"": [{""label"": ""Supporto"", ""price"": 87.02, ""kind"": ""support""}, {""label"": ""Stop / invalidazione"", ""price"": 87.02, ""kind"": ""stop""}], ""points"": []}, ""atr"": 5.98960807030783, ""horizon"": ""short"", ""regime_at_fire"": ""bear"", ""first_emitted_at"": ""2026-07-21T13:55:10.310188+00:00""}",5,89.74,86.0,-0.04167595275239577,0,0,-0.04912678704994562,2026-07-21 18:44:56.263488+00:00
16174,263,BAX,candle_reversal,2026-07-14,bull,22.2100,2026-07-22 13:43:38.637237+00:00,2026-07-22 13:50:11.081870+00:00,,15692,"{""tone"": ""bull"", ""strength"": 61, ""probability"": 49, ""chain"": [{""date"": ""2026-07-09"", ""label"": ""Trend ADX in rafforzamento"", ""detail"": ""ADX conferma la forza del trend"", ""kind"": ""confirmation""}, {""date"": ""2026-07-14"", ""label"": ""Candela di inversione bull"", ""detail"": ""pattern Hammer""}, {""date"": ""2026-07-14"", ""label"": ""A supporto"", ""detail"": ""prezzo 22.21 al livello 21.63""}, {""date"": ""2026-07-14"", ""label"": ""Higher-low confermato"", ""detail"": ""struttura a conferma della continuazione"", ""kind"": ""confirmation""}], ""factors"": {""candle_strength"": 0.6123376623376646, ""at_level"": 1.0, ""confirmation_count"": 0.6666666666666666}, ""invalidation"": {""level"": 21.63, ""reason"": ""rottura del supporto""}, ""sources"": [""Nison - candlestick reversals confirmed at support/resistance""], ""annotations"": {""levels"": [{""label"": ""Supporto"", ""price"": 21.63, ""kind"": ""support""}, {""label"": ""Stop / invalidazione"", ""price"": 21.63, ""kind"": ""stop""}], ""points"": []}, ""atr"": 0.7817177208213286, ""horizon"": ""short"", ""regime_at_fire"": ""bull"", ""first_emitted_at"": ""2026-07-22T13:37:27.303635+00:00"", ""amended_at"": ""2026-07-22T13:43:38.634823+00:00"", ""amend_count"": 1}",5,21.8,22.21,0.018807339449541383,1,1,0.018191299954569858,2026-07-22 13:49:56.107580+00:00
18935,379,EFX,candle_reversal,2026-08-14,bear,192.6200,2026-08-24 18:32:09.940934+00:00,2026-08-24 18:41:38.624486+00:00,,18389,"{""tone"": ""bear"", ""strength"": 92, ""probability"": 49, ""chain"": [{""date"": ""2026-08-14"", ""label"": ""Candela di inversione bear"", ""detail"": ""pattern Engulfing""}, {""date"": ""2026-08-14"", ""label"": ""A resistenza"", ""detail"": ""prezzo 192.62 al livello 190.15""}, {""date"": ""2026-08-14"", ""label"": ""Rifiuto su EMA200"", ""detail"": ""ritorno alla media e rifiuto nel verso del trend"", ""kind"": ""confirmation""}, {""date"": ""2026-08-17"", ""label"": ""MACD cross ribassista"", ""detail"": ""incrocio MACD nel verso del segnale"", ""kind"": ""confirmation""}], ""factors"": {""candle_strength"": 0.9161697676814672, ""at_level"": 1.0, ""confirmation_count"": 0.6666666666666666}, ""invalidation"": {""level"": 190.149994, ""reason"": ""rottura del resistenza""}, ""sources"": [""Nison - candlestick reversals confirmed at support/resistance""], ""annotations"": {""levels"": [{""label"": ""Resistenza"", ""price"": 190.149994, ""kind"": ""resistance""}, {""label"": ""Stop / invalidazione"", ""price"": 190.149994, ""kind"": ""stop""}], ""points"": []}, ""atr"": 7.110352978015186, ""horizon"": ""short"", ""regime_at_fire"": ""bull"", ""first_emitted_at"": ""2026-08-24T18:32:10.141550+00:00""}",5,180.850006,192.619995,0.06508149632021576,0,0,-0.06943013256922602,2026-08-24 18:41:18.464473+00:00
16885,429,HAS,gap_and_go,2026-07-21,bull,96.3400,2026-07-29 16:10:11.712005+00:00,2026-07-29 16:13:04.338654+00:00,,16569,"{""tone"": ""bull"", ""strength"": 62, ""probability"": 50, ""chain"": [{""date"": ""2026-07-15"", ""label"": ""MACD cross rialzista"", ""detail"": ""incrocio MACD nel verso del segnale"", ""kind"": ""confirmation""}, {""date"": ""2026-07-21"", ""label"": ""Gap bull"", ""detail"": ""apertura in gap del 3.6%""}, {""date"": ""2026-07-21"", ""label"": ""Conferma volume"", ""detail"": ""3.9x la media: gap partecipato""}, {""date"": ""2026-07-24"", ""label"": ""Rifiuto su EMA200"", ""detail"": ""ritorno alla media e rifiuto nel verso del trend"", ""kind"": ""confirmation""}, {""date"": ""2026-07-28"", ""label"": ""Trend ADX in rafforzamento"", ""detail"": ""ADX conferma la forza del trend"", ""kind"": ""confirmation""}], ""factors"": {""gap_size"": 0.6078869959553869, ""volume_strength"": 0.5026293495201611, ""trend_alignment"": 1.0, ""confirmation_count"": 1.0}, ""invalidation"": null, ""sources"": [""Gap taxonomy (breakaway vs exhaustion) + volume confirmation""], ""annotations"": {""levels"": [], ""points"": []}, ""atr"": 2.8644363269723025, ""horizon"": ""short"", ""regime_at_fire"": ""bull"", ""first_emitted_at"": ""2026-07-29T16:10:12.454209+00:00""}",5,88.78,96.34,0.08515431403469242,1,1,0.07606369192666623,2026-07-29 16:12:50.636830+00:00
16082,1801,CPRX,candle_reversal,2026-07-09,bear,31.4900,2026-07-20 23:42:54.468365+00:00,2026-07-20 23:43:34.586770+00:00,,15898,"{""tone"": ""bear"", ""strength"": 96, ""probability"": 49, ""chain"": [{""date"": ""2026-07-09"", ""label"": ""Candela di inversione bear"", ""detail"": ""pattern Shooting star""}, {""date"": ""2026-07-09"", ""label"": ""A resistenza"", ""detail"": ""prezzo 31.49 al livello 31.50""}, {""date"": ""2026-07-16"", ""label"": ""RSI ipercomprato"", ""detail"": ""estremo RSI a conferma del segnale"", ""kind"": ""confirmation""}], ""factors"": {""candle_strength"": 0.96100431480727, ""at_level"": 1.0, ""confirmation_count"": 0.3333333333333333}, ""invalidation"": {""level"": 31.5, ""reason"": ""rottura del resistenza""}, ""sources"": [""Nison - candlestick reversals confirmed at support/resistance""], ""annotations"": {""levels"": [{""label"": ""Resistenza"", ""price"": 31.5, ""kind"": ""resistance""}, {""label"": ""Stop / invalidazione"", ""price"": 31.5, ""kind"": ""stop""}], ""points"": []}, ""atr"": 0.06777446944275221, ""horizon"": ""short"", ""regime_at_fire"": ""bull"", ""first_emitted_at"": ""2026-07-20T23:42:55.445053+00:00""}",5,31.47,31.49,0.0006355258976802336,0,1,0.001538721730892846,2026-07-20 23:43:21.408148+00:00
17321,422,GPC,candle_reversal,2026-07-24,bull,124.3700,2026-08-03 19:47:11.663806+00:00,2026-08-03 19:50:00.925780+00:00,,16566,"{""tone"": ""bull"", ""strength"": 92, ""probability"": 49, ""chain"": [{""date"": ""2026-07-21"", ""label"": ""Rifiuto su EMA200"", ""detail"": ""ritorno alla media e rifiuto nel verso del trend"", ""kind"": ""confirmation""}, {""date"": ""2026-07-21"", ""label"": ""Higher-low confermato"", ""detail"": ""struttura a conferma della continuazione"", ""kind"": ""confirmation""}, {""date"": ""2026-07-21"", ""label"": ""Volume sulla salita"", ""detail"": ""volume sopra la media nel verso del segnale"", ""kind"": ""confirmation""}, {""date"": ""2026-07-24"", ""label"": ""Candela di inversione bull"", ""detail"": ""pattern Engulfing""}, {""date"": ""2026-07-24"", ""label"": ""A supporto"", ""detail"": ""prezzo 124.37 al livello 124.32""}, {""date"": ""2026-07-31"", ""label"": ""Trend ADX in rafforzamento"", ""detail"": ""ADX conferma la forza del trend"", ""kind"": ""confirmation""}], ""factors"": {""candle_strength"": 0.924500135090478, ""at_level"": 1.0, ""confirmation_count"": 1.0}, ""invalidation"": {""level"": 124.32, ""reason"": ""rottura del supporto""}, ""sources"": [""Nison - candlestick reversals confirmed at support/resistance""], ""annotations"": {""levels"": [{""label"": ""Supporto"", ""price"": 124.32, ""kind"": ""support""}, {""label"": ""Stop / invalidazione"", ""price"": 124.32, ""kind"": ""stop""}], ""points"": []}, ""atr"": 4.477528277537326, ""horizon"": ""short"", ""regime_at_fire"": ""bull"", ""first_emitted_at"": ""2026-08-03T19:47:12.344975+00:00""}",5,124.21,124.370003,0.0012881652040899194,1,0,-0.006973290266825135,2026-08-03 19:49:47.088463+00:00
19674,128,CS.PA,candle_reversal,2026-08-25,bear,43.7100,2026-09-02 10:01:34.436508+00:00,2026-09-02 10:05:48.267771+00:00,,19032,"{""tone"": ""bear"", ""strength"": 65, ""probability"": 49, ""chain"": [{""date"": ""2026-08-25"", ""label"": ""Candela di inversione bear"", ""detail"": ""pattern Engulfing""}, {""date"": ""2026-08-25"", ""label"": ""A resistenza"", ""detail"": ""prezzo 43.71 al livello 44.54""}, {""date"": ""2026-08-31"", ""label"": ""Rifiuto su EMA50"", ""detail"": ""ritorno alla media e rifiuto nel verso del trend"", ""kind"": ""confirmation""}, {""date"": ""2026-08-31"", ""label"": ""Volume sulla discesa"", ""detail"": ""volume sopra la media nel verso del segnale"", ""kind"": ""confirmation""}], ""factors"": {""candle_strength"": 0.6486297241502919, ""at_level"": 1.0, ""confirmation_count"": 0.6666666666666666}, ""invalidation"": {""level"": 44.54, ""reason"": ""rottura del resistenza""}, ""sources"": [""Nison - candlestick reversals confirmed at support/resistance""], ""annotations"": {""levels"": [{""label"": ""Resistenza"", ""price"": 44.54, ""kind"": ""resistance""}, {""label"": ""Stop / invalidazione"", ""price"": 44.54, ""kind"": ""stop""}], ""points"": []}, ""atr"": 0.6711619253289837, ""horizon"": ""short"", ""regime_at_fire"": ""bull"", ""first_emitted_at"": ""2026-09-02T10:01:35.565764+00:00""}",5,43.68,43.709999,0.0006867902930403069,0,0,-0.01859413082878092,2026-09-02 10:05:32.271156+00:00
15921,1801,CPRX,candle_reversal,2026-07-09,bear,31.4900,2026-07-17 12:14:01.441911+00:00,2026-07-17 12:14:40.598875+00:00,,15898,"{""tone"": ""bear"", ""strength"": 96, ""probability"": 49, ""chain"": [{""date"": ""2026-07-09"", ""label"": ""Candela di inversione bear"", ""detail"": ""pattern Shooting star""}, {""date"": ""2026-07-09"", ""label"": ""A resistenza"", ""detail"": ""prezzo 31.49 al livello 31.50""}, {""date"": ""2026-07-16"", ""label"": ""RSI ipercomprato"", ""detail"": ""estremo RSI a conferma del segnale"", ""kind"": ""confirmation""}], ""factors"": {""candle_strength"": 0.96100431480727, ""at_level"": 1.0, ""confirmation_count"": 0.3333333333333333}, ""invalidation"": {""level"": 31.5, ""reason"": ""rottura del resistenza""}, ""sources"": [""Nison - candlestick reversals confirmed at support/resistance""], ""annotations"": {""levels"": [{""label"": ""Resistenza"", ""price"": 31.5, ""kind"": ""resistance""}, {""label"": ""Stop / invalidazione"", ""price"": 31.5, ""kind"": ""stop""}], ""points"": []}, ""atr"": 0.06777446944275221, ""horizon"": ""short"", ""regime_at_fire"": ""bull"", ""first_emitted_at"": ""2026-07-17T12:14:01.630880+00:00""}",5,31.47,31.49,0.0006355258976802336,0,1,0.00177603459251936,2026-07-17 12:14:27.413035+00:00
19675,241,APA,candle_reversal,2026-08-25,bear,44.3000,2026-09-02 10:01:51.349728+00:00,2026-09-02 10:05:48.267771+00:00,,19139,"{""tone"": ""bear"", ""strength"": 86, ""probability"": 49, ""chain"": [{""date"": ""2026-08-20"", ""label"": ""RSI ipercomprato"", ""detail"": ""estremo RSI a conferma del segnale"", ""kind"": ""confirmation""}, {""date"": ""2026-08-25"", ""label"": ""Candela di inversione bear"", ""detail"": ""pattern Shooting star""}, {""date"": ""2026-08-25"", ""label"": ""A resistenza"", ""detail"": ""prezzo 44.30 al livello 45.05""}, {""date"": ""2026-08-27"", ""label"": ""MACD cross ribassista"", ""detail"": ""incrocio MACD nel verso del segnale"", ""kind"": ""confirmation""}], ""factors"": {""candle_strength"": 0.8644671635863131, ""at_level"": 1.0, ""confirmation_count"": 0.6666666666666666}, ""invalidation"": {""level"": 45.049999, ""reason"": ""rottura del resistenza""}, ""sources"": [""Nison - candlestick reversals confirmed at support/resistance""], ""annotations"": {""levels"": [{""label"": ""Resistenza"", ""price"": 45.049999, ""kind"": ""resistance""}, {""label"": ""Stop / invalidazione"", ""price"": 45.049999, ""kind"": ""stop""}], ""points"": []}, ""atr"": 1.4782862982091296, ""horizon"": ""short"", ""regime_at_fire"": ""bull"", ""first_emitted_at"": ""2026-09-02T10:01:52.496250+00:00""}",5,41.349998,44.299999,0.07134222835996273,0,0,-0.08924956889570335,2026-09-02 10:05:32.271156+00:00
19676,341,CVS,candle_reversal,2026-08-25,bear,97.6000,2026-09-02 10:02:00.190959+00:00,2026-09-02 10:05:48.267771+00:00,,19553,"{""tone"": ""bear"", ""strength"": 68, ""probability"": 49, ""chain"": [{""date"": ""2026-08-25"", ""label"": ""Candela di inversione bear"", ""detail"": ""pattern Engulfing""}, {""date"": ""2026-08-25"", ""label"": ""A resistenza"", ""detail"": ""prezzo 97.60 al livello 97.51""}, {""date"": ""2026-08-31"", ""label"": ""Trend ADX in rafforzamento"", ""detail"": ""ADX conferma la forza del trend"", ""kind"": ""confirmation""}], ""factors"": {""candle_strength"": 0.6785675306178072, ""at_level"": 1.0, ""confirmation_count"": 0.3333333333333333}, ""invalidation"": {""level"": 97.510002, ""reason"": ""rottura del resistenza""}, ""sources"": [""Nison - candlestick reversals confirmed at support/resistance""], ""annotations"": {""levels"": [{""label"": ""Resistenza"", ""price"": 97.510002, ""kind"": ""resistance""}, {""label"": ""Stop / invalidazione"", ""price"": 97.510002, ""kind"": ""stop""}], ""points"": []}, ""atr"": 2.3129922999358334, ""horizon"": ""short"", ""regime_at_fire"": ""bull"", ""first_emitted_at"": ""2026-09-02T10:02:00.631244+00:00""}",5,92.900002,97.599998,0.050591990299418965,0,0,-0.06849933083515958,2026-09-02 10:05:32.271156+00:00
16718,405,F,candle_reversal,2026-07-20,bear,14.6800,2026-07-28 18:33:25.682931+00:00,2026-07-28 18:42:14.436201+00:00,,16035,"{""tone"": ""bear"", ""strength"": 67, ""probability"": 49, ""chain"": [{""date"": ""2026-07-20"", ""label"": ""Candela di inversione bear"", ""detail"": ""pattern Engulfing""}, {""date"": ""2026-07-20"", ""label"": ""A resistenza"", ""detail"": ""prezzo 14.68 al livello 14.80""}], ""factors"": {""candle_strength"": 0.6722222222222192, ""at_level"": 1.0}, ""invalidation"": {""level"": 14.8, ""reason"": ""rottura del resistenza""}, ""sources"": [""Nison - candlestick reversals confirmed at support/resistance""], ""annotations"": {""levels"": [{""label"": ""Resistenza"", ""price"": 14.8, ""kind"": ""resistance""}, {""label"": ""Stop / invalidazione"", ""price"": 14.8, ""kind"": ""stop""}], ""points"": []}, ""atr"": 0.46320602019052354, ""horizon"": ""short"", ""regime_at_fire"": ""bull"", ""first_emitted_at"": ""2026-07-28T18:33:26.440257+00:00""}",5,13.99,14.68,0.04932094353109351,0,0,-0.03824639013592104,2026-07-28 18:41:58.527417+00:00
17158,668,GWW,candle_reversal,2026-07-23,bull,1355.4900,2026-07-30 23:32:01.073488+00:00,2026-07-31 16:04:12.562827+00:00,,16497,"{""tone"": ""bull"", ""strength"": 60, ""probability"": 49, ""chain"": [{""date"": ""2026-07-21"", ""label"": ""Higher-low confermato"", ""detail"": ""struttura a conferma della continuazione"", ""kind"": ""confirmation""}, {""date"": ""2026-07-23"", ""label"": ""Candela di inversione bull"", ""detail"": ""pattern Engulfing""}, {""date"": ""2026-07-23"", ""label"": ""A supporto"", ""detail"": ""prezzo 1355.49 al livello 1347.27""}, {""date"": ""2026-07-30"", ""label"": ""Trend ADX in rafforzamento"", ""detail"": ""ADX conferma la forza del trend"", ""kind"": ""confirmation""}], ""factors"": {""candle_strength"": 0.5957858769931552, ""at_level"": 1.0, ""confirmation_count"": 0.6666666666666666}, ""invalidation"": {""level"": 1347.27, ""reason"": ""rottura del supporto""}, ""sources"": [""Nison - candlestick reversals confirmed at support/resistance""], ""annotations"": {""levels"": [{""label"": ""Supporto"", ""price"": 1347.27, ""kind"": ""support""}, {""label"": ""Stop / invalidazione"", ""price"": 1347.27, ""kind"": ""stop""}], ""points"": []}, ""atr"": 31.59839282974378, ""horizon"": ""short"", ""regime_at_fire"": ""bull"", ""first_emitted_at"": ""2026-07-30T23:32:02.115366+00:00""}",5,1367.46,1355.48999,-0.008753462624135233,0,0,-0.020558070279147203,2026-07-30 23:36:21.490658+00:00
16236,501,MAS,candle_reversal,2026-07-14,bull,76.8200,2026-07-22 18:41:54.995930+00:00,2026-07-22 18:44:04.028811+00:00,,16040,"{""tone"": ""bull"", ""strength"": 63, ""probability"": 49, ""chain"": [{""date"": ""2026-07-08"", ""label"": ""Higher-low confermato"", ""detail"": ""struttura a conferma della continuazione"", ""kind"": ""confirmation""}, {""date"": ""2026-07-09"", ""label"": ""Trend ADX in rafforzamento"", ""detail"": ""ADX conferma la forza del trend"", ""kind"": ""confirmation""}, {""date"": ""2026-07-14"", ""label"": ""Candela di inversione bull"", ""detail"": ""pattern Engulfing""}, {""date"": ""2026-07-14"", ""label"": ""A supporto"", ""detail"": ""prezzo 76.82 al livello 75.51""}], ""factors"": {""candle_strength"": 0.6324034334763906, ""at_level"": 1.0, ""confirmation_count"": 0.6666666666666666}, ""invalidation"": {""level"": 75.51, ""reason"": ""rottura del supporto""}, ""sources"": [""Nison - candlestick reversals confirmed at support/resistance""], ""annotations"": {""levels"": [{""label"": ""Supporto"", ""price"": 75.51, ""kind"": ""support""}, {""label"": ""Stop / invalidazione"", ""price"": 75.51, ""kind"": ""stop""}], ""points"": []}, ""atr"": 2.305568163965718, ""horizon"": ""short"", ""regime_at_fire"": ""bull"", ""first_emitted_at"": ""2026-07-22T18:41:55.568315+00:00""}",5,77.85,76.82,-0.013230571612074526,0,0,-0.01384661110704605,2026-07-22 18:43:51.183862+00:00
19677,588,HOOD,candle_reversal,2026-08-25,bull,103.5100,2026-09-02 10:03:04.283117+00:00,2026-09-02 10:05:48.267771+00:00,,19070,"{""tone"": ""bull"", ""strength"": 80, ""probability"": 49, ""chain"": [{""date"": ""2026-08-18"", ""label"": ""Higher-low confermato"", ""detail"": ""struttura a conferma della continuazione"", ""kind"": ""confirmation""}, {""date"": ""2026-08-21"", ""label"": ""Volume sulla salita"", ""detail"": ""volume sopra la media nel verso del segnale"", ""kind"": ""confirmation""}, {""date"": ""2026-08-25"", ""label"": ""Candela di inversione bull"", ""detail"": ""pattern Engulfing""}, {""date"": ""2026-08-25"", ""label"": ""A supporto"", ""detail"": ""prezzo 103.51 al livello 104.45""}, {""date"": ""2026-08-31"", ""label"": ""Rifiuto su EMA50"", ""detail"": ""ritorno alla media e rifiuto nel verso del trend"", ""kind"": ""confirmation""}], ""factors"": {""candle_strength"": 0.7960286503805103, ""at_level"": 1.0, ""confirmation_count"": 1.0}, ""invalidation"": {""level"": 104.45, ""reason"": ""rottura del supporto""}, ""sources"": [""Nison - candlestick reversals confirmed at support/resistance""], ""annotations"": {""levels"": [{""label"": ""Supporto"", ""price"": 104.45, ""kind"": ""support""}, {""label"": ""Stop / invalidazione"", ""price"": 104.45, ""kind"": ""stop""}], ""points"": []}, ""atr"": 5.889679459608045, ""horizon"": ""short"", ""regime_at_fire"": ""bull"", ""first_emitted_at"": ""2026-09-02T10:03:05.325263+00:00""}",5,112.089996,103.510002,-0.07654558217666452,0,0,-0.058638241640923905,2026-09-02 10:05:32.271156+00:00
19678,1583,DKS,gap_and_go,2026-08-25,bear,132.9500,2026-09-02 10:04:48.884302+00:00,2026-09-02 10:05:48.267771+00:00,,19098,"{""tone"": ""bear"", ""strength"": 99, ""probability"": 50, ""chain"": [{""date"": ""2026-08-18"", ""label"": ""MACD cross ribassista"", ""detail"": ""incrocio MACD nel verso del segnale"", ""kind"": ""confirmation""}, {""date"": ""2026-08-24"", ""label"": ""Candela di rifiuto"", ""detail"": ""pattern engulfing"", ""kind"": ""confirmation""}, {""date"": ""2026-08-25"", ""label"": ""Gap bear"", ""detail"": ""apertura in gap del -20.6%""}, {""date"": ""2026-08-25"", ""label"": ""Conferma volume"", ""detail"": ""22.1x la media: gap partecipato""}, {""date"": ""2026-09-01"", ""label"": ""Trend ADX in rafforzamento"", ""detail"": ""ADX conferma la forza del trend"", ""kind"": ""confirmation""}], ""factors"": {""gap_size"": 0.9741282176087965, ""volume_strength"": 1.0, ""trend_alignment"": 1.0, ""confirmation_count"": 1.0}, ""invalidation"": null, ""sources"": [""Gap taxonomy (breakaway vs exhaustion) + volume confirmation""], ""annotations"": {""levels"": [], ""points"": []}, ""atr"": 9.220974913504417, ""horizon"": ""short"", ""regime_at_fire"": ""bear"", ""first_emitted_at"": ""2026-09-02T10:04:49.385479+00:00""}",5,124.309998,132.949997,0.06950365327815389,0,0,-0.0874109938138945,2026-09-02 10:05:32.271156+00:00
18211,721,SPM.MI,candle_reversal,2026-08-05,bear,4.4000,2026-08-12 23:33:19.916784+00:00,2026-08-13 18:46:04.525765+00:00,,17600,"{""tone"": ""bear"", ""strength"": 67, ""probability"": 49, ""chain"": [{""date"": ""2026-07-29"", ""label"": ""Volume sulla discesa"", ""detail"": ""volume sopra la media nel verso del segnale"", ""kind"": ""confirmation""}, {""date"": ""2026-08-05"", ""label"": ""Candela di inversione bear"", ""detail"": ""pattern Shooting star""}, {""date"": ""2026-08-05"", ""label"": ""A resistenza"", ""detail"": ""prezzo 4.40 al livello 4.50""}], ""factors"": {""candle_strength"": 0.6741379310344817, ""at_level"": 1.0, ""confirmation_count"": 0.3333333333333333}, ""invalidation"": {""level"": 4.505, ""reason"": ""rottura del resistenza""}, ""sources"": [""Nison - candlestick reversals confirmed at support/resistance""], ""annotations"": {""levels"": [{""label"": ""Resistenza"", ""price"": 4.505, ""kind"": ""resistance""}, {""label"": ""Stop / invalidazione"", ""price"": 4.505, ""kind"": ""stop""}], ""points"": []}, ""atr"": 0.13962904734773404, ""horizon"": ""short"", ""regime_at_fire"": ""bull"", ""first_emitted_at"": ""2026-08-12T23:33:20.475012+00:00""}",5,4.263,4.4,0.03213699272812587,0,0,-0.022971880277058574,2026-08-12 23:38:56.714613+00:00
20075,397,FAST,candle_reversal,2026-08-28,bear,49.6000,2026-09-08 09:35:44.592854+00:00,2026-09-08 09:39:19.191698+00:00,,19352,"{""tone"": ""bear"", ""strength"": 88, ""probability"": 49, ""chain"": [{""date"": ""2026-08-24"", ""label"": ""Lower-high confermato"", ""detail"": ""struttura a conferma della continuazione"", ""kind"": ""confirmation""}, {""date"": ""2026-08-28"", ""label"": ""Candela di inversione bear"", ""detail"": ""pattern Engulfing""}, {""date"": ""2026-08-28"", ""label"": ""A resistenza"", ""detail"": ""prezzo 49.60 al livello 49.67""}, {""date"": ""2026-09-02"", ""label"": ""Rifiuto su EMA50"", ""detail"": ""ritorno alla media e rifiuto nel verso del trend"", ""kind"": ""confirmation""}], ""factors"": {""candle_strength"": 0.8832311106860662, ""at_level"": 1.0, ""confirmation_count"": 0.6666666666666666}, ""invalidation"": {""level"": 49.67, ""reason"": ""rottura del resistenza""}, ""sources"": [""Nison - candlestick reversals confirmed at support/resistance""], ""annotations"": {""levels"": [{""label"": ""Resistenza"", ""price"": 49.67, ""kind"": ""resistance""}, {""label"": ""Stop / invalidazione"", ""price"": 49.67, ""kind"": ""stop""}], ""points"": []}, ""atr"": 1.142162366897672, ""horizon"": ""short"", ""regime_at_fire"": ""bull"", ""first_emitted_at"": ""2026-09-08T09:35:46.082417+00:00""}",5,49.779999,49.599998,-0.0036159301650446896,1,0,-0.0021103128687374184,2026-09-08 09:39:04.188598+00:00
17615,631,TXT,gap_and_go,2026-07-28,bear,89.1200,2026-08-05 19:57:57.091491+00:00,2026-08-05 20:03:54.833679+00:00,,17254,"{""tone"": ""bear"", ""strength"": 62, ""probability"": 50, ""chain"": [{""date"": ""2026-07-28"", ""label"": ""Gap bear"", ""detail"": ""apertura in gap del -5.4%""}, {""date"": ""2026-07-28"", ""label"": ""Conferma volume"", ""detail"": ""3.9x la media: gap partecipato""}, {""date"": ""2026-07-29"", ""label"": ""Rifiuto su EMA50"", ""detail"": ""ritorno alla media e rifiuto nel verso del trend"", ""kind"": ""confirmation""}, {""date"": ""2026-07-29"", ""label"": ""MACD cross ribassista"", ""detail"": ""incrocio MACD nel verso del segnale"", ""kind"": ""confirmation""}, {""date"": ""2026-07-31"", ""label"": ""Candela di rifiuto"", ""detail"": ""pattern engulfing"", ""kind"": ""confirmation""}], ""factors"": {""gap_size"": 0.7636416831374179, ""volume_strength"": 0.5030715195101196, ""trend_alignment"": 1.0, ""confirmation_count"": 1.0}, ""invalidation"": null, ""sources"": [""Gap taxonomy (breakaway vs exhaustion) + volume confirmation""], ""annotations"": {""levels"": [], ""points"": []}, ""atr"": 2.925996722885327, ""horizon"": ""short"", ""regime_at_fire"": ""bear"", ""first_emitted_at"": ""2026-08-05T19:57:58.571894+00:00""}",5,89.96,89.120003,-0.009337449977767864,1,1,0.03136437814618738,2026-08-05 20:03:41.022841+00:00
16619,457,ISRG,gap_and_go,2026-07-17,bear,337.5000,2026-07-26 23:33:08.824389+00:00,2026-07-26 23:41:07.503928+00:00,,15970,"{""tone"": ""bear"", ""strength"": 62, ""probability"": 50, ""chain"": [{""date"": ""2026-07-14"", ""label"": ""MACD cross ribassista"", ""detail"": ""incrocio MACD nel verso del segnale"", ""kind"": ""confirmation""}, {""date"": ""2026-07-17"", ""label"": ""Gap bear"", ""detail"": ""apertura in gap del -9.3%""}, {""date"": ""2026-07-17"", ""label"": ""Conferma volume"", ""detail"": ""3.9x la media: gap partecipato""}, {""date"": ""2026-07-22"", ""label"": ""Candela di rifiuto"", ""detail"": ""pattern engulfing"", ""kind"": ""confirmation""}, {""date"": ""2026-07-24"", ""label"": ""Trend ADX in rafforzamento"", ""detail"": ""ADX conferma la forza del trend"", ""kind"": ""confirmation""}], ""factors"": {""gap_size"": 0.8848577398739509, ""volume_strength"": 0.5031486613408622, ""trend_alignment"": 1.0, ""confirmation_count"": 1.0}, ""invalidation"": null, ""sources"": [""Gap taxonomy (breakaway vs exhaustion) + volume confirmation""], ""annotations"": {""levels"": [], ""points"": []}, ""atr"": 15.841750427498516, ""horizon"": ""short"", ""regime_at_fire"": ""bear"", ""first_emitted_at"": ""2026-07-26T23:33:09.593458+00:00""}",5,345.42,337.5,-0.022928608650338744,1,1,0.02404165560056091,2026-07-26 23:40:53.312815+00:00
16094,1113,LSEG.L,candle_reversal,2026-07-14,bull,88.4400,2026-07-21 14:09:06.335742+00:00,2026-07-22 13:50:11.081870+00:00,,15997,"{""tone"": ""bull"", ""strength"": 81, ""probability"": 49, ""chain"": [{""date"": ""2026-07-14"", ""label"": ""Candela di inversione bull"", ""detail"": ""pattern Hammer""}, {""date"": ""2026-07-14"", ""label"": ""A supporto"", ""detail"": ""prezzo 88.44 al livello 87.02""}, {""date"": ""2026-07-16"", ""label"": ""Rifiuto su EMA200"", ""detail"": ""ritorno alla media e rifiuto nel verso del trend"", ""kind"": ""confirmation""}], ""factors"": {""candle_strength"": 0.8071183112420227, ""at_level"": 1.0, ""confirmation_count"": 0.3333333333333333}, ""invalidation"": {""level"": 87.02, ""reason"": ""rottura del supporto""}, ""sources"": [""Nison - candlestick reversals confirmed at support/resistance""], ""annotations"": {""levels"": [{""label"": ""Supporto"", ""price"": 87.02, ""kind"": ""support""}, {""label"": ""Stop / invalidazione"", ""price"": 87.02, ""kind"": ""stop""}], ""points"": []}, ""atr"": 5.98960807030783, ""horizon"": ""short"", ""regime_at_fire"": ""bear"", ""first_emitted_at"": ""2026-07-21T14:09:06.723800+00:00""}",5,89.74,86.0,-0.04167595275239577,0,0,-0.04912678704994562,2026-07-21 18:44:56.263488+00:00
16505,82,MC.PA,candle_reversal,2026-07-16,bull,453.5500,2026-07-24 00:38:28.298455+00:00,2026-07-24 00:44:37.781745+00:00,,15816,"{""tone"": ""bull"", ""strength"": 96, ""probability"": 49, ""chain"": [{""date"": ""2026-07-14"", ""label"": ""Higher-low confermato"", ""detail"": ""struttura a conferma della continuazione"", ""kind"": ""confirmation""}, {""date"": ""2026-07-16"", ""label"": ""Candela di inversione bull"", ""detail"": ""pattern Engulfing""}, {""date"": ""2026-07-16"", ""label"": ""A supporto"", ""detail"": ""prezzo 453.55 al livello 450.90""}, {""date"": ""2026-07-16"", ""label"": ""Rifiuto su EMA50"", ""detail"": ""ritorno alla media e rifiuto nel verso del trend"", ""kind"": ""confirmation""}, {""date"": ""2026-07-16"", ""label"": ""MACD cross rialzista"", ""detail"": ""incrocio MACD nel verso del segnale"", ""kind"": ""confirmation""}], ""factors"": {""candle_strength"": 0.96100431480727, ""at_level"": 1.0, ""confirmation_count"": 1.0}, ""invalidation"": {""level"": 450.9, ""reason"": ""rottura del supporto""}, ""sources"": [""Nison - candlestick reversals confirmed at support/resistance""], ""annotations"": {""levels"": [{""label"": ""Supporto"", ""price"": 450.9, ""kind"": ""support""}, {""label"": ""Stop / invalidazione"", ""price"": 450.9, ""kind"": ""stop""}], ""points"": []}, ""atr"": 13.454455062357077, ""horizon"": ""short"", ""regime_at_fire"": ""bear"", ""first_emitted_at"": ""2026-07-24T00:38:29.286583+00:00""}",5,503.1,453.55,-0.09848936593122637,0,0,-0.09233450778545955,2026-07-24 00:44:24.068133+00:00
16240,1920,CAL,candle_reversal,2026-07-14,bear,11.8000,2026-07-22 18:43:27.248068+00:00,2026-07-22 18:44:04.028811+00:00,,15805,"{""tone"": ""bear"", ""strength"": 84, ""probability"": 49, ""chain"": [{""date"": ""2026-07-14"", ""label"": ""Candela di inversione bear"", ""detail"": ""pattern Engulfing""}, {""date"": ""2026-07-14"", ""label"": ""A resistenza"", ""detail"": ""prezzo 11.80 al livello 11.84""}, {""date"": ""2026-07-20"", ""label"": ""Rifiuto su EMA50"", ""detail"": ""ritorno alla media e rifiuto nel verso del trend"", ""kind"": ""confirmation""}], ""factors"": {""candle_strength"": 0.8428571428571402, ""at_level"": 1.0, ""confirmation_count"": 0.3333333333333333}, ""invalidation"": {""level"": 11.84, ""reason"": ""rottura del resistenza""}, ""sources"": [""Nison - candlestick reversals confirmed at support/resistance""], ""annotations"": {""levels"": [{""label"": ""Resistenza"", ""price"": 11.84, ""kind"": ""resistance""}, {""label"": ""Stop / invalidazione"", ""price"": 11.84, ""kind"": ""stop""}], ""points"": []}, ""atr"": 0.7067186040560965, ""horizon"": ""short"", ""regime_at_fire"": ""bear"", ""first_emitted_at"": ""2026-07-22T18:43:27.433795+00:00""}",5,11.31,11.8,0.043324491600353676,0,0,-0.042708452105382155,2026-07-22 18:43:51.183862+00:00
16506,259,AXON,candle_reversal,2026-07-16,bull,491.9000,2026-07-24 00:38:46.410983+00:00,2026-07-24 00:44:37.781745+00:00,,15834,"{""tone"": ""bull"", ""strength"": 66, ""probability"": 49, ""chain"": [{""date"": ""2026-07-16"", ""label"": ""Candela di inversione bull"", ""detail"": ""pattern Hammer""}, {""date"": ""2026-07-16"", ""label"": ""A supporto"", ""detail"": ""prezzo 491.90 al livello 484.43""}, {""date"": ""2026-07-20"", ""label"": ""Trend ADX in rafforzamento"", ""detail"": ""ADX conferma la forza del trend"", ""kind"": ""confirmation""}, {""date"": ""2026-07-20"", ""label"": ""Rifiuto su EMA50"", ""detail"": ""ritorno alla media e rifiuto nel verso del trend"", ""kind"": ""confirmation""}], ""factors"": {""candle_strength"": 0.6609216402760905, ""at_level"": 1.0, ""confirmation_count"": 0.6666666666666666}, ""invalidation"": {""level"": 484.43, ""reason"": ""rottura del supporto""}, ""sources"": [""Nison - candlestick reversals confirmed at support/resistance""], ""annotations"": {""levels"": [{""label"": ""Supporto"", ""price"": 484.43, ""kind"": ""support""}, {""label"": ""Stop / invalidazione"", ""price"": 484.43, ""kind"": ""stop""}], ""points"": []}, ""atr"": 30.064324015417935, ""horizon"": ""short"", ""regime_at_fire"": ""bear"", ""first_emitted_at"": ""2026-07-24T00:38:47.181137+00:00""}",5,541.75,491.9,-0.09201661282879559,0,0,-0.08586175468302877,2026-07-24 00:44:24.068133+00:00
16005,1801,CPRX,candle_reversal,2026-07-09,bear,31.4900,2026-07-18 23:34:56.234833+00:00,2026-07-18 23:39:45.455768+00:00,,15898,"{""tone"": ""bear"", ""strength"": 96, ""probability"": 49, ""chain"": [{""date"": ""2026-07-09"", ""label"": ""Candela di inversione bear"", ""detail"": ""pattern Shooting star""}, {""date"": ""2026-07-09"", ""label"": ""A resistenza"", ""detail"": ""prezzo 31.49 al livello 31.50""}, {""date"": ""2026-07-16"", ""label"": ""RSI ipercomprato"", ""detail"": ""estremo RSI a conferma del segnale"", ""kind"": ""confirmation""}], ""factors"": {""candle_strength"": 0.96100431480727, ""at_level"": 1.0, ""confirmation_count"": 0.3333333333333333}, ""invalidation"": {""level"": 31.5, ""reason"": ""rottura del resistenza""}, ""sources"": [""Nison - candlestick reversals confirmed at support/resistance""], ""annotations"": {""levels"": [{""label"": ""Resistenza"", ""price"": 31.5, ""kind"": ""resistance""}, {""label"": ""Stop / invalidazione"", ""price"": 31.5, ""kind"": ""stop""}], ""points"": []}, ""atr"": 0.06777446944275221, ""horizon"": ""short"", ""regime_at_fire"": ""bull"", ""first_emitted_at"": ""2026-07-18T23:34:56.417172+00:00""}",5,31.47,31.49,0.0006355258976802336,0,1,0.001538721730892846,2026-07-18 23:39:31.301108+00:00
16507,412,GRMN,candle_reversal,2026-07-16,bull,240.1000,2026-07-24 00:39:12.044811+00:00,2026-07-24 00:44:37.781745+00:00,,15850,"{""tone"": ""bull"", ""strength"": 86, ""probability"": 49, ""chain"": [{""date"": ""2026-07-16"", ""label"": ""Candela di inversione bull"", ""detail"": ""pattern Engulfing""}, {""date"": ""2026-07-16"", ""label"": ""A supporto"", ""detail"": ""prezzo 240.10 al livello 244.97""}, {""date"": ""2026-07-16"", ""label"": ""Rifiuto su EMA50"", ""detail"": ""ritorno alla media e rifiuto nel verso del trend"", ""kind"": ""confirmation""}, {""date"": ""2026-07-17"", ""label"": ""Volume sulla salita"", ""detail"": ""volume sopra la media nel verso del segnale"", ""kind"": ""confirmation""}], ""factors"": {""candle_strength"": 0.8585453359425982, ""at_level"": 1.0, ""confirmation_count"": 0.6666666666666666}, ""invalidation"": {""level"": 244.97, ""reason"": ""rottura del supporto""}, ""sources"": [""Nison - candlestick reversals confirmed at support/resistance""], ""annotations"": {""levels"": [{""label"": ""Supporto"", ""price"": 244.97, ""kind"": ""support""}, {""label"": ""Stop / invalidazione"", ""price"": 244.97, ""kind"": ""stop""}], ""points"": []}, ""atr"": 6.381185434416317, ""horizon"": ""short"", ""regime_at_fire"": ""bull"", ""first_emitted_at"": ""2026-07-24T00:39:12.415339+00:00""}",5,250.99,240.1,-0.04338818279612744,0,0,-0.037233324650360625,2026-07-24 00:44:24.068133+00:00
16239,1801,CPRX,candle_reversal,2026-07-09,bear,31.4900,2026-07-22 18:43:24.266432+00:00,2026-07-22 18:44:04.028811+00:00,,15898,"{""tone"": ""bear"", ""strength"": 96, ""probability"": 49, ""chain"": [{""date"": ""2026-07-09"", ""label"": ""Candela di inversione bear"", ""detail"": ""pattern Shooting star""}, {""date"": ""2026-07-09"", ""label"": ""A resistenza"", ""detail"": ""prezzo 31.49 al livello 31.50""}, {""date"": ""2026-07-16"", ""label"": ""RSI ipercomprato"", ""detail"": ""estremo RSI a conferma del segnale"", ""kind"": ""confirmation""}], ""factors"": {""candle_strength"": 0.96100431480727, ""at_level"": 1.0, ""confirmation_count"": 0.3333333333333333}, ""invalidation"": {""level"": 31.5, ""reason"": ""rottura del resistenza""}, ""sources"": [""Nison - candlestick reversals confirmed at support/resistance""], ""annotations"": {""levels"": [{""label"": ""Resistenza"", ""price"": 31.5, ""kind"": ""resistance""}, {""label"": ""Stop / invalidazione"", ""price"": 31.5, ""kind"": ""stop""}], ""points"": []}, ""atr"": 0.06777446944275221, ""horizon"": ""short"", ""regime_at_fire"": ""bull"", ""first_emitted_at"": ""2026-07-22T18:43:24.462246+00:00""}",5,31.47,31.49,0.0006355258976802336,0,1,0.001538721730892846,2026-07-22 18:43:51.183862+00:00
16508,689,ZBRA,candle_reversal,2026-07-16,bull,256.9500,2026-07-24 00:39:59.624735+00:00,2026-07-24 00:44:37.781745+00:00,,15876,"{""tone"": ""bull"", ""strength"": 77, ""probability"": 49, ""chain"": [{""date"": ""2026-07-15"", ""label"": ""Higher-low confermato"", ""detail"": ""struttura a conferma della continuazione"", ""kind"": ""confirmation""}, {""date"": ""2026-07-16"", ""label"": ""Candela di inversione bull"", ""detail"": ""pattern Engulfing""}, {""date"": ""2026-07-16"", ""label"": ""A supporto"", ""detail"": ""prezzo 256.95 al livello 259.01""}, {""date"": ""2026-07-22"", ""label"": ""Rifiuto su EMA200"", ""detail"": ""ritorno alla media e rifiuto nel verso del trend"", ""kind"": ""confirmation""}], ""factors"": {""candle_strength"": 0.7718225419664273, ""at_level"": 1.0, ""confirmation_count"": 0.6666666666666666}, ""invalidation"": {""level"": 259.01, ""reason"": ""rottura del supporto""}, ""sources"": [""Nison - candlestick reversals confirmed at support/resistance""], ""annotations"": {""levels"": [{""label"": ""Supporto"", ""price"": 259.01, ""kind"": ""support""}, {""label"": ""Stop / invalidazione"", ""price"": 259.01, ""kind"": ""stop""}], ""points"": []}, ""atr"": 10.192679806010412, ""horizon"": ""short"", ""regime_at_fire"": ""bull"", ""first_emitted_at"": ""2026-07-24T00:40:00.215226+00:00""}",5,265.04,256.95,-0.030523694536673807,0,0,-0.024368836390906996,2026-07-24 00:44:24.068133+00:00
16235,263,BAX,candle_reversal,2026-07-14,bull,22.2100,2026-07-22 18:41:13.479873+00:00,2026-07-22 18:44:04.028811+00:00,,15692,"{""tone"": ""bull"", ""strength"": 61, ""probability"": 49, ""chain"": [{""date"": ""2026-07-09"", ""label"": ""Trend ADX in rafforzamento"", ""detail"": ""ADX conferma la forza del trend"", ""kind"": ""confirmation""}, {""date"": ""2026-07-14"", ""label"": ""Candela di inversione bull"", ""detail"": ""pattern Hammer""}, {""date"": ""2026-07-14"", ""label"": ""A supporto"", ""detail"": ""prezzo 22.21 al livello 21.63""}, {""date"": ""2026-07-14"", ""label"": ""Higher-low confermato"", ""detail"": ""struttura a conferma della continuazione"", ""kind"": ""confirmation""}], ""factors"": {""candle_strength"": 0.6123376623376646, ""at_level"": 1.0, ""confirmation_count"": 0.6666666666666666}, ""invalidation"": {""level"": 21.63, ""reason"": ""rottura del supporto""}, ""sources"": [""Nison - candlestick reversals confirmed at support/resistance""], ""annotations"": {""levels"": [{""label"": ""Supporto"", ""price"": 21.63, ""kind"": ""support""}, {""label"": ""Stop / invalidazione"", ""price"": 21.63, ""kind"": ""stop""}], ""points"": []}, ""atr"": 0.7817177208213286, ""horizon"": ""short"", ""regime_at_fire"": ""bull"", ""first_emitted_at"": ""2026-07-22T18:41:13.664280+00:00""}",5,21.8,22.21,0.018807339449541383,1,1,0.018191299954569858,2026-07-22 18:43:51.183862+00:00
20076,113,IBE.MC,candle_reversal,2026-08-31,bear,19.8300,2026-09-08 09:36:40.496075+00:00,2026-09-08 09:39:19.191698+00:00,,19411,"{""tone"": ""bear"", ""strength"": 87, ""probability"": 49, ""chain"": [{""date"": ""2026-08-28"", ""label"": ""Lower-high confermato"", ""detail"": ""struttura a conferma della continuazione"", ""kind"": ""confirmation""}, {""date"": ""2026-08-31"", ""label"": ""Candela di inversione bear"", ""detail"": ""pattern Engulfing""}, {""date"": ""2026-08-31"", ""label"": ""A resistenza"", ""detail"": ""prezzo 19.83 al livello 20.05""}, {""date"": ""2026-09-01"", ""label"": ""MACD cross ribassista"", ""detail"": ""incrocio MACD nel verso del segnale"", ""kind"": ""confirmation""}, {""date"": ""2026-09-07"", ""label"": ""Trend ADX in rafforzamento"", ""detail"": ""ADX conferma la forza del trend"", ""kind"": ""confirmation""}], ""factors"": {""candle_strength"": 0.872463358536328, ""at_level"": 1.0, ""confirmation_count"": 1.0}, ""invalidation"": {""level"": 20.05, ""reason"": ""rottura del resistenza""}, ""sources"": [""Nison - candlestick reversals confirmed at support/resistance""], ""annotations"": {""levels"": [{""label"": ""Resistenza"", ""price"": 20.05, ""kind"": ""resistance""}, {""label"": ""Stop / invalidazione"", ""price"": 20.05, ""kind"": ""stop""}], ""points"": []}, ""atr"": 0.26543709072009347, ""horizon"": ""short"", ""regime_at_fire"": ""bull"", ""first_emitted_at"": ""2026-09-08T09:36:41.460415+00:00""}",5,20.08,19.83,-0.01245019920318724,1,1,0.004993628425286001,2026-09-08 09:39:04.188598+00:00
16232,41,IBM,gap_and_go,2026-07-14,bear,210.5000,2026-07-22 18:40:46.940240+00:00,2026-07-22 18:44:04.028811+00:00,,15748,"{""tone"": ""bear"", ""strength"": 90, ""probability"": 50, ""chain"": [{""date"": ""2026-07-07"", ""label"": ""Lower-high confermato"", ""detail"": ""struttura a conferma della continuazione"", ""kind"": ""confirmation""}, {""date"": ""2026-07-14"", ""label"": ""Gap bear"", ""detail"": ""apertura in gap del -22.0%""}, {""date"": ""2026-07-14"", ""label"": ""Conferma volume"", ""detail"": ""8.4x la media: gap partecipato""}, {""date"": ""2026-07-14"", ""label"": ""MACD cross ribassista"", ""detail"": ""incrocio MACD nel verso del segnale"", ""kind"": ""confirmation""}, {""date"": ""2026-07-21"", ""label"": ""Trend ADX in rafforzamento"", ""detail"": ""ADX conferma la forza del trend"", ""kind"": ""confirmation""}], ""factors"": {""gap_size"": 0.9774053276224867, ""volume_strength"": 0.7842238851074235, ""trend_alignment"": 1.0, ""confirmation_count"": 1.0}, ""invalidation"": null, ""sources"": [""Gap taxonomy (breakaway vs exhaustion) + volume confirmation""], ""annotations"": {""levels"": [], ""points"": []}, ""atr"": 14.670135931252236, ""horizon"": ""short"", ""regime_at_fire"": ""bear"", ""first_emitted_at"": ""2026-07-22T18:40:47.893458+00:00""}",5,217.07,210.5,-0.03026673423319659,1,1,0.030882773728168115,2026-07-22 18:43:51.183862+00:00
17157,590,ROL,gap_and_go,2026-07-23,bear,38.3500,2026-07-30 23:31:49.138481+00:00,2026-07-31 16:04:12.562827+00:00,,16524,"{""tone"": ""bear"", ""strength"": 60, ""probability"": 50, ""chain"": [{""date"": ""2026-07-17"", ""label"": ""Lower-high confermato"", ""detail"": ""struttura a conferma della continuazione"", ""kind"": ""confirmation""}, {""date"": ""2026-07-23"", ""label"": ""Gap bear"", ""detail"": ""apertura in gap del -14.1%""}, {""date"": ""2026-07-23"", ""label"": ""Conferma volume"", ""detail"": ""3.6x la media: gap partecipato""}, {""date"": ""2026-07-23"", ""label"": ""MACD cross ribassista"", ""detail"": ""incrocio MACD nel verso del segnale"", ""kind"": ""confirmation""}, {""date"": ""2026-07-30"", ""label"": ""Trend ADX in rafforzamento"", ""detail"": ""ADX conferma la forza del trend"", ""kind"": ""confirmation""}], ""factors"": {""gap_size"": 0.9431773800942742, ""volume_strength"": 0.47612274774784596, ""trend_alignment"": 1.0, ""confirmation_count"": 1.0}, ""invalidation"": null, ""sources"": [""Gap taxonomy (breakaway vs exhaustion) + volume confirmation""], ""annotations"": {""levels"": [], ""points"": []}, ""atr"": 1.5439477250298208, ""horizon"": ""short"", ""regime_at_fire"": ""bear"", ""first_emitted_at"": ""2026-07-30T23:31:50.132291+00:00""}",5,39.44,38.349998,-0.027636967545638935,1,1,0.039441575200650905,2026-07-30 23:36:21.490658+00:00
16492,66,G.MI,candle_reversal,2026-07-16,bull,42.5900,2026-07-24 00:16:35.032960+00:00,2026-07-24 00:19:42.624578+00:00,,15815,"{""tone"": ""bull"", ""strength"": 64, ""probability"": 49, ""chain"": [{""date"": ""2026-07-14"", ""label"": ""Trend ADX in rafforzamento"", ""detail"": ""ADX conferma la forza del trend"", ""kind"": ""confirmation""}, {""date"": ""2026-07-16"", ""label"": ""Candela di inversione bull"", ""detail"": ""pattern Engulfing""}, {""date"": ""2026-07-16"", ""label"": ""A supporto"", ""detail"": ""prezzo 42.59 al livello 41.70""}, {""date"": ""2026-07-16"", ""label"": ""Rifiuto su EMA50"", ""detail"": ""ritorno alla media e rifiuto nel verso del trend"", ""kind"": ""confirmation""}], ""factors"": {""candle_strength"": 0.6436936936936903, ""at_level"": 1.0, ""confirmation_count"": 0.6666666666666666}, ""invalidation"": {""level"": 41.7, ""reason"": ""rottura del supporto""}, ""sources"": [""Nison - candlestick reversals confirmed at support/resistance""], ""annotations"": {""levels"": [{""label"": ""Supporto"", ""price"": 41.7, ""kind"": ""support""}, {""label"": ""Stop / invalidazione"", ""price"": 41.7, ""kind"": ""stop""}], ""points"": []}, ""atr"": 0.6446192264179411, ""horizon"": ""short"", ""regime_at_fire"": ""bull"", ""first_emitted_at"": ""2026-07-24T00:16:35.218760+00:00""}",5,42.08,42.59,0.012119771863118078,1,1,0.01827463000888489,2026-07-24 00:19:29.706522+00:00
17431,380,EQIX,candle_reversal,2026-07-27,bear,1031.4399,2026-08-04 18:32:34.780284+00:00,2026-08-04 18:39:46.687627+00:00,,16661,"{""tone"": ""bear"", ""strength"": 65, ""probability"": 49, ""chain"": [{""date"": ""2026-07-27"", ""label"": ""Candela di inversione bear"", ""detail"": ""pattern Engulfing""}, {""date"": ""2026-07-27"", ""label"": ""A resistenza"", ""detail"": ""prezzo 1031.44 al livello 1054.54""}, {""date"": ""2026-07-29"", ""label"": ""Rifiuto su EMA50"", ""detail"": ""ritorno alla media e rifiuto nel verso del trend"", ""kind"": ""confirmation""}], ""factors"": {""candle_strength"": 0.6549852037332116, ""at_level"": 1.0, ""confirmation_count"": 0.3333333333333333}, ""invalidation"": {""level"": 1054.54, ""reason"": ""rottura del resistenza""}, ""sources"": [""Nison - candlestick reversals confirmed at support/resistance""], ""annotations"": {""levels"": [{""label"": ""Resistenza"", ""price"": 1054.54, ""kind"": ""resistance""}, {""label"": ""Stop / invalidazione"", ""price"": 1054.54, ""kind"": ""stop""}], ""points"": []}, ""atr"": 33.97414699691107, ""horizon"": ""short"", ""regime_at_fire"": ""bull"", ""first_emitted_at"": ""2026-08-04T18:32:35.352107+00:00""}",5,1046.79,1031.439941,-0.014663933549231345,1,1,0.025079733301829093,2026-08-04 18:39:28.769038+00:00
16494,259,AXON,candle_reversal,2026-07-16,bull,491.9000,2026-07-24 00:16:54.767420+00:00,2026-07-24 00:19:42.624578+00:00,,15834,"{""tone"": ""bull"", ""strength"": 66, ""probability"": 49, ""chain"": [{""date"": ""2026-07-16"", ""label"": ""Candela di inversione bull"", ""detail"": ""pattern Hammer""}, {""date"": ""2026-07-16"", ""label"": ""A supporto"", ""detail"": ""prezzo 491.90 al livello 484.43""}, {""date"": ""2026-07-20"", ""label"": ""Trend ADX in rafforzamento"", ""detail"": ""ADX conferma la forza del trend"", ""kind"": ""confirmation""}, {""date"": ""2026-07-20"", ""label"": ""Rifiuto su EMA50"", ""detail"": ""ritorno alla media e rifiuto nel verso del trend"", ""kind"": ""confirmation""}], ""factors"": {""candle_strength"": 0.6609216402760905, ""at_level"": 1.0, ""confirmation_count"": 0.6666666666666666}, ""invalidation"": {""level"": 484.43, ""reason"": ""rottura del supporto""}, ""sources"": [""Nison - candlestick reversals confirmed at support/resistance""], ""annotations"": {""levels"": [{""label"": ""Supporto"", ""price"": 484.43, ""kind"": ""support""}, {""label"": ""Stop / invalidazione"", ""price"": 484.43, ""kind"": ""stop""}], ""points"": []}, ""atr"": 30.064324015417935, ""horizon"": ""short"", ""regime_at_fire"": ""bear"", ""first_emitted_at"": ""2026-07-24T00:16:55.537076+00:00""}",5,541.75,491.9,-0.09201661282879559,0,0,-0.08586175468302877,2026-07-24 00:19:29.706522+00:00
20522,1108,KGF.L,candle_reversal,2026-09-04,bull,2.8850,2026-09-13 10:39:30.264726+00:00,2026-09-13 10:46:39.427959+00:00,,19933,"{""tone"": ""bull"", ""strength"": 95, ""probability"": 49, ""chain"": [{""date"": ""2026-08-28"", ""label"": ""Trend ADX in rafforzamento"", ""detail"": ""ADX conferma la forza del trend"", ""kind"": ""confirmation""}, {""date"": ""2026-09-04"", ""label"": ""Candela di inversione bull"", ""detail"": ""pattern Engulfing""}, {""date"": ""2026-09-04"", ""label"": ""A supporto"", ""detail"": ""prezzo 2.88 al livello 2.85""}], ""factors"": {""candle_strength"": 0.9506318375496197, ""at_level"": 1.0, ""confirmation_count"": 0.3333333333333333}, ""invalidation"": {""level"": 2.85, ""reason"": ""rottura del supporto""}, ""sources"": [""Nison - candlestick reversals confirmed at support/resistance""], ""annotations"": {""levels"": [{""label"": ""Supporto"", ""price"": 2.85, ""kind"": ""support""}, {""label"": ""Stop / invalidazione"", ""price"": 2.85, ""kind"": ""stop""}], ""points"": []}, ""atr"": 0.07370193772705846, ""horizon"": ""short"", ""regime_at_fire"": ""bear"", ""first_emitted_at"": ""2026-09-13T10:39:30.870420+00:00""}",5,3.074,2.885,-0.06148340923877682,0,0,-0.042326321116171406,2026-09-13 10:46:23.741001+00:00
17113,744,RHM.DE,candle_reversal,2026-07-23,bear,1139.6000,2026-07-30 21:47:29.059479+00:00,2026-07-31 16:04:12.562827+00:00,,16883,"{""tone"": ""bear"", ""strength"": 70, ""probability"": 49, ""chain"": [{""date"": ""2026-07-23"", ""label"": ""Candela di inversione bear"", ""detail"": ""pattern Shooting star""}, {""date"": ""2026-07-23"", ""label"": ""A resistenza"", ""detail"": ""prezzo 1139.60 al livello 1146.00""}, {""date"": ""2026-07-24"", ""label"": ""Trend ADX in rafforzamento"", ""detail"": ""ADX conferma la forza del trend"", ""kind"": ""confirmation""}], ""factors"": {""candle_strength"": 0.6989539748953972, ""at_level"": 1.0, ""confirmation_count"": 0.3333333333333333}, ""invalidation"": {""level"": 1146.0, ""reason"": ""rottura del resistenza""}, ""sources"": [""Nison - candlestick reversals confirmed at support/resistance""], ""annotations"": {""levels"": [{""label"": ""Resistenza"", ""price"": 1146.0, ""kind"": ""resistance""}, {""label"": ""Stop / invalidazione"", ""price"": 1146.0, ""kind"": ""stop""}], ""points"": []}, ""atr"": 50.2835087584921, ""horizon"": ""short"", ""regime_at_fire"": ""bear"", ""first_emitted_at"": ""2026-07-30T21:47:29.610146+00:00""}",5,1017.0,1139.6,0.12055063913470976,0,0,-0.1087460314908832,2026-07-30 21:51:27.710534+00:00
17263,1142,SPX.L,candle_reversal,2026-07-24,bull,69.4500,2026-08-01 23:34:19.920746+00:00,2026-08-01 23:38:25.686895+00:00,,16538,"{""tone"": ""bull"", ""strength"": 96, ""probability"": 49, ""chain"": [{""date"": ""2026-07-24"", ""label"": ""Candela di inversione bull"", ""detail"": ""pattern Engulfing""}, {""date"": ""2026-07-24"", ""label"": ""A supporto"", ""detail"": ""prezzo 69.45 al livello 69.76""}, {""date"": ""2026-07-30"", ""label"": ""Rifiuto su EMA50"", ""detail"": ""ritorno alla media e rifiuto nel verso del trend"", ""kind"": ""confirmation""}], ""factors"": {""candle_strength"": 0.96100431480727, ""at_level"": 1.0, ""confirmation_count"": 0.3333333333333333}, ""invalidation"": {""level"": 69.76, ""reason"": ""rottura del supporto""}, ""sources"": [""Nison - candlestick reversals confirmed at support/resistance""], ""annotations"": {""levels"": [{""label"": ""Supporto"", ""price"": 69.76, ""kind"": ""support""}, {""label"": ""Stop / invalidazione"", ""price"": 69.76, ""kind"": ""stop""}], ""points"": []}, ""atr"": 1.8655201787653493, ""horizon"": ""short"", ""regime_at_fire"": ""bull"", ""first_emitted_at"": ""2026-08-01T23:34:20.123101+00:00""}",5,70.8,69.45,-0.01906779661016944,0,0,-0.027329251828605308,2026-08-01 23:38:10.566234+00:00
15920,655,VTR,candle_reversal,2026-07-09,bear,95.0400,2026-07-17 12:12:44.194735+00:00,2026-07-17 12:14:40.598875+00:00,,15544,"{""tone"": ""bear"", ""strength"": 61, ""probability"": 49, ""chain"": [{""date"": ""2026-07-07"", ""label"": ""RSI ipercomprato"", ""detail"": ""estremo RSI a conferma del segnale"", ""kind"": ""confirmation""}, {""date"": ""2026-07-09"", ""label"": ""Candela di inversione bear"", ""detail"": ""pattern Shooting star""}, {""date"": ""2026-07-09"", ""label"": ""A resistenza"", ""detail"": ""prezzo 95.04 al livello 94.60""}], ""factors"": {""candle_strength"": 0.6110169491525395, ""at_level"": 1.0, ""confirmation_count"": 0.3333333333333333}, ""invalidation"": {""level"": 94.6, ""reason"": ""rottura del resistenza""}, ""sources"": [""Nison - candlestick reversals confirmed at support/resistance""], ""annotations"": {""levels"": [{""label"": ""Resistenza"", ""price"": 94.6, ""kind"": ""resistance""}, {""label"": ""Stop / invalidazione"", ""price"": 94.6, ""kind"": ""stop""}], ""points"": []}, ""atr"": 2.0919102248613073, ""horizon"": ""short"", ""regime_at_fire"": ""bull"", ""first_emitted_at"": ""2026-07-17T12:12:44.385168+00:00""}",5,91.74,95.04,0.035971223021582954,0,0,-0.03355966253138336,2026-07-17 12:14:27.413035+00:00
17264,1407,BMRN,candle_reversal,2026-07-24,bull,60.0200,2026-08-01 23:34:32.650804+00:00,2026-08-01 23:38:25.686895+00:00,,16596,"{""tone"": ""bull"", ""strength"": 65, ""probability"": 49, ""chain"": [{""date"": ""2026-07-23"", ""label"": ""Rifiuto su EMA50"", ""detail"": ""ritorno alla media e rifiuto nel verso del trend"", ""kind"": ""confirmation""}, {""date"": ""2026-07-24"", ""label"": ""Candela di inversione bull"", ""detail"": ""pattern Hammer""}, {""date"": ""2026-07-24"", ""label"": ""A supporto"", ""detail"": ""prezzo 60.02 al livello 58.50""}, {""date"": ""2026-07-28"", ""label"": ""MACD cross rialzista"", ""detail"": ""incrocio MACD nel verso del segnale"", ""kind"": ""confirmation""}, {""date"": ""2026-07-30"", ""label"": ""Trend ADX in rafforzamento"", ""detail"": ""ADX conferma la forza del trend"", ""kind"": ""confirmation""}], ""factors"": {""candle_strength"": 0.6527123082931361, ""at_level"": 1.0, ""confirmation_count"": 1.0}, ""invalidation"": {""level"": 58.5, ""reason"": ""rottura del supporto""}, ""sources"": [""Nison - candlestick reversals confirmed at support/resistance""], ""annotations"": {""levels"": [{""label"": ""Supporto"", ""price"": 58.5, ""kind"": ""support""}, {""label"": ""Stop / invalidazione"", ""price"": 58.5, ""kind"": ""stop""}], ""points"": []}, ""atr"": 1.5829541001189305, ""horizon"": ""short"", ""regime_at_fire"": ""bull"", ""first_emitted_at"": ""2026-08-01T23:34:33.031842+00:00""}",5,59.330002,60.02,0.011629832744654234,1,1,0.0033683775262183663,2026-08-01 23:38:10.566234+00:00
18268,1606,PNFP,candle_reversal,2026-08-05,bear,106.8300,2026-08-13 18:34:30.781603+00:00,2026-08-13 18:46:04.525765+00:00,,17715,"{""tone"": ""bear"", ""strength"": 69, ""probability"": 49, ""chain"": [{""date"": ""2026-08-04"", ""label"": ""RSI ipercomprato"", ""detail"": ""estremo RSI a conferma del segnale"", ""kind"": ""confirmation""}, {""date"": ""2026-08-05"", ""label"": ""Candela di inversione bear"", ""detail"": ""pattern Engulfing""}, {""date"": ""2026-08-05"", ""label"": ""A resistenza"", ""detail"": ""prezzo 106.83 al livello 107.00""}, {""date"": ""2026-08-11"", ""label"": ""MACD cross ribassista"", ""detail"": ""incrocio MACD nel verso del segnale"", ""kind"": ""confirmation""}], ""factors"": {""candle_strength"": 0.6881818181818184, ""at_level"": 1.0, ""confirmation_count"": 0.6666666666666666}, ""invalidation"": {""level"": 107.0, ""reason"": ""rottura del resistenza""}, ""sources"": [""Nison - candlestick reversals confirmed at support/resistance""], ""annotations"": {""levels"": [{""label"": ""Resistenza"", ""price"": 107.0, ""kind"": ""resistance""}, {""label"": ""Stop / invalidazione"", ""price"": 107.0, ""kind"": ""stop""}], ""points"": []}, ""atr"": 2.594715687876341, ""horizon"": ""short"", ""regime_at_fire"": ""bull"", ""first_emitted_at"": ""2026-08-13T18:34:31.773605+00:00""}",5,107.349998,106.830002,-0.004843931156850223,1,1,0.014009182888496462,2026-08-13 18:45:48.245183+00:00
19373,1160,0012.HK,gap_and_go,2026-08-21,bull,28.9800,2026-08-28 23:33:12.581201+00:00,2026-08-29 23:44:27.539905+00:00,,19084,"{""tone"": ""bull"", ""strength"": 62, ""probability"": 50, ""chain"": [{""date"": ""2026-08-14"", ""label"": ""Higher-low confermato"", ""detail"": ""struttura a conferma della continuazione"", ""kind"": ""confirmation""}, {""date"": ""2026-08-20"", ""label"": ""MACD cross rialzista"", ""detail"": ""incrocio MACD nel verso del segnale"", ""kind"": ""confirmation""}, {""date"": ""2026-08-21"", ""label"": ""Gap bull"", ""detail"": ""apertura in gap del 3.6%""}, {""date"": ""2026-08-21"", ""label"": ""Conferma volume"", ""detail"": ""3.8x la media: gap partecipato""}, {""date"": ""2026-08-26"", ""label"": ""Rifiuto su EMA200"", ""detail"": ""ritorno alla media e rifiuto nel verso del trend"", ""kind"": ""confirmation""}, {""date"": ""2026-08-28"", ""label"": ""Trend ADX in rafforzamento"", ""detail"": ""ADX conferma la forza del trend"", ""kind"": ""confirmation""}], ""factors"": {""gap_size"": 0.6119591909155431, ""volume_strength"": 0.4952768252054686, ""trend_alignment"": 1.0, ""confirmation_count"": 1.0}, ""invalidation"": null, ""sources"": [""Gap taxonomy (breakaway vs exhaustion) + volume confirmation""], ""annotations"": {""levels"": [], ""points"": []}, ""atr"": 0.723464197083127, ""horizon"": ""short"", ""regime_at_fire"": ""bear"", ""first_emitted_at"": ""2026-08-28T23:33:13.118373+00:00""}",5,30.200001,28.98,-0.04039738276829863,0,0,-0.038086280363684555,2026-08-28 23:40:26.488259+00:00
18269,1612,SM,candle_reversal,2026-08-05,bear,32.4200,2026-08-13 18:34:31.793592+00:00,2026-08-13 18:46:04.525765+00:00,,17705,"{""tone"": ""bear"", ""strength"": 88, ""probability"": 49, ""chain"": [{""date"": ""2026-08-05"", ""label"": ""Candela di inversione bear"", ""detail"": ""pattern Engulfing""}, {""date"": ""2026-08-05"", ""label"": ""A resistenza"", ""detail"": ""prezzo 32.42 al livello 33.25""}, {""date"": ""2026-08-05"", ""label"": ""MACD cross ribassista"", ""detail"": ""incrocio MACD nel verso del segnale"", ""kind"": ""confirmation""}, {""date"": ""2026-08-06"", ""label"": ""Rifiuto su EMA50"", ""detail"": ""ritorno alla media e rifiuto nel verso del trend"", ""kind"": ""confirmation""}, {""date"": ""2026-08-06"", ""label"": ""Volume sulla discesa"", ""detail"": ""volume sopra la media nel verso del segnale"", ""kind"": ""confirmation""}], ""factors"": {""candle_strength"": 0.8768049155145932, ""at_level"": 1.0, ""confirmation_count"": 1.0}, ""invalidation"": {""level"": 33.25, ""reason"": ""rottura del resistenza""}, ""sources"": [""Nison - candlestick reversals confirmed at support/resistance""], ""annotations"": {""levels"": [{""label"": ""Resistenza"", ""price"": 33.25, ""kind"": ""resistance""}, {""label"": ""Stop / invalidazione"", ""price"": 33.25, ""kind"": ""stop""}], ""points"": []}, ""atr"": 1.4880960848177618, ""horizon"": ""short"", ""regime_at_fire"": ""bull"", ""first_emitted_at"": ""2026-08-13T18:34:32.211697+00:00""}",5,29.02,32.419998,0.11716050999310812,0,0,-0.10799525826146188,2026-08-13 18:45:48.245183+00:00
18270,1621,TVTX,gap_and_go,2026-08-05,bull,62.1600,2026-08-13 18:34:32.939608+00:00,2026-08-13 18:46:04.525765+00:00,,17714,"{""tone"": ""bull"", ""strength"": 70, ""probability"": 50, ""chain"": [{""date"": ""2026-08-03"", ""label"": ""Rifiuto su EMA50"", ""detail"": ""ritorno alla media e rifiuto nel verso del trend"", ""kind"": ""confirmation""}, {""date"": ""2026-08-03"", ""label"": ""Higher-low confermato"", ""detail"": ""struttura a conferma della continuazione"", ""kind"": ""confirmation""}, {""date"": ""2026-08-05"", ""label"": ""Gap bull"", ""detail"": ""apertura in gap del 10.7%""}, {""date"": ""2026-08-05"", ""label"": ""Conferma volume"", ""detail"": ""4.8x la media: gap partecipato""}, {""date"": ""2026-08-05"", ""label"": ""MACD cross rialzista"", ""detail"": ""incrocio MACD nel verso del segnale"", ""kind"": ""confirmation""}], ""factors"": {""gap_size"": 0.906791137436274, ""volume_strength"": 0.5774782257159158, ""trend_alignment"": 1.0, ""confirmation_count"": 1.0}, ""invalidation"": null, ""sources"": [""Gap taxonomy (breakaway vs exhaustion) + volume confirmation""], ""annotations"": {""levels"": [], ""points"": []}, ""atr"": 2.8292069544365552, ""horizon"": ""short"", ""regime_at_fire"": ""bull"", ""first_emitted_at"": ""2026-08-13T18:34:33.141832+00:00""}",5,62.759998,62.16,-0.009560197882734212,0,0,-0.01872544961438045,2026-08-13 18:45:48.245183+00:00
17197,668,GWW,candle_reversal,2026-07-23,bull,1355.4900,2026-07-31 18:33:42.204380+00:00,2026-07-31 18:38:37.860898+00:00,,16497,"{""tone"": ""bull"", ""strength"": 60, ""probability"": 49, ""chain"": [{""date"": ""2026-07-21"", ""label"": ""Higher-low confermato"", ""detail"": ""struttura a conferma della continuazione"", ""kind"": ""confirmation""}, {""date"": ""2026-07-23"", ""label"": ""Candela di inversione bull"", ""detail"": ""pattern Engulfing""}, {""date"": ""2026-07-23"", ""label"": ""A supporto"", ""detail"": ""prezzo 1355.49 al livello 1347.27""}, {""date"": ""2026-07-30"", ""label"": ""Trend ADX in rafforzamento"", ""detail"": ""ADX conferma la forza del trend"", ""kind"": ""confirmation""}], ""factors"": {""candle_strength"": 0.5957858769931552, ""at_level"": 1.0, ""confirmation_count"": 0.6666666666666666}, ""invalidation"": {""level"": 1347.27, ""reason"": ""rottura del supporto""}, ""sources"": [""Nison - candlestick reversals confirmed at support/resistance""], ""annotations"": {""levels"": [{""label"": ""Supporto"", ""price"": 1347.27, ""kind"": ""support""}, {""label"": ""Stop / invalidazione"", ""price"": 1347.27, ""kind"": ""stop""}], ""points"": []}, ""atr"": 31.59897704402949, ""horizon"": ""short"", ""regime_at_fire"": ""bull"", ""first_emitted_at"": ""2026-07-31T18:33:43.399613+00:00""}",5,1367.46,1355.48999,-0.008753462624135233,0,0,-0.020558424418493024,2026-07-31 18:38:19.072721+00:00
17864,1504,VALE,candle_reversal,2026-07-30,bull,14.7200,2026-08-07 18:35:18.982759+00:00,2026-08-07 18:40:40.528146+00:00,,17126,"{""tone"": ""bull"", ""strength"": 91, ""probability"": 49, ""chain"": [{""date"": ""2026-07-29"", ""label"": ""Higher-low confermato"", ""detail"": ""struttura a conferma della continuazione"", ""kind"": ""confirmation""}, {""date"": ""2026-07-30"", ""label"": ""Candela di inversione bull"", ""detail"": ""pattern Hammer""}, {""date"": ""2026-07-30"", ""label"": ""A supporto"", ""detail"": ""prezzo 14.72 al livello 14.76""}, {""date"": ""2026-08-05"", ""label"": ""Rifiuto su EMA200"", ""detail"": ""ritorno alla media e rifiuto nel verso del trend"", ""kind"": ""confirmation""}], ""factors"": {""candle_strength"": 0.9103813754245833, ""at_level"": 1.0, ""confirmation_count"": 0.6666666666666666}, ""invalidation"": {""level"": 14.76, ""reason"": ""rottura del supporto""}, ""sources"": [""Nison - candlestick reversals confirmed at support/resistance""], ""annotations"": {""levels"": [{""label"": ""Supporto"", ""price"": 14.76, ""kind"": ""support""}, {""label"": ""Stop / invalidazione"", ""price"": 14.76, ""kind"": ""stop""}], ""points"": []}, ""atr"": 0.3744852633994323, ""horizon"": ""short"", ""regime_at_fire"": ""bull"", ""first_emitted_at"": ""2026-08-07T18:35:19.565830+00:00""}",5,14.99,14.72,-0.018012008005336866,0,0,-0.036394078084043074,2026-08-07 18:40:25.520158+00:00
19201,44,MRK,gap_and_go,2026-08-19,bull,153.1000,2026-08-27 00:56:25.752072+00:00,2026-08-27 01:02:34.641713+00:00,,18663,"{""tone"": ""bull"", ""strength"": 62, ""probability"": 50, ""chain"": [{""date"": ""2026-08-13"", ""label"": ""MACD cross rialzista"", ""detail"": ""incrocio MACD nel verso del segnale"", ""kind"": ""confirmation""}, {""date"": ""2026-08-19"", ""label"": ""Gap bull"", ""detail"": ""apertura in gap del 8.7%""}, {""date"": ""2026-08-19"", ""label"": ""Conferma volume"", ""detail"": ""3.9x la media: gap partecipato""}, {""date"": ""2026-08-26"", ""label"": ""Trend ADX in rafforzamento"", ""detail"": ""ADX conferma la forza del trend"", ""kind"": ""confirmation""}], ""factors"": {""gap_size"": 0.8704955875267528, ""volume_strength"": 0.5026942503648255, ""trend_alignment"": 1.0, ""confirmation_count"": 0.6666666666666666}, ""invalidation"": null, ""sources"": [""Gap taxonomy (breakaway vs exhaustion) + volume confirmation""], ""annotations"": {""levels"": [], ""points"": []}, ""atr"": 4.428963338291758, ""horizon"": ""short"", ""regime_at_fire"": ""bull"", ""first_emitted_at"": ""2026-08-27T00:56:26.715503+00:00""}",5,152.199997,153.100006,0.005913331259789878,1,1,0.0024515367351423717,2026-08-27 01:02:20.493568+00:00
17845,692,ALNY,gap_and_go,2026-07-30,bear,216.1200,2026-08-07 18:34:27.302995+00:00,2026-08-07 18:40:40.528146+00:00,,17111,"{""tone"": ""bear"", ""strength"": 80, ""probability"": 50, ""chain"": [{""date"": ""2026-07-29"", ""label"": ""Rifiuto su EMA50"", ""detail"": ""ritorno alla media e rifiuto nel verso del trend"", ""kind"": ""confirmation""}, {""date"": ""2026-07-29"", ""label"": ""Lower-high confermato"", ""detail"": ""struttura a conferma della continuazione"", ""kind"": ""confirmation""}, {""date"": ""2026-07-30"", ""label"": ""Gap bear"", ""detail"": ""apertura in gap del -21.5%""}, {""date"": ""2026-07-30"", ""label"": ""Conferma volume"", ""detail"": ""6.3x la media: gap partecipato""}, {""date"": ""2026-07-30"", ""label"": ""MACD cross ribassista"", ""detail"": ""incrocio MACD nel verso del segnale"", ""kind"": ""confirmation""}, {""date"": ""2026-07-30"", ""label"": ""Candela di rifiuto"", ""detail"": ""pattern evening_star"", ""kind"": ""confirmation""}, {""date"": ""2026-08-06"", ""label"": ""Trend ADX in rafforzamento"", ""detail"": ""ADX conferma la forza del trend"", ""kind"": ""confirmation""}], ""factors"": {""gap_size"": 0.9762848321184948, ""volume_strength"": 0.680899981696838, ""trend_alignment"": 1.0, ""confirmation_count"": 1.0}, ""invalidation"": null, ""sources"": [""Gap taxonomy (breakaway vs exhaustion) + volume confirmation""], ""annotations"": {""levels"": [], ""points"": []}, ""atr"": 16.288770510870613, ""horizon"": ""short"", ""regime_at_fire"": ""bear"", ""first_emitted_at"": ""2026-08-07T18:34:27.671053+00:00""}",5,205.479996,216.119995,0.05178119139149673,0,0,-0.03339912131279052,2026-08-07 18:40:25.520158+00:00
17280,1142,SPX.L,candle_reversal,2026-07-24,bull,69.4500,2026-08-03 14:33:52.067580+00:00,2026-08-03 14:39:05.321580+00:00,,16538,"{""tone"": ""bull"", ""strength"": 96, ""probability"": 49, ""chain"": [{""date"": ""2026-07-24"", ""label"": ""Candela di inversione bull"", ""detail"": ""pattern Engulfing""}, {""date"": ""2026-07-24"", ""label"": ""A supporto"", ""detail"": ""prezzo 69.45 al livello 69.76""}, {""date"": ""2026-07-30"", ""label"": ""Rifiuto su EMA50"", ""detail"": ""ritorno alla media e rifiuto nel verso del trend"", ""kind"": ""confirmation""}], ""factors"": {""candle_strength"": 0.96100431480727, ""at_level"": 1.0, ""confirmation_count"": 0.3333333333333333}, ""invalidation"": {""level"": 69.76, ""reason"": ""rottura del supporto""}, ""sources"": [""Nison - candlestick reversals confirmed at support/resistance""], ""annotations"": {""levels"": [{""label"": ""Supporto"", ""price"": 69.76, ""kind"": ""support""}, {""label"": ""Stop / invalidazione"", ""price"": 69.76, ""kind"": ""stop""}], ""points"": []}, ""atr"": 1.8655201787653493, ""horizon"": ""short"", ""regime_at_fire"": ""bull"", ""first_emitted_at"": ""2026-08-03T14:33:52.255675+00:00""}",5,70.8,69.45,-0.01906779661016944,0,0,-0.027329251866869003,2026-08-03 14:38:51.607344+00:00
17281,1407,BMRN,candle_reversal,2026-07-24,bull,60.0200,2026-08-03 14:34:05.188620+00:00,2026-08-03 14:39:05.321580+00:00,,16596,"{""tone"": ""bull"", ""strength"": 65, ""probability"": 49, ""chain"": [{""date"": ""2026-07-23"", ""label"": ""Rifiuto su EMA50"", ""detail"": ""ritorno alla media e rifiuto nel verso del trend"", ""kind"": ""confirmation""}, {""date"": ""2026-07-24"", ""label"": ""Candela di inversione bull"", ""detail"": ""pattern Hammer""}, {""date"": ""2026-07-24"", ""label"": ""A supporto"", ""detail"": ""prezzo 60.02 al livello 58.50""}, {""date"": ""2026-07-28"", ""label"": ""MACD cross rialzista"", ""detail"": ""incrocio MACD nel verso del segnale"", ""kind"": ""confirmation""}, {""date"": ""2026-07-30"", ""label"": ""Trend ADX in rafforzamento"", ""detail"": ""ADX conferma la forza del trend"", ""kind"": ""confirmation""}], ""factors"": {""candle_strength"": 0.6527123082931361, ""at_level"": 1.0, ""confirmation_count"": 1.0}, ""invalidation"": {""level"": 58.5, ""reason"": ""rottura del supporto""}, ""sources"": [""Nison - candlestick reversals confirmed at support/resistance""], ""annotations"": {""levels"": [{""label"": ""Supporto"", ""price"": 58.5, ""kind"": ""support""}, {""label"": ""Stop / invalidazione"", ""price"": 58.5, ""kind"": ""stop""}], ""points"": []}, ""atr"": 1.5829541001189305, ""horizon"": ""short"", ""regime_at_fire"": ""bull"", ""first_emitted_at"": ""2026-08-03T14:34:05.572672+00:00""}",5,59.330002,60.02,0.011629832744654234,1,1,0.003368377487954672,2026-08-03 14:38:51.607344+00:00
17279,422,GPC,candle_reversal,2026-07-24,bull,124.3700,2026-08-03 14:32:27.403567+00:00,2026-08-03 14:39:05.321580+00:00,,16566,"{""tone"": ""bull"", ""strength"": 92, ""probability"": 49, ""chain"": [{""date"": ""2026-07-21"", ""label"": ""Rifiuto su EMA200"", ""detail"": ""ritorno alla media e rifiuto nel verso del trend"", ""kind"": ""confirmation""}, {""date"": ""2026-07-21"", ""label"": ""Higher-low confermato"", ""detail"": ""struttura a conferma della continuazione"", ""kind"": ""confirmation""}, {""date"": ""2026-07-21"", ""label"": ""Volume sulla salita"", ""detail"": ""volume sopra la media nel verso del segnale"", ""kind"": ""confirmation""}, {""date"": ""2026-07-24"", ""label"": ""Candela di inversione bull"", ""detail"": ""pattern Engulfing""}, {""date"": ""2026-07-24"", ""label"": ""A supporto"", ""detail"": ""prezzo 124.37 al livello 124.32""}, {""date"": ""2026-07-31"", ""label"": ""Trend ADX in rafforzamento"", ""detail"": ""ADX conferma la forza del trend"", ""kind"": ""confirmation""}], ""factors"": {""candle_strength"": 0.924500135090478, ""at_level"": 1.0, ""confirmation_count"": 1.0}, ""invalidation"": {""level"": 124.32, ""reason"": ""rottura del supporto""}, ""sources"": [""Nison - candlestick reversals confirmed at support/resistance""], ""annotations"": {""levels"": [{""label"": ""Supporto"", ""price"": 124.32, ""kind"": ""support""}, {""label"": ""Stop / invalidazione"", ""price"": 124.32, ""kind"": ""stop""}], ""points"": []}, ""atr"": 4.477528277537326, ""horizon"": ""short"", ""regime_at_fire"": ""bull"", ""first_emitted_at"": ""2026-08-03T14:32:28.571547+00:00""}",5,124.21,124.370003,0.0012881652040899194,1,0,-0.006973290052609642,2026-08-03 14:38:51.607344+00:00
18271,1623,UMBF,candle_reversal,2026-08-05,bear,149.4500,2026-08-13 18:34:32.939608+00:00,2026-08-13 18:46:04.525765+00:00,,17709,"{""tone"": ""bear"", ""strength"": 81, ""probability"": 49, ""chain"": [{""date"": ""2026-08-04"", ""label"": ""Divergenza RSI ribassista"", ""detail"": ""divergenza prezzo / RSI"", ""kind"": ""confirmation""}, {""date"": ""2026-08-05"", ""label"": ""Candela di inversione bear"", ""detail"": ""pattern Engulfing""}, {""date"": ""2026-08-05"", ""label"": ""A resistenza"", ""detail"": ""prezzo 149.45 al livello 150.00""}, {""date"": ""2026-08-06"", ""label"": ""MACD cross ribassista"", ""detail"": ""incrocio MACD nel verso del segnale"", ""kind"": ""confirmation""}], ""factors"": {""candle_strength"": 0.8119101048986083, ""at_level"": 1.0, ""confirmation_count"": 0.6666666666666666}, ""invalidation"": {""level"": 150.0, ""reason"": ""rottura del resistenza""}, ""sources"": [""Nison - candlestick reversals confirmed at support/resistance""], ""annotations"": {""levels"": [{""label"": ""Resistenza"", ""price"": 150.0, ""kind"": ""resistance""}, {""label"": ""Stop / invalidazione"", ""price"": 150.0, ""kind"": ""stop""}], ""points"": []}, ""atr"": 3.3225023720075435, ""horizon"": ""short"", ""regime_at_fire"": ""bull"", ""first_emitted_at"": ""2026-08-13T18:34:33.534267+00:00""}",5,146.809998,149.449997,0.017982419698691077,0,0,-0.008817167967044837,2026-08-13 18:45:48.245183+00:00
18272,1707,LKFN,candle_reversal,2026-08-05,bear,62.2500,2026-08-13 18:34:33.928095+00:00,2026-08-13 18:46:04.525765+00:00,,17710,"{""tone"": ""bear"", ""strength"": 61, ""probability"": 49, ""chain"": [{""date"": ""2026-08-05"", ""label"": ""Candela di inversione bear"", ""detail"": ""pattern Engulfing""}, {""date"": ""2026-08-05"", ""label"": ""A resistenza"", ""detail"": ""prezzo 62.25 al livello 62.55""}, {""date"": ""2026-08-06"", ""label"": ""MACD cross ribassista"", ""detail"": ""incrocio MACD nel verso del segnale"", ""kind"": ""confirmation""}], ""factors"": {""candle_strength"": 0.6081185331307111, ""at_level"": 1.0, ""confirmation_count"": 0.3333333333333333}, ""invalidation"": {""level"": 62.55, ""reason"": ""rottura del resistenza""}, ""sources"": [""Nison - candlestick reversals confirmed at support/resistance""], ""annotations"": {""levels"": [{""label"": ""Resistenza"", ""price"": 62.55, ""kind"": ""resistance""}, {""label"": ""Stop / invalidazione"", ""price"": 62.55, ""kind"": ""stop""}], ""points"": []}, ""atr"": 1.3443851062167358, ""horizon"": ""short"", ""regime_at_fire"": ""bull"", ""first_emitted_at"": ""2026-08-13T18:34:34.883812+00:00""}",5,62.959999,62.25,-0.011276985566661235,1,1,0.020442237298307474,2026-08-13 18:45:48.245183+00:00
17624,127,KER.PA,gap_and_go,2026-07-29,bull,284.3000,2026-08-05 23:38:39.957237+00:00,2026-08-06 00:40:49.665636+00:00,,17024,"{""tone"": ""bull"", ""strength"": 67, ""probability"": 50, ""chain"": [{""date"": ""2026-07-23"", ""label"": ""Divergenza RSI rialzista"", ""detail"": ""divergenza prezzo / RSI"", ""kind"": ""confirmation""}, {""date"": ""2026-07-29"", ""label"": ""Gap bull"", ""detail"": ""apertura in gap del 9.8%""}, {""date"": ""2026-07-29"", ""label"": ""Conferma volume"", ""detail"": ""4.4x la media: gap partecipato""}, {""date"": ""2026-07-29"", ""label"": ""MACD cross rialzista"", ""detail"": ""incrocio MACD nel verso del segnale"", ""kind"": ""confirmation""}, {""date"": ""2026-08-03"", ""label"": ""Candela di rifiuto"", ""detail"": ""pattern engulfing"", ""kind"": ""confirmation""}], ""factors"": {""gap_size"": 0.8934165715048724, ""volume_strength"": 0.5469599896750271, ""trend_alignment"": 1.0, ""confirmation_count"": 1.0}, ""invalidation"": null, ""sources"": [""Gap taxonomy (breakaway vs exhaustion) + volume confirmation""], ""annotations"": {""levels"": [], ""points"": []}, ""atr"": 10.54704563309033, ""horizon"": ""short"", ""regime_at_fire"": ""bull"", ""first_emitted_at"": ""2026-08-05T23:31:54.109162+00:00"", ""amended_at"": ""2026-08-05T23:38:39.955839+00:00"", ""amend_count"": 1}",5,292.85,284.299988,-0.029195875021342133,0,0,-0.059818188709843734,2026-08-05 23:41:55.266593+00:00
17815,1118,MNDI.L,gap_and_go,2026-07-30,bull,9.0500,2026-08-06 23:34:07.011538+00:00,2026-08-07 18:40:40.528146+00:00,,17308,"{""tone"": ""bull"", ""strength"": 68, ""probability"": 50, ""chain"": [{""date"": ""2026-07-30"", ""label"": ""Gap bull"", ""detail"": ""apertura in gap del 8.3%""}, {""date"": ""2026-07-30"", ""label"": ""Conferma volume"", ""detail"": ""4.5x la media: gap partecipato""}, {""date"": ""2026-08-04"", ""label"": ""Candela di rifiuto"", ""detail"": ""pattern engulfing"", ""kind"": ""confirmation""}, {""date"": ""2026-08-06"", ""label"": ""Trend ADX in rafforzamento"", ""detail"": ""ADX conferma la forza del trend"", ""kind"": ""confirmation""}], ""factors"": {""gap_size"": 0.8575785406637956, ""volume_strength"": 0.5576465658213117, ""trend_alignment"": 1.0, ""confirmation_count"": 0.6666666666666666}, ""invalidation"": null, ""sources"": [""Gap taxonomy (breakaway vs exhaustion) + volume confirmation""], ""annotations"": {""levels"": [], ""points"": []}, ""atr"": 0.31735846981537086, ""horizon"": ""short"", ""regime_at_fire"": ""bull"", ""first_emitted_at"": ""2026-08-06T23:34:07.951582+00:00""}",5,8.756,9.05,0.033576975788031094,1,1,0.015176629532004538,2026-08-06 23:38:05.524341+00:00
17841,283,CHRW,gap_and_go,2026-07-30,bear,146.6600,2026-08-07 18:33:13.910104+00:00,2026-08-07 18:40:40.528146+00:00,,17213,"{""tone"": ""bear"", ""strength"": 61, ""probability"": 50, ""chain"": [{""date"": ""2026-07-24"", ""label"": ""MACD cross ribassista"", ""detail"": ""incrocio MACD nel verso del segnale"", ""kind"": ""confirmation""}, {""date"": ""2026-07-27"", ""label"": ""Rifiuto su EMA50"", ""detail"": ""ritorno alla media e rifiuto nel verso del trend"", ""kind"": ""confirmation""}, {""date"": ""2026-07-30"", ""label"": ""Gap bear"", ""detail"": ""apertura in gap del -6.8%""}, {""date"": ""2026-07-30"", ""label"": ""Conferma volume"", ""detail"": ""3.8x la media: gap partecipato""}, {""date"": ""2026-08-06"", ""label"": ""Trend ADX in rafforzamento"", ""detail"": ""ADX conferma la forza del trend"", ""kind"": ""confirmation""}], ""factors"": {""gap_size"": 0.8093417453237413, ""volume_strength"": 0.4937207926043683, ""trend_alignment"": 1.0, ""confirmation_count"": 1.0}, ""invalidation"": null, ""sources"": [""Gap taxonomy (breakaway vs exhaustion) + volume confirmation""], ""annotations"": {""levels"": [], ""points"": []}, ""atr"": 8.031200559522604, ""horizon"": ""short"", ""regime_at_fire"": ""bear"", ""first_emitted_at"": ""2026-08-07T18:33:14.475182+00:00""}",5,146.919998,146.660004,-0.001769629754555302,1,1,0.020151699833261514,2026-08-07 18:40:25.520158+00:00
17114,1132,RR.L,candle_reversal,2026-07-23,bear,14.6300,2026-07-30 21:47:35.765923+00:00,2026-07-31 16:04:12.562827+00:00,,16379,"{""tone"": ""bear"", ""strength"": 73, ""probability"": 49, ""chain"": [{""date"": ""2026-07-23"", ""label"": ""Candela di inversione bear"", ""detail"": ""pattern Engulfing""}, {""date"": ""2026-07-23"", ""label"": ""A resistenza"", ""detail"": ""prezzo 14.63 al livello 14.24""}, {""date"": ""2026-07-27"", ""label"": ""Volume sulla discesa"", ""detail"": ""volume sopra la media nel verso del segnale"", ""kind"": ""confirmation""}], ""factors"": {""candle_strength"": 0.7321782178217797, ""at_level"": 1.0, ""confirmation_count"": 0.3333333333333333}, ""invalidation"": {""level"": 14.242, ""reason"": ""rottura del resistenza""}, ""sources"": [""Nison - candlestick reversals confirmed at support/resistance""], ""annotations"": {""levels"": [{""label"": ""Resistenza"", ""price"": 14.242, ""kind"": ""resistance""}, {""label"": ""Stop / invalidazione"", ""price"": 14.242, ""kind"": ""stop""}], ""points"": []}, ""atr"": 0.5111846212527851, ""horizon"": ""short"", ""regime_at_fire"": ""bull"", ""first_emitted_at"": ""2026-07-30T21:47:36.328548+00:00""}",5,13.59,14.63,0.07652685798381165,0,0,-0.06472225033998509,2026-07-30 21:51:27.710534+00:00
15928,655,VTR,candle_reversal,2026-07-09,bear,95.0400,2026-07-17 15:40:59.283840+00:00,2026-07-17 15:43:44.004251+00:00,,15544,"{""tone"": ""bear"", ""strength"": 61, ""probability"": 49, ""chain"": [{""date"": ""2026-07-07"", ""label"": ""RSI ipercomprato"", ""detail"": ""estremo RSI a conferma del segnale"", ""kind"": ""confirmation""}, {""date"": ""2026-07-09"", ""label"": ""Candela di inversione bear"", ""detail"": ""pattern Shooting star""}, {""date"": ""2026-07-09"", ""label"": ""A resistenza"", ""detail"": ""prezzo 95.04 al livello 94.60""}], ""factors"": {""candle_strength"": 0.6110169491525395, ""at_level"": 1.0, ""confirmation_count"": 0.3333333333333333}, ""invalidation"": {""level"": 94.6, ""reason"": ""rottura del resistenza""}, ""sources"": [""Nison - candlestick reversals confirmed at support/resistance""], ""annotations"": {""levels"": [{""label"": ""Resistenza"", ""price"": 94.6, ""kind"": ""resistance""}, {""label"": ""Stop / invalidazione"", ""price"": 94.6, ""kind"": ""stop""}], ""points"": []}, ""atr"": 2.0919102248613073, ""horizon"": ""short"", ""regime_at_fire"": ""bull"", ""first_emitted_at"": ""2026-07-17T15:41:00.101427+00:00""}",5,91.74,95.04,0.035971223021582954,0,0,-0.03355966253138336,2026-07-17 15:43:30.826272+00:00
17722,284,CDNS,candle_reversal,2026-07-29,bear,337.0700,2026-08-06 00:35:13.612369+00:00,2026-08-06 00:40:49.665636+00:00,,16894,"{""tone"": ""bear"", ""strength"": 71, ""probability"": 49, ""chain"": [{""date"": ""2026-07-28"", ""label"": ""Lower-high confermato"", ""detail"": ""struttura a conferma della continuazione"", ""kind"": ""confirmation""}, {""date"": ""2026-07-29"", ""label"": ""Candela di inversione bear"", ""detail"": ""pattern Engulfing""}, {""date"": ""2026-07-29"", ""label"": ""A resistenza"", ""detail"": ""prezzo 337.07 al livello 341.31""}, {""date"": ""2026-08-05"", ""label"": ""Rifiuto su EMA50"", ""detail"": ""ritorno alla media e rifiuto nel verso del trend"", ""kind"": ""confirmation""}], ""factors"": {""candle_strength"": 0.7113870106955502, ""at_level"": 1.0, ""confirmation_count"": 0.6666666666666666}, ""invalidation"": {""level"": 341.31, ""reason"": ""rottura del resistenza""}, ""sources"": [""Nison - candlestick reversals confirmed at support/resistance""], ""annotations"": {""levels"": [{""label"": ""Resistenza"", ""price"": 341.31, ""kind"": ""resistance""}, {""label"": ""Stop / invalidazione"", ""price"": 341.31, ""kind"": ""stop""}], ""points"": []}, ""atr"": 14.703993943345045, ""horizon"": ""short"", ""regime_at_fire"": ""bear"", ""first_emitted_at"": ""2026-08-06T00:30:47.927621+00:00"", ""amended_at"": ""2026-08-06T00:35:13.610764+00:00"", ""amend_count"": 1}",5,332.76001,337.070007,0.012952268513274579,0,1,0.017670041060262053,2026-08-06 00:40:36.013136+00:00
16345,556,PNR,gap_and_go,2026-07-15,bear,63.0200,2026-07-23 18:31:34.728503+00:00,2026-07-23 18:39:02.146906+00:00,,15776,"{""tone"": ""bear"", ""strength"": 74, ""probability"": 50, ""chain"": [{""date"": ""2026-07-14"", ""label"": ""Rifiuto su EMA50"", ""detail"": ""ritorno alla media e rifiuto nel verso del trend"", ""kind"": ""confirmation""}, {""date"": ""2026-07-14"", ""label"": ""Candela di rifiuto"", ""detail"": ""pattern engulfing"", ""kind"": ""confirmation""}, {""date"": ""2026-07-15"", ""label"": ""Gap bear"", ""detail"": ""apertura in gap del -23.4%""}, {""date"": ""2026-07-15"", ""label"": ""Conferma volume"", ""detail"": ""5.3x la media: gap partecipato""}, {""date"": ""2026-07-15"", ""label"": ""MACD cross ribassista"", ""detail"": ""incrocio MACD nel verso del segnale"", ""kind"": ""confirmation""}, {""date"": ""2026-07-22"", ""label"": ""Trend ADX in rafforzamento"", ""detail"": ""ADX conferma la forza del trend"", ""kind"": ""confirmation""}], ""factors"": {""gap_size"": 0.9799789179628973, ""volume_strength"": 0.617632134709638, ""trend_alignment"": 1.0, ""confirmation_count"": 1.0}, ""invalidation"": null, ""sources"": [""Gap taxonomy (breakaway vs exhaustion) + volume confirmation""], ""annotations"": {""levels"": [], ""points"": []}, ""atr"": 3.005624704483311, ""horizon"": ""short"", ""regime_at_fire"": ""bear"", ""first_emitted_at"": ""2026-07-23T18:31:34.915526+00:00""}",5,64.33,63.02,-0.0203637494170682,1,1,0.02176102516622264,2026-07-23 18:38:48.395935+00:00
16346,32,PYPL,gap_and_go,2026-07-15,bull,55.5100,2026-07-23 18:32:07.838539+00:00,2026-07-23 18:39:02.146906+00:00,,15944,"{""tone"": ""bull"", ""strength"": 76, ""probability"": 50, ""chain"": [{""date"": ""2026-07-09"", ""label"": ""Rifiuto su EMA50"", ""detail"": ""ritorno alla media e rifiuto nel verso del trend"", ""kind"": ""confirmation""}, {""date"": ""2026-07-09"", ""label"": ""Candela di rifiuto"", ""detail"": ""pattern engulfing"", ""kind"": ""confirmation""}, {""date"": ""2026-07-15"", ""label"": ""Gap bull"", ""detail"": ""apertura in gap del 15.8%""}, {""date"": ""2026-07-15"", ""label"": ""Conferma volume"", ""detail"": ""5.6x la media: gap partecipato""}, {""date"": ""2026-07-22"", ""label"": ""Trend ADX in rafforzamento"", ""detail"": ""ADX conferma la forza del trend"", ""kind"": ""confirmation""}], ""factors"": {""gap_size"": 0.954466516823455, ""volume_strength"": 0.6370098718984059, ""trend_alignment"": 1.0, ""confirmation_count"": 1.0}, ""invalidation"": null, ""sources"": [""Gap taxonomy (breakaway vs exhaustion) + volume confirmation""], ""annotations"": {""levels"": [], ""points"": []}, ""atr"": 1.8822981678334136, ""horizon"": ""short"", ""regime_at_fire"": ""bull"", ""first_emitted_at"": ""2026-07-23T18:32:08.587609+00:00""}",5,55.52,55.51,-0.00018011527377526093,0,0,-0.0015773910229297016,2026-07-23 18:38:48.395935+00:00
16006,1113,LSEG.L,candle_reversal,2026-07-14,bull,89.7800,2026-07-19 23:34:25.135715+00:00,2026-07-22 13:50:11.081870+00:00,,15997,"{""tone"": ""bull"", ""strength"": 81, ""probability"": 49, ""chain"": [{""date"": ""2026-07-14"", ""label"": ""Candela di inversione bull"", ""detail"": ""pattern Hammer""}, {""date"": ""2026-07-14"", ""label"": ""A supporto"", ""detail"": ""prezzo 89.78 al livello 90.50""}, {""date"": ""2026-07-16"", ""label"": ""Rifiuto su EMA200"", ""detail"": ""ritorno alla media e rifiuto nel verso del trend"", ""kind"": ""confirmation""}], ""factors"": {""candle_strength"": 0.8071183112420227, ""at_level"": 1.0, ""confirmation_count"": 0.3333333333333333}, ""invalidation"": {""level"": 90.5, ""reason"": ""rottura del supporto""}, ""sources"": [""Nison - candlestick reversals confirmed at support/resistance""], ""annotations"": {""levels"": [{""label"": ""Supporto"", ""price"": 90.5, ""kind"": ""support""}, {""label"": ""Stop / invalidazione"", ""price"": 90.5, ""kind"": ""stop""}], ""points"": []}, ""atr"": 6.248808692591723, ""horizon"": ""short"", ""regime_at_fire"": ""bear"", ""first_emitted_at"": ""2026-07-19T23:34:25.318490+00:00""}",5,89.74,86.0,-0.04167595275239577,0,0,-0.04912678704994562,2026-07-21 18:44:56.263488+00:00
19892,437,HRL,gap_and_go,2026-08-27,bear,21.6800,2026-09-04 14:05:45.133450+00:00,2026-09-04 14:12:12.555726+00:00,,19255,"{""tone"": ""bear"", ""strength"": 67, ""probability"": 50, ""chain"": [{""date"": ""2026-08-26"", ""label"": ""Rifiuto su EMA200"", ""detail"": ""ritorno alla media e rifiuto nel verso del trend"", ""kind"": ""confirmation""}, {""date"": ""2026-08-27"", ""label"": ""Gap bear"", ""detail"": ""apertura in gap del -3.0%""}, {""date"": ""2026-08-27"", ""label"": ""Conferma volume"", ""detail"": ""4.8x la media: gap partecipato""}, {""date"": ""2026-09-03"", ""label"": ""Candela di rifiuto"", ""detail"": ""pattern evening_star"", ""kind"": ""confirmation""}, {""date"": ""2026-09-03"", ""label"": ""Trend ADX in rafforzamento"", ""detail"": ""ADX conferma la forza del trend"", ""kind"": ""confirmation""}], ""factors"": {""gap_size"": 0.5494512990068029, ""volume_strength"": 0.5810899279070256, ""trend_alignment"": 1.0, ""confirmation_count"": 1.0}, ""invalidation"": null, ""sources"": [""Gap taxonomy (breakaway vs exhaustion) + volume confirmation""], ""annotations"": {""levels"": [], ""points"": []}, ""atr"": 0.5737741829728356, ""horizon"": ""short"", ""regime_at_fire"": ""bear"", ""first_emitted_at"": ""2026-09-04T14:05:45.666680+00:00""}",5,21.280001,21.68,0.018796944605406818,0,0,-0.024317072228342118,2026-09-04 14:11:54.804345+00:00
17199,1142,SPX.L,candle_reversal,2026-07-24,bull,69.4500,2026-07-31 18:34:09.427989+00:00,2026-08-01 23:38:25.686895+00:00,,16538,"{""tone"": ""bull"", ""strength"": 96, ""probability"": 49, ""chain"": [{""date"": ""2026-07-24"", ""label"": ""Candela di inversione bull"", ""detail"": ""pattern Engulfing""}, {""date"": ""2026-07-24"", ""label"": ""A supporto"", ""detail"": ""prezzo 69.45 al livello 69.76""}, {""date"": ""2026-07-30"", ""label"": ""Rifiuto su EMA50"", ""detail"": ""ritorno alla media e rifiuto nel verso del trend"", ""kind"": ""confirmation""}], ""factors"": {""candle_strength"": 0.96100431480727, ""at_level"": 1.0, ""confirmation_count"": 0.3333333333333333}, ""invalidation"": {""level"": 69.76, ""reason"": ""rottura del supporto""}, ""sources"": [""Nison - candlestick reversals confirmed at support/resistance""], ""annotations"": {""levels"": [{""label"": ""Supporto"", ""price"": 69.76, ""kind"": ""support""}, {""label"": ""Stop / invalidazione"", ""price"": 69.76, ""kind"": ""stop""}], ""points"": []}, ""atr"": 1.8655201787653493, ""horizon"": ""short"", ""regime_at_fire"": ""bull"", ""first_emitted_at"": ""2026-07-31T18:34:09.982021+00:00""}",5,70.8,69.45,-0.01906779661016944,0,0,-0.03517828835796877,2026-07-31 18:38:19.072721+00:00
19893,1313,VEEV,gap_and_go,2026-08-27,bull,284.3800,2026-09-04 14:07:19.606354+00:00,2026-09-04 14:12:12.555726+00:00,,19282,"{""tone"": ""bull"", ""strength"": 61, ""probability"": 50, ""chain"": [{""date"": ""2026-08-26"", ""label"": ""Higher-low confermato"", ""detail"": ""struttura a conferma della continuazione"", ""kind"": ""confirmation""}, {""date"": ""2026-08-27"", ""label"": ""Gap bull"", ""detail"": ""apertura in gap del 12.4%""}, {""date"": ""2026-08-27"", ""label"": ""Conferma volume"", ""detail"": ""3.7x la media: gap partecipato""}, {""date"": ""2026-08-27"", ""label"": ""MACD cross rialzista"", ""detail"": ""incrocio MACD nel verso del segnale"", ""kind"": ""confirmation""}, {""date"": ""2026-08-31"", ""label"": ""Candela di rifiuto"", ""detail"": ""pattern engulfing"", ""kind"": ""confirmation""}, {""date"": ""2026-09-03"", ""label"": ""Trend ADX in rafforzamento"", ""detail"": ""ADX conferma la forza del trend"", ""kind"": ""confirmation""}], ""factors"": {""gap_size"": 0.9279281919862548, ""volume_strength"": 0.48629576993099727, ""trend_alignment"": 1.0, ""confirmation_count"": 1.0}, ""invalidation"": null, ""sources"": [""Gap taxonomy (breakaway vs exhaustion) + volume confirmation""], ""annotations"": {""levels"": [], ""points"": []}, ""atr"": 10.88554670447168, ""horizon"": ""short"", ""regime_at_fire"": ""bull"", ""first_emitted_at"": ""2026-09-04T14:07:20.187068+00:00""}",5,282.130005,284.380005,0.007975046822829013,1,1,0.013495174445764313,2026-09-04 14:11:54.804345+00:00
17420,380,EQIX,candle_reversal,2026-07-27,bear,1031.4399,2026-08-04 10:19:39.092142+00:00,2026-08-04 10:22:26.958506+00:00,,16661,"{""tone"": ""bear"", ""strength"": 65, ""probability"": 49, ""chain"": [{""date"": ""2026-07-27"", ""label"": ""Candela di inversione bear"", ""detail"": ""pattern Engulfing""}, {""date"": ""2026-07-27"", ""label"": ""A resistenza"", ""detail"": ""prezzo 1031.44 al livello 1054.54""}, {""date"": ""2026-07-29"", ""label"": ""Rifiuto su EMA50"", ""detail"": ""ritorno alla media e rifiuto nel verso del trend"", ""kind"": ""confirmation""}], ""factors"": {""candle_strength"": 0.6549852037332116, ""at_level"": 1.0, ""confirmation_count"": 0.3333333333333333}, ""invalidation"": {""level"": 1054.54, ""reason"": ""rottura del resistenza""}, ""sources"": [""Nison - candlestick reversals confirmed at support/resistance""], ""annotations"": {""levels"": [{""label"": ""Resistenza"", ""price"": 1054.54, ""kind"": ""resistance""}, {""label"": ""Stop / invalidazione"", ""price"": 1054.54, ""kind"": ""stop""}], ""points"": []}, ""atr"": 33.9727214254825, ""horizon"": ""short"", ""regime_at_fire"": ""bull"", ""first_emitted_at"": ""2026-08-04T10:15:30.701292+00:00"", ""amended_at"": ""2026-08-04T10:19:39.090299+00:00"", ""amend_count"": 1}",5,1046.79,1031.439941,-0.014663933549231345,1,1,0.02488111933895866,2026-08-04 10:22:13.437255+00:00
19894,1895,BURL,gap_and_go,2026-08-27,bear,258.5600,2026-09-04 14:07:47.618125+00:00,2026-09-04 14:12:12.555726+00:00,,19305,"{""tone"": ""bear"", ""strength"": 61, ""probability"": 50, ""chain"": [{""date"": ""2026-08-21"", ""label"": ""Candela di rifiuto"", ""detail"": ""pattern engulfing"", ""kind"": ""confirmation""}, {""date"": ""2026-08-27"", ""label"": ""Gap bear"", ""detail"": ""apertura in gap del -2.4%""}, {""date"": ""2026-08-27"", ""label"": ""Conferma volume"", ""detail"": ""4.4x la media: gap partecipato""}, {""date"": ""2026-08-27"", ""label"": ""Rifiuto su EMA200"", ""detail"": ""ritorno alla media e rifiuto nel verso del trend"", ""kind"": ""confirmation""}, {""date"": ""2026-09-03"", ""label"": ""Trend ADX in rafforzamento"", ""detail"": ""ADX conferma la forza del trend"", ""kind"": ""confirmation""}], ""factors"": {""gap_size"": 0.4923639365063834, ""volume_strength"": 0.5451175720453671, ""trend_alignment"": 1.0, ""confirmation_count"": 1.0}, ""invalidation"": null, ""sources"": [""Gap taxonomy (breakaway vs exhaustion) + volume confirmation""], ""annotations"": {""levels"": [], ""points"": []}, ""atr"": 11.864613857794787, ""horizon"": ""short"", ""regime_at_fire"": ""bear"", ""first_emitted_at"": ""2026-09-04T14:07:49.213547+00:00""}",5,290.0,258.559998,-0.1084138,1,1,0.1028936723770647,2026-09-04 14:11:54.804345+00:00
20513,207,0066.HK,candle_reversal,2026-09-04,bull,32.9400,2026-09-12 20:17:16.665137+00:00,2026-09-12 20:20:45.673632+00:00,,19881,"{""tone"": ""bull"", ""strength"": 72, ""probability"": 49, ""chain"": [{""date"": ""2026-09-04"", ""label"": ""Candela di inversione bull"", ""detail"": ""pattern Engulfing""}, {""date"": ""2026-09-04"", ""label"": ""A supporto"", ""detail"": ""prezzo 32.94 al livello 33.02""}, {""date"": ""2026-09-09"", ""label"": ""MACD cross rialzista"", ""detail"": ""incrocio MACD nel verso del segnale"", ""kind"": ""confirmation""}, {""date"": ""2026-09-10"", ""label"": ""Rifiuto su EMA50"", ""detail"": ""ritorno alla media e rifiuto nel verso del trend"", ""kind"": ""confirmation""}], ""factors"": {""candle_strength"": 0.72272298554207, ""at_level"": 1.0, ""confirmation_count"": 0.6666666666666666}, ""invalidation"": {""level"": 33.02, ""reason"": ""rottura del supporto""}, ""sources"": [""Nison - candlestick reversals confirmed at support/resistance""], ""annotations"": {""levels"": [{""label"": ""Supporto"", ""price"": 33.02, ""kind"": ""support""}, {""label"": ""Stop / invalidazione"", ""price"": 33.02, ""kind"": ""stop""}], ""points"": []}, ""atr"": 0.6195321520087848, ""horizon"": ""short"", ""regime_at_fire"": ""bull"", ""first_emitted_at"": ""2026-09-12T20:17:17.672186+00:00""}",5,32.939999,32.939999,0.0,0,1,0.019157088122605415,2026-09-12 20:20:29.834759+00:00
16866,429,HAS,gap_and_go,2026-07-21,bull,96.3400,2026-07-29 15:38:55.260980+00:00,2026-07-29 15:45:53.689222+00:00,,16569,"{""tone"": ""bull"", ""strength"": 62, ""probability"": 50, ""chain"": [{""date"": ""2026-07-15"", ""label"": ""MACD cross rialzista"", ""detail"": ""incrocio MACD nel verso del segnale"", ""kind"": ""confirmation""}, {""date"": ""2026-07-21"", ""label"": ""Gap bull"", ""detail"": ""apertura in gap del 3.6%""}, {""date"": ""2026-07-21"", ""label"": ""Conferma volume"", ""detail"": ""3.9x la media: gap partecipato""}, {""date"": ""2026-07-24"", ""label"": ""Rifiuto su EMA200"", ""detail"": ""ritorno alla media e rifiuto nel verso del trend"", ""kind"": ""confirmation""}, {""date"": ""2026-07-28"", ""label"": ""Trend ADX in rafforzamento"", ""detail"": ""ADX conferma la forza del trend"", ""kind"": ""confirmation""}], ""factors"": {""gap_size"": 0.6078869959553869, ""volume_strength"": 0.5026293495201611, ""trend_alignment"": 1.0, ""confirmation_count"": 1.0}, ""invalidation"": null, ""sources"": [""Gap taxonomy (breakaway vs exhaustion) + volume confirmation""], ""annotations"": {""levels"": [], ""points"": []}, ""atr"": 2.8644363269723025, ""horizon"": ""short"", ""regime_at_fire"": ""bull"", ""first_emitted_at"": ""2026-07-29T15:38:56.045759+00:00""}",5,88.78,96.34,0.08515431403469242,1,1,0.07606369192666623,2026-07-29 15:45:38.554056+00:00
16386,1801,CPRX,candle_reversal,2026-07-09,bear,31.4900,2026-07-23 18:34:53.210737+00:00,2026-07-23 18:39:02.146906+00:00,,15898,"{""tone"": ""bear"", ""strength"": 96, ""probability"": 49, ""chain"": [{""date"": ""2026-07-09"", ""label"": ""Candela di inversione bear"", ""detail"": ""pattern Shooting star""}, {""date"": ""2026-07-09"", ""label"": ""A resistenza"", ""detail"": ""prezzo 31.49 al livello 31.50""}, {""date"": ""2026-07-16"", ""label"": ""RSI ipercomprato"", ""detail"": ""estremo RSI a conferma del segnale"", ""kind"": ""confirmation""}], ""factors"": {""candle_strength"": 0.96100431480727, ""at_level"": 1.0, ""confirmation_count"": 0.3333333333333333}, ""invalidation"": {""level"": 31.5, ""reason"": ""rottura del resistenza""}, ""sources"": [""Nison - candlestick reversals confirmed at support/resistance""], ""annotations"": {""levels"": [{""label"": ""Resistenza"", ""price"": 31.5, ""kind"": ""resistance""}, {""label"": ""Stop / invalidazione"", ""price"": 31.5, ""kind"": ""stop""}], ""points"": []}, ""atr"": 0.06777446944275221, ""horizon"": ""short"", ""regime_at_fire"": ""bull"", ""first_emitted_at"": ""2026-07-23T18:34:53.399427+00:00""}",5,31.47,31.49,0.0006355258976802336,0,1,0.001538721730892846,2026-07-23 18:38:48.395935+00:00
18561,331,GLW,candle_reversal,2026-08-10,bear,173.2100,2026-08-18 18:34:32.957077+00:00,2026-08-18 18:46:25.869349+00:00,,17885,"{""tone"": ""bear"", ""strength"": 95, ""probability"": 49, ""chain"": [{""date"": ""2026-08-07"", ""label"": ""Lower-high confermato"", ""detail"": ""struttura a conferma della continuazione"", ""kind"": ""confirmation""}, {""date"": ""2026-08-10"", ""label"": ""Candela di inversione bear"", ""detail"": ""pattern Engulfing""}, {""date"": ""2026-08-10"", ""label"": ""A resistenza"", ""detail"": ""prezzo 173.21 al livello 170.43""}, {""date"": ""2026-08-13"", ""label"": ""Rifiuto su EMA50"", ""detail"": ""ritorno alla media e rifiuto nel verso del trend"", ""kind"": ""confirmation""}], ""factors"": {""candle_strength"": 0.9523499133246559, ""at_level"": 1.0, ""confirmation_count"": 0.6666666666666666}, ""invalidation"": {""level"": 170.429993, ""reason"": ""rottura del resistenza""}, ""sources"": [""Nison - candlestick reversals confirmed at support/resistance""], ""annotations"": {""levels"": [{""label"": ""Resistenza"", ""price"": 170.429993, ""kind"": ""resistance""}, {""label"": ""Stop / invalidazione"", ""price"": 170.429993, ""kind"": ""stop""}], ""points"": []}, ""atr"": 12.436882580909108, ""horizon"": ""short"", ""regime_at_fire"": ""bull"", ""first_emitted_at"": ""2026-08-18T18:34:33.519418+00:00""}",5,157.759995,173.210007,0.09793364914850544,0,0,-0.09416027838333058,2026-08-18 18:46:10.124937+00:00
17963,715,BC.MI,gap_and_go,2026-07-31,bull,90.0000,2026-08-09 23:33:32.872392+00:00,2026-08-09 23:39:00.411221+00:00,,17299,"{""tone"": ""bull"", ""strength"": 61, ""probability"": 50, ""chain"": [{""date"": ""2026-07-27"", ""label"": ""MACD cross rialzista"", ""detail"": ""incrocio MACD nel verso del segnale"", ""kind"": ""confirmation""}, {""date"": ""2026-07-30"", ""label"": ""Rifiuto su EMA50"", ""detail"": ""ritorno alla media e rifiuto nel verso del trend"", ""kind"": ""confirmation""}, {""date"": ""2026-07-31"", ""label"": ""Gap bull"", ""detail"": ""apertura in gap del 3.1%""}, {""date"": ""2026-07-31"", ""label"": ""Conferma volume"", ""detail"": ""3.7x la media: gap partecipato""}, {""date"": ""2026-08-03"", ""label"": ""Candela di rifiuto"", ""detail"": ""pattern engulfing"", ""kind"": ""confirmation""}, {""date"": ""2026-08-07"", ""label"": ""Trend ADX in rafforzamento"", ""detail"": ""ADX conferma la forza del trend"", ""kind"": ""confirmation""}], ""factors"": {""gap_size"": 0.5638173228614202, ""volume_strength"": 0.487242995930222, ""trend_alignment"": 1.0, ""confirmation_count"": 1.0}, ""invalidation"": null, ""sources"": [""Gap taxonomy (breakaway vs exhaustion) + volume confirmation""], ""annotations"": {""levels"": [], ""points"": []}, ""atr"": 2.722778530569866, ""horizon"": ""short"", ""regime_at_fire"": ""bull"", ""first_emitted_at"": ""2026-08-09T23:33:33.274798+00:00""}",5,87.919998,90.0,0.023657894077750097,1,0,-0.006335571556056942,2026-08-09 23:38:45.875929+00:00
17580,631,TXT,gap_and_go,2026-07-28,bear,89.1200,2026-08-05 12:05:49.375730+00:00,2026-08-05 12:23:46.436713+00:00,,17254,"{""tone"": ""bear"", ""strength"": 62, ""probability"": 50, ""chain"": [{""date"": ""2026-07-28"", ""label"": ""Gap bear"", ""detail"": ""apertura in gap del -5.4%""}, {""date"": ""2026-07-28"", ""label"": ""Conferma volume"", ""detail"": ""3.9x la media: gap partecipato""}, {""date"": ""2026-07-29"", ""label"": ""Rifiuto su EMA50"", ""detail"": ""ritorno alla media e rifiuto nel verso del trend"", ""kind"": ""confirmation""}, {""date"": ""2026-07-29"", ""label"": ""MACD cross ribassista"", ""detail"": ""incrocio MACD nel verso del segnale"", ""kind"": ""confirmation""}, {""date"": ""2026-07-31"", ""label"": ""Candela di rifiuto"", ""detail"": ""pattern engulfing"", ""kind"": ""confirmation""}], ""factors"": {""gap_size"": 0.7636416831374179, ""volume_strength"": 0.5030715195101196, ""trend_alignment"": 1.0, ""confirmation_count"": 1.0}, ""invalidation"": null, ""sources"": [""Gap taxonomy (breakaway vs exhaustion) + volume confirmation""], ""annotations"": {""levels"": [], ""points"": []}, ""atr"": 2.925996722885327, ""horizon"": ""short"", ""regime_at_fire"": ""bear"", ""first_emitted_at"": ""2026-08-05T12:05:50.703882+00:00""}",5,89.96,89.120003,-0.009337449977767864,1,1,0.03136437810575457,2026-08-05 12:23:32.142964+00:00
17960,425,GDDY,gap_and_go,2026-07-31,bear,91.0700,2026-08-09 23:32:45.457876+00:00,2026-08-09 23:39:00.411221+00:00,,17224,"{""tone"": ""bear"", ""strength"": 64, ""probability"": 50, ""chain"": [{""date"": ""2026-07-29"", ""label"": ""RSI ipercomprato"", ""detail"": ""estremo RSI a conferma del segnale"", ""kind"": ""confirmation""}, {""date"": ""2026-07-31"", ""label"": ""Gap bear"", ""detail"": ""apertura in gap del -22.7%""}, {""date"": ""2026-07-31"", ""label"": ""Conferma volume"", ""detail"": ""4.1x la media: gap partecipato""}, {""date"": ""2026-07-31"", ""label"": ""MACD cross ribassista"", ""detail"": ""incrocio MACD nel verso del segnale"", ""kind"": ""confirmation""}], ""factors"": {""gap_size"": 0.9786956685227879, ""volume_strength"": 0.524409372545179, ""trend_alignment"": 1.0, ""confirmation_count"": 0.6666666666666666}, ""invalidation"": null, ""sources"": [""Gap taxonomy (breakaway vs exhaustion) + volume confirmation""], ""annotations"": {""levels"": [], ""points"": []}, ""atr"": 5.434135482325299, ""horizon"": ""short"", ""regime_at_fire"": ""bear"", ""first_emitted_at"": ""2026-08-09T23:32:45.640727+00:00""}",5,82.739998,91.07,0.10067684555660716,0,0,-0.07068337992280013,2026-08-09 23:38:45.875929+00:00
17962,475,KMI,candle_reversal,2026-07-31,bull,30.8500,2026-08-09 23:32:54.122965+00:00,2026-08-09 23:39:00.411221+00:00,,17229,"{""tone"": ""bull"", ""strength"": 68, ""probability"": 49, ""chain"": [{""date"": ""2026-07-31"", ""label"": ""Candela di inversione bull"", ""detail"": ""pattern Engulfing""}, {""date"": ""2026-07-31"", ""label"": ""A supporto"", ""detail"": ""prezzo 30.85 al livello 30.88""}, {""date"": ""2026-08-04"", ""label"": ""Rifiuto su EMA200"", ""detail"": ""ritorno alla media e rifiuto nel verso del trend"", ""kind"": ""confirmation""}], ""factors"": {""candle_strength"": 0.6760301369863089, ""at_level"": 1.0, ""confirmation_count"": 0.3333333333333333}, ""invalidation"": {""level"": 30.88, ""reason"": ""rottura del supporto""}, ""sources"": [""Nison - candlestick reversals confirmed at support/resistance""], ""annotations"": {""levels"": [{""label"": ""Supporto"", ""price"": 30.88, ""kind"": ""support""}, {""label"": ""Stop / invalidazione"", ""price"": 30.88, ""kind"": ""stop""}], ""points"": []}, ""atr"": 0.7187124041093584, ""horizon"": ""short"", ""regime_at_fire"": ""bear"", ""first_emitted_at"": ""2026-08-09T23:32:54.678518+00:00""}",5,32.18,30.85,-0.04133001864512109,0,0,-0.07132348427892812,2026-08-09 23:38:45.875929+00:00
17961,452,IBKR,candle_reversal,2026-07-31,bear,87.8300,2026-08-09 23:32:49.312069+00:00,2026-08-09 23:39:00.411221+00:00,,17226,"{""tone"": ""bear"", ""strength"": 95, ""probability"": 49, ""chain"": [{""date"": ""2026-07-31"", ""label"": ""Candela di inversione bear"", ""detail"": ""pattern Engulfing""}, {""date"": ""2026-07-31"", ""label"": ""A resistenza"", ""detail"": ""prezzo 87.83 al livello 88.44""}, {""date"": ""2026-08-06"", ""label"": ""Rifiuto su EMA50"", ""detail"": ""ritorno alla media e rifiuto nel verso del trend"", ""kind"": ""confirmation""}], ""factors"": {""candle_strength"": 0.9490039591644327, ""at_level"": 1.0, ""confirmation_count"": 0.3333333333333333}, ""invalidation"": {""level"": 88.44, ""reason"": ""rottura del resistenza""}, ""sources"": [""Nison - candlestick reversals confirmed at support/resistance""], ""annotations"": {""levels"": [{""label"": ""Resistenza"", ""price"": 88.44, ""kind"": ""resistance""}, {""label"": ""Stop / invalidazione"", ""price"": 88.44, ""kind"": ""stop""}], ""points"": []}, ""atr"": 3.5107851962304584, ""horizon"": ""short"", ""regime_at_fire"": ""bull"", ""first_emitted_at"": ""2026-08-09T23:32:50.252610+00:00""}",5,87.989998,87.830002,-0.0018183430348527319,1,1,0.03181180866865977,2026-08-09 23:38:45.875929+00:00
17275,1407,BMRN,candle_reversal,2026-07-24,bull,60.0200,2026-08-03 09:19:38.593585+00:00,2026-08-03 09:24:44.386974+00:00,,16596,"{""tone"": ""bull"", ""strength"": 65, ""probability"": 49, ""chain"": [{""date"": ""2026-07-23"", ""label"": ""Rifiuto su EMA50"", ""detail"": ""ritorno alla media e rifiuto nel verso del trend"", ""kind"": ""confirmation""}, {""date"": ""2026-07-24"", ""label"": ""Candela di inversione bull"", ""detail"": ""pattern Hammer""}, {""date"": ""2026-07-24"", ""label"": ""A supporto"", ""detail"": ""prezzo 60.02 al livello 58.50""}, {""date"": ""2026-07-28"", ""label"": ""MACD cross rialzista"", ""detail"": ""incrocio MACD nel verso del segnale"", ""kind"": ""confirmation""}, {""date"": ""2026-07-30"", ""label"": ""Trend ADX in rafforzamento"", ""detail"": ""ADX conferma la forza del trend"", ""kind"": ""confirmation""}], ""factors"": {""candle_strength"": 0.6527123082931361, ""at_level"": 1.0, ""confirmation_count"": 1.0}, ""invalidation"": {""level"": 58.5, ""reason"": ""rottura del supporto""}, ""sources"": [""Nison - candlestick reversals confirmed at support/resistance""], ""annotations"": {""levels"": [{""label"": ""Supporto"", ""price"": 58.5, ""kind"": ""support""}, {""label"": ""Stop / invalidazione"", ""price"": 58.5, ""kind"": ""stop""}], ""points"": []}, ""atr"": 1.5829541001189305, ""horizon"": ""short"", ""regime_at_fire"": ""bull"", ""first_emitted_at"": ""2026-08-03T09:19:38.999934+00:00""}",5,59.330002,60.02,0.011629832744654234,1,1,0.0033683775262183663,2026-08-03 09:24:30.020967+00:00
17412,380,EQIX,candle_reversal,2026-07-27,bear,1031.4399,2026-08-03 21:57:53.348013+00:00,2026-08-04 10:07:09.686251+00:00,,16661,"{""tone"": ""bear"", ""strength"": 65, ""probability"": 49, ""chain"": [{""date"": ""2026-07-27"", ""label"": ""Candela di inversione bear"", ""detail"": ""pattern Engulfing""}, {""date"": ""2026-07-27"", ""label"": ""A resistenza"", ""detail"": ""prezzo 1031.44 al livello 1054.54""}, {""date"": ""2026-07-29"", ""label"": ""Rifiuto su EMA50"", ""detail"": ""ritorno alla media e rifiuto nel verso del trend"", ""kind"": ""confirmation""}], ""factors"": {""candle_strength"": 0.6549852037332116, ""at_level"": 1.0, ""confirmation_count"": 0.3333333333333333}, ""invalidation"": {""level"": 1054.54, ""reason"": ""rottura del resistenza""}, ""sources"": [""Nison - candlestick reversals confirmed at support/resistance""], ""annotations"": {""levels"": [{""label"": ""Resistenza"", ""price"": 1054.54, ""kind"": ""resistance""}, {""label"": ""Stop / invalidazione"", ""price"": 1054.54, ""kind"": ""stop""}], ""points"": []}, ""atr"": 33.9727214254825, ""horizon"": ""short"", ""regime_at_fire"": ""bull"", ""first_emitted_at"": ""2026-08-03T21:57:53.929508+00:00""}",5,1046.79,1031.439941,-0.014663933549231345,1,1,0.02509158951610498,2026-08-03 22:03:36.154655+00:00
15994,1801,CPRX,candle_reversal,2026-07-09,bear,31.4900,2026-07-17 23:34:27.669149+00:00,2026-07-17 23:38:52.946817+00:00,,15898,"{""tone"": ""bear"", ""strength"": 96, ""probability"": 49, ""chain"": [{""date"": ""2026-07-09"", ""label"": ""Candela di inversione bear"", ""detail"": ""pattern Shooting star""}, {""date"": ""2026-07-09"", ""label"": ""A resistenza"", ""detail"": ""prezzo 31.49 al livello 31.50""}, {""date"": ""2026-07-16"", ""label"": ""RSI ipercomprato"", ""detail"": ""estremo RSI a conferma del segnale"", ""kind"": ""confirmation""}], ""factors"": {""candle_strength"": 0.96100431480727, ""at_level"": 1.0, ""confirmation_count"": 0.3333333333333333}, ""invalidation"": {""level"": 31.5, ""reason"": ""rottura del resistenza""}, ""sources"": [""Nison - candlestick reversals confirmed at support/resistance""], ""annotations"": {""levels"": [{""label"": ""Resistenza"", ""price"": 31.5, ""kind"": ""resistance""}, {""label"": ""Stop / invalidazione"", ""price"": 31.5, ""kind"": ""stop""}], ""points"": []}, ""atr"": 0.06777446944275221, ""horizon"": ""short"", ""regime_at_fire"": ""bull"", ""first_emitted_at"": ""2026-07-17T23:34:28.586670+00:00""}",5,31.47,31.49,0.0006355258976802336,0,1,0.00177603459251936,2026-07-17 23:38:39.374193+00:00
17315,422,GPC,candle_reversal,2026-07-24,bull,124.3700,2026-08-03 18:32:50.304356+00:00,2026-08-03 18:35:16.913271+00:00,,16566,"{""tone"": ""bull"", ""strength"": 92, ""probability"": 49, ""chain"": [{""date"": ""2026-07-21"", ""label"": ""Rifiuto su EMA200"", ""detail"": ""ritorno alla media e rifiuto nel verso del trend"", ""kind"": ""confirmation""}, {""date"": ""2026-07-21"", ""label"": ""Higher-low confermato"", ""detail"": ""struttura a conferma della continuazione"", ""kind"": ""confirmation""}, {""date"": ""2026-07-21"", ""label"": ""Volume sulla salita"", ""detail"": ""volume sopra la media nel verso del segnale"", ""kind"": ""confirmation""}, {""date"": ""2026-07-24"", ""label"": ""Candela di inversione bull"", ""detail"": ""pattern Engulfing""}, {""date"": ""2026-07-24"", ""label"": ""A supporto"", ""detail"": ""prezzo 124.37 al livello 124.32""}, {""date"": ""2026-07-31"", ""label"": ""Trend ADX in rafforzamento"", ""detail"": ""ADX conferma la forza del trend"", ""kind"": ""confirmation""}], ""factors"": {""candle_strength"": 0.924500135090478, ""at_level"": 1.0, ""confirmation_count"": 1.0}, ""invalidation"": {""level"": 124.32, ""reason"": ""rottura del supporto""}, ""sources"": [""Nison - candlestick reversals confirmed at support/resistance""], ""annotations"": {""levels"": [{""label"": ""Supporto"", ""price"": 124.32, ""kind"": ""support""}, {""label"": ""Stop / invalidazione"", ""price"": 124.32, ""kind"": ""stop""}], ""points"": []}, ""atr"": 4.477528277537326, ""horizon"": ""short"", ""regime_at_fire"": ""bull"", ""first_emitted_at"": ""2026-08-03T18:32:50.897586+00:00""}",5,124.21,124.370003,0.0012881652040899194,1,0,-0.006973290266825135,2026-08-03 18:35:02.585143+00:00
17316,1407,BMRN,candle_reversal,2026-07-24,bull,60.0200,2026-08-03 18:34:18.110959+00:00,2026-08-03 18:35:16.913271+00:00,,16596,"{""tone"": ""bull"", ""strength"": 65, ""probability"": 49, ""chain"": [{""date"": ""2026-07-23"", ""label"": ""Rifiuto su EMA50"", ""detail"": ""ritorno alla media e rifiuto nel verso del trend"", ""kind"": ""confirmation""}, {""date"": ""2026-07-24"", ""label"": ""Candela di inversione bull"", ""detail"": ""pattern Hammer""}, {""date"": ""2026-07-24"", ""label"": ""A supporto"", ""detail"": ""prezzo 60.02 al livello 58.50""}, {""date"": ""2026-07-28"", ""label"": ""MACD cross rialzista"", ""detail"": ""incrocio MACD nel verso del segnale"", ""kind"": ""confirmation""}, {""date"": ""2026-07-30"", ""label"": ""Trend ADX in rafforzamento"", ""detail"": ""ADX conferma la forza del trend"", ""kind"": ""confirmation""}], ""factors"": {""candle_strength"": 0.6527123082931361, ""at_level"": 1.0, ""confirmation_count"": 1.0}, ""invalidation"": {""level"": 58.5, ""reason"": ""rottura del supporto""}, ""sources"": [""Nison - candlestick reversals confirmed at support/resistance""], ""annotations"": {""levels"": [{""label"": ""Supporto"", ""price"": 58.5, ""kind"": ""support""}, {""label"": ""Stop / invalidazione"", ""price"": 58.5, ""kind"": ""stop""}], ""points"": []}, ""atr"": 1.5829541001189305, ""horizon"": ""short"", ""regime_at_fire"": ""bull"", ""first_emitted_at"": ""2026-08-03T18:34:18.500949+00:00""}",5,59.330002,60.02,0.011629832744654234,1,1,0.0033683772737391794,2026-08-03 18:35:02.585143+00:00
20510,1108,KGF.L,candle_reversal,2026-09-04,bull,2.8850,2026-09-12 19:54:33.859354+00:00,2026-09-12 20:01:01.984510+00:00,,19933,"{""tone"": ""bull"", ""strength"": 95, ""probability"": 49, ""chain"": [{""date"": ""2026-08-28"", ""label"": ""Trend ADX in rafforzamento"", ""detail"": ""ADX conferma la forza del trend"", ""kind"": ""confirmation""}, {""date"": ""2026-09-04"", ""label"": ""Candela di inversione bull"", ""detail"": ""pattern Engulfing""}, {""date"": ""2026-09-04"", ""label"": ""A supporto"", ""detail"": ""prezzo 2.88 al livello 2.85""}], ""factors"": {""candle_strength"": 0.9506318375496197, ""at_level"": 1.0, ""confirmation_count"": 0.3333333333333333}, ""invalidation"": {""level"": 2.85, ""reason"": ""rottura del supporto""}, ""sources"": [""Nison - candlestick reversals confirmed at support/resistance""], ""annotations"": {""levels"": [{""label"": ""Supporto"", ""price"": 2.85, ""kind"": ""support""}, {""label"": ""Stop / invalidazione"", ""price"": 2.85, ""kind"": ""stop""}], ""points"": []}, ""atr"": 0.07370193772705846, ""horizon"": ""short"", ""regime_at_fire"": ""bear"", ""first_emitted_at"": ""2026-09-12T19:54:34.485942+00:00""}",5,3.074,2.885,-0.06148340923877682,0,0,-0.042326321116171406,2026-09-12 20:00:43.571782+00:00
17271,422,GPC,candle_reversal,2026-07-24,bull,124.3700,2026-08-03 09:17:59.140079+00:00,2026-08-03 09:24:44.386974+00:00,,16566,"{""tone"": ""bull"", ""strength"": 92, ""probability"": 49, ""chain"": [{""date"": ""2026-07-21"", ""label"": ""Rifiuto su EMA200"", ""detail"": ""ritorno alla media e rifiuto nel verso del trend"", ""kind"": ""confirmation""}, {""date"": ""2026-07-21"", ""label"": ""Higher-low confermato"", ""detail"": ""struttura a conferma della continuazione"", ""kind"": ""confirmation""}, {""date"": ""2026-07-21"", ""label"": ""Volume sulla salita"", ""detail"": ""volume sopra la media nel verso del segnale"", ""kind"": ""confirmation""}, {""date"": ""2026-07-24"", ""label"": ""Candela di inversione bull"", ""detail"": ""pattern Engulfing""}, {""date"": ""2026-07-24"", ""label"": ""A supporto"", ""detail"": ""prezzo 124.37 al livello 124.32""}, {""date"": ""2026-07-31"", ""label"": ""Trend ADX in rafforzamento"", ""detail"": ""ADX conferma la forza del trend"", ""kind"": ""confirmation""}], ""factors"": {""candle_strength"": 0.924500135090478, ""at_level"": 1.0, ""confirmation_count"": 1.0}, ""invalidation"": {""level"": 124.32, ""reason"": ""rottura del supporto""}, ""sources"": [""Nison - candlestick reversals confirmed at support/resistance""], ""annotations"": {""levels"": [{""label"": ""Supporto"", ""price"": 124.32, ""kind"": ""support""}, {""label"": ""Stop / invalidazione"", ""price"": 124.32, ""kind"": ""stop""}], ""points"": []}, ""atr"": 4.477528277537326, ""horizon"": ""short"", ""regime_at_fire"": ""bull"", ""first_emitted_at"": ""2026-08-03T09:17:59.750657+00:00""}",5,124.21,124.370003,0.0012881652040899194,1,0,-0.006973290014345948,2026-08-03 09:24:30.020967+00:00
16989,669,WAB,gap_and_go,2026-07-22,bull,291.7600,2026-07-30 09:24:39.049049+00:00,2026-07-30 09:30:08.455338+00:00,,16310,"{""tone"": ""bull"", ""strength"": 63, ""probability"": 50, ""chain"": [{""date"": ""2026-07-21"", ""label"": ""Higher-low confermato"", ""detail"": ""struttura a conferma della continuazione"", ""kind"": ""confirmation""}, {""date"": ""2026-07-22"", ""label"": ""Gap bull"", ""detail"": ""apertura in gap del 4.8%""}, {""date"": ""2026-07-22"", ""label"": ""Conferma volume"", ""detail"": ""3.9x la media: gap partecipato""}, {""date"": ""2026-07-22"", ""label"": ""Candela di rifiuto"", ""detail"": ""pattern morning_star"", ""kind"": ""confirmation""}, {""date"": ""2026-07-22"", ""label"": ""MACD cross rialzista"", ""detail"": ""incrocio MACD nel verso del segnale"", ""kind"": ""confirmation""}], ""factors"": {""gap_size"": 0.7273650058816848, ""volume_strength"": 0.5063780263021959, ""trend_alignment"": 1.0, ""confirmation_count"": 1.0}, ""invalidation"": null, ""sources"": [""Gap taxonomy (breakaway vs exhaustion) + volume confirmation""], ""annotations"": {""levels"": [], ""points"": []}, ""atr"": 8.822709628591777, ""horizon"": ""short"", ""regime_at_fire"": ""bull"", ""first_emitted_at"": ""2026-07-30T09:24:39.239634+00:00""}",5,290.0,291.76,0.006068965517241454,1,1,0.0038778291331266414,2026-07-30 09:29:53.657323+00:00
16390,66,G.MI,candle_reversal,2026-07-16,bull,42.5900,2026-07-23 19:56:37.276408+00:00,2026-07-24 00:19:42.624578+00:00,,15815,"{""tone"": ""bull"", ""strength"": 64, ""probability"": 49, ""chain"": [{""date"": ""2026-07-14"", ""label"": ""Trend ADX in rafforzamento"", ""detail"": ""ADX conferma la forza del trend"", ""kind"": ""confirmation""}, {""date"": ""2026-07-16"", ""label"": ""Candela di inversione bull"", ""detail"": ""pattern Engulfing""}, {""date"": ""2026-07-16"", ""label"": ""A supporto"", ""detail"": ""prezzo 42.59 al livello 41.70""}, {""date"": ""2026-07-16"", ""label"": ""Rifiuto su EMA50"", ""detail"": ""ritorno alla media e rifiuto nel verso del trend"", ""kind"": ""confirmation""}], ""factors"": {""candle_strength"": 0.6436936936936903, ""at_level"": 1.0, ""confirmation_count"": 0.6666666666666666}, ""invalidation"": {""level"": 41.7, ""reason"": ""rottura del supporto""}, ""sources"": [""Nison - candlestick reversals confirmed at support/resistance""], ""annotations"": {""levels"": [{""label"": ""Supporto"", ""price"": 41.7, ""kind"": ""support""}, {""label"": ""Stop / invalidazione"", ""price"": 41.7, ""kind"": ""stop""}], ""points"": []}, ""atr"": 0.6446192264179411, ""horizon"": ""short"", ""regime_at_fire"": ""bull"", ""first_emitted_at"": ""2026-07-23T19:56:37.462137+00:00""}",5,42.08,42.59,0.012119771863118078,1,1,0.014590139968263579,2026-07-23 20:02:45.761050+00:00
18479,1461,TEAM,gap_and_go,2026-08-07,bull,162.2200,2026-08-17 18:35:25.742105+00:00,2026-08-17 18:42:02.931159+00:00,,17926,"{""tone"": ""bull"", ""strength"": 70, ""probability"": 50, ""chain"": [{""date"": ""2026-08-06"", ""label"": ""Rifiuto su EMA200"", ""detail"": ""ritorno alla media e rifiuto nel verso del trend"", ""kind"": ""confirmation""}, {""date"": ""2026-08-07"", ""label"": ""Gap bull"", ""detail"": ""apertura in gap del 31.7%""}, {""date"": ""2026-08-07"", ""label"": ""Conferma volume"", ""detail"": ""4.8x la media: gap partecipato""}, {""date"": ""2026-08-14"", ""label"": ""Trend ADX in rafforzamento"", ""detail"": ""ADX conferma la forza del trend"", ""kind"": ""confirmation""}], ""factors"": {""gap_size"": 0.9875133704134693, ""volume_strength"": 0.5779838116819445, ""trend_alignment"": 1.0, ""confirmation_count"": 0.6666666666666666}, ""invalidation"": null, ""sources"": [""Gap taxonomy (breakaway vs exhaustion) + volume confirmation""], ""annotations"": {""levels"": [], ""points"": []}, ""atr"": 8.920895184744808, ""horizon"": ""short"", ""regime_at_fire"": ""bull"", ""first_emitted_at"": ""2026-08-17T18:35:26.499647+00:00""}",5,149.070007,162.220001,0.0882135465385736,1,1,0.07890082177802192,2026-08-17 18:41:46.528344+00:00
18480,1464,TWLO,gap_and_go,2026-08-07,bull,238.2000,2026-08-17 18:35:26.709020+00:00,2026-08-17 18:42:02.931159+00:00,,17928,"{""tone"": ""bull"", ""strength"": 65, ""probability"": 50, ""chain"": [{""date"": ""2026-08-07"", ""label"": ""Gap bull"", ""detail"": ""apertura in gap del 21.8%""}, {""date"": ""2026-08-07"", ""label"": ""Conferma volume"", ""detail"": ""4.2x la media: gap partecipato""}, {""date"": ""2026-08-07"", ""label"": ""MACD cross rialzista"", ""detail"": ""incrocio MACD nel verso del segnale"", ""kind"": ""confirmation""}, {""date"": ""2026-08-14"", ""label"": ""Trend ADX in rafforzamento"", ""detail"": ""ADX conferma la forza del trend"", ""kind"": ""confirmation""}], ""factors"": {""gap_size"": 0.9768952032758134, ""volume_strength"": 0.5312402450151888, ""trend_alignment"": 1.0, ""confirmation_count"": 0.6666666666666666}, ""invalidation"": null, ""sources"": [""Gap taxonomy (breakaway vs exhaustion) + volume confirmation""], ""annotations"": {""levels"": [], ""points"": []}, ""atr"": 13.512155532851, ""horizon"": ""short"", ""regime_at_fire"": ""bull"", ""first_emitted_at"": ""2026-08-17T18:35:27.084645+00:00""}",5,241.279999,238.199997,-0.012765260331421002,0,0,-0.02207798509197268,2026-08-17 18:41:46.528344+00:00
17272,1142,SPX.L,candle_reversal,2026-07-24,bull,69.4500,2026-08-03 09:19:24.235177+00:00,2026-08-03 09:24:44.386974+00:00,,16538,"{""tone"": ""bull"", ""strength"": 96, ""probability"": 49, ""chain"": [{""date"": ""2026-07-24"", ""label"": ""Candela di inversione bull"", ""detail"": ""pattern Engulfing""}, {""date"": ""2026-07-24"", ""label"": ""A supporto"", ""detail"": ""prezzo 69.45 al livello 69.76""}, {""date"": ""2026-07-30"", ""label"": ""Rifiuto su EMA50"", ""detail"": ""ritorno alla media e rifiuto nel verso del trend"", ""kind"": ""confirmation""}], ""factors"": {""candle_strength"": 0.96100431480727, ""at_level"": 1.0, ""confirmation_count"": 0.3333333333333333}, ""invalidation"": {""level"": 69.76, ""reason"": ""rottura del supporto""}, ""sources"": [""Nison - candlestick reversals confirmed at support/resistance""], ""annotations"": {""levels"": [{""label"": ""Supporto"", ""price"": 69.76, ""kind"": ""support""}, {""label"": ""Stop / invalidazione"", ""price"": 69.76, ""kind"": ""stop""}], ""points"": []}, ""atr"": 1.8655201787653493, ""horizon"": ""short"", ""regime_at_fire"": ""bull"", ""first_emitted_at"": ""2026-08-03T09:19:24.433422+00:00""}",5,70.8,69.45,-0.01906779661016944,0,0,-0.027329251828605308,2026-08-03 09:24:30.020967+00:00
18481,1583,DKS,candle_reversal,2026-08-07,bull,201.9700,2026-08-17 18:35:32.461505+00:00,2026-08-17 18:42:02.931159+00:00,,17869,"{""tone"": ""bull"", ""strength"": 83, ""probability"": 49, ""chain"": [{""date"": ""2026-08-07"", ""label"": ""Candela di inversione bull"", ""detail"": ""pattern Engulfing""}, {""date"": ""2026-08-07"", ""label"": ""A supporto"", ""detail"": ""prezzo 201.97 al livello 198.63""}, {""date"": ""2026-08-07"", ""label"": ""MACD cross rialzista"", ""detail"": ""incrocio MACD nel verso del segnale"", ""kind"": ""confirmation""}], ""factors"": {""candle_strength"": 0.8260956959302608, ""at_level"": 1.0, ""confirmation_count"": 0.3333333333333333}, ""invalidation"": {""level"": 198.63, ""reason"": ""rottura del supporto""}, ""sources"": [""Nison - candlestick reversals confirmed at support/resistance""], ""annotations"": {""levels"": [{""label"": ""Supporto"", ""price"": 198.63, ""kind"": ""support""}, {""label"": ""Stop / invalidazione"", ""price"": 198.63, ""kind"": ""stop""}], ""points"": []}, ""atr"": 6.780924113591607, ""horizon"": ""short"", ""regime_at_fire"": ""bear"", ""first_emitted_at"": ""2026-08-17T18:35:33.217531+00:00""}",5,208.839996,201.970001,-0.03289597362374985,0,0,-0.04220869838430153,2026-08-17 18:41:46.528344+00:00
18483,1780,HALO,gap_and_go,2026-08-07,bull,98.6600,2026-08-17 18:35:46.358746+00:00,2026-08-17 18:42:02.931159+00:00,,17946,"{""tone"": ""bull"", ""strength"": 68, ""probability"": 50, ""chain"": [{""date"": ""2026-08-05"", ""label"": ""Candela di rifiuto"", ""detail"": ""pattern hammer"", ""kind"": ""confirmation""}, {""date"": ""2026-08-07"", ""label"": ""Gap bull"", ""detail"": ""apertura in gap del 4.9%""}, {""date"": ""2026-08-07"", ""label"": ""Conferma volume"", ""detail"": ""4.6x la media: gap partecipato""}, {""date"": ""2026-08-14"", ""label"": ""Trend ADX in rafforzamento"", ""detail"": ""ADX conferma la forza del trend"", ""kind"": ""confirmation""}], ""factors"": {""gap_size"": 0.7444027403357569, ""volume_strength"": 0.5595229526256532, ""trend_alignment"": 1.0, ""confirmation_count"": 0.6666666666666666}, ""invalidation"": null, ""sources"": [""Gap taxonomy (breakaway vs exhaustion) + volume confirmation""], ""annotations"": {""levels"": [], ""points"": []}, ""atr"": 3.2328699396090954, ""horizon"": ""short"", ""regime_at_fire"": ""bull"", ""first_emitted_at"": ""2026-08-17T18:35:46.724055+00:00""}",5,103.120003,98.660004,-0.043250570890693174,0,0,-0.05256329565124485,2026-08-17 18:41:46.528344+00:00
18458,219,ABNB,gap_and_go,2026-08-07,bull,184.0600,2026-08-17 18:32:53.936500+00:00,2026-08-17 18:42:02.931159+00:00,,17877,"{""tone"": ""bull"", ""strength"": 66, ""probability"": 50, ""chain"": [{""date"": ""2026-08-07"", ""label"": ""Gap bull"", ""detail"": ""apertura in gap del 8.6%""}, {""date"": ""2026-08-07"", ""label"": ""Conferma volume"", ""detail"": ""4.4x la media: gap partecipato""}, {""date"": ""2026-08-07"", ""label"": ""Candela di rifiuto"", ""detail"": ""pattern morning_star"", ""kind"": ""confirmation""}, {""date"": ""2026-08-14"", ""label"": ""Trend ADX in rafforzamento"", ""detail"": ""ADX conferma la forza del trend"", ""kind"": ""confirmation""}], ""factors"": {""gap_size"": 0.8674063161428801, ""volume_strength"": 0.5447835843978389, ""trend_alignment"": 1.0, ""confirmation_count"": 0.6666666666666666}, ""invalidation"": null, ""sources"": [""Gap taxonomy (breakaway vs exhaustion) + volume confirmation""], ""annotations"": {""levels"": [], ""points"": []}, ""atr"": 6.039988301305721, ""horizon"": ""short"", ""regime_at_fire"": ""bull"", ""first_emitted_at"": ""2026-08-17T18:32:54.314033+00:00""}",5,178.070007,184.059998,0.03363840492239656,1,1,0.02432568016184488,2026-08-17 18:41:46.528344+00:00
16344,1801,CPRX,candle_reversal,2026-07-09,bear,31.4900,2026-07-23 11:33:45.763854+00:00,2026-07-23 11:42:12.664884+00:00,,15898,"{""tone"": ""bear"", ""strength"": 96, ""probability"": 49, ""chain"": [{""date"": ""2026-07-09"", ""label"": ""Candela di inversione bear"", ""detail"": ""pattern Shooting star""}, {""date"": ""2026-07-09"", ""label"": ""A resistenza"", ""detail"": ""prezzo 31.49 al livello 31.50""}, {""date"": ""2026-07-16"", ""label"": ""RSI ipercomprato"", ""detail"": ""estremo RSI a conferma del segnale"", ""kind"": ""confirmation""}], ""factors"": {""candle_strength"": 0.96100431480727, ""at_level"": 1.0, ""confirmation_count"": 0.3333333333333333}, ""invalidation"": {""level"": 31.5, ""reason"": ""rottura del resistenza""}, ""sources"": [""Nison - candlestick reversals confirmed at support/resistance""], ""annotations"": {""levels"": [{""label"": ""Resistenza"", ""price"": 31.5, ""kind"": ""resistance""}, {""label"": ""Stop / invalidazione"", ""price"": 31.5, ""kind"": ""stop""}], ""points"": []}, ""atr"": 0.06777446944275221, ""horizon"": ""short"", ""regime_at_fire"": ""bull"", ""first_emitted_at"": ""2026-07-23T11:33:45.949864+00:00""}",5,31.47,31.49,0.0006355258976802336,0,1,0.001538721730892846,2026-07-23 11:41:58.725381+00:00
16007,1801,CPRX,candle_reversal,2026-07-09,bear,31.4900,2026-07-19 23:35:03.874934+00:00,2026-07-19 23:46:41.869814+00:00,,15898,"{""tone"": ""bear"", ""strength"": 96, ""probability"": 49, ""chain"": [{""date"": ""2026-07-09"", ""label"": ""Candela di inversione bear"", ""detail"": ""pattern Shooting star""}, {""date"": ""2026-07-09"", ""label"": ""A resistenza"", ""detail"": ""prezzo 31.49 al livello 31.50""}, {""date"": ""2026-07-16"", ""label"": ""RSI ipercomprato"", ""detail"": ""estremo RSI a conferma del segnale"", ""kind"": ""confirmation""}], ""factors"": {""candle_strength"": 0.96100431480727, ""at_level"": 1.0, ""confirmation_count"": 0.3333333333333333}, ""invalidation"": {""level"": 31.5, ""reason"": ""rottura del resistenza""}, ""sources"": [""Nison - candlestick reversals confirmed at support/resistance""], ""annotations"": {""levels"": [{""label"": ""Resistenza"", ""price"": 31.5, ""kind"": ""resistance""}, {""label"": ""Stop / invalidazione"", ""price"": 31.5, ""kind"": ""stop""}], ""points"": []}, ""atr"": 0.06777446944275221, ""horizon"": ""short"", ""regime_at_fire"": ""bull"", ""first_emitted_at"": ""2026-07-19T23:35:04.078597+00:00""}",5,31.47,31.49,0.0006355258976802336,0,1,0.001538721730892846,2026-07-19 23:46:27.265523+00:00
16095,1801,CPRX,candle_reversal,2026-07-09,bear,31.4900,2026-07-21 14:09:52.407026+00:00,2026-07-21 14:10:42.287158+00:00,,15898,"{""tone"": ""bear"", ""strength"": 96, ""probability"": 49, ""chain"": [{""date"": ""2026-07-09"", ""label"": ""Candela di inversione bear"", ""detail"": ""pattern Shooting star""}, {""date"": ""2026-07-09"", ""label"": ""A resistenza"", ""detail"": ""prezzo 31.49 al livello 31.50""}, {""date"": ""2026-07-16"", ""label"": ""RSI ipercomprato"", ""detail"": ""estremo RSI a conferma del segnale"", ""kind"": ""confirmation""}], ""factors"": {""candle_strength"": 0.96100431480727, ""at_level"": 1.0, ""confirmation_count"": 0.3333333333333333}, ""invalidation"": {""level"": 31.5, ""reason"": ""rottura del resistenza""}, ""sources"": [""Nison - candlestick reversals confirmed at support/resistance""], ""annotations"": {""levels"": [{""label"": ""Resistenza"", ""price"": 31.5, ""kind"": ""resistance""}, {""label"": ""Stop / invalidazione"", ""price"": 31.5, ""kind"": ""stop""}], ""points"": []}, ""atr"": 0.06777446944275221, ""horizon"": ""short"", ""regime_at_fire"": ""bull"", ""first_emitted_at"": ""2026-07-21T14:09:53.683401+00:00""}",5,31.47,31.49,0.0006355258976802336,0,1,0.001538721730892846,2026-07-21 14:10:29.207533+00:00
16087,1801,CPRX,candle_reversal,2026-07-09,bear,31.4900,2026-07-21 13:34:16.601161+00:00,2026-07-21 13:40:11.137205+00:00,,15898,"{""tone"": ""bear"", ""strength"": 96, ""probability"": 49, ""chain"": [{""date"": ""2026-07-09"", ""label"": ""Candela di inversione bear"", ""detail"": ""pattern Shooting star""}, {""date"": ""2026-07-09"", ""label"": ""A resistenza"", ""detail"": ""prezzo 31.49 al livello 31.50""}, {""date"": ""2026-07-16"", ""label"": ""RSI ipercomprato"", ""detail"": ""estremo RSI a conferma del segnale"", ""kind"": ""confirmation""}], ""factors"": {""candle_strength"": 0.96100431480727, ""at_level"": 1.0, ""confirmation_count"": 0.3333333333333333}, ""invalidation"": {""level"": 31.5, ""reason"": ""rottura del resistenza""}, ""sources"": [""Nison - candlestick reversals confirmed at support/resistance""], ""annotations"": {""levels"": [{""label"": ""Resistenza"", ""price"": 31.5, ""kind"": ""resistance""}, {""label"": ""Stop / invalidazione"", ""price"": 31.5, ""kind"": ""stop""}], ""points"": []}, ""atr"": 0.06777446944275221, ""horizon"": ""short"", ""regime_at_fire"": ""bull"", ""first_emitted_at"": ""2026-07-21T13:34:17.875079+00:00""}",5,31.47,31.49,0.0006355258976802336,0,1,0.001538721730892846,2026-07-21 13:39:56.668977+00:00
17194,359,DOV,gap_and_go,2026-07-23,bear,204.0600,2026-07-31 18:32:44.877083+00:00,2026-07-31 18:38:37.860898+00:00,,16544,"{""tone"": ""bear"", ""strength"": 62, ""probability"": 50, ""chain"": [{""date"": ""2026-07-17"", ""label"": ""Lower-high confermato"", ""detail"": ""struttura a conferma della continuazione"", ""kind"": ""confirmation""}, {""date"": ""2026-07-20"", ""label"": ""Candela di rifiuto"", ""detail"": ""pattern evening_star"", ""kind"": ""confirmation""}, {""date"": ""2026-07-23"", ""label"": ""Gap bear"", ""detail"": ""apertura in gap del -6.1%""}, {""date"": ""2026-07-23"", ""label"": ""Conferma volume"", ""detail"": ""3.9x la media: gap partecipato""}, {""date"": ""2026-07-28"", ""label"": ""Rifiuto su EMA200"", ""detail"": ""ritorno alla media e rifiuto nel verso del trend"", ""kind"": ""confirmation""}], ""factors"": {""gap_size"": 0.7855026103575257, ""volume_strength"": 0.5042011399485561, ""trend_alignment"": 1.0, ""confirmation_count"": 1.0}, ""invalidation"": null, ""sources"": [""Gap taxonomy (breakaway vs exhaustion) + volume confirmation""], ""annotations"": {""levels"": [], ""points"": []}, ""atr"": 6.332117751024708, ""horizon"": ""short"", ""regime_at_fire"": ""bear"", ""first_emitted_at"": ""2026-07-31T18:32:45.436346+00:00""}",5,197.8,204.059998,0.03164811931243672,0,0,-0.019843157518078927,2026-07-31 18:38:19.072721+00:00
16391,82,MC.PA,candle_reversal,2026-07-16,bull,453.5500,2026-07-23 19:56:39.321354+00:00,2026-07-24 00:19:42.624578+00:00,,15816,"{""tone"": ""bull"", ""strength"": 96, ""probability"": 49, ""chain"": [{""date"": ""2026-07-14"", ""label"": ""Higher-low confermato"", ""detail"": ""struttura a conferma della continuazione"", ""kind"": ""confirmation""}, {""date"": ""2026-07-16"", ""label"": ""Candela di inversione bull"", ""detail"": ""pattern Engulfing""}, {""date"": ""2026-07-16"", ""label"": ""A supporto"", ""detail"": ""prezzo 453.55 al livello 450.90""}, {""date"": ""2026-07-16"", ""label"": ""Rifiuto su EMA50"", ""detail"": ""ritorno alla media e rifiuto nel verso del trend"", ""kind"": ""confirmation""}, {""date"": ""2026-07-16"", ""label"": ""MACD cross rialzista"", ""detail"": ""incrocio MACD nel verso del segnale"", ""kind"": ""confirmation""}], ""factors"": {""candle_strength"": 0.96100431480727, ""at_level"": 1.0, ""confirmation_count"": 1.0}, ""invalidation"": {""level"": 450.9, ""reason"": ""rottura del supporto""}, ""sources"": [""Nison - candlestick reversals confirmed at support/resistance""], ""annotations"": {""levels"": [{""label"": ""Supporto"", ""price"": 450.9, ""kind"": ""support""}, {""label"": ""Stop / invalidazione"", ""price"": 450.9, ""kind"": ""stop""}], ""points"": []}, ""atr"": 13.454455062357077, ""horizon"": ""short"", ""regime_at_fire"": ""bear"", ""first_emitted_at"": ""2026-07-23T19:56:40.282349+00:00""}",5,503.1,453.55,-0.09848936593122637,0,0,-0.09601899782608087,2026-07-23 20:02:45.761050+00:00
17724,412,GRMN,gap_and_go,2026-07-29,bull,302.5500,2026-08-06 00:35:38.259617+00:00,2026-08-06 00:40:49.665636+00:00,,16913,"{""tone"": ""bull"", ""strength"": 67, ""probability"": 50, ""chain"": [{""date"": ""2026-07-28"", ""label"": ""MACD cross rialzista"", ""detail"": ""incrocio MACD nel verso del segnale"", ""kind"": ""confirmation""}, {""date"": ""2026-07-29"", ""label"": ""Gap bull"", ""detail"": ""apertura in gap del 3.2%""}, {""date"": ""2026-07-29"", ""label"": ""Conferma volume"", ""detail"": ""4.5x la media: gap partecipato""}, {""date"": ""2026-08-05"", ""label"": ""Trend ADX in rafforzamento"", ""detail"": ""ADX conferma la forza del trend"", ""kind"": ""confirmation""}], ""factors"": {""gap_size"": 0.5717030553912872, ""volume_strength"": 0.5577208152359127, ""trend_alignment"": 1.0, ""confirmation_count"": 0.6666666666666666}, ""invalidation"": null, ""sources"": [""Gap taxonomy (breakaway vs exhaustion) + volume confirmation""], ""annotations"": {""levels"": [], ""points"": []}, ""atr"": 9.887684310800621, ""horizon"": ""short"", ""regime_at_fire"": ""bull"", ""first_emitted_at"": ""2026-08-06T00:31:12.782548+00:00"", ""amended_at"": ""2026-08-06T00:35:38.256914+00:00"", ""amend_count"": 1}",5,294.829987,302.549988,0.02618458549129854,1,0,-0.004437724082238092,2026-08-06 00:40:36.013136+00:00
17616,2023,INVP.L,candle_reversal,2026-07-29,bear,6.7550,2026-08-05 19:59:02.069391+00:00,2026-08-06 00:40:49.665636+00:00,,16881,"{""tone"": ""bear"", ""strength"": 87, ""probability"": 49, ""chain"": [{""date"": ""2026-07-29"", ""label"": ""Candela di inversione bear"", ""detail"": ""pattern Engulfing""}, {""date"": ""2026-07-29"", ""label"": ""A resistenza"", ""detail"": ""prezzo 6.75 al livello 6.90""}, {""date"": ""2026-08-03"", ""label"": ""Volume sulla discesa"", ""detail"": ""volume sopra la media nel verso del segnale"", ""kind"": ""confirmation""}], ""factors"": {""candle_strength"": 0.8681818181818203, ""at_level"": 1.0, ""confirmation_count"": 0.3333333333333333}, ""invalidation"": {""level"": 6.9, ""reason"": ""rottura del resistenza""}, ""sources"": [""Nison - candlestick reversals confirmed at support/resistance""], ""annotations"": {""levels"": [{""label"": ""Resistenza"", ""price"": 6.9, ""kind"": ""resistance""}, {""label"": ""Stop / invalidazione"", ""price"": 6.9, ""kind"": ""stop""}], ""points"": []}, ""atr"": 0.1597982111227291, ""horizon"": ""short"", ""regime_at_fire"": ""bull"", ""first_emitted_at"": ""2026-08-05T19:59:02.457099+00:00""}",5,6.29,6.755,0.07392686804451509,0,0,-0.05602575440031959,2026-08-05 20:03:41.022841+00:00
17195,576,DGX,gap_and_go,2026-07-23,bull,234.3000,2026-07-31 18:33:18.685412+00:00,2026-07-31 18:38:37.860898+00:00,,16474,"{""tone"": ""bull"", ""strength"": 65, ""probability"": 50, ""chain"": [{""date"": ""2026-07-16"", ""label"": ""Higher-low confermato"", ""detail"": ""struttura a conferma della continuazione"", ""kind"": ""confirmation""}, {""date"": ""2026-07-22"", ""label"": ""Rifiuto su EMA50"", ""detail"": ""ritorno alla media e rifiuto nel verso del trend"", ""kind"": ""confirmation""}, {""date"": ""2026-07-23"", ""label"": ""Gap bull"", ""detail"": ""apertura in gap del 8.7%""}, {""date"": ""2026-07-23"", ""label"": ""Conferma volume"", ""detail"": ""4.2x la media: gap partecipato""}, {""date"": ""2026-07-23"", ""label"": ""MACD cross rialzista"", ""detail"": ""incrocio MACD nel verso del segnale"", ""kind"": ""confirmation""}, {""date"": ""2026-07-27"", ""label"": ""Candela di rifiuto"", ""detail"": ""pattern engulfing"", ""kind"": ""confirmation""}, {""date"": ""2026-07-30"", ""label"": ""Trend ADX in rafforzamento"", ""detail"": ""ADX conferma la forza del trend"", ""kind"": ""confirmation""}], ""factors"": {""gap_size"": 0.8703241910117713, ""volume_strength"": 0.5284283661450269, ""trend_alignment"": 1.0, ""confirmation_count"": 1.0}, ""invalidation"": null, ""sources"": [""Gap taxonomy (breakaway vs exhaustion) + volume confirmation""], ""annotations"": {""levels"": [], ""points"": []}, ""atr"": 6.849342042673715, ""horizon"": ""short"", ""regime_at_fire"": ""bull"", ""first_emitted_at"": ""2026-07-31T18:33:19.761034+00:00""}",5,227.9,234.300003,0.028082505484861686,1,1,0.016277543690503896,2026-07-31 18:38:19.072721+00:00
17723,288,CAH,candle_reversal,2026-07-29,bear,239.2300,2026-08-06 00:35:14.425875+00:00,2026-08-06 00:40:49.665636+00:00,,16896,"{""tone"": ""bear"", ""strength"": 72, ""probability"": 49, ""chain"": [{""date"": ""2026-07-29"", ""label"": ""Candela di inversione bear"", ""detail"": ""pattern Engulfing""}, {""date"": ""2026-07-29"", ""label"": ""A resistenza"", ""detail"": ""prezzo 239.23 al livello 243.21""}], ""factors"": {""candle_strength"": 0.7221554741691665, ""at_level"": 1.0}, ""invalidation"": {""level"": 243.21, ""reason"": ""rottura del resistenza""}, ""sources"": [""Nison - candlestick reversals confirmed at support/resistance""], ""annotations"": {""levels"": [{""label"": ""Resistenza"", ""price"": 243.21, ""kind"": ""resistance""}, {""label"": ""Stop / invalidazione"", ""price"": 243.21, ""kind"": ""stop""}], ""points"": []}, ""atr"": 5.274664973010882, ""horizon"": ""short"", ""regime_at_fire"": ""bull"", ""first_emitted_at"": ""2026-08-06T00:30:48.713512+00:00"", ""amended_at"": ""2026-08-06T00:35:14.424337+00:00"", ""amend_count"": 1}",5,229.119995,239.229996,0.04412535448946753,0,0,-0.013503044915930896,2026-08-06 00:40:36.013136+00:00
17725,486,LII,gap_and_go,2026-07-29,bear,446.8700,2026-08-06 00:35:50.864807+00:00,2026-08-06 00:40:49.665636+00:00,,16928,"{""tone"": ""bear"", ""strength"": 67, ""probability"": 50, ""chain"": [{""date"": ""2026-07-27"", ""label"": ""Lower-high confermato"", ""detail"": ""struttura a conferma della continuazione"", ""kind"": ""confirmation""}, {""date"": ""2026-07-29"", ""label"": ""Gap bear"", ""detail"": ""apertura in gap del -9.8%""}, {""date"": ""2026-07-29"", ""label"": ""Conferma volume"", ""detail"": ""4.5x la media: gap partecipato""}, {""date"": ""2026-08-05"", ""label"": ""Trend ADX in rafforzamento"", ""detail"": ""ADX conferma la forza del trend"", ""kind"": ""confirmation""}, {""date"": ""2026-08-05"", ""label"": ""Candela di rifiuto"", ""detail"": ""pattern shooting_star"", ""kind"": ""confirmation""}], ""factors"": {""gap_size"": 0.8931014350059188, ""volume_strength"": 0.5540119735246167, ""trend_alignment"": 1.0, ""confirmation_count"": 1.0}, ""invalidation"": null, ""sources"": [""Gap taxonomy (breakaway vs exhaustion) + volume confirmation""], ""annotations"": {""levels"": [], ""points"": []}, ""atr"": 21.617015896289317, ""horizon"": ""short"", ""regime_at_fire"": ""bear"", ""first_emitted_at"": ""2026-08-06T00:31:25.421957+00:00"", ""amended_at"": ""2026-08-06T00:35:50.862767+00:00"", ""amend_count"": 1}",5,430.019989,446.869995,0.039184238944762084,0,0,-0.008561929371225453,2026-08-06 00:40:36.013136+00:00
17196,590,ROL,gap_and_go,2026-07-23,bear,38.3500,2026-07-31 18:33:25.494900+00:00,2026-07-31 18:38:37.860898+00:00,,16524,"{""tone"": ""bear"", ""strength"": 60, ""probability"": 50, ""chain"": [{""date"": ""2026-07-17"", ""label"": ""Lower-high confermato"", ""detail"": ""struttura a conferma della continuazione"", ""kind"": ""confirmation""}, {""date"": ""2026-07-23"", ""label"": ""Gap bear"", ""detail"": ""apertura in gap del -14.1%""}, {""date"": ""2026-07-23"", ""label"": ""Conferma volume"", ""detail"": ""3.6x la media: gap partecipato""}, {""date"": ""2026-07-23"", ""label"": ""MACD cross ribassista"", ""detail"": ""incrocio MACD nel verso del segnale"", ""kind"": ""confirmation""}, {""date"": ""2026-07-30"", ""label"": ""Trend ADX in rafforzamento"", ""detail"": ""ADX conferma la forza del trend"", ""kind"": ""confirmation""}], ""factors"": {""gap_size"": 0.9431773800942742, ""volume_strength"": 0.47612274774784596, ""trend_alignment"": 1.0, ""confirmation_count"": 1.0}, ""invalidation"": null, ""sources"": [""Gap taxonomy (breakaway vs exhaustion) + volume confirmation""], ""annotations"": {""levels"": [], ""points"": []}, ""atr"": 1.544661867886964, ""horizon"": ""short"", ""regime_at_fire"": ""bear"", ""first_emitted_at"": ""2026-07-31T18:33:27.423989+00:00""}",5,39.44,38.349998,-0.027636967545638935,1,1,0.039441929339996726,2026-07-31 18:38:19.072721+00:00
17198,678,WST,candle_reversal,2026-07-23,bear,339.5900,2026-07-31 18:33:44.374930+00:00,2026-07-31 18:38:37.860898+00:00,,16595,"{""tone"": ""bear"", ""strength"": 65, ""probability"": 49, ""chain"": [{""date"": ""2026-07-23"", ""label"": ""Candela di inversione bear"", ""detail"": ""pattern Engulfing""}, {""date"": ""2026-07-23"", ""label"": ""A resistenza"", ""detail"": ""prezzo 339.59 al livello 336.82""}, {""date"": ""2026-07-23"", ""label"": ""Volume sulla discesa"", ""detail"": ""volume sopra la media nel verso del segnale"", ""kind"": ""confirmation""}], ""factors"": {""candle_strength"": 0.645577254451464, ""at_level"": 1.0, ""confirmation_count"": 0.3333333333333333}, ""invalidation"": {""level"": 336.82, ""reason"": ""rottura del resistenza""}, ""sources"": [""Nison - candlestick reversals confirmed at support/resistance""], ""annotations"": {""levels"": [{""label"": ""Resistenza"", ""price"": 336.82, ""kind"": ""resistance""}, {""label"": ""Stop / invalidazione"", ""price"": 336.82, ""kind"": ""stop""}], ""points"": []}, ""atr"": 10.684333614986691, ""horizon"": ""short"", ""regime_at_fire"": ""bull"", ""first_emitted_at"": ""2026-07-31T18:33:44.926511+00:00""}",5,355.48,339.589996,-0.04470013502869363,1,1,0.05650509682305142,2026-07-31 18:38:19.072721+00:00
15922,655,VTR,candle_reversal,2026-07-09,bear,95.0400,2026-07-17 12:42:40.997099+00:00,2026-07-17 12:48:30.242914+00:00,,15544,"{""tone"": ""bear"", ""strength"": 61, ""probability"": 49, ""chain"": [{""date"": ""2026-07-07"", ""label"": ""RSI ipercomprato"", ""detail"": ""estremo RSI a conferma del segnale"", ""kind"": ""confirmation""}, {""date"": ""2026-07-09"", ""label"": ""Candela di inversione bear"", ""detail"": ""pattern Shooting star""}, {""date"": ""2026-07-09"", ""label"": ""A resistenza"", ""detail"": ""prezzo 95.04 al livello 94.60""}], ""factors"": {""candle_strength"": 0.6110169491525395, ""at_level"": 1.0, ""confirmation_count"": 0.3333333333333333}, ""invalidation"": {""level"": 94.6, ""reason"": ""rottura del resistenza""}, ""sources"": [""Nison - candlestick reversals confirmed at support/resistance""], ""annotations"": {""levels"": [{""label"": ""Resistenza"", ""price"": 94.6, ""kind"": ""resistance""}, {""label"": ""Stop / invalidazione"", ""price"": 94.6, ""kind"": ""stop""}], ""points"": []}, ""atr"": 2.0919102248613073, ""horizon"": ""short"", ""regime_at_fire"": ""bull"", ""first_emitted_at"": ""2026-07-17T12:42:41.189439+00:00""}",5,91.74,95.04,0.035971223021582954,0,0,-0.03355966253138336,2026-07-17 12:48:17.190673+00:00
15923,1801,CPRX,candle_reversal,2026-07-09,bear,31.4900,2026-07-17 12:43:58.146381+00:00,2026-07-17 12:48:30.242914+00:00,,15898,"{""tone"": ""bear"", ""strength"": 96, ""probability"": 49, ""chain"": [{""date"": ""2026-07-09"", ""label"": ""Candela di inversione bear"", ""detail"": ""pattern Shooting star""}, {""date"": ""2026-07-09"", ""label"": ""A resistenza"", ""detail"": ""prezzo 31.49 al livello 31.50""}, {""date"": ""2026-07-16"", ""label"": ""RSI ipercomprato"", ""detail"": ""estremo RSI a conferma del segnale"", ""kind"": ""confirmation""}], ""factors"": {""candle_strength"": 0.96100431480727, ""at_level"": 1.0, ""confirmation_count"": 0.3333333333333333}, ""invalidation"": {""level"": 31.5, ""reason"": ""rottura del resistenza""}, ""sources"": [""Nison - candlestick reversals confirmed at support/resistance""], ""annotations"": {""levels"": [{""label"": ""Resistenza"", ""price"": 31.5, ""kind"": ""resistance""}, {""label"": ""Stop / invalidazione"", ""price"": 31.5, ""kind"": ""stop""}], ""points"": []}, ""atr"": 0.06777446944275221, ""horizon"": ""short"", ""regime_at_fire"": ""bull"", ""first_emitted_at"": ""2026-07-17T12:43:58.334507+00:00""}",5,31.47,31.49,0.0006355258976802336,0,1,0.00177603459251936,2026-07-17 12:48:17.190673+00:00
17968,452,IBKR,candle_reversal,2026-07-31,bear,87.8300,2026-08-10 18:33:04.618480+00:00,2026-08-10 18:39:59.170514+00:00,,17226,"{""tone"": ""bear"", ""strength"": 95, ""probability"": 49, ""chain"": [{""date"": ""2026-07-31"", ""label"": ""Candela di inversione bear"", ""detail"": ""pattern Engulfing""}, {""date"": ""2026-07-31"", ""label"": ""A resistenza"", ""detail"": ""prezzo 87.83 al livello 88.44""}, {""date"": ""2026-08-06"", ""label"": ""Rifiuto su EMA50"", ""detail"": ""ritorno alla media e rifiuto nel verso del trend"", ""kind"": ""confirmation""}], ""factors"": {""candle_strength"": 0.9490039591644327, ""at_level"": 1.0, ""confirmation_count"": 0.3333333333333333}, ""invalidation"": {""level"": 88.44, ""reason"": ""rottura del resistenza""}, ""sources"": [""Nison - candlestick reversals confirmed at support/resistance""], ""annotations"": {""levels"": [{""label"": ""Resistenza"", ""price"": 88.44, ""kind"": ""resistance""}, {""label"": ""Stop / invalidazione"", ""price"": 88.44, ""kind"": ""stop""}], ""points"": []}, ""atr"": 3.5107851962304584, ""horizon"": ""short"", ""regime_at_fire"": ""bull"", ""first_emitted_at"": ""2026-08-10T18:33:05.554943+00:00""}",5,87.989998,87.830002,-0.0018183430348527319,1,1,0.03181180866865977,2026-08-10 18:39:44.284840+00:00
16080,420,GIS,candle_reversal,2026-07-13,bear,37.5800,2026-07-20 23:41:07.651316+00:00,2026-07-21 13:40:11.137205+00:00,,15626,"{""tone"": ""bear"", ""strength"": 64, ""probability"": 49, ""chain"": [{""date"": ""2026-07-13"", ""label"": ""Candela di inversione bear"", ""detail"": ""pattern Shooting star""}, {""date"": ""2026-07-13"", ""label"": ""A resistenza"", ""detail"": ""prezzo 37.58 al livello 37.93""}], ""factors"": {""candle_strength"": 0.6441176470588179, ""at_level"": 1.0}, ""invalidation"": {""level"": 37.93, ""reason"": ""rottura del resistenza""}, ""sources"": [""Nison - candlestick reversals confirmed at support/resistance""], ""annotations"": {""levels"": [{""label"": ""Resistenza"", ""price"": 37.93, ""kind"": ""resistance""}, {""label"": ""Stop / invalidazione"", ""price"": 37.93, ""kind"": ""stop""}], ""points"": []}, ""atr"": 1.2453437759391512, ""horizon"": ""short"", ""regime_at_fire"": ""bear"", ""first_emitted_at"": ""2026-07-20T23:41:08.049782+00:00""}",5,36.6,37.58,0.02677595628415297,0,0,-0.03236876549093045,2026-07-20 23:43:21.408148+00:00
17726,2023,INVP.L,candle_reversal,2026-07-29,bear,6.7550,2026-08-06 00:37:19.616695+00:00,2026-08-06 00:40:49.665636+00:00,,16881,"{""tone"": ""bear"", ""strength"": 87, ""probability"": 49, ""chain"": [{""date"": ""2026-07-29"", ""label"": ""Candela di inversione bear"", ""detail"": ""pattern Engulfing""}, {""date"": ""2026-07-29"", ""label"": ""A resistenza"", ""detail"": ""prezzo 6.75 al livello 6.90""}, {""date"": ""2026-08-03"", ""label"": ""Volume sulla discesa"", ""detail"": ""volume sopra la media nel verso del segnale"", ""kind"": ""confirmation""}], ""factors"": {""candle_strength"": 0.8681818181818203, ""at_level"": 1.0, ""confirmation_count"": 0.3333333333333333}, ""invalidation"": {""level"": 6.9, ""reason"": ""rottura del resistenza""}, ""sources"": [""Nison - candlestick reversals confirmed at support/resistance""], ""annotations"": {""levels"": [{""label"": ""Resistenza"", ""price"": 6.9, ""kind"": ""resistance""}, {""label"": ""Stop / invalidazione"", ""price"": 6.9, ""kind"": ""stop""}], ""points"": []}, ""atr"": 0.1597982111227291, ""horizon"": ""short"", ""regime_at_fire"": ""bull"", ""first_emitted_at"": ""2026-08-06T00:37:20.014694+00:00""}",5,6.29,6.755,0.07392686804451509,0,0,-0.04330455847097846,2026-08-06 00:40:36.013136+00:00
16083,88,ABI.BR,candle_reversal,2026-07-13,bear,71.1800,2026-07-21 13:31:26.992434+00:00,2026-07-21 13:40:11.137205+00:00,,15596,"{""tone"": ""bear"", ""strength"": 67, ""probability"": 49, ""chain"": [{""date"": ""2026-07-13"", ""label"": ""Candela di inversione bear"", ""detail"": ""pattern Shooting star""}, {""date"": ""2026-07-13"", ""label"": ""A resistenza"", ""detail"": ""prezzo 71.18 al livello 70.36""}], ""factors"": {""candle_strength"": 0.6692982456140162, ""at_level"": 1.0}, ""invalidation"": {""level"": 70.36, ""reason"": ""rottura del resistenza""}, ""sources"": [""Nison - candlestick reversals confirmed at support/resistance""], ""annotations"": {""levels"": [{""label"": ""Resistenza"", ""price"": 70.36, ""kind"": ""resistance""}, {""label"": ""Stop / invalidazione"", ""price"": 70.36, ""kind"": ""stop""}], ""points"": []}, ""atr"": 1.4416858205625465, ""horizon"": ""short"", ""regime_at_fire"": ""bull"", ""first_emitted_at"": ""2026-07-21T13:31:27.356719+00:00""}",5,69.64,71.18,0.022113727742676614,0,0,-0.02708903073537902,2026-07-21 13:39:56.668977+00:00
16084,420,GIS,candle_reversal,2026-07-13,bear,37.5800,2026-07-21 13:32:21.917488+00:00,2026-07-21 13:40:11.137205+00:00,,15626,"{""tone"": ""bear"", ""strength"": 64, ""probability"": 49, ""chain"": [{""date"": ""2026-07-13"", ""label"": ""Candela di inversione bear"", ""detail"": ""pattern Shooting star""}, {""date"": ""2026-07-13"", ""label"": ""A resistenza"", ""detail"": ""prezzo 37.58 al livello 37.93""}], ""factors"": {""candle_strength"": 0.6441176470588179, ""at_level"": 1.0}, ""invalidation"": {""level"": 37.93, ""reason"": ""rottura del resistenza""}, ""sources"": [""Nison - candlestick reversals confirmed at support/resistance""], ""annotations"": {""levels"": [{""label"": ""Resistenza"", ""price"": 37.93, ""kind"": ""resistance""}, {""label"": ""Stop / invalidazione"", ""price"": 37.93, ""kind"": ""stop""}], ""points"": []}, ""atr"": 1.2449866330820087, ""horizon"": ""short"", ""regime_at_fire"": ""bear"", ""first_emitted_at"": ""2026-07-21T13:32:22.654850+00:00""}",5,36.6,37.58,0.02677595628415297,0,0,-0.031751259276855376,2026-07-21 13:39:56.668977+00:00
18746,829,BA.L,candle_reversal,2026-08-12,bull,21.6000,2026-08-20 12:11:39.022466+00:00,2026-08-20 12:17:50.426573+00:00,,18260,"{""tone"": ""bull"", ""strength"": 73, ""probability"": 49, ""chain"": [{""date"": ""2026-08-12"", ""label"": ""Candela di inversione bull"", ""detail"": ""pattern Engulfing""}, {""date"": ""2026-08-12"", ""label"": ""A supporto"", ""detail"": ""prezzo 21.60 al livello 21.77""}], ""factors"": {""candle_strength"": 0.7277777777777743, ""at_level"": 1.0}, ""invalidation"": {""level"": 21.765, ""reason"": ""rottura del supporto""}, ""sources"": [""Nison - candlestick reversals confirmed at support/resistance""], ""annotations"": {""levels"": [{""label"": ""Supporto"", ""price"": 21.765, ""kind"": ""support""}, {""label"": ""Stop / invalidazione"", ""price"": 21.765, ""kind"": ""stop""}], ""points"": []}, ""atr"": 0.644780696849839, ""horizon"": ""short"", ""regime_at_fire"": ""bull"", ""first_emitted_at"": ""2026-08-20T12:11:39.202438+00:00""}",5,22.7,21.6,-0.048458149779735615,0,0,-0.047205474935964255,2026-08-20 12:17:35.955741+00:00
16223,41,IBM,gap_and_go,2026-07-14,bear,210.5000,2026-07-22 18:32:15.480837+00:00,2026-07-22 18:36:07.091143+00:00,,15748,"{""tone"": ""bear"", ""strength"": 90, ""probability"": 50, ""chain"": [{""date"": ""2026-07-07"", ""label"": ""Lower-high confermato"", ""detail"": ""struttura a conferma della continuazione"", ""kind"": ""confirmation""}, {""date"": ""2026-07-14"", ""label"": ""Gap bear"", ""detail"": ""apertura in gap del -22.0%""}, {""date"": ""2026-07-14"", ""label"": ""Conferma volume"", ""detail"": ""8.4x la media: gap partecipato""}, {""date"": ""2026-07-14"", ""label"": ""MACD cross ribassista"", ""detail"": ""incrocio MACD nel verso del segnale"", ""kind"": ""confirmation""}, {""date"": ""2026-07-21"", ""label"": ""Trend ADX in rafforzamento"", ""detail"": ""ADX conferma la forza del trend"", ""kind"": ""confirmation""}], ""factors"": {""gap_size"": 0.9774053276224867, ""volume_strength"": 0.7842238851074235, ""trend_alignment"": 1.0, ""confirmation_count"": 1.0}, ""invalidation"": null, ""sources"": [""Gap taxonomy (breakaway vs exhaustion) + volume confirmation""], ""annotations"": {""levels"": [], ""points"": []}, ""atr"": 14.670135931252236, ""horizon"": ""short"", ""regime_at_fire"": ""bear"", ""first_emitted_at"": ""2026-07-22T18:32:16.419472+00:00""}",5,217.07,210.5,-0.03026673423319659,1,1,0.030882773728168115,2026-07-22 18:35:53.059400+00:00
16612,97,DB1.DE,candle_reversal,2026-07-17,bear,258.1000,2026-07-24 22:48:11.378994+00:00,2026-07-25 23:41:01.277612+00:00,,15939,"{""tone"": ""bear"", ""strength"": 65, ""probability"": 49, ""chain"": [{""date"": ""2026-07-16"", ""label"": ""Divergenza RSI ribassista"", ""detail"": ""divergenza prezzo / RSI"", ""kind"": ""confirmation""}, {""date"": ""2026-07-17"", ""label"": ""Candela di inversione bear"", ""detail"": ""pattern Engulfing""}, {""date"": ""2026-07-17"", ""label"": ""A resistenza"", ""detail"": ""prezzo 258.10 al livello 258.90""}, {""date"": ""2026-07-23"", ""label"": ""MACD cross ribassista"", ""detail"": ""incrocio MACD nel verso del segnale"", ""kind"": ""confirmation""}], ""factors"": {""candle_strength"": 0.6500000000000028, ""at_level"": 1.0, ""confirmation_count"": 0.6666666666666666}, ""invalidation"": {""level"": 258.9, ""reason"": ""rottura del resistenza""}, ""sources"": [""Nison - candlestick reversals confirmed at support/resistance""], ""annotations"": {""levels"": [{""label"": ""Resistenza"", ""price"": 258.9, ""kind"": ""resistance""}, {""label"": ""Stop / invalidazione"", ""price"": 258.9, ""kind"": ""stop""}], ""points"": []}, ""atr"": 5.740041663666312, ""horizon"": ""short"", ""regime_at_fire"": ""bull"", ""first_emitted_at"": ""2026-07-24T22:40:54.826372+00:00"", ""amended_at"": ""2026-07-24T22:48:11.376270+00:00"", ""amend_count"": 1}",5,256.9,258.1,0.004671078240560789,0,0,-0.0035580312903386244,2026-07-24 22:50:59.887959+00:00
18143,549,PCAR,candle_reversal,2026-08-04,bull,132.5300,2026-08-12 18:32:17.890552+00:00,2026-08-12 18:54:37.546150+00:00,,18081,"{""tone"": ""bull"", ""strength"": 76, ""probability"": 49, ""chain"": [{""date"": ""2026-08-04"", ""label"": ""Candela di inversione bull"", ""detail"": ""pattern Engulfing""}, {""date"": ""2026-08-04"", ""label"": ""A supporto"", ""detail"": ""prezzo 132.53 al livello 129.78""}, {""date"": ""2026-08-04"", ""label"": ""Higher-low confermato"", ""detail"": ""struttura a conferma della continuazione"", ""kind"": ""confirmation""}, {""date"": ""2026-08-11"", ""label"": ""Trend ADX in rafforzamento"", ""detail"": ""ADX conferma la forza del trend"", ""kind"": ""confirmation""}], ""factors"": {""candle_strength"": 0.7604704849769136, ""at_level"": 1.0, ""confirmation_count"": 0.6666666666666666}, ""invalidation"": {""level"": 129.779999, ""reason"": ""rottura del supporto""}, ""sources"": [""Nison - candlestick reversals confirmed at support/resistance""], ""annotations"": {""levels"": [{""label"": ""Supporto"", ""price"": 129.779999, ""kind"": ""support""}, {""label"": ""Stop / invalidazione"", ""price"": 129.779999, ""kind"": ""stop""}], ""points"": []}, ""atr"": 3.615392082581104, ""horizon"": ""short"", ""regime_at_fire"": ""bull"", ""first_emitted_at"": ""2026-08-12T18:32:18.541542+00:00""}",5,135.960007,132.529999,-0.025228065779666964,0,0,-0.03086876773707238,2026-08-12 18:54:22.275554+00:00
16329,1801,CPRX,candle_reversal,2026-07-09,bear,31.4900,2026-07-22 23:34:05.419473+00:00,2026-07-22 23:37:51.276437+00:00,,15898,"{""tone"": ""bear"", ""strength"": 96, ""probability"": 49, ""chain"": [{""date"": ""2026-07-09"", ""label"": ""Candela di inversione bear"", ""detail"": ""pattern Shooting star""}, {""date"": ""2026-07-09"", ""label"": ""A resistenza"", ""detail"": ""prezzo 31.49 al livello 31.50""}, {""date"": ""2026-07-16"", ""label"": ""RSI ipercomprato"", ""detail"": ""estremo RSI a conferma del segnale"", ""kind"": ""confirmation""}], ""factors"": {""candle_strength"": 0.96100431480727, ""at_level"": 1.0, ""confirmation_count"": 0.3333333333333333}, ""invalidation"": {""level"": 31.5, ""reason"": ""rottura del resistenza""}, ""sources"": [""Nison - candlestick reversals confirmed at support/resistance""], ""annotations"": {""levels"": [{""label"": ""Resistenza"", ""price"": 31.5, ""kind"": ""resistance""}, {""label"": ""Stop / invalidazione"", ""price"": 31.5, ""kind"": ""stop""}], ""points"": []}, ""atr"": 0.06777446944275221, ""horizon"": ""short"", ""regime_at_fire"": ""bull"", ""first_emitted_at"": ""2026-07-22T23:34:05.604317+00:00""}",5,31.47,31.49,0.0006355258976802336,0,1,0.001538721730892846,2026-07-22 23:37:36.635074+00:00
18159,689,ZBRA,gap_and_go,2026-08-04,bull,383.0600,2026-08-12 18:35:02.726827+00:00,2026-08-12 18:54:37.546150+00:00,,17548,"{""tone"": ""bull"", ""strength"": 60, ""probability"": 50, ""chain"": [{""date"": ""2026-07-28"", ""label"": ""MACD cross rialzista"", ""detail"": ""incrocio MACD nel verso del segnale"", ""kind"": ""confirmation""}, {""date"": ""2026-08-04"", ""label"": ""Gap bull"", ""detail"": ""apertura in gap del 13.2%""}, {""date"": ""2026-08-04"", ""label"": ""Conferma volume"", ""detail"": ""3.7x la media: gap partecipato""}, {""date"": ""2026-08-11"", ""label"": ""Trend ADX in rafforzamento"", ""detail"": ""ADX conferma la forza del trend"", ""kind"": ""confirmation""}], ""factors"": {""gap_size"": 0.935261584612811, ""volume_strength"": 0.4791978428176351, ""trend_alignment"": 1.0, ""confirmation_count"": 0.6666666666666666}, ""invalidation"": null, ""sources"": [""Gap taxonomy (breakaway vs exhaustion) + volume confirmation""], ""annotations"": {""levels"": [], ""points"": []}, ""atr"": 14.496304905812329, ""horizon"": ""short"", ""regime_at_fire"": ""bull"", ""first_emitted_at"": ""2026-08-12T18:35:03.136223+00:00""}",5,368.829987,383.059998,0.038581491477264196,1,1,0.03294078951985878,2026-08-12 18:54:22.275554+00:00
17030,669,WAB,gap_and_go,2026-07-22,bull,291.7600,2026-07-30 18:33:06.676477+00:00,2026-07-30 18:38:01.063946+00:00,,16310,"{""tone"": ""bull"", ""strength"": 63, ""probability"": 50, ""chain"": [{""date"": ""2026-07-21"", ""label"": ""Higher-low confermato"", ""detail"": ""struttura a conferma della continuazione"", ""kind"": ""confirmation""}, {""date"": ""2026-07-22"", ""label"": ""Gap bull"", ""detail"": ""apertura in gap del 4.8%""}, {""date"": ""2026-07-22"", ""label"": ""Conferma volume"", ""detail"": ""3.9x la media: gap partecipato""}, {""date"": ""2026-07-22"", ""label"": ""Candela di rifiuto"", ""detail"": ""pattern morning_star"", ""kind"": ""confirmation""}, {""date"": ""2026-07-22"", ""label"": ""MACD cross rialzista"", ""detail"": ""incrocio MACD nel verso del segnale"", ""kind"": ""confirmation""}], ""factors"": {""gap_size"": 0.7273650058816848, ""volume_strength"": 0.5063780263021959, ""trend_alignment"": 1.0, ""confirmation_count"": 1.0}, ""invalidation"": null, ""sources"": [""Gap taxonomy (breakaway vs exhaustion) + volume confirmation""], ""annotations"": {""levels"": [], ""points"": []}, ""atr"": 8.822709628591777, ""horizon"": ""short"", ""regime_at_fire"": ""bull"", ""first_emitted_at"": ""2026-07-30T18:33:06.863670+00:00""}",5,290.0,291.76,0.006068965517241454,1,1,0.0038778291331266414,2026-07-30 18:37:46.814741+00:00
18257,702,SHOP,gap_and_go,2026-08-05,bull,150.4100,2026-08-13 18:33:45.160330+00:00,2026-08-13 18:46:04.525765+00:00,,17814,"{""tone"": ""bull"", ""strength"": 69, ""probability"": 50, ""chain"": [{""date"": ""2026-07-29"", ""label"": ""Rifiuto su EMA200"", ""detail"": ""ritorno alla media e rifiuto nel verso del trend"", ""kind"": ""confirmation""}, {""date"": ""2026-08-05"", ""label"": ""Gap bull"", ""detail"": ""apertura in gap del 21.7%""}, {""date"": ""2026-08-05"", ""label"": ""Conferma volume"", ""detail"": ""4.7x la media: gap partecipato""}, {""date"": ""2026-08-05"", ""label"": ""MACD cross rialzista"", ""detail"": ""incrocio MACD nel verso del segnale"", ""kind"": ""confirmation""}, {""date"": ""2026-08-12"", ""label"": ""Trend ADX in rafforzamento"", ""detail"": ""ADX conferma la forza del trend"", ""kind"": ""confirmation""}], ""factors"": {""gap_size"": 0.9766515893806436, ""volume_strength"": 0.5743876089748434, ""trend_alignment"": 1.0, ""confirmation_count"": 1.0}, ""invalidation"": null, ""sources"": [""Gap taxonomy (breakaway vs exhaustion) + volume confirmation""], ""annotations"": {""levels"": [], ""points"": []}, ""atr"": 7.281626620762006, ""horizon"": ""short"", ""regime_at_fire"": ""bull"", ""first_emitted_at"": ""2026-08-13T18:33:45.345851+00:00""}",5,144.240005,150.410004,0.0427759205915168,1,1,0.03361066885987056,2026-08-13 18:45:48.245183+00:00
15917,1801,CPRX,candle_reversal,2026-07-09,bear,31.4900,2026-07-17 11:38:02.727731+00:00,2026-07-17 11:43:17.184511+00:00,,15898,"{""tone"": ""bear"", ""strength"": 96, ""probability"": 49, ""chain"": [{""date"": ""2026-07-09"", ""label"": ""Candela di inversione bear"", ""detail"": ""pattern Shooting star""}, {""date"": ""2026-07-09"", ""label"": ""A resistenza"", ""detail"": ""prezzo 31.49 al livello 31.50""}, {""date"": ""2026-07-16"", ""label"": ""RSI ipercomprato"", ""detail"": ""estremo RSI a conferma del segnale"", ""kind"": ""confirmation""}], ""factors"": {""candle_strength"": 0.96100431480727, ""at_level"": 1.0, ""confirmation_count"": 0.3333333333333333}, ""invalidation"": {""level"": 31.5, ""reason"": ""rottura del resistenza""}, ""sources"": [""Nison - candlestick reversals confirmed at support/resistance""], ""annotations"": {""levels"": [{""label"": ""Resistenza"", ""price"": 31.5, ""kind"": ""resistance""}, {""label"": ""Stop / invalidazione"", ""price"": 31.5, ""kind"": ""stop""}], ""points"": []}, ""atr"": 0.06777446944275221, ""horizon"": ""short"", ""regime_at_fire"": ""bull"", ""first_emitted_at"": ""2026-07-17T11:38:02.912069+00:00""}",5,31.47,31.49,0.0006355258976802336,0,1,0.00177603459251936,2026-07-17 11:43:03.796890+00:00
17733,284,CDNS,candle_reversal,2026-07-29,bear,337.0700,2026-08-06 18:47:47.673799+00:00,2026-08-06 18:51:19.434041+00:00,,16894,"{""tone"": ""bear"", ""strength"": 71, ""probability"": 49, ""chain"": [{""date"": ""2026-07-28"", ""label"": ""Lower-high confermato"", ""detail"": ""struttura a conferma della continuazione"", ""kind"": ""confirmation""}, {""date"": ""2026-07-29"", ""label"": ""Candela di inversione bear"", ""detail"": ""pattern Engulfing""}, {""date"": ""2026-07-29"", ""label"": ""A resistenza"", ""detail"": ""prezzo 337.07 al livello 341.31""}, {""date"": ""2026-08-05"", ""label"": ""Rifiuto su EMA50"", ""detail"": ""ritorno alla media e rifiuto nel verso del trend"", ""kind"": ""confirmation""}], ""factors"": {""candle_strength"": 0.7113870106955502, ""at_level"": 1.0, ""confirmation_count"": 0.6666666666666666}, ""invalidation"": {""level"": 341.31, ""reason"": ""rottura del resistenza""}, ""sources"": [""Nison - candlestick reversals confirmed at support/resistance""], ""annotations"": {""levels"": [{""label"": ""Resistenza"", ""price"": 341.31, ""kind"": ""resistance""}, {""label"": ""Stop / invalidazione"", ""price"": 341.31, ""kind"": ""stop""}], ""points"": []}, ""atr"": 14.703993943345045, ""horizon"": ""short"", ""regime_at_fire"": ""bear"", ""first_emitted_at"": ""2026-08-06T18:33:26.513915+00:00"", ""amended_at"": ""2026-08-06T18:47:47.670993+00:00"", ""amend_count"": 1}",5,332.76001,337.070007,0.012952268513274579,0,1,0.017642550820968356,2026-08-06 18:51:04.782316+00:00
17734,288,CAH,candle_reversal,2026-07-29,bear,239.2300,2026-08-06 18:47:48.466966+00:00,2026-08-06 18:51:19.434041+00:00,,16896,"{""tone"": ""bear"", ""strength"": 72, ""probability"": 49, ""chain"": [{""date"": ""2026-07-29"", ""label"": ""Candela di inversione bear"", ""detail"": ""pattern Engulfing""}, {""date"": ""2026-07-29"", ""label"": ""A resistenza"", ""detail"": ""prezzo 239.23 al livello 243.21""}], ""factors"": {""candle_strength"": 0.7221554741691665, ""at_level"": 1.0}, ""invalidation"": {""level"": 243.21, ""reason"": ""rottura del resistenza""}, ""sources"": [""Nison - candlestick reversals confirmed at support/resistance""], ""annotations"": {""levels"": [{""label"": ""Resistenza"", ""price"": 243.21, ""kind"": ""resistance""}, {""label"": ""Stop / invalidazione"", ""price"": 243.21, ""kind"": ""stop""}], ""points"": []}, ""atr"": 5.275022473010883, ""horizon"": ""short"", ""regime_at_fire"": ""bull"", ""first_emitted_at"": ""2026-08-06T18:33:27.320287+00:00"", ""amended_at"": ""2026-08-06T18:47:48.465231+00:00"", ""amend_count"": 1}",5,229.119995,239.229996,0.04412535448946753,0,0,-0.013530535155224593,2026-08-06 18:51:04.782316+00:00
15938,1801,CPRX,candle_reversal,2026-07-09,bear,31.4900,2026-07-17 15:42:12.864819+00:00,2026-07-17 15:43:44.004251+00:00,,15898,"{""tone"": ""bear"", ""strength"": 96, ""probability"": 49, ""chain"": [{""date"": ""2026-07-09"", ""label"": ""Candela di inversione bear"", ""detail"": ""pattern Shooting star""}, {""date"": ""2026-07-09"", ""label"": ""A resistenza"", ""detail"": ""prezzo 31.49 al livello 31.50""}, {""date"": ""2026-07-16"", ""label"": ""RSI ipercomprato"", ""detail"": ""estremo RSI a conferma del segnale"", ""kind"": ""confirmation""}], ""factors"": {""candle_strength"": 0.96100431480727, ""at_level"": 1.0, ""confirmation_count"": 0.3333333333333333}, ""invalidation"": {""level"": 31.5, ""reason"": ""rottura del resistenza""}, ""sources"": [""Nison - candlestick reversals confirmed at support/resistance""], ""annotations"": {""levels"": [{""label"": ""Resistenza"", ""price"": 31.5, ""kind"": ""resistance""}, {""label"": ""Stop / invalidazione"", ""price"": 31.5, ""kind"": ""stop""}], ""points"": []}, ""atr"": 0.06777446944275221, ""horizon"": ""short"", ""regime_at_fire"": ""bull"", ""first_emitted_at"": ""2026-07-17T15:42:13.633311+00:00""}",5,31.47,31.49,0.0006355258976802336,0,1,0.00177603459251936,2026-07-17 15:43:30.826272+00:00
16168,1801,CPRX,candle_reversal,2026-07-09,bear,31.4900,2026-07-21 23:33:57.539855+00:00,2026-07-21 23:49:11.443541+00:00,,15898,"{""tone"": ""bear"", ""strength"": 96, ""probability"": 49, ""chain"": [{""date"": ""2026-07-09"", ""label"": ""Candela di inversione bear"", ""detail"": ""pattern Shooting star""}, {""date"": ""2026-07-09"", ""label"": ""A resistenza"", ""detail"": ""prezzo 31.49 al livello 31.50""}, {""date"": ""2026-07-16"", ""label"": ""RSI ipercomprato"", ""detail"": ""estremo RSI a conferma del segnale"", ""kind"": ""confirmation""}], ""factors"": {""candle_strength"": 0.96100431480727, ""at_level"": 1.0, ""confirmation_count"": 0.3333333333333333}, ""invalidation"": {""level"": 31.5, ""reason"": ""rottura del resistenza""}, ""sources"": [""Nison - candlestick reversals confirmed at support/resistance""], ""annotations"": {""levels"": [{""label"": ""Resistenza"", ""price"": 31.5, ""kind"": ""resistance""}, {""label"": ""Stop / invalidazione"", ""price"": 31.5, ""kind"": ""stop""}], ""points"": []}, ""atr"": 0.06777446944275221, ""horizon"": ""short"", ""regime_at_fire"": ""bull"", ""first_emitted_at"": ""2026-07-21T23:33:58.109901+00:00""}",5,31.47,31.49,0.0006355258976802336,0,1,0.001538721730892846,2026-07-21 23:48:56.949790+00:00
18145,296,CDW,candle_reversal,2026-08-04,bull,135.3700,2026-08-12 18:32:34.557367+00:00,2026-08-12 18:54:37.546150+00:00,,17487,"{""tone"": ""bull"", ""strength"": 74, ""probability"": 49, ""chain"": [{""date"": ""2026-07-28"", ""label"": ""MACD cross rialzista"", ""detail"": ""incrocio MACD nel verso del segnale"", ""kind"": ""confirmation""}, {""date"": ""2026-08-04"", ""label"": ""Candela di inversione bull"", ""detail"": ""pattern Engulfing""}, {""date"": ""2026-08-04"", ""label"": ""A supporto"", ""detail"": ""prezzo 135.37 al livello 135.63""}, {""date"": ""2026-08-05"", ""label"": ""Volume sulla salita"", ""detail"": ""volume sopra la media nel verso del segnale"", ""kind"": ""confirmation""}, {""date"": ""2026-08-11"", ""label"": ""Rifiuto su EMA50"", ""detail"": ""ritorno alla media e rifiuto nel verso del trend"", ""kind"": ""confirmation""}], ""factors"": {""candle_strength"": 0.7362419884818192, ""at_level"": 1.0, ""confirmation_count"": 1.0}, ""invalidation"": {""level"": 135.63, ""reason"": ""rottura del supporto""}, ""sources"": [""Nison - candlestick reversals confirmed at support/resistance""], ""annotations"": {""levels"": [{""label"": ""Supporto"", ""price"": 135.63, ""kind"": ""support""}, {""label"": ""Stop / invalidazione"", ""price"": 135.63, ""kind"": ""stop""}], ""points"": []}, ""atr"": 7.184973038009018, ""horizon"": ""short"", ""regime_at_fire"": ""bear"", ""first_emitted_at"": ""2026-08-12T18:32:35.297541+00:00""}",5,154.0,135.369995,-0.12097405844155851,0,0,-0.1266147603989639,2026-08-12 18:54:22.275554+00:00
16096,88,ABI.BR,candle_reversal,2026-07-13,bear,71.1800,2026-07-21 14:53:47.900078+00:00,2026-07-21 15:02:16.751264+00:00,,15596,"{""tone"": ""bear"", ""strength"": 67, ""probability"": 49, ""chain"": [{""date"": ""2026-07-13"", ""label"": ""Candela di inversione bear"", ""detail"": ""pattern Shooting star""}, {""date"": ""2026-07-13"", ""label"": ""A resistenza"", ""detail"": ""prezzo 71.18 al livello 70.36""}], ""factors"": {""candle_strength"": 0.6692982456140162, ""at_level"": 1.0}, ""invalidation"": {""level"": 70.36, ""reason"": ""rottura del resistenza""}, ""sources"": [""Nison - candlestick reversals confirmed at support/resistance""], ""annotations"": {""levels"": [{""label"": ""Resistenza"", ""price"": 70.36, ""kind"": ""resistance""}, {""label"": ""Stop / invalidazione"", ""price"": 70.36, ""kind"": ""stop""}], ""points"": []}, ""atr"": 1.4416858205625465, ""horizon"": ""short"", ""regime_at_fire"": ""bull"", ""first_emitted_at"": ""2026-07-21T14:53:48.821153+00:00""}",5,69.64,71.18,0.022113727742676614,0,0,-0.02708903073537902,2026-07-21 15:01:58.261879+00:00
15651,840,CNA.L,candle_reversal,2026-07-06,bear,1.7250,2026-07-13 23:33:59+00:00,2026-07-14 18:48:30.555558+00:00,,15331,"{""tone"": ""bear"", ""strength"": 75, ""probability"": 49, ""chain"": [{""date"": ""2026-06-30"", ""label"": ""MACD cross ribassista"", ""detail"": ""incrocio MACD nel verso del segnale"", ""kind"": ""confirmation""}, {""date"": ""2026-07-06"", ""label"": ""Candela di inversione bear"", ""detail"": ""pattern Engulfing""}, {""date"": ""2026-07-06"", ""label"": ""A resistenza"", ""detail"": ""prezzo 1.73 al livello 1.72""}, {""date"": ""2026-07-13"", ""label"": ""Trend ADX in rafforzamento"", ""detail"": ""ADX conferma la forza del trend"", ""kind"": ""confirmation""}], ""factors"": {""candle_strength"": 0.74710144927536, ""at_level"": 1.0, ""confirmation_count"": 0.6666666666666666}, ""invalidation"": {""level"": 1.719, ""reason"": ""rottura del resistenza""}, ""sources"": [""Nison - candlestick reversals confirmed at support/resistance""], ""annotations"": {""levels"": [{""label"": ""Resistenza"", ""price"": 1.719, ""kind"": ""resistance""}, {""label"": ""Stop / invalidazione"", ""price"": 1.719, ""kind"": ""stop""}], ""points"": []}, ""atr"": 0.03817042827894847, ""horizon"": ""short"", ""regime_at_fire"": ""bear"", ""first_emitted_at"": ""2026-07-13T23:33:59.059886+00:00""}",5,1.7,1.725,0.014705882352941346,0,0,-0.023518941326309835,2026-07-13 23:37:58+00:00
17576,631,TXT,gap_and_go,2026-07-28,bear,89.1200,2026-08-04 23:32:15.950912+00:00,2026-08-05 12:23:46.436713+00:00,,17254,"{""tone"": ""bear"", ""strength"": 62, ""probability"": 50, ""chain"": [{""date"": ""2026-07-28"", ""label"": ""Gap bear"", ""detail"": ""apertura in gap del -5.4%""}, {""date"": ""2026-07-28"", ""label"": ""Conferma volume"", ""detail"": ""3.9x la media: gap partecipato""}, {""date"": ""2026-07-29"", ""label"": ""Rifiuto su EMA50"", ""detail"": ""ritorno alla media e rifiuto nel verso del trend"", ""kind"": ""confirmation""}, {""date"": ""2026-07-29"", ""label"": ""MACD cross ribassista"", ""detail"": ""incrocio MACD nel verso del segnale"", ""kind"": ""confirmation""}, {""date"": ""2026-07-31"", ""label"": ""Candela di rifiuto"", ""detail"": ""pattern engulfing"", ""kind"": ""confirmation""}], ""factors"": {""gap_size"": 0.7636416831374179, ""volume_strength"": 0.5030715195101196, ""trend_alignment"": 1.0, ""confirmation_count"": 1.0}, ""invalidation"": null, ""sources"": [""Gap taxonomy (breakaway vs exhaustion) + volume confirmation""], ""annotations"": {""levels"": [], ""points"": []}, ""atr"": 2.9262468657424696, ""horizon"": ""short"", ""regime_at_fire"": ""bear"", ""first_emitted_at"": ""2026-08-04T23:32:16.734544+00:00""}",5,89.96,89.120003,-0.009337449977767864,1,1,0.03136412661472619,2026-08-04 23:36:13.552708+00:00
15652,861,HSBA.L,candle_reversal,2026-07-06,bear,14.6200,2026-07-13 23:34:03+00:00,2026-07-14 18:48:30.555558+00:00,,15338,"{""tone"": ""bear"", ""strength"": 66, ""probability"": 49, ""chain"": [{""date"": ""2026-07-06"", ""label"": ""Candela di inversione bear"", ""detail"": ""pattern Shooting star""}, {""date"": ""2026-07-06"", ""label"": ""A resistenza"", ""detail"": ""prezzo 14.62 al livello 14.56""}, {""date"": ""2026-07-13"", ""label"": ""MACD cross ribassista"", ""detail"": ""incrocio MACD nel verso del segnale"", ""kind"": ""confirmation""}], ""factors"": {""candle_strength"": 0.658321889590771, ""at_level"": 1.0, ""confirmation_count"": 0.3333333333333333}, ""invalidation"": {""level"": 14.56, ""reason"": ""rottura del resistenza""}, ""sources"": [""Nison - candlestick reversals confirmed at support/resistance""], ""annotations"": {""levels"": [{""label"": ""Resistenza"", ""price"": 14.56, ""kind"": ""resistance""}, {""label"": ""Stop / invalidazione"", ""price"": 14.56, ""kind"": ""stop""}], ""points"": []}, ""atr"": 0.3465753174528137, ""horizon"": ""short"", ""regime_at_fire"": ""bull"", ""first_emitted_at"": ""2026-07-13T23:34:02.956006+00:00""}",5,14.656,14.62,-0.002456331877729312,1,0,-0.006356727095639175,2026-07-13 23:37:58+00:00
16719,681,WSM,candle_reversal,2026-07-20,bear,234.3900,2026-07-28 18:34:13.245081+00:00,2026-07-28 18:42:14.436201+00:00,,16051,"{""tone"": ""bear"", ""strength"": 83, ""probability"": 49, ""chain"": [{""date"": ""2026-07-14"", ""label"": ""Trend ADX in rafforzamento"", ""detail"": ""ADX conferma la forza del trend"", ""kind"": ""confirmation""}, {""date"": ""2026-07-17"", ""label"": ""Lower-high confermato"", ""detail"": ""struttura a conferma della continuazione"", ""kind"": ""confirmation""}, {""date"": ""2026-07-20"", ""label"": ""Candela di inversione bear"", ""detail"": ""pattern Engulfing""}, {""date"": ""2026-07-20"", ""label"": ""A resistenza"", ""detail"": ""prezzo 234.39 al livello 233.74""}], ""factors"": {""candle_strength"": 0.8285786545270561, ""at_level"": 1.0, ""confirmation_count"": 0.6666666666666666}, ""invalidation"": {""level"": 233.74, ""reason"": ""rottura del resistenza""}, ""sources"": [""Nison - candlestick reversals confirmed at support/resistance""], ""annotations"": {""levels"": [{""label"": ""Resistenza"", ""price"": 233.74, ""kind"": ""resistance""}, {""label"": ""Stop / invalidazione"", ""price"": 233.74, ""kind"": ""stop""}], ""points"": []}, ""atr"": 7.114429432480379, ""horizon"": ""short"", ""regime_at_fire"": ""bull"", ""first_emitted_at"": ""2026-07-28T18:34:13.616223+00:00""}",5,223.34,234.39,0.049476135040744884,0,0,-0.03840158164557242,2026-07-28 18:41:58.527417+00:00
17735,412,GRMN,gap_and_go,2026-07-29,bull,302.5500,2026-08-06 18:48:14.982352+00:00,2026-08-06 18:51:19.434041+00:00,,16913,"{""tone"": ""bull"", ""strength"": 67, ""probability"": 50, ""chain"": [{""date"": ""2026-07-28"", ""label"": ""MACD cross rialzista"", ""detail"": ""incrocio MACD nel verso del segnale"", ""kind"": ""confirmation""}, {""date"": ""2026-07-29"", ""label"": ""Gap bull"", ""detail"": ""apertura in gap del 3.2%""}, {""date"": ""2026-07-29"", ""label"": ""Conferma volume"", ""detail"": ""4.5x la media: gap partecipato""}, {""date"": ""2026-08-05"", ""label"": ""Trend ADX in rafforzamento"", ""detail"": ""ADX conferma la forza del trend"", ""kind"": ""confirmation""}], ""factors"": {""gap_size"": 0.5717030553912872, ""volume_strength"": 0.5577208152359127, ""trend_alignment"": 1.0, ""confirmation_count"": 0.6666666666666666}, ""invalidation"": null, ""sources"": [""Gap taxonomy (breakaway vs exhaustion) + volume confirmation""], ""annotations"": {""levels"": [], ""points"": []}, ""atr"": 9.887684310800621, ""horizon"": ""short"", ""regime_at_fire"": ""bull"", ""first_emitted_at"": ""2026-08-06T18:33:50.851831+00:00"", ""amended_at"": ""2026-08-06T18:48:14.978289+00:00"", ""amend_count"": 1}",5,294.829987,302.549988,0.02618458549129854,1,0,-0.004410233842944394,2026-08-06 18:51:04.782316+00:00
16089,420,GIS,candle_reversal,2026-07-13,bear,37.5800,2026-07-21 13:53:49.592397+00:00,2026-07-21 13:56:47.613470+00:00,,15626,"{""tone"": ""bear"", ""strength"": 64, ""probability"": 49, ""chain"": [{""date"": ""2026-07-13"", ""label"": ""Candela di inversione bear"", ""detail"": ""pattern Shooting star""}, {""date"": ""2026-07-13"", ""label"": ""A resistenza"", ""detail"": ""prezzo 37.58 al livello 37.93""}], ""factors"": {""candle_strength"": 0.6441176470588179, ""at_level"": 1.0}, ""invalidation"": {""level"": 37.93, ""reason"": ""rottura del resistenza""}, ""sources"": [""Nison - candlestick reversals confirmed at support/resistance""], ""annotations"": {""levels"": [{""label"": ""Resistenza"", ""price"": 37.93, ""kind"": ""resistance""}, {""label"": ""Stop / invalidazione"", ""price"": 37.93, ""kind"": ""stop""}], ""points"": []}, ""atr"": 1.2449866330820087, ""horizon"": ""short"", ""regime_at_fire"": ""bear"", ""first_emitted_at"": ""2026-07-21T13:53:50.580081+00:00""}",5,36.6,37.58,0.02677595628415297,0,0,-0.031751259276855376,2026-07-21 13:56:34.027104+00:00
15673,368,ECL,candle_reversal,2026-07-06,bull,271.8500,2026-07-14 18:32:37+00:00,2026-07-14 18:48:30.555558+00:00,,15301,"{""tone"": ""bull"", ""strength"": 77, ""probability"": 49, ""chain"": [{""date"": ""2026-07-06"", ""label"": ""Candela di inversione bull"", ""detail"": ""pattern Hammer""}, {""date"": ""2026-07-06"", ""label"": ""A supporto"", ""detail"": ""prezzo 271.85 al livello 268.79""}, {""date"": ""2026-07-10"", ""label"": ""Rifiuto su EMA200"", ""detail"": ""ritorno alla media e rifiuto nel verso del trend"", ""kind"": ""confirmation""}], ""factors"": {""candle_strength"": 0.7669565217391406, ""at_level"": 1.0, ""confirmation_count"": 0.3333333333333333}, ""invalidation"": {""level"": 268.79, ""reason"": ""rottura del supporto""}, ""sources"": [""Nison - candlestick reversals confirmed at support/resistance""], ""annotations"": {""levels"": [{""label"": ""Supporto"", ""price"": 268.79, ""kind"": ""support""}, {""label"": ""Stop / invalidazione"", ""price"": 268.79, ""kind"": ""stop""}], ""points"": []}, ""atr"": 6.47285725944682, ""horizon"": ""short"", ""regime_at_fire"": ""bull"", ""first_emitted_at"": ""2026-07-14T18:32:35.151298+00:00""}",5,283.72,271.85,-0.04183702241646692,0,0,-0.032991194051215436,2026-07-14 18:48:30+00:00
17578,460,IQV,gap_and_go,2026-07-28,bull,228.2000,2026-08-05 12:04:59.661401+00:00,2026-08-05 12:23:46.436713+00:00,,16785,"{""tone"": ""bull"", ""strength"": 65, ""probability"": 50, ""chain"": [{""date"": ""2026-07-22"", ""label"": ""Higher-low confermato"", ""detail"": ""struttura a conferma della continuazione"", ""kind"": ""confirmation""}, {""date"": ""2026-07-27"", ""label"": ""Candela di rifiuto"", ""detail"": ""pattern engulfing"", ""kind"": ""confirmation""}, {""date"": ""2026-07-28"", ""label"": ""Gap bull"", ""detail"": ""apertura in gap del 10.2%""}, {""date"": ""2026-07-28"", ""label"": ""Conferma volume"", ""detail"": ""4.2x la media: gap partecipato""}, {""date"": ""2026-07-28"", ""label"": ""MACD cross rialzista"", ""detail"": ""incrocio MACD nel verso del segnale"", ""kind"": ""confirmation""}, {""date"": ""2026-08-04"", ""label"": ""Trend ADX in rafforzamento"", ""detail"": ""ADX conferma la forza del trend"", ""kind"": ""confirmation""}], ""factors"": {""gap_size"": 0.9001615165041248, ""volume_strength"": 0.5256734999774475, ""trend_alignment"": 1.0, ""confirmation_count"": 1.0}, ""invalidation"": null, ""sources"": [""Gap taxonomy (breakaway vs exhaustion) + volume confirmation""], ""annotations"": {""levels"": [], ""points"": []}, ""atr"": 8.70954741200502, ""horizon"": ""short"", ""regime_at_fire"": ""bull"", ""first_emitted_at"": ""2026-08-05T12:05:00.732866+00:00""}",5,242.94,228.199997,-0.06067342965341238,0,0,-0.08270035778139909,2026-08-05 12:23:32.142964+00:00
15940,655,VTR,candle_reversal,2026-07-09,bear,95.0400,2026-07-17 18:33:38.598963+00:00,2026-07-17 18:39:43.135483+00:00,,15544,"{""tone"": ""bear"", ""strength"": 61, ""probability"": 49, ""chain"": [{""date"": ""2026-07-07"", ""label"": ""RSI ipercomprato"", ""detail"": ""estremo RSI a conferma del segnale"", ""kind"": ""confirmation""}, {""date"": ""2026-07-09"", ""label"": ""Candela di inversione bear"", ""detail"": ""pattern Shooting star""}, {""date"": ""2026-07-09"", ""label"": ""A resistenza"", ""detail"": ""prezzo 95.04 al livello 94.60""}], ""factors"": {""candle_strength"": 0.6110169491525395, ""at_level"": 1.0, ""confirmation_count"": 0.3333333333333333}, ""invalidation"": {""level"": 94.6, ""reason"": ""rottura del resistenza""}, ""sources"": [""Nison - candlestick reversals confirmed at support/resistance""], ""annotations"": {""levels"": [{""label"": ""Resistenza"", ""price"": 94.6, ""kind"": ""resistance""}, {""label"": ""Stop / invalidazione"", ""price"": 94.6, ""kind"": ""stop""}], ""points"": []}, ""atr"": 2.0919102248613073, ""horizon"": ""short"", ""regime_at_fire"": ""bull"", ""first_emitted_at"": ""2026-07-17T18:33:39.349915+00:00""}",5,91.74,95.04,0.035971223021582954,0,0,-0.03355966253138336,2026-07-17 18:39:29.925285+00:00
15686,2008,ASX,candle_reversal,2026-07-06,bear,40.5600,2026-07-14 18:34:56+00:00,2026-07-14 18:48:30.555558+00:00,,15371,"{""tone"": ""bear"", ""strength"": 67, ""probability"": 49, ""chain"": [{""date"": ""2026-06-30"", ""label"": ""Divergenza RSI ribassista"", ""detail"": ""divergenza prezzo / RSI"", ""kind"": ""confirmation""}, {""date"": ""2026-07-06"", ""label"": ""Candela di inversione bear"", ""detail"": ""pattern Shooting star""}, {""date"": ""2026-07-06"", ""label"": ""A resistenza"", ""detail"": ""prezzo 40.56 al livello 41.10""}, {""date"": ""2026-07-07"", ""label"": ""MACD cross ribassista"", ""detail"": ""incrocio MACD nel verso del segnale"", ""kind"": ""confirmation""}], ""factors"": {""candle_strength"": 0.6680616740088106, ""at_level"": 1.0, ""confirmation_count"": 0.6666666666666666}, ""invalidation"": {""level"": 41.1, ""reason"": ""rottura del resistenza""}, ""sources"": [""Nison - candlestick reversals confirmed at support/resistance""], ""annotations"": {""levels"": [{""label"": ""Resistenza"", ""price"": 41.1, ""kind"": ""resistance""}, {""label"": ""Stop / invalidazione"", ""price"": 41.1, ""kind"": ""stop""}], ""points"": []}, ""atr"": 2.8192076994664017, ""horizon"": ""short"", ""regime_at_fire"": ""bull"", ""first_emitted_at"": ""2026-07-14T18:34:56.312754+00:00""}",5,43.32,40.56,-0.06371191135734067,1,1,0.054866082992089185,2026-07-14 18:48:30+00:00
18869,128,CS.PA,candle_reversal,2026-08-14,bull,43.7200,2026-08-21 23:32:03.771154+00:00,2026-08-22 23:42:40.275194+00:00,,18374,"{""tone"": ""bull"", ""strength"": 66, ""probability"": 49, ""chain"": [{""date"": ""2026-08-14"", ""label"": ""Candela di inversione bull"", ""detail"": ""pattern Engulfing""}, {""date"": ""2026-08-14"", ""label"": ""A supporto"", ""detail"": ""prezzo 43.72 al livello 44.25""}], ""factors"": {""candle_strength"": 0.6583368923685136, ""at_level"": 1.0}, ""invalidation"": {""level"": 44.25, ""reason"": ""rottura del supporto""}, ""sources"": [""Nison - candlestick reversals confirmed at support/resistance""], ""annotations"": {""levels"": [{""label"": ""Supporto"", ""price"": 44.25, ""kind"": ""support""}, {""label"": ""Stop / invalidazione"", ""price"": 44.25, ""kind"": ""stop""}], ""points"": []}, ""atr"": 0.5570801865300637, ""horizon"": ""short"", ""regime_at_fire"": ""bull"", ""first_emitted_at"": ""2026-08-21T23:32:03.956457+00:00""}",5,45.049999,43.720001,-0.029522708757440785,0,0,-0.025325738517442284,2026-08-21 23:38:00.708676+00:00
16645,71,MONC.MI,candle_reversal,2026-07-20,bull,48.2500,2026-07-27 23:32:00.940104+00:00,2026-07-28 18:42:14.436201+00:00,,16009,"{""tone"": ""bull"", ""strength"": 67, ""probability"": 49, ""chain"": [{""date"": ""2026-07-16"", ""label"": ""MACD cross rialzista"", ""detail"": ""incrocio MACD nel verso del segnale"", ""kind"": ""confirmation""}, {""date"": ""2026-07-20"", ""label"": ""Candela di inversione bull"", ""detail"": ""pattern Engulfing""}, {""date"": ""2026-07-20"", ""label"": ""A supporto"", ""detail"": ""prezzo 48.25 al livello 48.44""}, {""date"": ""2026-07-24"", ""label"": ""Volume sulla salita"", ""detail"": ""volume sopra la media nel verso del segnale"", ""kind"": ""confirmation""}], ""factors"": {""candle_strength"": 0.6671717171717166, ""at_level"": 1.0, ""confirmation_count"": 0.6666666666666666}, ""invalidation"": {""level"": 48.44, ""reason"": ""rottura del supporto""}, ""sources"": [""Nison - candlestick reversals confirmed at support/resistance""], ""annotations"": {""levels"": [{""label"": ""Supporto"", ""price"": 48.44, ""kind"": ""support""}, {""label"": ""Stop / invalidazione"", ""price"": 48.44, ""kind"": ""stop""}], ""points"": []}, ""atr"": 1.664534379780734, ""horizon"": ""short"", ""regime_at_fire"": ""bear"", ""first_emitted_at"": ""2026-07-27T23:32:01.140837+00:00""}",5,52.28,48.25,-0.0770849273144606,0,0,-0.08815889172458954,2026-07-27 23:39:15.196491+00:00
15712,830,BARC.L,candle_reversal,2026-07-07,bear,5.1990,2026-07-14 23:33:42+00:00,2026-07-15 18:46:04.718380+00:00,,15428,"{""tone"": ""bear"", ""strength"": 95, ""probability"": 49, ""chain"": [{""date"": ""2026-07-06"", ""label"": ""RSI ipercomprato"", ""detail"": ""estremo RSI a conferma del segnale"", ""kind"": ""confirmation""}, {""date"": ""2026-07-07"", ""label"": ""Candela di inversione bear"", ""detail"": ""pattern Engulfing""}, {""date"": ""2026-07-07"", ""label"": ""A resistenza"", ""detail"": ""prezzo 5.20 al livello 5.23""}, {""date"": ""2026-07-07"", ""label"": ""MACD cross ribassista"", ""detail"": ""incrocio MACD nel verso del segnale"", ""kind"": ""confirmation""}], ""factors"": {""candle_strength"": 0.945041334478344, ""at_level"": 1.0, ""confirmation_count"": 0.6666666666666666}, ""invalidation"": {""level"": 5.23, ""reason"": ""rottura del resistenza""}, ""sources"": [""Nison - candlestick reversals confirmed at support/resistance""], ""annotations"": {""levels"": [{""label"": ""Resistenza"", ""price"": 5.23, ""kind"": ""resistance""}, {""label"": ""Stop / invalidazione"", ""price"": 5.23, ""kind"": ""stop""}], ""points"": []}, ""atr"": 0.14204836896006914, ""horizon"": ""short"", ""regime_at_fire"": ""bull"", ""first_emitted_at"": ""2026-07-14T23:33:41.968481+00:00""}",5,5.161,5.199,0.007362914163921763,0,0,-0.012182801133777024,2026-07-14 23:48:22+00:00
15713,1142,SPX.L,candle_reversal,2026-07-07,bear,65.8500,2026-07-14 23:33:56+00:00,2026-07-15 18:46:04.718380+00:00,,15439,"{""tone"": ""bear"", ""strength"": 89, ""probability"": 49, ""chain"": [{""date"": ""2026-06-30"", ""label"": ""Rifiuto su EMA200"", ""detail"": ""ritorno alla media e rifiuto nel verso del trend"", ""kind"": ""confirmation""}, {""date"": ""2026-07-01"", ""label"": ""MACD cross ribassista"", ""detail"": ""incrocio MACD nel verso del segnale"", ""kind"": ""confirmation""}, {""date"": ""2026-07-07"", ""label"": ""Candela di inversione bear"", ""detail"": ""pattern Engulfing""}, {""date"": ""2026-07-07"", ""label"": ""A resistenza"", ""detail"": ""prezzo 65.85 al livello 65.52""}], ""factors"": {""candle_strength"": 0.8925569363779592, ""at_level"": 1.0, ""confirmation_count"": 0.6666666666666666}, ""invalidation"": {""level"": 65.5226, ""reason"": ""rottura del resistenza""}, ""sources"": [""Nison - candlestick reversals confirmed at support/resistance""], ""annotations"": {""levels"": [{""label"": ""Resistenza"", ""price"": 65.5226, ""kind"": ""resistance""}, {""label"": ""Stop / invalidazione"", ""price"": 65.5226, ""kind"": ""stop""}], ""points"": []}, ""atr"": 1.997819214747175, ""horizon"": ""short"", ""regime_at_fire"": ""bear"", ""first_emitted_at"": ""2026-07-14T23:33:56.331743+00:00""}",5,65.1,65.85,0.011520737327188835,0,0,-0.016340624297044096,2026-07-14 23:48:22+00:00
17422,380,EQIX,candle_reversal,2026-07-27,bear,1031.4399,2026-08-04 10:41:28.015727+00:00,2026-08-04 10:44:10.310241+00:00,,16661,"{""tone"": ""bear"", ""strength"": 65, ""probability"": 49, ""chain"": [{""date"": ""2026-07-27"", ""label"": ""Candela di inversione bear"", ""detail"": ""pattern Engulfing""}, {""date"": ""2026-07-27"", ""label"": ""A resistenza"", ""detail"": ""prezzo 1031.44 al livello 1054.54""}, {""date"": ""2026-07-29"", ""label"": ""Rifiuto su EMA50"", ""detail"": ""ritorno alla media e rifiuto nel verso del trend"", ""kind"": ""confirmation""}], ""factors"": {""candle_strength"": 0.6549852037332116, ""at_level"": 1.0, ""confirmation_count"": 0.3333333333333333}, ""invalidation"": {""level"": 1054.54, ""reason"": ""rottura del resistenza""}, ""sources"": [""Nison - candlestick reversals confirmed at support/resistance""], ""annotations"": {""levels"": [{""label"": ""Resistenza"", ""price"": 1054.54, ""kind"": ""resistance""}, {""label"": ""Stop / invalidazione"", ""price"": 1054.54, ""kind"": ""stop""}], ""points"": []}, ""atr"": 33.9727214254825, ""horizon"": ""short"", ""regime_at_fire"": ""bull"", ""first_emitted_at"": ""2026-08-04T10:41:28.589940+00:00""}",5,1046.79,1031.439941,-0.014663933549231345,1,1,0.02488111933895866,2026-08-04 10:43:55.851490+00:00
15731,423,GPN,candle_reversal,2026-07-07,bear,75.8900,2026-07-15 18:32:45+00:00,2026-07-15 18:46:04.718380+00:00,,15403,"{""tone"": ""bear"", ""strength"": 66, ""probability"": 49, ""chain"": [{""date"": ""2026-07-02"", ""label"": ""RSI ipercomprato"", ""detail"": ""estremo RSI a conferma del segnale"", ""kind"": ""confirmation""}, {""date"": ""2026-07-07"", ""label"": ""Candela di inversione bear"", ""detail"": ""pattern Shooting star""}, {""date"": ""2026-07-07"", ""label"": ""A resistenza"", ""detail"": ""prezzo 75.89 al livello 76.06""}], ""factors"": {""candle_strength"": 0.661111111111105, ""at_level"": 1.0, ""confirmation_count"": 0.3333333333333333}, ""invalidation"": {""level"": 76.06, ""reason"": ""rottura del resistenza""}, ""sources"": [""Nison - candlestick reversals confirmed at support/resistance""], ""annotations"": {""levels"": [{""label"": ""Resistenza"", ""price"": 76.06, ""kind"": ""resistance""}, {""label"": ""Stop / invalidazione"", ""price"": 76.06, ""kind"": ""stop""}], ""points"": []}, ""atr"": 2.8144264480686982, ""horizon"": ""short"", ""regime_at_fire"": ""bull"", ""first_emitted_at"": ""2026-07-15T18:32:45.466070+00:00""}",5,77.59,75.89,-0.0219100399536023,1,1,0.017090420980346535,2026-07-15 18:46:04+00:00
15732,669,WAB,candle_reversal,2026-07-07,bull,262.0200,2026-07-15 18:33:29+00:00,2026-07-15 18:46:04.718380+00:00,,15422,"{""tone"": ""bull"", ""strength"": 70, ""probability"": 49, ""chain"": [{""date"": ""2026-07-07"", ""label"": ""Candela di inversione bull"", ""detail"": ""pattern Hammer""}, {""date"": ""2026-07-07"", ""label"": ""A supporto"", ""detail"": ""prezzo 262.02 al livello 254.44""}], ""factors"": {""candle_strength"": 0.6999999999999988, ""at_level"": 1.0}, ""invalidation"": {""level"": 254.44, ""reason"": ""rottura del supporto""}, ""sources"": [""Nison - candlestick reversals confirmed at support/resistance""], ""annotations"": {""levels"": [{""label"": ""Supporto"", ""price"": 254.44, ""kind"": ""support""}, {""label"": ""Stop / invalidazione"", ""price"": 254.44, ""kind"": ""stop""}], ""points"": []}, ""atr"": 6.503868630390803, ""horizon"": ""short"", ""regime_at_fire"": ""bull"", ""first_emitted_at"": ""2026-07-15T18:33:29.133864+00:00""}",5,259.19,262.02,0.010918631120027777,1,1,0.015738250093283543,2026-07-15 18:46:04+00:00
16886,429,HAS,gap_and_go,2026-07-21,bull,96.3400,2026-07-29 18:32:55.174837+00:00,2026-07-29 18:39:33.538850+00:00,,16569,"{""tone"": ""bull"", ""strength"": 62, ""probability"": 50, ""chain"": [{""date"": ""2026-07-15"", ""label"": ""MACD cross rialzista"", ""detail"": ""incrocio MACD nel verso del segnale"", ""kind"": ""confirmation""}, {""date"": ""2026-07-21"", ""label"": ""Gap bull"", ""detail"": ""apertura in gap del 3.6%""}, {""date"": ""2026-07-21"", ""label"": ""Conferma volume"", ""detail"": ""3.9x la media: gap partecipato""}, {""date"": ""2026-07-24"", ""label"": ""Rifiuto su EMA200"", ""detail"": ""ritorno alla media e rifiuto nel verso del trend"", ""kind"": ""confirmation""}, {""date"": ""2026-07-28"", ""label"": ""Trend ADX in rafforzamento"", ""detail"": ""ADX conferma la forza del trend"", ""kind"": ""confirmation""}], ""factors"": {""gap_size"": 0.6078869959553869, ""volume_strength"": 0.5026293495201611, ""trend_alignment"": 1.0, ""confirmation_count"": 1.0}, ""invalidation"": null, ""sources"": [""Gap taxonomy (breakaway vs exhaustion) + volume confirmation""], ""annotations"": {""levels"": [], ""points"": []}, ""atr"": 2.8644363269723025, ""horizon"": ""short"", ""regime_at_fire"": ""bull"", ""first_emitted_at"": ""2026-07-29T18:32:55.361463+00:00""}",5,88.78,96.34,0.08515431403469242,1,1,0.07606369192666623,2026-07-29 18:39:19.214043+00:00
15745,1289,1024.HK,gap_and_go,2026-07-07,bear,43.8000,2026-07-15 18:34:07+00:00,2026-07-15 18:46:04.718380+00:00,,15351,"{""tone"": ""bear"", ""strength"": 84, ""probability"": 50, ""chain"": [{""date"": ""2026-07-06"", ""label"": ""Lower-high confermato"", ""detail"": ""struttura a conferma della continuazione"", ""kind"": ""confirmation""}, {""date"": ""2026-07-07"", ""label"": ""Gap bear"", ""detail"": ""apertura in gap del -6.0%""}, {""date"": ""2026-07-07"", ""label"": ""Conferma volume"", ""detail"": ""8.6x la media: gap partecipato""}, {""date"": ""2026-07-07"", ""label"": ""MACD cross ribassista"", ""detail"": ""incrocio MACD nel verso del segnale"", ""kind"": ""confirmation""}, {""date"": ""2026-07-14"", ""label"": ""Rifiuto su EMA50"", ""detail"": ""ritorno alla media e rifiuto nel verso del trend"", ""kind"": ""confirmation""}], ""factors"": {""gap_size"": 0.7810869565217392, ""volume_strength"": 0.7945383158202484, ""trend_alignment"": 1.0, ""confirmation_count"": 1.0}, ""invalidation"": null, ""sources"": [""Gap taxonomy (breakaway vs exhaustion) + volume confirmation""], ""annotations"": {""levels"": [], ""points"": []}, ""atr"": 2.7200847901983605, ""horizon"": ""short"", ""regime_at_fire"": ""bear"", ""first_emitted_at"": ""2026-07-15T18:34:06.777924+00:00""}",5,40.46,43.8,0.08255066732575367,0,0,-0.08737028629900943,2026-07-15 18:46:04+00:00
15746,1649,WBS,candle_reversal,2026-07-07,bear,76.1200,2026-07-15 18:34:34+00:00,2026-07-15 18:46:04.718380+00:00,,15457,"{""tone"": ""bear"", ""strength"": 71, ""probability"": 49, ""chain"": [{""date"": ""2026-07-06"", ""label"": ""RSI ipercomprato"", ""detail"": ""estremo RSI a conferma del segnale"", ""kind"": ""confirmation""}, {""date"": ""2026-07-07"", ""label"": ""Candela di inversione bear"", ""detail"": ""pattern Engulfing""}, {""date"": ""2026-07-07"", ""label"": ""A resistenza"", ""detail"": ""prezzo 76.12 al livello 76.13""}, {""date"": ""2026-07-09"", ""label"": ""MACD cross ribassista"", ""detail"": ""incrocio MACD nel verso del segnale"", ""kind"": ""confirmation""}], ""factors"": {""candle_strength"": 0.7147058823529435, ""at_level"": 1.0, ""confirmation_count"": 0.6666666666666666}, ""invalidation"": {""level"": 76.13, ""reason"": ""rottura del resistenza""}, ""sources"": [""Nison - candlestick reversals confirmed at support/resistance""], ""annotations"": {""levels"": [{""label"": ""Resistenza"", ""price"": 76.13, ""kind"": ""resistance""}, {""label"": ""Stop / invalidazione"", ""price"": 76.13, ""kind"": ""stop""}], ""points"": []}, ""atr"": 0.8043552730383257, ""horizon"": ""short"", ""regime_at_fire"": ""bull"", ""first_emitted_at"": ""2026-07-15T18:34:33.835402+00:00""}",5,77.09,76.12,-0.012582695550655054,1,1,0.007763076577399288,2026-07-15 18:46:04+00:00
16226,263,BAX,candle_reversal,2026-07-14,bull,22.2100,2026-07-22 18:32:50.253232+00:00,2026-07-22 18:36:07.091143+00:00,,15692,"{""tone"": ""bull"", ""strength"": 61, ""probability"": 49, ""chain"": [{""date"": ""2026-07-09"", ""label"": ""Trend ADX in rafforzamento"", ""detail"": ""ADX conferma la forza del trend"", ""kind"": ""confirmation""}, {""date"": ""2026-07-14"", ""label"": ""Candela di inversione bull"", ""detail"": ""pattern Hammer""}, {""date"": ""2026-07-14"", ""label"": ""A supporto"", ""detail"": ""prezzo 22.21 al livello 21.63""}, {""date"": ""2026-07-14"", ""label"": ""Higher-low confermato"", ""detail"": ""struttura a conferma della continuazione"", ""kind"": ""confirmation""}], ""factors"": {""candle_strength"": 0.6123376623376646, ""at_level"": 1.0, ""confirmation_count"": 0.6666666666666666}, ""invalidation"": {""level"": 21.63, ""reason"": ""rottura del supporto""}, ""sources"": [""Nison - candlestick reversals confirmed at support/resistance""], ""annotations"": {""levels"": [{""label"": ""Supporto"", ""price"": 21.63, ""kind"": ""support""}, {""label"": ""Stop / invalidazione"", ""price"": 21.63, ""kind"": ""stop""}], ""points"": []}, ""atr"": 0.7817177208213286, ""horizon"": ""short"", ""regime_at_fire"": ""bull"", ""first_emitted_at"": ""2026-07-22T18:32:50.432136+00:00""}",5,21.8,22.21,0.018807339449541383,1,1,0.018191299954569858,2026-07-22 18:35:53.059400+00:00
16230,1801,CPRX,candle_reversal,2026-07-09,bear,31.4900,2026-07-22 18:35:21.522001+00:00,2026-07-22 18:36:07.091143+00:00,,15898,"{""tone"": ""bear"", ""strength"": 96, ""probability"": 49, ""chain"": [{""date"": ""2026-07-09"", ""label"": ""Candela di inversione bear"", ""detail"": ""pattern Shooting star""}, {""date"": ""2026-07-09"", ""label"": ""A resistenza"", ""detail"": ""prezzo 31.49 al livello 31.50""}, {""date"": ""2026-07-16"", ""label"": ""RSI ipercomprato"", ""detail"": ""estremo RSI a conferma del segnale"", ""kind"": ""confirmation""}], ""factors"": {""candle_strength"": 0.96100431480727, ""at_level"": 1.0, ""confirmation_count"": 0.3333333333333333}, ""invalidation"": {""level"": 31.5, ""reason"": ""rottura del resistenza""}, ""sources"": [""Nison - candlestick reversals confirmed at support/resistance""], ""annotations"": {""levels"": [{""label"": ""Resistenza"", ""price"": 31.5, ""kind"": ""resistance""}, {""label"": ""Stop / invalidazione"", ""price"": 31.5, ""kind"": ""stop""}], ""points"": []}, ""atr"": 0.06777446944275221, ""horizon"": ""short"", ""regime_at_fire"": ""bull"", ""first_emitted_at"": ""2026-07-22T18:35:21.723744+00:00""}",5,31.47,31.49,0.0006355258976802336,0,1,0.001538721730892846,2026-07-22 18:35:53.059400+00:00
16020,1801,CPRX,candle_reversal,2026-07-09,bear,31.4900,2026-07-20 18:46:50.683246+00:00,2026-07-20 18:47:57.299792+00:00,,15898,"{""tone"": ""bear"", ""strength"": 96, ""probability"": 49, ""chain"": [{""date"": ""2026-07-09"", ""label"": ""Candela di inversione bear"", ""detail"": ""pattern Shooting star""}, {""date"": ""2026-07-09"", ""label"": ""A resistenza"", ""detail"": ""prezzo 31.49 al livello 31.50""}, {""date"": ""2026-07-16"", ""label"": ""RSI ipercomprato"", ""detail"": ""estremo RSI a conferma del segnale"", ""kind"": ""confirmation""}], ""factors"": {""candle_strength"": 0.96100431480727, ""at_level"": 1.0, ""confirmation_count"": 0.3333333333333333}, ""invalidation"": {""level"": 31.5, ""reason"": ""rottura del resistenza""}, ""sources"": [""Nison - candlestick reversals confirmed at support/resistance""], ""annotations"": {""levels"": [{""label"": ""Resistenza"", ""price"": 31.5, ""kind"": ""resistance""}, {""label"": ""Stop / invalidazione"", ""price"": 31.5, ""kind"": ""stop""}], ""points"": []}, ""atr"": 0.06777446944275221, ""horizon"": ""short"", ""regime_at_fire"": ""bull"", ""first_emitted_at"": ""2026-07-20T18:46:51.676032+00:00""}",5,31.47,31.49,0.0006355258976802336,0,1,0.001538721730892846,2026-07-20 18:47:43.660308+00:00
16491,689,ZBRA,candle_reversal,2026-07-16,bull,256.9500,2026-07-23 23:46:38.457272+00:00,2026-07-24 00:19:42.624578+00:00,,15876,"{""tone"": ""bull"", ""strength"": 77, ""probability"": 49, ""chain"": [{""date"": ""2026-07-15"", ""label"": ""Higher-low confermato"", ""detail"": ""struttura a conferma della continuazione"", ""kind"": ""confirmation""}, {""date"": ""2026-07-16"", ""label"": ""Candela di inversione bull"", ""detail"": ""pattern Engulfing""}, {""date"": ""2026-07-16"", ""label"": ""A supporto"", ""detail"": ""prezzo 256.95 al livello 259.01""}, {""date"": ""2026-07-22"", ""label"": ""Rifiuto su EMA200"", ""detail"": ""ritorno alla media e rifiuto nel verso del trend"", ""kind"": ""confirmation""}], ""factors"": {""candle_strength"": 0.7718225419664273, ""at_level"": 1.0, ""confirmation_count"": 0.6666666666666666}, ""invalidation"": {""level"": 259.01, ""reason"": ""rottura del supporto""}, ""sources"": [""Nison - candlestick reversals confirmed at support/resistance""], ""annotations"": {""levels"": [{""label"": ""Supporto"", ""price"": 259.01, ""kind"": ""support""}, {""label"": ""Stop / invalidazione"", ""price"": 259.01, ""kind"": ""stop""}], ""points"": []}, ""atr"": 10.192679806010412, ""horizon"": ""short"", ""regime_at_fire"": ""bull"", ""first_emitted_at"": ""2026-07-23T23:46:39.241088+00:00""}",5,265.04,256.95,-0.030523694536673807,0,0,-0.024350544113277084,2026-07-23 23:48:04.667730+00:00
16097,420,GIS,candle_reversal,2026-07-13,bear,37.5800,2026-07-21 14:54:31.271059+00:00,2026-07-21 15:02:16.751264+00:00,,15626,"{""tone"": ""bear"", ""strength"": 64, ""probability"": 49, ""chain"": [{""date"": ""2026-07-13"", ""label"": ""Candela di inversione bear"", ""detail"": ""pattern Shooting star""}, {""date"": ""2026-07-13"", ""label"": ""A resistenza"", ""detail"": ""prezzo 37.58 al livello 37.93""}], ""factors"": {""candle_strength"": 0.6441176470588179, ""at_level"": 1.0}, ""invalidation"": {""level"": 37.93, ""reason"": ""rottura del resistenza""}, ""sources"": [""Nison - candlestick reversals confirmed at support/resistance""], ""annotations"": {""levels"": [{""label"": ""Resistenza"", ""price"": 37.93, ""kind"": ""resistance""}, {""label"": ""Stop / invalidazione"", ""price"": 37.93, ""kind"": ""stop""}], ""points"": []}, ""atr"": 1.2449866330820087, ""horizon"": ""short"", ""regime_at_fire"": ""bear"", ""first_emitted_at"": ""2026-07-21T14:54:31.660248+00:00""}",5,36.6,37.58,0.02677595628415297,0,0,-0.031751259276855376,2026-07-21 15:01:58.261879+00:00
16401,66,G.MI,candle_reversal,2026-07-16,bull,42.5900,2026-07-23 20:09:30.469067+00:00,2026-07-24 00:19:42.624578+00:00,,15815,"{""tone"": ""bull"", ""strength"": 64, ""probability"": 49, ""chain"": [{""date"": ""2026-07-14"", ""label"": ""Trend ADX in rafforzamento"", ""detail"": ""ADX conferma la forza del trend"", ""kind"": ""confirmation""}, {""date"": ""2026-07-16"", ""label"": ""Candela di inversione bull"", ""detail"": ""pattern Engulfing""}, {""date"": ""2026-07-16"", ""label"": ""A supporto"", ""detail"": ""prezzo 42.59 al livello 41.70""}, {""date"": ""2026-07-16"", ""label"": ""Rifiuto su EMA50"", ""detail"": ""ritorno alla media e rifiuto nel verso del trend"", ""kind"": ""confirmation""}], ""factors"": {""candle_strength"": 0.6436936936936903, ""at_level"": 1.0, ""confirmation_count"": 0.6666666666666666}, ""invalidation"": {""level"": 41.7, ""reason"": ""rottura del supporto""}, ""sources"": [""Nison - candlestick reversals confirmed at support/resistance""], ""annotations"": {""levels"": [{""label"": ""Supporto"", ""price"": 41.7, ""kind"": ""support""}, {""label"": ""Stop / invalidazione"", ""price"": 41.7, ""kind"": ""stop""}], ""points"": []}, ""atr"": 0.6446192264179411, ""horizon"": ""short"", ""regime_at_fire"": ""bull"", ""first_emitted_at"": ""2026-07-23T20:06:03.554332+00:00"", ""amended_at"": ""2026-07-23T20:09:30.467551+00:00"", ""amend_count"": 1}",5,42.08,42.59,0.012119771863118078,1,1,0.01801525029176903,2026-07-23 20:12:25.613986+00:00
16486,689,ZBRA,candle_reversal,2026-07-16,bull,256.9500,2026-07-23 23:32:38.580145+00:00,2026-07-24 00:19:42.624578+00:00,,15876,"{""tone"": ""bull"", ""strength"": 77, ""probability"": 49, ""chain"": [{""date"": ""2026-07-15"", ""label"": ""Higher-low confermato"", ""detail"": ""struttura a conferma della continuazione"", ""kind"": ""confirmation""}, {""date"": ""2026-07-16"", ""label"": ""Candela di inversione bull"", ""detail"": ""pattern Engulfing""}, {""date"": ""2026-07-16"", ""label"": ""A supporto"", ""detail"": ""prezzo 256.95 al livello 259.01""}, {""date"": ""2026-07-22"", ""label"": ""Rifiuto su EMA200"", ""detail"": ""ritorno alla media e rifiuto nel verso del trend"", ""kind"": ""confirmation""}], ""factors"": {""candle_strength"": 0.7718225419664273, ""at_level"": 1.0, ""confirmation_count"": 0.6666666666666666}, ""invalidation"": {""level"": 259.01, ""reason"": ""rottura del supporto""}, ""sources"": [""Nison - candlestick reversals confirmed at support/resistance""], ""annotations"": {""levels"": [{""label"": ""Supporto"", ""price"": 259.01, ""kind"": ""support""}, {""label"": ""Stop / invalidazione"", ""price"": 259.01, ""kind"": ""stop""}], ""points"": []}, ""atr"": 10.192679806010412, ""horizon"": ""short"", ""regime_at_fire"": ""bull"", ""first_emitted_at"": ""2026-07-23T23:32:39.152519+00:00""}",5,265.04,256.95,-0.030523694536673807,0,0,-0.024350544113277084,2026-07-23 23:36:46.562918+00:00
15788,1105,ITRK.L,candle_reversal,2026-07-08,bear,58.3000,2026-07-15 23:33:53+00:00,2026-07-16 10:52:36.000367+00:00,,15340,"{""tone"": ""bear"", ""strength"": 96, ""probability"": 49, ""chain"": [{""date"": ""2026-07-03"", ""label"": ""Divergenza RSI ribassista"", ""detail"": ""divergenza prezzo / RSI"", ""kind"": ""confirmation""}, {""date"": ""2026-07-08"", ""label"": ""Candela di inversione bear"", ""detail"": ""pattern Shooting star""}, {""date"": ""2026-07-08"", ""label"": ""A resistenza"", ""detail"": ""prezzo 58.30 al livello 58.20""}, {""date"": ""2026-07-15"", ""label"": ""RSI ipercomprato"", ""detail"": ""estremo RSI a conferma del segnale"", ""kind"": ""confirmation""}], ""factors"": {""candle_strength"": 0.96100431480727, ""at_level"": 1.0, ""confirmation_count"": 0.6666666666666666}, ""invalidation"": {""level"": 58.2, ""reason"": ""rottura del resistenza""}, ""sources"": [""Nison - candlestick reversals confirmed at support/resistance""], ""annotations"": {""levels"": [{""label"": ""Resistenza"", ""price"": 58.2, ""kind"": ""resistance""}, {""label"": ""Stop / invalidazione"", ""price"": 58.2, ""kind"": ""stop""}], ""points"": []}, ""atr"": 0.37416119839795675, ""horizon"": ""short"", ""regime_at_fire"": ""bull"", ""first_emitted_at"": ""2026-07-15T23:33:53.056765+00:00""}",5,58.1,58.3,0.0034423407917383297,0,1,0.0016787041197026146,2026-07-15 23:39:47+00:00
16493,82,MC.PA,candle_reversal,2026-07-16,bull,453.5500,2026-07-24 00:16:37.005281+00:00,2026-07-24 00:19:42.624578+00:00,,15816,"{""tone"": ""bull"", ""strength"": 96, ""probability"": 49, ""chain"": [{""date"": ""2026-07-14"", ""label"": ""Higher-low confermato"", ""detail"": ""struttura a conferma della continuazione"", ""kind"": ""confirmation""}, {""date"": ""2026-07-16"", ""label"": ""Candela di inversione bull"", ""detail"": ""pattern Engulfing""}, {""date"": ""2026-07-16"", ""label"": ""A supporto"", ""detail"": ""prezzo 453.55 al livello 450.90""}, {""date"": ""2026-07-16"", ""label"": ""Rifiuto su EMA50"", ""detail"": ""ritorno alla media e rifiuto nel verso del trend"", ""kind"": ""confirmation""}, {""date"": ""2026-07-16"", ""label"": ""MACD cross rialzista"", ""detail"": ""incrocio MACD nel verso del segnale"", ""kind"": ""confirmation""}], ""factors"": {""candle_strength"": 0.96100431480727, ""at_level"": 1.0, ""confirmation_count"": 1.0}, ""invalidation"": {""level"": 450.9, ""reason"": ""rottura del supporto""}, ""sources"": [""Nison - candlestick reversals confirmed at support/resistance""], ""annotations"": {""levels"": [{""label"": ""Supporto"", ""price"": 450.9, ""kind"": ""support""}, {""label"": ""Stop / invalidazione"", ""price"": 450.9, ""kind"": ""stop""}], ""points"": []}, ""atr"": 13.454455062357077, ""horizon"": ""short"", ""regime_at_fire"": ""bear"", ""first_emitted_at"": ""2026-07-24T00:16:38.009232+00:00""}",5,503.1,453.55,-0.09848936593122637,0,0,-0.09233450778545955,2026-07-24 00:19:29.706522+00:00
16022,88,ABI.BR,candle_reversal,2026-07-13,bear,71.1800,2026-07-20 23:10:17.907813+00:00,2026-07-21 13:40:11.137205+00:00,,15596,"{""tone"": ""bear"", ""strength"": 67, ""probability"": 49, ""chain"": [{""date"": ""2026-07-13"", ""label"": ""Candela di inversione bear"", ""detail"": ""pattern Shooting star""}, {""date"": ""2026-07-13"", ""label"": ""A resistenza"", ""detail"": ""prezzo 71.18 al livello 70.36""}], ""factors"": {""candle_strength"": 0.6692982456140162, ""at_level"": 1.0}, ""invalidation"": {""level"": 70.36, ""reason"": ""rottura del resistenza""}, ""sources"": [""Nison - candlestick reversals confirmed at support/resistance""], ""annotations"": {""levels"": [{""label"": ""Resistenza"", ""price"": 70.36, ""kind"": ""resistance""}, {""label"": ""Stop / invalidazione"", ""price"": 70.36, ""kind"": ""stop""}], ""points"": []}, ""atr"": 1.4416858205625465, ""horizon"": ""short"", ""regime_at_fire"": ""bull"", ""first_emitted_at"": ""2026-07-20T23:10:18.845921+00:00""}",5,69.64,71.18,0.022113727742676614,0,0,-0.027706536949454096,2026-07-20 23:17:19.751590+00:00
16496,412,GRMN,candle_reversal,2026-07-16,bull,240.1000,2026-07-24 00:17:20.069410+00:00,2026-07-24 00:19:42.624578+00:00,,15850,"{""tone"": ""bull"", ""strength"": 86, ""probability"": 49, ""chain"": [{""date"": ""2026-07-16"", ""label"": ""Candela di inversione bull"", ""detail"": ""pattern Engulfing""}, {""date"": ""2026-07-16"", ""label"": ""A supporto"", ""detail"": ""prezzo 240.10 al livello 244.97""}, {""date"": ""2026-07-16"", ""label"": ""Rifiuto su EMA50"", ""detail"": ""ritorno alla media e rifiuto nel verso del trend"", ""kind"": ""confirmation""}, {""date"": ""2026-07-17"", ""label"": ""Volume sulla salita"", ""detail"": ""volume sopra la media nel verso del segnale"", ""kind"": ""confirmation""}], ""factors"": {""candle_strength"": 0.8585453359425982, ""at_level"": 1.0, ""confirmation_count"": 0.6666666666666666}, ""invalidation"": {""level"": 244.97, ""reason"": ""rottura del supporto""}, ""sources"": [""Nison - candlestick reversals confirmed at support/resistance""], ""annotations"": {""levels"": [{""label"": ""Supporto"", ""price"": 244.97, ""kind"": ""support""}, {""label"": ""Stop / invalidazione"", ""price"": 244.97, ""kind"": ""stop""}], ""points"": []}, ""atr"": 6.381185434416317, ""horizon"": ""short"", ""regime_at_fire"": ""bull"", ""first_emitted_at"": ""2026-07-24T00:17:20.438236+00:00""}",5,250.99,240.1,-0.04338818279612744,0,0,-0.037233324650360625,2026-07-24 00:19:29.706522+00:00
16498,689,ZBRA,candle_reversal,2026-07-16,bull,256.9500,2026-07-24 00:18:07.025186+00:00,2026-07-24 00:19:42.624578+00:00,,15876,"{""tone"": ""bull"", ""strength"": 77, ""probability"": 49, ""chain"": [{""date"": ""2026-07-15"", ""label"": ""Higher-low confermato"", ""detail"": ""struttura a conferma della continuazione"", ""kind"": ""confirmation""}, {""date"": ""2026-07-16"", ""label"": ""Candela di inversione bull"", ""detail"": ""pattern Engulfing""}, {""date"": ""2026-07-16"", ""label"": ""A supporto"", ""detail"": ""prezzo 256.95 al livello 259.01""}, {""date"": ""2026-07-22"", ""label"": ""Rifiuto su EMA200"", ""detail"": ""ritorno alla media e rifiuto nel verso del trend"", ""kind"": ""confirmation""}], ""factors"": {""candle_strength"": 0.7718225419664273, ""at_level"": 1.0, ""confirmation_count"": 0.6666666666666666}, ""invalidation"": {""level"": 259.01, ""reason"": ""rottura del supporto""}, ""sources"": [""Nison - candlestick reversals confirmed at support/resistance""], ""annotations"": {""levels"": [{""label"": ""Supporto"", ""price"": 259.01, ""kind"": ""support""}, {""label"": ""Stop / invalidazione"", ""price"": 259.01, ""kind"": ""stop""}], ""points"": []}, ""atr"": 10.192679806010412, ""horizon"": ""short"", ""regime_at_fire"": ""bull"", ""first_emitted_at"": ""2026-07-24T00:18:07.584349+00:00""}",5,265.04,256.95,-0.030523694536673807,0,0,-0.024368836390906996,2026-07-24 00:19:29.706522+00:00
17266,1142,SPX.L,candle_reversal,2026-07-24,bull,69.4500,2026-08-02 23:20:40.947723+00:00,2026-08-02 23:24:34.527228+00:00,,16538,"{""tone"": ""bull"", ""strength"": 96, ""probability"": 49, ""chain"": [{""date"": ""2026-07-24"", ""label"": ""Candela di inversione bull"", ""detail"": ""pattern Engulfing""}, {""date"": ""2026-07-24"", ""label"": ""A supporto"", ""detail"": ""prezzo 69.45 al livello 69.76""}, {""date"": ""2026-07-30"", ""label"": ""Rifiuto su EMA50"", ""detail"": ""ritorno alla media e rifiuto nel verso del trend"", ""kind"": ""confirmation""}], ""factors"": {""candle_strength"": 0.96100431480727, ""at_level"": 1.0, ""confirmation_count"": 0.3333333333333333}, ""invalidation"": {""level"": 69.76, ""reason"": ""rottura del supporto""}, ""sources"": [""Nison - candlestick reversals confirmed at support/resistance""], ""annotations"": {""levels"": [{""label"": ""Supporto"", ""price"": 69.76, ""kind"": ""support""}, {""label"": ""Stop / invalidazione"", ""price"": 69.76, ""kind"": ""stop""}], ""points"": []}, ""atr"": 1.8655201787653493, ""horizon"": ""short"", ""regime_at_fire"": ""bull"", ""first_emitted_at"": ""2026-08-02T23:20:41.134853+00:00""}",5,70.8,69.45,-0.01906779661016944,0,0,-0.027329251828605308,2026-08-02 23:24:21.193531+00:00
17175,668,GWW,candle_reversal,2026-07-23,bull,1355.4900,2026-07-31 15:58:01.364174+00:00,2026-07-31 16:04:12.562827+00:00,,16497,"{""tone"": ""bull"", ""strength"": 60, ""probability"": 49, ""chain"": [{""date"": ""2026-07-21"", ""label"": ""Higher-low confermato"", ""detail"": ""struttura a conferma della continuazione"", ""kind"": ""confirmation""}, {""date"": ""2026-07-23"", ""label"": ""Candela di inversione bull"", ""detail"": ""pattern Engulfing""}, {""date"": ""2026-07-23"", ""label"": ""A supporto"", ""detail"": ""prezzo 1355.49 al livello 1347.27""}, {""date"": ""2026-07-30"", ""label"": ""Trend ADX in rafforzamento"", ""detail"": ""ADX conferma la forza del trend"", ""kind"": ""confirmation""}], ""factors"": {""candle_strength"": 0.5957858769931552, ""at_level"": 1.0, ""confirmation_count"": 0.6666666666666666}, ""invalidation"": {""level"": 1347.27, ""reason"": ""rottura del supporto""}, ""sources"": [""Nison - candlestick reversals confirmed at support/resistance""], ""annotations"": {""levels"": [{""label"": ""Supporto"", ""price"": 1347.27, ""kind"": ""support""}, {""label"": ""Stop / invalidazione"", ""price"": 1347.27, ""kind"": ""stop""}], ""points"": []}, ""atr"": 31.59897704402949, ""horizon"": ""short"", ""regime_at_fire"": ""bull"", ""first_emitted_at"": ""2026-07-31T15:58:02.354142+00:00""}",5,1367.46,1355.48999,-0.008753462624135233,0,0,-0.020558424418493024,2026-07-31 16:03:58.930422+00:00
16485,412,GRMN,candle_reversal,2026-07-16,bull,239.9300,2026-07-23 23:31:51.268290+00:00,2026-07-24 00:19:42.624578+00:00,,15850,"{""tone"": ""bull"", ""strength"": 86, ""probability"": 49, ""chain"": [{""date"": ""2026-07-16"", ""label"": ""Candela di inversione bull"", ""detail"": ""pattern Engulfing""}, {""date"": ""2026-07-16"", ""label"": ""A supporto"", ""detail"": ""prezzo 239.93 al livello 244.97""}, {""date"": ""2026-07-16"", ""label"": ""Rifiuto su EMA50"", ""detail"": ""ritorno alla media e rifiuto nel verso del trend"", ""kind"": ""confirmation""}, {""date"": ""2026-07-17"", ""label"": ""Volume sulla salita"", ""detail"": ""volume sopra la media nel verso del segnale"", ""kind"": ""confirmation""}], ""factors"": {""candle_strength"": 0.8585453359425982, ""at_level"": 1.0, ""confirmation_count"": 0.6666666666666666}, ""invalidation"": {""level"": 244.97, ""reason"": ""rottura del supporto""}, ""sources"": [""Nison - candlestick reversals confirmed at support/resistance""], ""annotations"": {""levels"": [{""label"": ""Supporto"", ""price"": 244.97, ""kind"": ""support""}, {""label"": ""Stop / invalidazione"", ""price"": 244.97, ""kind"": ""stop""}], ""points"": []}, ""atr"": 6.381185434416317, ""horizon"": ""short"", ""regime_at_fire"": ""bull"", ""first_emitted_at"": ""2026-07-23T23:31:51.706280+00:00""}",5,250.99,239.93,-0.04406550061755454,0,0,-0.03789235019415782,2026-07-23 23:36:46.562918+00:00
16489,259,AXON,candle_reversal,2026-07-16,bull,491.9000,2026-07-23 23:45:17.148849+00:00,2026-07-24 00:19:42.624578+00:00,,15834,"{""tone"": ""bull"", ""strength"": 66, ""probability"": 49, ""chain"": [{""date"": ""2026-07-16"", ""label"": ""Candela di inversione bull"", ""detail"": ""pattern Hammer""}, {""date"": ""2026-07-16"", ""label"": ""A supporto"", ""detail"": ""prezzo 491.90 al livello 484.43""}, {""date"": ""2026-07-20"", ""label"": ""Trend ADX in rafforzamento"", ""detail"": ""ADX conferma la forza del trend"", ""kind"": ""confirmation""}, {""date"": ""2026-07-20"", ""label"": ""Rifiuto su EMA50"", ""detail"": ""ritorno alla media e rifiuto nel verso del trend"", ""kind"": ""confirmation""}], ""factors"": {""candle_strength"": 0.6609216402760905, ""at_level"": 1.0, ""confirmation_count"": 0.6666666666666666}, ""invalidation"": {""level"": 484.43, ""reason"": ""rottura del supporto""}, ""sources"": [""Nison - candlestick reversals confirmed at support/resistance""], ""annotations"": {""levels"": [{""label"": ""Supporto"", ""price"": 484.43, ""kind"": ""support""}, {""label"": ""Stop / invalidazione"", ""price"": 484.43, ""kind"": ""stop""}], ""points"": []}, ""atr"": 30.064324015417935, ""horizon"": ""short"", ""regime_at_fire"": ""bear"", ""first_emitted_at"": ""2026-07-23T23:45:17.946836+00:00""}",5,541.75,491.9,-0.09201661282879559,0,0,-0.08584346240539886,2026-07-23 23:48:04.667730+00:00
17282,422,GPC,candle_reversal,2026-07-24,bull,124.3700,2026-08-03 15:19:13.265575+00:00,2026-08-03 15:23:02.124400+00:00,,16566,"{""tone"": ""bull"", ""strength"": 92, ""probability"": 49, ""chain"": [{""date"": ""2026-07-21"", ""label"": ""Rifiuto su EMA200"", ""detail"": ""ritorno alla media e rifiuto nel verso del trend"", ""kind"": ""confirmation""}, {""date"": ""2026-07-21"", ""label"": ""Higher-low confermato"", ""detail"": ""struttura a conferma della continuazione"", ""kind"": ""confirmation""}, {""date"": ""2026-07-21"", ""label"": ""Volume sulla salita"", ""detail"": ""volume sopra la media nel verso del segnale"", ""kind"": ""confirmation""}, {""date"": ""2026-07-24"", ""label"": ""Candela di inversione bull"", ""detail"": ""pattern Engulfing""}, {""date"": ""2026-07-24"", ""label"": ""A supporto"", ""detail"": ""prezzo 124.37 al livello 124.32""}, {""date"": ""2026-07-31"", ""label"": ""Trend ADX in rafforzamento"", ""detail"": ""ADX conferma la forza del trend"", ""kind"": ""confirmation""}], ""factors"": {""candle_strength"": 0.924500135090478, ""at_level"": 1.0, ""confirmation_count"": 1.0}, ""invalidation"": {""level"": 124.32, ""reason"": ""rottura del supporto""}, ""sources"": [""Nison - candlestick reversals confirmed at support/resistance""], ""annotations"": {""levels"": [{""label"": ""Supporto"", ""price"": 124.32, ""kind"": ""support""}, {""label"": ""Stop / invalidazione"", ""price"": 124.32, ""kind"": ""stop""}], ""points"": []}, ""atr"": 4.477528277537326, ""horizon"": ""short"", ""regime_at_fire"": ""bull"", ""first_emitted_at"": ""2026-08-03T15:19:14.338143+00:00""}",5,124.21,124.370003,0.0012881652040899194,1,0,-0.006973290052609642,2026-08-03 15:22:48.428041+00:00
16231,1920,CAL,candle_reversal,2026-07-14,bear,11.8000,2026-07-22 18:35:24.451374+00:00,2026-07-22 18:36:07.091143+00:00,,15805,"{""tone"": ""bear"", ""strength"": 84, ""probability"": 49, ""chain"": [{""date"": ""2026-07-14"", ""label"": ""Candela di inversione bear"", ""detail"": ""pattern Engulfing""}, {""date"": ""2026-07-14"", ""label"": ""A resistenza"", ""detail"": ""prezzo 11.80 al livello 11.84""}, {""date"": ""2026-07-20"", ""label"": ""Rifiuto su EMA50"", ""detail"": ""ritorno alla media e rifiuto nel verso del trend"", ""kind"": ""confirmation""}], ""factors"": {""candle_strength"": 0.8428571428571402, ""at_level"": 1.0, ""confirmation_count"": 0.3333333333333333}, ""invalidation"": {""level"": 11.84, ""reason"": ""rottura del resistenza""}, ""sources"": [""Nison - candlestick reversals confirmed at support/resistance""], ""annotations"": {""levels"": [{""label"": ""Resistenza"", ""price"": 11.84, ""kind"": ""resistance""}, {""label"": ""Stop / invalidazione"", ""price"": 11.84, ""kind"": ""stop""}], ""points"": []}, ""atr"": 0.7067186040560965, ""horizon"": ""short"", ""regime_at_fire"": ""bear"", ""first_emitted_at"": ""2026-07-22T18:35:24.629362+00:00""}",5,11.31,11.8,0.043324491600353676,0,0,-0.042708452105382155,2026-07-22 18:35:53.059400+00:00
17283,1142,SPX.L,candle_reversal,2026-07-24,bull,69.4500,2026-08-03 15:20:40.048755+00:00,2026-08-03 15:23:02.124400+00:00,,16538,"{""tone"": ""bull"", ""strength"": 96, ""probability"": 49, ""chain"": [{""date"": ""2026-07-24"", ""label"": ""Candela di inversione bull"", ""detail"": ""pattern Engulfing""}, {""date"": ""2026-07-24"", ""label"": ""A supporto"", ""detail"": ""prezzo 69.45 al livello 69.76""}, {""date"": ""2026-07-30"", ""label"": ""Rifiuto su EMA50"", ""detail"": ""ritorno alla media e rifiuto nel verso del trend"", ""kind"": ""confirmation""}], ""factors"": {""candle_strength"": 0.96100431480727, ""at_level"": 1.0, ""confirmation_count"": 0.3333333333333333}, ""invalidation"": {""level"": 69.76, ""reason"": ""rottura del supporto""}, ""sources"": [""Nison - candlestick reversals confirmed at support/resistance""], ""annotations"": {""levels"": [{""label"": ""Supporto"", ""price"": 69.76, ""kind"": ""support""}, {""label"": ""Stop / invalidazione"", ""price"": 69.76, ""kind"": ""stop""}], ""points"": []}, ""atr"": 1.8655201787653493, ""horizon"": ""short"", ""regime_at_fire"": ""bull"", ""first_emitted_at"": ""2026-08-03T15:20:40.239751+00:00""}",5,70.8,69.45,-0.01906779661016944,0,0,-0.027329251866869003,2026-08-03 15:22:48.428041+00:00
17284,1407,BMRN,candle_reversal,2026-07-24,bull,60.0200,2026-08-03 15:20:53.203082+00:00,2026-08-03 15:23:02.124400+00:00,,16596,"{""tone"": ""bull"", ""strength"": 65, ""probability"": 49, ""chain"": [{""date"": ""2026-07-23"", ""label"": ""Rifiuto su EMA50"", ""detail"": ""ritorno alla media e rifiuto nel verso del trend"", ""kind"": ""confirmation""}, {""date"": ""2026-07-24"", ""label"": ""Candela di inversione bull"", ""detail"": ""pattern Hammer""}, {""date"": ""2026-07-24"", ""label"": ""A supporto"", ""detail"": ""prezzo 60.02 al livello 58.50""}, {""date"": ""2026-07-28"", ""label"": ""MACD cross rialzista"", ""detail"": ""incrocio MACD nel verso del segnale"", ""kind"": ""confirmation""}, {""date"": ""2026-07-30"", ""label"": ""Trend ADX in rafforzamento"", ""detail"": ""ADX conferma la forza del trend"", ""kind"": ""confirmation""}], ""factors"": {""candle_strength"": 0.6527123082931361, ""at_level"": 1.0, ""confirmation_count"": 1.0}, ""invalidation"": {""level"": 58.5, ""reason"": ""rottura del supporto""}, ""sources"": [""Nison - candlestick reversals confirmed at support/resistance""], ""annotations"": {""levels"": [{""label"": ""Supporto"", ""price"": 58.5, ""kind"": ""support""}, {""label"": ""Stop / invalidazione"", ""price"": 58.5, ""kind"": ""stop""}], ""points"": []}, ""atr"": 1.5829541001189305, ""horizon"": ""short"", ""regime_at_fire"": ""bull"", ""first_emitted_at"": ""2026-08-03T15:20:53.606878+00:00""}",5,59.330002,60.02,0.011629832744654234,1,1,0.003368377487954672,2026-08-03 15:22:48.428041+00:00
16222,1920,CAL,candle_reversal,2026-07-14,bear,11.8000,2026-07-22 18:13:14.223100+00:00,2026-07-22 18:17:44.708708+00:00,,15805,"{""tone"": ""bear"", ""strength"": 84, ""probability"": 49, ""chain"": [{""date"": ""2026-07-14"", ""label"": ""Candela di inversione bear"", ""detail"": ""pattern Engulfing""}, {""date"": ""2026-07-14"", ""label"": ""A resistenza"", ""detail"": ""prezzo 11.80 al livello 11.84""}, {""date"": ""2026-07-20"", ""label"": ""Rifiuto su EMA50"", ""detail"": ""ritorno alla media e rifiuto nel verso del trend"", ""kind"": ""confirmation""}], ""factors"": {""candle_strength"": 0.8428571428571402, ""at_level"": 1.0, ""confirmation_count"": 0.3333333333333333}, ""invalidation"": {""level"": 11.84, ""reason"": ""rottura del resistenza""}, ""sources"": [""Nison - candlestick reversals confirmed at support/resistance""], ""annotations"": {""levels"": [{""label"": ""Resistenza"", ""price"": 11.84, ""kind"": ""resistance""}, {""label"": ""Stop / invalidazione"", ""price"": 11.84, ""kind"": ""stop""}], ""points"": []}, ""atr"": 0.7067186040560965, ""horizon"": ""short"", ""regime_at_fire"": ""bear"", ""first_emitted_at"": ""2026-07-22T18:13:14.398903+00:00""}",5,11.31,11.8,0.043324491600353676,0,0,-0.042708452105382155,2026-07-22 18:17:31.299260+00:00
15941,1801,CPRX,candle_reversal,2026-07-09,bear,31.4900,2026-07-17 18:34:55.468413+00:00,2026-07-17 18:39:43.135483+00:00,,15898,"{""tone"": ""bear"", ""strength"": 96, ""probability"": 49, ""chain"": [{""date"": ""2026-07-09"", ""label"": ""Candela di inversione bear"", ""detail"": ""pattern Shooting star""}, {""date"": ""2026-07-09"", ""label"": ""A resistenza"", ""detail"": ""prezzo 31.49 al livello 31.50""}, {""date"": ""2026-07-16"", ""label"": ""RSI ipercomprato"", ""detail"": ""estremo RSI a conferma del segnale"", ""kind"": ""confirmation""}], ""factors"": {""candle_strength"": 0.96100431480727, ""at_level"": 1.0, ""confirmation_count"": 0.3333333333333333}, ""invalidation"": {""level"": 31.5, ""reason"": ""rottura del resistenza""}, ""sources"": [""Nison - candlestick reversals confirmed at support/resistance""], ""annotations"": {""levels"": [{""label"": ""Resistenza"", ""price"": 31.5, ""kind"": ""resistance""}, {""label"": ""Stop / invalidazione"", ""price"": 31.5, ""kind"": ""stop""}], ""points"": []}, ""atr"": 0.06777446944275221, ""horizon"": ""short"", ""regime_at_fire"": ""bull"", ""first_emitted_at"": ""2026-07-17T18:34:56.223954+00:00""}",5,31.47,31.49,0.0006355258976802336,0,1,0.00177603459251936,2026-07-17 18:39:29.925285+00:00
16499,66,G.MI,candle_reversal,2026-07-16,bull,42.5900,2026-07-24 00:24:44.896541+00:00,2026-07-24 00:27:54.215279+00:00,,15815,"{""tone"": ""bull"", ""strength"": 64, ""probability"": 49, ""chain"": [{""date"": ""2026-07-14"", ""label"": ""Trend ADX in rafforzamento"", ""detail"": ""ADX conferma la forza del trend"", ""kind"": ""confirmation""}, {""date"": ""2026-07-16"", ""label"": ""Candela di inversione bull"", ""detail"": ""pattern Engulfing""}, {""date"": ""2026-07-16"", ""label"": ""A supporto"", ""detail"": ""prezzo 42.59 al livello 41.70""}, {""date"": ""2026-07-16"", ""label"": ""Rifiuto su EMA50"", ""detail"": ""ritorno alla media e rifiuto nel verso del trend"", ""kind"": ""confirmation""}], ""factors"": {""candle_strength"": 0.6436936936936903, ""at_level"": 1.0, ""confirmation_count"": 0.6666666666666666}, ""invalidation"": {""level"": 41.7, ""reason"": ""rottura del supporto""}, ""sources"": [""Nison - candlestick reversals confirmed at support/resistance""], ""annotations"": {""levels"": [{""label"": ""Supporto"", ""price"": 41.7, ""kind"": ""support""}, {""label"": ""Stop / invalidazione"", ""price"": 41.7, ""kind"": ""stop""}], ""points"": []}, ""atr"": 0.6446192264179411, ""horizon"": ""short"", ""regime_at_fire"": ""bull"", ""first_emitted_at"": ""2026-07-24T00:24:45.090966+00:00""}",5,42.08,42.59,0.012119771863118078,1,1,0.01827463000888489,2026-07-24 00:27:41.103649+00:00
16186,41,IBM,gap_and_go,2026-07-14,bear,210.5000,2026-07-22 18:10:24.858386+00:00,2026-07-22 18:17:44.708708+00:00,,15748,"{""tone"": ""bear"", ""strength"": 90, ""probability"": 50, ""chain"": [{""date"": ""2026-07-07"", ""label"": ""Lower-high confermato"", ""detail"": ""struttura a conferma della continuazione"", ""kind"": ""confirmation""}, {""date"": ""2026-07-14"", ""label"": ""Gap bear"", ""detail"": ""apertura in gap del -22.0%""}, {""date"": ""2026-07-14"", ""label"": ""Conferma volume"", ""detail"": ""8.4x la media: gap partecipato""}, {""date"": ""2026-07-14"", ""label"": ""MACD cross ribassista"", ""detail"": ""incrocio MACD nel verso del segnale"", ""kind"": ""confirmation""}, {""date"": ""2026-07-21"", ""label"": ""Trend ADX in rafforzamento"", ""detail"": ""ADX conferma la forza del trend"", ""kind"": ""confirmation""}], ""factors"": {""gap_size"": 0.9774053276224867, ""volume_strength"": 0.7842238851074235, ""trend_alignment"": 1.0, ""confirmation_count"": 1.0}, ""invalidation"": null, ""sources"": [""Gap taxonomy (breakaway vs exhaustion) + volume confirmation""], ""annotations"": {""levels"": [], ""points"": []}, ""atr"": 14.670135931252236, ""horizon"": ""short"", ""regime_at_fire"": ""bear"", ""first_emitted_at"": ""2026-07-22T18:10:25.621347+00:00""}",5,217.07,210.5,-0.03026673423319659,1,1,0.030882773728168115,2026-07-22 18:17:31.299260+00:00
17424,380,EQIX,candle_reversal,2026-07-27,bear,1031.4399,2026-08-04 11:35:53.134716+00:00,2026-08-04 11:38:37.681849+00:00,,16661,"{""tone"": ""bear"", ""strength"": 65, ""probability"": 49, ""chain"": [{""date"": ""2026-07-27"", ""label"": ""Candela di inversione bear"", ""detail"": ""pattern Engulfing""}, {""date"": ""2026-07-27"", ""label"": ""A resistenza"", ""detail"": ""prezzo 1031.44 al livello 1054.54""}, {""date"": ""2026-07-29"", ""label"": ""Rifiuto su EMA50"", ""detail"": ""ritorno alla media e rifiuto nel verso del trend"", ""kind"": ""confirmation""}], ""factors"": {""candle_strength"": 0.6549852037332116, ""at_level"": 1.0, ""confirmation_count"": 0.3333333333333333}, ""invalidation"": {""level"": 1054.54, ""reason"": ""rottura del resistenza""}, ""sources"": [""Nison - candlestick reversals confirmed at support/resistance""], ""annotations"": {""levels"": [{""label"": ""Resistenza"", ""price"": 1054.54, ""kind"": ""resistance""}, {""label"": ""Stop / invalidazione"", ""price"": 1054.54, ""kind"": ""stop""}], ""points"": []}, ""atr"": 33.9727214254825, ""horizon"": ""short"", ""regime_at_fire"": ""bull"", ""first_emitted_at"": ""2026-08-04T11:35:53.724653+00:00""}",5,1046.79,1031.439941,-0.014663933549231345,1,1,0.02488111933895866,2026-08-04 11:38:24.220668+00:00
16196,228,MO,candle_reversal,2026-07-14,bear,72.9900,2026-07-22 18:10:43.815815+00:00,2026-07-22 18:17:44.708708+00:00,,15690,"{""tone"": ""bear"", ""strength"": 68, ""probability"": 49, ""chain"": [{""date"": ""2026-07-08"", ""label"": ""Lower-high confermato"", ""detail"": ""struttura a conferma della continuazione"", ""kind"": ""confirmation""}, {""date"": ""2026-07-09"", ""label"": ""MACD cross ribassista"", ""detail"": ""incrocio MACD nel verso del segnale"", ""kind"": ""confirmation""}, {""date"": ""2026-07-14"", ""label"": ""Candela di inversione bear"", ""detail"": ""pattern Engulfing""}, {""date"": ""2026-07-14"", ""label"": ""A resistenza"", ""detail"": ""prezzo 72.99 al livello 73.75""}], ""factors"": {""candle_strength"": 0.6768292682926953, ""at_level"": 1.0, ""confirmation_count"": 0.6666666666666666}, ""invalidation"": {""level"": 73.75, ""reason"": ""rottura del resistenza""}, ""sources"": [""Nison - candlestick reversals confirmed at support/resistance""], ""annotations"": {""levels"": [{""label"": ""Resistenza"", ""price"": 73.75, ""kind"": ""resistance""}, {""label"": ""Stop / invalidazione"", ""price"": 73.75, ""kind"": ""stop""}], ""points"": []}, ""atr"": 1.721482854993253, ""horizon"": ""short"", ""regime_at_fire"": ""bull"", ""first_emitted_at"": ""2026-07-22T18:10:44.676783+00:00""}",5,70.16,72.99,0.040336374002280406,0,0,-0.039720334507308885,2026-07-22 18:17:31.299260+00:00
16197,263,BAX,candle_reversal,2026-07-14,bull,22.2100,2026-07-22 18:10:50.568973+00:00,2026-07-22 18:17:44.708708+00:00,,15692,"{""tone"": ""bull"", ""strength"": 61, ""probability"": 49, ""chain"": [{""date"": ""2026-07-09"", ""label"": ""Trend ADX in rafforzamento"", ""detail"": ""ADX conferma la forza del trend"", ""kind"": ""confirmation""}, {""date"": ""2026-07-14"", ""label"": ""Candela di inversione bull"", ""detail"": ""pattern Hammer""}, {""date"": ""2026-07-14"", ""label"": ""A supporto"", ""detail"": ""prezzo 22.21 al livello 21.63""}, {""date"": ""2026-07-14"", ""label"": ""Higher-low confermato"", ""detail"": ""struttura a conferma della continuazione"", ""kind"": ""confirmation""}], ""factors"": {""candle_strength"": 0.6123376623376646, ""at_level"": 1.0, ""confirmation_count"": 0.6666666666666666}, ""invalidation"": {""level"": 21.63, ""reason"": ""rottura del supporto""}, ""sources"": [""Nison - candlestick reversals confirmed at support/resistance""], ""annotations"": {""levels"": [{""label"": ""Supporto"", ""price"": 21.63, ""kind"": ""support""}, {""label"": ""Stop / invalidazione"", ""price"": 21.63, ""kind"": ""stop""}], ""points"": []}, ""atr"": 0.7817177208213286, ""horizon"": ""short"", ""regime_at_fire"": ""bull"", ""first_emitted_at"": ""2026-07-22T18:10:50.747097+00:00""}",5,21.8,22.21,0.018807339449541383,1,1,0.018191299954569858,2026-07-22 18:17:31.299260+00:00
16198,501,MAS,candle_reversal,2026-07-14,bull,76.8200,2026-07-22 18:11:41.752158+00:00,2026-07-22 18:17:44.708708+00:00,,16040,"{""tone"": ""bull"", ""strength"": 63, ""probability"": 49, ""chain"": [{""date"": ""2026-07-08"", ""label"": ""Higher-low confermato"", ""detail"": ""struttura a conferma della continuazione"", ""kind"": ""confirmation""}, {""date"": ""2026-07-09"", ""label"": ""Trend ADX in rafforzamento"", ""detail"": ""ADX conferma la forza del trend"", ""kind"": ""confirmation""}, {""date"": ""2026-07-14"", ""label"": ""Candela di inversione bull"", ""detail"": ""pattern Engulfing""}, {""date"": ""2026-07-14"", ""label"": ""A supporto"", ""detail"": ""prezzo 76.82 al livello 75.51""}], ""factors"": {""candle_strength"": 0.6324034334763906, ""at_level"": 1.0, ""confirmation_count"": 0.6666666666666666}, ""invalidation"": {""level"": 75.51, ""reason"": ""rottura del supporto""}, ""sources"": [""Nison - candlestick reversals confirmed at support/resistance""], ""annotations"": {""levels"": [{""label"": ""Supporto"", ""price"": 75.51, ""kind"": ""support""}, {""label"": ""Stop / invalidazione"", ""price"": 75.51, ""kind"": ""stop""}], ""points"": []}, ""atr"": 2.305568163965718, ""horizon"": ""short"", ""regime_at_fire"": ""bull"", ""first_emitted_at"": ""2026-07-22T18:11:42.305887+00:00""}",5,77.85,76.82,-0.013230571612074526,0,0,-0.01384661110704605,2026-07-22 18:17:31.299260+00:00
17029,627,TEL,gap_and_go,2026-07-22,bear,206.9500,2026-07-30 18:32:59.120370+00:00,2026-07-30 18:38:01.063946+00:00,,16335,"{""tone"": ""bear"", ""strength"": 61, ""probability"": 50, ""chain"": [{""date"": ""2026-07-20"", ""label"": ""Rifiuto su EMA50"", ""detail"": ""ritorno alla media e rifiuto nel verso del trend"", ""kind"": ""confirmation""}, {""date"": ""2026-07-22"", ""label"": ""Gap bear"", ""detail"": ""apertura in gap del -4.6%""}, {""date"": ""2026-07-22"", ""label"": ""Conferma volume"", ""detail"": ""3.8x la media: gap partecipato""}], ""factors"": {""gap_size"": 0.7131357351322893, ""volume_strength"": 0.49171150067538505, ""trend_alignment"": 1.0, ""confirmation_count"": 0.3333333333333333}, ""invalidation"": null, ""sources"": [""Gap taxonomy (breakaway vs exhaustion) + volume confirmation""], ""annotations"": {""levels"": [], ""points"": []}, ""atr"": 7.733454896304019, ""horizon"": ""short"", ""regime_at_fire"": ""bear"", ""first_emitted_at"": ""2026-07-30T18:32:59.697330+00:00""}",5,200.28,206.95,0.033303375274615465,0,0,-0.031112238890500653,2026-07-30 18:37:46.814741+00:00
16221,1801,CPRX,candle_reversal,2026-07-09,bear,31.4900,2026-07-22 18:13:11.420448+00:00,2026-07-22 18:17:44.708708+00:00,,15898,"{""tone"": ""bear"", ""strength"": 96, ""probability"": 49, ""chain"": [{""date"": ""2026-07-09"", ""label"": ""Candela di inversione bear"", ""detail"": ""pattern Shooting star""}, {""date"": ""2026-07-09"", ""label"": ""A resistenza"", ""detail"": ""prezzo 31.49 al livello 31.50""}, {""date"": ""2026-07-16"", ""label"": ""RSI ipercomprato"", ""detail"": ""estremo RSI a conferma del segnale"", ""kind"": ""confirmation""}], ""factors"": {""candle_strength"": 0.96100431480727, ""at_level"": 1.0, ""confirmation_count"": 0.3333333333333333}, ""invalidation"": {""level"": 31.5, ""reason"": ""rottura del resistenza""}, ""sources"": [""Nison - candlestick reversals confirmed at support/resistance""], ""annotations"": {""levels"": [{""label"": ""Resistenza"", ""price"": 31.5, ""kind"": ""resistance""}, {""label"": ""Stop / invalidazione"", ""price"": 31.5, ""kind"": ""stop""}], ""points"": []}, ""atr"": 0.06777446944275221, ""horizon"": ""short"", ""regime_at_fire"": ""bull"", ""first_emitted_at"": ""2026-07-22T18:13:11.987584+00:00""}",5,31.47,31.49,0.0006355258976802336,0,1,0.001538721730892846,2026-07-22 18:17:31.299260+00:00
16624,457,ISRG,gap_and_go,2026-07-17,bear,337.5000,2026-07-27 18:33:19.838908+00:00,2026-07-27 18:45:30.625379+00:00,,15970,"{""tone"": ""bear"", ""strength"": 62, ""probability"": 50, ""chain"": [{""date"": ""2026-07-14"", ""label"": ""MACD cross ribassista"", ""detail"": ""incrocio MACD nel verso del segnale"", ""kind"": ""confirmation""}, {""date"": ""2026-07-17"", ""label"": ""Gap bear"", ""detail"": ""apertura in gap del -9.3%""}, {""date"": ""2026-07-17"", ""label"": ""Conferma volume"", ""detail"": ""3.9x la media: gap partecipato""}, {""date"": ""2026-07-22"", ""label"": ""Candela di rifiuto"", ""detail"": ""pattern engulfing"", ""kind"": ""confirmation""}, {""date"": ""2026-07-24"", ""label"": ""Trend ADX in rafforzamento"", ""detail"": ""ADX conferma la forza del trend"", ""kind"": ""confirmation""}], ""factors"": {""gap_size"": 0.8848577398739509, ""volume_strength"": 0.5031486613408622, ""trend_alignment"": 1.0, ""confirmation_count"": 1.0}, ""invalidation"": null, ""sources"": [""Gap taxonomy (breakaway vs exhaustion) + volume confirmation""], ""annotations"": {""levels"": [], ""points"": []}, ""atr"": 15.841750427498516, ""horizon"": ""short"", ""regime_at_fire"": ""bear"", ""first_emitted_at"": ""2026-07-27T18:33:20.040440+00:00""}",5,345.42,337.5,-0.022928608650338744,1,1,0.02404165560056091,2026-07-27 18:45:14.946241+00:00
17276,422,GPC,candle_reversal,2026-07-24,bull,124.3700,2026-08-03 12:33:19.057476+00:00,2026-08-03 12:38:44.322418+00:00,,16566,"{""tone"": ""bull"", ""strength"": 92, ""probability"": 49, ""chain"": [{""date"": ""2026-07-21"", ""label"": ""Rifiuto su EMA200"", ""detail"": ""ritorno alla media e rifiuto nel verso del trend"", ""kind"": ""confirmation""}, {""date"": ""2026-07-21"", ""label"": ""Higher-low confermato"", ""detail"": ""struttura a conferma della continuazione"", ""kind"": ""confirmation""}, {""date"": ""2026-07-21"", ""label"": ""Volume sulla salita"", ""detail"": ""volume sopra la media nel verso del segnale"", ""kind"": ""confirmation""}, {""date"": ""2026-07-24"", ""label"": ""Candela di inversione bull"", ""detail"": ""pattern Engulfing""}, {""date"": ""2026-07-24"", ""label"": ""A supporto"", ""detail"": ""prezzo 124.37 al livello 124.32""}, {""date"": ""2026-07-31"", ""label"": ""Trend ADX in rafforzamento"", ""detail"": ""ADX conferma la forza del trend"", ""kind"": ""confirmation""}], ""factors"": {""candle_strength"": 0.924500135090478, ""at_level"": 1.0, ""confirmation_count"": 1.0}, ""invalidation"": {""level"": 124.32, ""reason"": ""rottura del supporto""}, ""sources"": [""Nison - candlestick reversals confirmed at support/resistance""], ""annotations"": {""levels"": [{""label"": ""Supporto"", ""price"": 124.32, ""kind"": ""support""}, {""label"": ""Stop / invalidazione"", ""price"": 124.32, ""kind"": ""stop""}], ""points"": []}, ""atr"": 4.477528277537326, ""horizon"": ""short"", ""regime_at_fire"": ""bull"", ""first_emitted_at"": ""2026-08-03T12:33:19.638769+00:00""}",5,124.21,124.370003,0.0012881652040899194,1,0,-0.006973290052609642,2026-08-03 12:38:30.338418+00:00
16171,41,IBM,gap_and_go,2026-07-14,bear,210.5000,2026-07-22 13:43:13.092003+00:00,2026-07-22 13:50:11.081870+00:00,,15748,"{""tone"": ""bear"", ""strength"": 90, ""probability"": 50, ""chain"": [{""date"": ""2026-07-07"", ""label"": ""Lower-high confermato"", ""detail"": ""struttura a conferma della continuazione"", ""kind"": ""confirmation""}, {""date"": ""2026-07-14"", ""label"": ""Gap bear"", ""detail"": ""apertura in gap del -22.0%""}, {""date"": ""2026-07-14"", ""label"": ""Conferma volume"", ""detail"": ""8.4x la media: gap partecipato""}, {""date"": ""2026-07-14"", ""label"": ""MACD cross ribassista"", ""detail"": ""incrocio MACD nel verso del segnale"", ""kind"": ""confirmation""}, {""date"": ""2026-07-21"", ""label"": ""Trend ADX in rafforzamento"", ""detail"": ""ADX conferma la forza del trend"", ""kind"": ""confirmation""}], ""factors"": {""gap_size"": 0.9774053276224867, ""volume_strength"": 0.7842238851074235, ""trend_alignment"": 1.0, ""confirmation_count"": 1.0}, ""invalidation"": null, ""sources"": [""Gap taxonomy (breakaway vs exhaustion) + volume confirmation""], ""annotations"": {""levels"": [], ""points"": []}, ""atr"": 14.670135931252236, ""horizon"": ""short"", ""regime_at_fire"": ""bear"", ""first_emitted_at"": ""2026-07-22T13:36:54.677570+00:00"", ""amended_at"": ""2026-07-22T13:43:13.089422+00:00"", ""amend_count"": 1}",5,217.07,210.5,-0.03026673423319659,1,1,0.030882773728168115,2026-07-22 13:49:56.107580+00:00
16456,1801,CPRX,candle_reversal,2026-07-09,bear,31.4900,2026-07-23 20:11:58.901273+00:00,2026-07-23 20:12:38.533815+00:00,,15898,"{""tone"": ""bear"", ""strength"": 96, ""probability"": 49, ""chain"": [{""date"": ""2026-07-09"", ""label"": ""Candela di inversione bear"", ""detail"": ""pattern Shooting star""}, {""date"": ""2026-07-09"", ""label"": ""A resistenza"", ""detail"": ""prezzo 31.49 al livello 31.50""}, {""date"": ""2026-07-16"", ""label"": ""RSI ipercomprato"", ""detail"": ""estremo RSI a conferma del segnale"", ""kind"": ""confirmation""}], ""factors"": {""candle_strength"": 0.96100431480727, ""at_level"": 1.0, ""confirmation_count"": 0.3333333333333333}, ""invalidation"": {""level"": 31.5, ""reason"": ""rottura del resistenza""}, ""sources"": [""Nison - candlestick reversals confirmed at support/resistance""], ""annotations"": {""levels"": [{""label"": ""Resistenza"", ""price"": 31.5, ""kind"": ""resistance""}, {""label"": ""Stop / invalidazione"", ""price"": 31.5, ""kind"": ""stop""}], ""points"": []}, ""atr"": 0.06777446944275221, ""horizon"": ""short"", ""regime_at_fire"": ""bull"", ""first_emitted_at"": ""2026-07-23T20:11:59.094999+00:00""}",5,31.47,31.49,0.0006355258976802336,0,1,0.001538721730892846,2026-07-23 20:12:25.613986+00:00
16500,82,MC.PA,candle_reversal,2026-07-16,bull,453.5500,2026-07-24 00:24:46.850733+00:00,2026-07-24 00:27:54.215279+00:00,,15816,"{""tone"": ""bull"", ""strength"": 96, ""probability"": 49, ""chain"": [{""date"": ""2026-07-14"", ""label"": ""Higher-low confermato"", ""detail"": ""struttura a conferma della continuazione"", ""kind"": ""confirmation""}, {""date"": ""2026-07-16"", ""label"": ""Candela di inversione bull"", ""detail"": ""pattern Engulfing""}, {""date"": ""2026-07-16"", ""label"": ""A supporto"", ""detail"": ""prezzo 453.55 al livello 450.90""}, {""date"": ""2026-07-16"", ""label"": ""Rifiuto su EMA50"", ""detail"": ""ritorno alla media e rifiuto nel verso del trend"", ""kind"": ""confirmation""}, {""date"": ""2026-07-16"", ""label"": ""MACD cross rialzista"", ""detail"": ""incrocio MACD nel verso del segnale"", ""kind"": ""confirmation""}], ""factors"": {""candle_strength"": 0.96100431480727, ""at_level"": 1.0, ""confirmation_count"": 1.0}, ""invalidation"": {""level"": 450.9, ""reason"": ""rottura del supporto""}, ""sources"": [""Nison - candlestick reversals confirmed at support/resistance""], ""annotations"": {""levels"": [{""label"": ""Supporto"", ""price"": 450.9, ""kind"": ""support""}, {""label"": ""Stop / invalidazione"", ""price"": 450.9, ""kind"": ""stop""}], ""points"": []}, ""atr"": 13.454455062357077, ""horizon"": ""short"", ""regime_at_fire"": ""bear"", ""first_emitted_at"": ""2026-07-24T00:24:47.821775+00:00""}",5,503.1,453.55,-0.09848936593122637,0,0,-0.09233450778545955,2026-07-24 00:27:41.103649+00:00
16098,1113,LSEG.L,candle_reversal,2026-07-14,bull,88.4400,2026-07-21 14:55:39.641904+00:00,2026-07-22 13:50:11.081870+00:00,,15997,"{""tone"": ""bull"", ""strength"": 81, ""probability"": 49, ""chain"": [{""date"": ""2026-07-14"", ""label"": ""Candela di inversione bull"", ""detail"": ""pattern Hammer""}, {""date"": ""2026-07-14"", ""label"": ""A supporto"", ""detail"": ""prezzo 88.44 al livello 87.02""}, {""date"": ""2026-07-16"", ""label"": ""Rifiuto su EMA200"", ""detail"": ""ritorno alla media e rifiuto nel verso del trend"", ""kind"": ""confirmation""}], ""factors"": {""candle_strength"": 0.8071183112420227, ""at_level"": 1.0, ""confirmation_count"": 0.3333333333333333}, ""invalidation"": {""level"": 87.02, ""reason"": ""rottura del supporto""}, ""sources"": [""Nison - candlestick reversals confirmed at support/resistance""], ""annotations"": {""levels"": [{""label"": ""Supporto"", ""price"": 87.02, ""kind"": ""support""}, {""label"": ""Stop / invalidazione"", ""price"": 87.02, ""kind"": ""stop""}], ""points"": []}, ""atr"": 5.98960807030783, ""horizon"": ""short"", ""regime_at_fire"": ""bear"", ""first_emitted_at"": ""2026-07-21T14:55:40.016346+00:00""}",5,89.74,86.0,-0.04167595275239577,0,0,-0.04912678704994562,2026-07-21 18:44:56.263488+00:00
15907,655,VTR,candle_reversal,2026-07-09,bear,95.0400,2026-07-17 11:36:45.675861+00:00,2026-07-17 11:43:17.184511+00:00,,15544,"{""tone"": ""bear"", ""strength"": 61, ""probability"": 49, ""chain"": [{""date"": ""2026-07-07"", ""label"": ""RSI ipercomprato"", ""detail"": ""estremo RSI a conferma del segnale"", ""kind"": ""confirmation""}, {""date"": ""2026-07-09"", ""label"": ""Candela di inversione bear"", ""detail"": ""pattern Shooting star""}, {""date"": ""2026-07-09"", ""label"": ""A resistenza"", ""detail"": ""prezzo 95.04 al livello 94.60""}], ""factors"": {""candle_strength"": 0.6110169491525395, ""at_level"": 1.0, ""confirmation_count"": 0.3333333333333333}, ""invalidation"": {""level"": 94.6, ""reason"": ""rottura del resistenza""}, ""sources"": [""Nison - candlestick reversals confirmed at support/resistance""], ""annotations"": {""levels"": [{""label"": ""Resistenza"", ""price"": 94.6, ""kind"": ""resistance""}, {""label"": ""Stop / invalidazione"", ""price"": 94.6, ""kind"": ""stop""}], ""points"": []}, ""atr"": 2.0919102248613073, ""horizon"": ""short"", ""regime_at_fire"": ""bull"", ""first_emitted_at"": ""2026-07-17T11:36:45.872872+00:00""}",5,91.74,95.04,0.035971223021582954,0,0,-0.03355966253138336,2026-07-17 11:43:03.796890+00:00
15902,1801,CPRX,candle_reversal,2026-07-09,bear,31.4900,2026-07-16 23:33:16.216612+00:00,2026-07-17 11:43:17.184511+00:00,,15898,"{""tone"": ""bear"", ""strength"": 96, ""probability"": 49, ""chain"": [{""date"": ""2026-07-09"", ""label"": ""Candela di inversione bear"", ""detail"": ""pattern Shooting star""}, {""date"": ""2026-07-09"", ""label"": ""A resistenza"", ""detail"": ""prezzo 31.49 al livello 31.50""}, {""date"": ""2026-07-15"", ""label"": ""RSI ipercomprato"", ""detail"": ""estremo RSI a conferma del segnale"", ""kind"": ""confirmation""}], ""factors"": {""candle_strength"": 0.96100431480727, ""at_level"": 1.0, ""confirmation_count"": 0.3333333333333333}, ""invalidation"": {""level"": 31.5, ""reason"": ""rottura del resistenza""}, ""sources"": [""Nison - candlestick reversals confirmed at support/resistance""], ""annotations"": {""levels"": [{""label"": ""Resistenza"", ""price"": 31.5, ""kind"": ""resistance""}, {""label"": ""Stop / invalidazione"", ""price"": 31.5, ""kind"": ""stop""}], ""points"": []}, ""atr"": 0.07298788912542903, ""horizon"": ""short"", ""regime_at_fire"": ""bull"", ""first_emitted_at"": ""2026-07-16T23:33:16.410062+00:00""}",5,31.47,31.49,0.0006355258976802336,0,1,0.00177603459251936,2026-07-17 11:43:03.796890+00:00
15810,1105,ITRK.L,candle_reversal,2026-07-08,bear,58.3000,2026-07-16 10:46:13.873001+00:00,2026-07-16 10:52:36.000367+00:00,,15340,"{""tone"": ""bear"", ""strength"": 96, ""probability"": 49, ""chain"": [{""date"": ""2026-07-03"", ""label"": ""Divergenza RSI ribassista"", ""detail"": ""divergenza prezzo / RSI"", ""kind"": ""confirmation""}, {""date"": ""2026-07-08"", ""label"": ""Candela di inversione bear"", ""detail"": ""pattern Shooting star""}, {""date"": ""2026-07-08"", ""label"": ""A resistenza"", ""detail"": ""prezzo 58.30 al livello 58.20""}, {""date"": ""2026-07-15"", ""label"": ""RSI ipercomprato"", ""detail"": ""estremo RSI a conferma del segnale"", ""kind"": ""confirmation""}], ""factors"": {""candle_strength"": 0.96100431480727, ""at_level"": 1.0, ""confirmation_count"": 0.6666666666666666}, ""invalidation"": {""level"": 58.2, ""reason"": ""rottura del resistenza""}, ""sources"": [""Nison - candlestick reversals confirmed at support/resistance""], ""annotations"": {""levels"": [{""label"": ""Resistenza"", ""price"": 58.2, ""kind"": ""resistance""}, {""label"": ""Stop / invalidazione"", ""price"": 58.2, ""kind"": ""stop""}], ""points"": []}, ""atr"": 0.37416119839795675, ""horizon"": ""short"", ""regime_at_fire"": ""bull"", ""first_emitted_at"": ""2026-07-16T10:46:14.662246+00:00""}",5,58.1,58.3,0.0034423407917383297,0,1,0.001670164533316489,2026-07-16 10:52:21.191806+00:00
16173,228,MO,candle_reversal,2026-07-14,bear,72.9900,2026-07-22 13:43:32.424027+00:00,2026-07-22 13:50:11.081870+00:00,,15690,"{""tone"": ""bear"", ""strength"": 68, ""probability"": 49, ""chain"": [{""date"": ""2026-07-08"", ""label"": ""Lower-high confermato"", ""detail"": ""struttura a conferma della continuazione"", ""kind"": ""confirmation""}, {""date"": ""2026-07-09"", ""label"": ""MACD cross ribassista"", ""detail"": ""incrocio MACD nel verso del segnale"", ""kind"": ""confirmation""}, {""date"": ""2026-07-14"", ""label"": ""Candela di inversione bear"", ""detail"": ""pattern Engulfing""}, {""date"": ""2026-07-14"", ""label"": ""A resistenza"", ""detail"": ""prezzo 72.99 al livello 73.75""}], ""factors"": {""candle_strength"": 0.6768292682926953, ""at_level"": 1.0, ""confirmation_count"": 0.6666666666666666}, ""invalidation"": {""level"": 73.75, ""reason"": ""rottura del resistenza""}, ""sources"": [""Nison - candlestick reversals confirmed at support/resistance""], ""annotations"": {""levels"": [{""label"": ""Resistenza"", ""price"": 73.75, ""kind"": ""resistance""}, {""label"": ""Stop / invalidazione"", ""price"": 73.75, ""kind"": ""stop""}], ""points"": []}, ""atr"": 1.721482854993253, ""horizon"": ""short"", ""regime_at_fire"": ""bull"", ""first_emitted_at"": ""2026-07-22T13:37:14.198110+00:00"", ""amended_at"": ""2026-07-22T13:43:32.422353+00:00"", ""amend_count"": 1}",5,70.16,72.99,0.040336374002280406,0,0,-0.039720334507308885,2026-07-22 13:49:56.107580+00:00
17325,422,GPC,candle_reversal,2026-07-24,bull,124.3700,2026-08-03 19:56:05.498466+00:00,2026-08-03 19:58:50.176333+00:00,,16566,"{""tone"": ""bull"", ""strength"": 92, ""probability"": 49, ""chain"": [{""date"": ""2026-07-21"", ""label"": ""Rifiuto su EMA200"", ""detail"": ""ritorno alla media e rifiuto nel verso del trend"", ""kind"": ""confirmation""}, {""date"": ""2026-07-21"", ""label"": ""Higher-low confermato"", ""detail"": ""struttura a conferma della continuazione"", ""kind"": ""confirmation""}, {""date"": ""2026-07-21"", ""label"": ""Volume sulla salita"", ""detail"": ""volume sopra la media nel verso del segnale"", ""kind"": ""confirmation""}, {""date"": ""2026-07-24"", ""label"": ""Candela di inversione bull"", ""detail"": ""pattern Engulfing""}, {""date"": ""2026-07-24"", ""label"": ""A supporto"", ""detail"": ""prezzo 124.37 al livello 124.32""}, {""date"": ""2026-07-31"", ""label"": ""Trend ADX in rafforzamento"", ""detail"": ""ADX conferma la forza del trend"", ""kind"": ""confirmation""}], ""factors"": {""candle_strength"": 0.924500135090478, ""at_level"": 1.0, ""confirmation_count"": 1.0}, ""invalidation"": {""level"": 124.32, ""reason"": ""rottura del supporto""}, ""sources"": [""Nison - candlestick reversals confirmed at support/resistance""], ""annotations"": {""levels"": [{""label"": ""Supporto"", ""price"": 124.32, ""kind"": ""support""}, {""label"": ""Stop / invalidazione"", ""price"": 124.32, ""kind"": ""stop""}], ""points"": []}, ""atr"": 4.477528277537326, ""horizon"": ""short"", ""regime_at_fire"": ""bull"", ""first_emitted_at"": ""2026-08-03T19:56:06.126180+00:00""}",5,124.21,124.370003,0.0012881652040899194,1,0,-0.006973290266825135,2026-08-03 19:58:36.708911+00:00
15814,1800,GRAL,candle_reversal,2026-07-08,bull,74.3600,2026-07-16 10:47:10.796856+00:00,2026-07-16 10:52:36.000367+00:00,,15583,"{""tone"": ""bull"", ""strength"": 72, ""probability"": 49, ""chain"": [{""date"": ""2026-07-08"", ""label"": ""Candela di inversione bull"", ""detail"": ""pattern Engulfing""}, {""date"": ""2026-07-08"", ""label"": ""A supporto"", ""detail"": ""prezzo 74.36 al livello 74.00""}, {""date"": ""2026-07-08"", ""label"": ""Rifiuto su EMA200"", ""detail"": ""ritorno alla media e rifiuto nel verso del trend"", ""kind"": ""confirmation""}, {""date"": ""2026-07-15"", ""label"": ""Trend ADX in rafforzamento"", ""detail"": ""ADX conferma la forza del trend"", ""kind"": ""confirmation""}], ""factors"": {""candle_strength"": 0.7242663656884878, ""at_level"": 1.0, ""confirmation_count"": 0.6666666666666666}, ""invalidation"": {""level"": 74.0, ""reason"": ""rottura del supporto""}, ""sources"": [""Nison - candlestick reversals confirmed at support/resistance""], ""annotations"": {""levels"": [{""label"": ""Supporto"", ""price"": 74.0, ""kind"": ""support""}, {""label"": ""Stop / invalidazione"", ""price"": 74.0, ""kind"": ""stop""}], ""points"": []}, ""atr"": 4.162351481502341, ""horizon"": ""short"", ""regime_at_fire"": ""bull"", ""first_emitted_at"": ""2026-07-16T10:47:11.197461+00:00""}",5,70.14,74.36,0.06016538351867684,1,1,0.05505287819362202,2026-07-16 10:52:21.191806+00:00
16224,117,ADYEN.AS,candle_reversal,2026-07-15,bull,820.9000,2026-07-22 18:32:34.336271+00:00,2026-07-23 11:42:12.664884+00:00,,15730,"{""tone"": ""bull"", ""strength"": 95, ""probability"": 49, ""chain"": [{""date"": ""2026-07-15"", ""label"": ""Candela di inversione bull"", ""detail"": ""pattern Engulfing""}, {""date"": ""2026-07-15"", ""label"": ""A supporto"", ""detail"": ""prezzo 820.90 al livello 824.40""}], ""factors"": {""candle_strength"": 0.9547096100787825, ""at_level"": 1.0}, ""invalidation"": {""level"": 824.4, ""reason"": ""rottura del supporto""}, ""sources"": [""Nison - candlestick reversals confirmed at support/resistance""], ""annotations"": {""levels"": [{""label"": ""Supporto"", ""price"": 824.4, ""kind"": ""support""}, {""label"": ""Stop / invalidazione"", ""price"": 824.4, ""kind"": ""stop""}], ""points"": []}, ""atr"": 31.176021506540582, ""horizon"": ""short"", ""regime_at_fire"": ""bear"", ""first_emitted_at"": ""2026-07-22T18:32:35.860924+00:00""}",5,872.0,820.9,-0.05860091743119267,0,0,-0.06825797635778062,2026-07-22 18:35:53.059400+00:00
17326,1407,BMRN,candle_reversal,2026-07-24,bull,60.0200,2026-08-03 19:57:45.716307+00:00,2026-08-03 19:58:50.176333+00:00,,16596,"{""tone"": ""bull"", ""strength"": 65, ""probability"": 49, ""chain"": [{""date"": ""2026-07-23"", ""label"": ""Rifiuto su EMA50"", ""detail"": ""ritorno alla media e rifiuto nel verso del trend"", ""kind"": ""confirmation""}, {""date"": ""2026-07-24"", ""label"": ""Candela di inversione bull"", ""detail"": ""pattern Hammer""}, {""date"": ""2026-07-24"", ""label"": ""A supporto"", ""detail"": ""prezzo 60.02 al livello 58.50""}, {""date"": ""2026-07-28"", ""label"": ""MACD cross rialzista"", ""detail"": ""incrocio MACD nel verso del segnale"", ""kind"": ""confirmation""}, {""date"": ""2026-07-30"", ""label"": ""Trend ADX in rafforzamento"", ""detail"": ""ADX conferma la forza del trend"", ""kind"": ""confirmation""}], ""factors"": {""candle_strength"": 0.6527123082931361, ""at_level"": 1.0, ""confirmation_count"": 1.0}, ""invalidation"": {""level"": 58.5, ""reason"": ""rottura del supporto""}, ""sources"": [""Nison - candlestick reversals confirmed at support/resistance""], ""annotations"": {""levels"": [{""label"": ""Supporto"", ""price"": 58.5, ""kind"": ""support""}, {""label"": ""Stop / invalidazione"", ""price"": 58.5, ""kind"": ""stop""}], ""points"": []}, ""atr"": 1.5829541001189305, ""horizon"": ""short"", ""regime_at_fire"": ""bull"", ""first_emitted_at"": ""2026-08-03T19:57:46.107715+00:00""}",5,59.330002,60.02,0.011629832744654234,1,1,0.0033683772737391794,2026-08-03 19:58:36.708911+00:00
16225,228,MO,candle_reversal,2026-07-14,bear,72.9900,2026-07-22 18:32:43.300526+00:00,2026-07-22 18:36:07.091143+00:00,,15690,"{""tone"": ""bear"", ""strength"": 68, ""probability"": 49, ""chain"": [{""date"": ""2026-07-08"", ""label"": ""Lower-high confermato"", ""detail"": ""struttura a conferma della continuazione"", ""kind"": ""confirmation""}, {""date"": ""2026-07-09"", ""label"": ""MACD cross ribassista"", ""detail"": ""incrocio MACD nel verso del segnale"", ""kind"": ""confirmation""}, {""date"": ""2026-07-14"", ""label"": ""Candela di inversione bear"", ""detail"": ""pattern Engulfing""}, {""date"": ""2026-07-14"", ""label"": ""A resistenza"", ""detail"": ""prezzo 72.99 al livello 73.75""}], ""factors"": {""candle_strength"": 0.6768292682926953, ""at_level"": 1.0, ""confirmation_count"": 0.6666666666666666}, ""invalidation"": {""level"": 73.75, ""reason"": ""rottura del resistenza""}, ""sources"": [""Nison - candlestick reversals confirmed at support/resistance""], ""annotations"": {""levels"": [{""label"": ""Resistenza"", ""price"": 73.75, ""kind"": ""resistance""}, {""label"": ""Stop / invalidazione"", ""price"": 73.75, ""kind"": ""stop""}], ""points"": []}, ""atr"": 1.721482854993253, ""horizon"": ""short"", ""regime_at_fire"": ""bull"", ""first_emitted_at"": ""2026-07-22T18:32:44.081573+00:00""}",5,70.16,72.99,0.040336374002280406,0,0,-0.039720334507308885,2026-07-22 18:35:53.059400+00:00
16318,867,INF.L,candle_reversal,2026-07-15,bull,8.6640,2026-07-22 23:33:26.824082+00:00,2026-07-23 11:42:12.664884+00:00,,15740,"{""tone"": ""bull"", ""strength"": 86, ""probability"": 49, ""chain"": [{""date"": ""2026-07-14"", ""label"": ""Higher-low confermato"", ""detail"": ""struttura a conferma della continuazione"", ""kind"": ""confirmation""}, {""date"": ""2026-07-15"", ""label"": ""Candela di inversione bull"", ""detail"": ""pattern Engulfing""}, {""date"": ""2026-07-15"", ""label"": ""A supporto"", ""detail"": ""prezzo 8.66 al livello 8.66""}], ""factors"": {""candle_strength"": 0.8609756097560939, ""at_level"": 1.0, ""confirmation_count"": 0.3333333333333333}, ""invalidation"": {""level"": 8.658, ""reason"": ""rottura del supporto""}, ""sources"": [""Nison - candlestick reversals confirmed at support/resistance""], ""annotations"": {""levels"": [{""label"": ""Supporto"", ""price"": 8.658, ""kind"": ""support""}, {""label"": ""Stop / invalidazione"", ""price"": 8.658, ""kind"": ""stop""}], ""points"": []}, ""atr"": 0.1797411462449279, ""horizon"": ""short"", ""regime_at_fire"": ""bull"", ""first_emitted_at"": ""2026-07-22T23:33:27.384447+00:00""}",5,8.964,8.664,-0.03346720214190102,0,0,-0.03496046658732041,2026-07-22 23:37:36.635074+00:00
17265,422,GPC,candle_reversal,2026-07-24,bull,124.3700,2026-08-02 23:19:28.576000+00:00,2026-08-02 23:24:34.527228+00:00,,16566,"{""tone"": ""bull"", ""strength"": 92, ""probability"": 49, ""chain"": [{""date"": ""2026-07-21"", ""label"": ""Rifiuto su EMA200"", ""detail"": ""ritorno alla media e rifiuto nel verso del trend"", ""kind"": ""confirmation""}, {""date"": ""2026-07-21"", ""label"": ""Higher-low confermato"", ""detail"": ""struttura a conferma della continuazione"", ""kind"": ""confirmation""}, {""date"": ""2026-07-21"", ""label"": ""Volume sulla salita"", ""detail"": ""volume sopra la media nel verso del segnale"", ""kind"": ""confirmation""}, {""date"": ""2026-07-24"", ""label"": ""Candela di inversione bull"", ""detail"": ""pattern Engulfing""}, {""date"": ""2026-07-24"", ""label"": ""A supporto"", ""detail"": ""prezzo 124.37 al livello 124.32""}, {""date"": ""2026-07-31"", ""label"": ""Trend ADX in rafforzamento"", ""detail"": ""ADX conferma la forza del trend"", ""kind"": ""confirmation""}], ""factors"": {""candle_strength"": 0.924500135090478, ""at_level"": 1.0, ""confirmation_count"": 1.0}, ""invalidation"": {""level"": 124.32, ""reason"": ""rottura del supporto""}, ""sources"": [""Nison - candlestick reversals confirmed at support/resistance""], ""annotations"": {""levels"": [{""label"": ""Supporto"", ""price"": 124.32, ""kind"": ""support""}, {""label"": ""Stop / invalidazione"", ""price"": 124.32, ""kind"": ""stop""}], ""points"": []}, ""atr"": 4.477528277537326, ""horizon"": ""short"", ""regime_at_fire"": ""bull"", ""first_emitted_at"": ""2026-08-02T23:19:29.154836+00:00""}",5,124.21,124.370003,0.0012881652040899194,1,0,-0.006973290014345948,2026-08-02 23:24:21.193531+00:00
16519,259,AXON,candle_reversal,2026-07-16,bull,491.9000,2026-07-24 18:33:00.305702+00:00,2026-07-24 18:40:25.318477+00:00,,15834,"{""tone"": ""bull"", ""strength"": 66, ""probability"": 49, ""chain"": [{""date"": ""2026-07-16"", ""label"": ""Candela di inversione bull"", ""detail"": ""pattern Hammer""}, {""date"": ""2026-07-16"", ""label"": ""A supporto"", ""detail"": ""prezzo 491.90 al livello 484.43""}, {""date"": ""2026-07-20"", ""label"": ""Trend ADX in rafforzamento"", ""detail"": ""ADX conferma la forza del trend"", ""kind"": ""confirmation""}, {""date"": ""2026-07-20"", ""label"": ""Rifiuto su EMA50"", ""detail"": ""ritorno alla media e rifiuto nel verso del trend"", ""kind"": ""confirmation""}], ""factors"": {""candle_strength"": 0.6609216402760905, ""at_level"": 1.0, ""confirmation_count"": 0.6666666666666666}, ""invalidation"": {""level"": 484.43, ""reason"": ""rottura del supporto""}, ""sources"": [""Nison - candlestick reversals confirmed at support/resistance""], ""annotations"": {""levels"": [{""label"": ""Supporto"", ""price"": 484.43, ""kind"": ""support""}, {""label"": ""Stop / invalidazione"", ""price"": 484.43, ""kind"": ""stop""}], ""points"": []}, ""atr"": 30.073252586846504, ""horizon"": ""short"", ""regime_at_fire"": ""bear"", ""first_emitted_at"": ""2026-07-24T18:33:01.062916+00:00""}",5,541.75,491.9,-0.09201661282879559,0,0,-0.08580152270352658,2026-07-24 18:40:10.942262+00:00
18757,688,YUM,candle_reversal,2026-08-12,bull,145.9300,2026-08-20 12:46:42.411245+00:00,2026-08-20 12:48:32.059548+00:00,,18206,"{""tone"": ""bull"", ""strength"": 89, ""probability"": 49, ""chain"": [{""date"": ""2026-08-11"", ""label"": ""Divergenza RSI rialzista"", ""detail"": ""divergenza prezzo / RSI"", ""kind"": ""confirmation""}, {""date"": ""2026-08-12"", ""label"": ""Candela di inversione bull"", ""detail"": ""pattern Engulfing""}, {""date"": ""2026-08-12"", ""label"": ""A supporto"", ""detail"": ""prezzo 145.93 al livello 145.44""}, {""date"": ""2026-08-13"", ""label"": ""MACD cross rialzista"", ""detail"": ""incrocio MACD nel verso del segnale"", ""kind"": ""confirmation""}], ""factors"": {""candle_strength"": 0.8850419521297137, ""at_level"": 1.0, ""confirmation_count"": 0.6666666666666666}, ""invalidation"": {""level"": 145.44, ""reason"": ""rottura del supporto""}, ""sources"": [""Nison - candlestick reversals confirmed at support/resistance""], ""annotations"": {""levels"": [{""label"": ""Supporto"", ""price"": 145.44, ""kind"": ""support""}, {""label"": ""Stop / invalidazione"", ""price"": 145.44, ""kind"": ""stop""}], ""points"": []}, ""atr"": 4.3742583132745105, ""horizon"": ""short"", ""regime_at_fire"": ""bear"", ""first_emitted_at"": ""2026-08-20T12:46:43.180342+00:00""}",5,150.339996,145.929993,-0.029333531444287186,0,0,-0.02808085660051583,2026-08-20 12:48:17.744470+00:00
17267,1407,BMRN,candle_reversal,2026-07-24,bull,60.0200,2026-08-02 23:20:53.685378+00:00,2026-08-02 23:24:34.527228+00:00,,16596,"{""tone"": ""bull"", ""strength"": 65, ""probability"": 49, ""chain"": [{""date"": ""2026-07-23"", ""label"": ""Rifiuto su EMA50"", ""detail"": ""ritorno alla media e rifiuto nel verso del trend"", ""kind"": ""confirmation""}, {""date"": ""2026-07-24"", ""label"": ""Candela di inversione bull"", ""detail"": ""pattern Hammer""}, {""date"": ""2026-07-24"", ""label"": ""A supporto"", ""detail"": ""prezzo 60.02 al livello 58.50""}, {""date"": ""2026-07-28"", ""label"": ""MACD cross rialzista"", ""detail"": ""incrocio MACD nel verso del segnale"", ""kind"": ""confirmation""}, {""date"": ""2026-07-30"", ""label"": ""Trend ADX in rafforzamento"", ""detail"": ""ADX conferma la forza del trend"", ""kind"": ""confirmation""}], ""factors"": {""candle_strength"": 0.6527123082931361, ""at_level"": 1.0, ""confirmation_count"": 1.0}, ""invalidation"": {""level"": 58.5, ""reason"": ""rottura del supporto""}, ""sources"": [""Nison - candlestick reversals confirmed at support/resistance""], ""annotations"": {""levels"": [{""label"": ""Supporto"", ""price"": 58.5, ""kind"": ""support""}, {""label"": ""Stop / invalidazione"", ""price"": 58.5, ""kind"": ""stop""}], ""points"": []}, ""atr"": 1.5829541001189305, ""horizon"": ""short"", ""regime_at_fire"": ""bull"", ""first_emitted_at"": ""2026-08-02T23:20:54.078569+00:00""}",5,59.330002,60.02,0.011629832744654234,1,1,0.0033683775262183663,2026-08-02 23:24:21.193531+00:00
19461,825,AZN.L,candle_reversal,2026-08-21,bull,119.7000,2026-08-31 23:34:04.719347+00:00,2026-08-31 23:41:03.307411+00:00,,18845,"{""tone"": ""bull"", ""strength"": 95, ""probability"": 49, ""chain"": [{""date"": ""2026-08-14"", ""label"": ""Divergenza RSI rialzista"", ""detail"": ""divergenza prezzo / RSI"", ""kind"": ""confirmation""}, {""date"": ""2026-08-19"", ""label"": ""MACD cross rialzista"", ""detail"": ""incrocio MACD nel verso del segnale"", ""kind"": ""confirmation""}, {""date"": ""2026-08-21"", ""label"": ""Candela di inversione bull"", ""detail"": ""pattern Engulfing""}, {""date"": ""2026-08-21"", ""label"": ""A supporto"", ""detail"": ""prezzo 119.70 al livello 117.98""}], ""factors"": {""candle_strength"": 0.9541939276909639, ""at_level"": 1.0, ""confirmation_count"": 0.6666666666666666}, ""invalidation"": {""level"": 117.98, ""reason"": ""rottura del supporto""}, ""sources"": [""Nison - candlestick reversals confirmed at support/resistance""], ""annotations"": {""levels"": [{""label"": ""Supporto"", ""price"": 117.98, ""kind"": ""support""}, {""label"": ""Stop / invalidazione"", ""price"": 117.98, ""kind"": ""stop""}], ""points"": []}, ""atr"": 3.61263352383216, ""horizon"": ""short"", ""regime_at_fire"": ""bear"", ""first_emitted_at"": ""2026-08-31T23:34:05.622539+00:00""}",5,122.4,119.7,-0.022058823529411797,0,0,-0.019747721124797724,2026-08-31 23:40:47.769824+00:00
19462,860,HWDN.L,candle_reversal,2026-08-21,bull,7.9400,2026-08-31 23:34:11.434873+00:00,2026-08-31 23:41:03.307411+00:00,,18849,"{""tone"": ""bull"", ""strength"": 71, ""probability"": 49, ""chain"": [{""date"": ""2026-08-14"", ""label"": ""Rifiuto su EMA200"", ""detail"": ""ritorno alla media e rifiuto nel verso del trend"", ""kind"": ""confirmation""}, {""date"": ""2026-08-18"", ""label"": ""Higher-low confermato"", ""detail"": ""struttura a conferma della continuazione"", ""kind"": ""confirmation""}, {""date"": ""2026-08-21"", ""label"": ""Candela di inversione bull"", ""detail"": ""pattern Engulfing""}, {""date"": ""2026-08-21"", ""label"": ""A supporto"", ""detail"": ""prezzo 7.94 al livello 7.94""}], ""factors"": {""candle_strength"": 0.7100000000000051, ""at_level"": 1.0, ""confirmation_count"": 0.6666666666666666}, ""invalidation"": {""level"": 7.94, ""reason"": ""rottura del supporto""}, ""sources"": [""Nison - candlestick reversals confirmed at support/resistance""], ""annotations"": {""levels"": [{""label"": ""Supporto"", ""price"": 7.94, ""kind"": ""support""}, {""label"": ""Stop / invalidazione"", ""price"": 7.94, ""kind"": ""stop""}], ""points"": []}, ""atr"": 0.18470019412123823, ""horizon"": ""short"", ""regime_at_fire"": ""bear"", ""first_emitted_at"": ""2026-08-31T23:34:11.799741+00:00""}",5,7.98,7.94,-0.005012531328320802,0,0,-0.002701428923706728,2026-08-31 23:40:47.769824+00:00
18446,1464,TWLO,gap_and_go,2026-08-07,bull,238.2000,2026-08-15 23:34:38.666525+00:00,2026-08-15 23:41:58.291903+00:00,,17928,"{""tone"": ""bull"", ""strength"": 65, ""probability"": 50, ""chain"": [{""date"": ""2026-08-07"", ""label"": ""Gap bull"", ""detail"": ""apertura in gap del 21.8%""}, {""date"": ""2026-08-07"", ""label"": ""Conferma volume"", ""detail"": ""4.2x la media: gap partecipato""}, {""date"": ""2026-08-07"", ""label"": ""MACD cross rialzista"", ""detail"": ""incrocio MACD nel verso del segnale"", ""kind"": ""confirmation""}, {""date"": ""2026-08-14"", ""label"": ""Trend ADX in rafforzamento"", ""detail"": ""ADX conferma la forza del trend"", ""kind"": ""confirmation""}], ""factors"": {""gap_size"": 0.9768952032758134, ""volume_strength"": 0.5312402450151888, ""trend_alignment"": 1.0, ""confirmation_count"": 0.6666666666666666}, ""invalidation"": null, ""sources"": [""Gap taxonomy (breakaway vs exhaustion) + volume confirmation""], ""annotations"": {""levels"": [], ""points"": []}, ""atr"": 13.512155532851, ""horizon"": ""short"", ""regime_at_fire"": ""bull"", ""first_emitted_at"": ""2026-08-15T23:34:39.222551+00:00""}",5,241.279999,238.199997,-0.012765260331421002,0,0,-0.02207798509197268,2026-08-15 23:41:42.284113+00:00
16521,412,GRMN,candle_reversal,2026-07-16,bull,240.1000,2026-07-24 18:33:25.660160+00:00,2026-07-24 18:40:25.318477+00:00,,15850,"{""tone"": ""bull"", ""strength"": 86, ""probability"": 49, ""chain"": [{""date"": ""2026-07-16"", ""label"": ""Candela di inversione bull"", ""detail"": ""pattern Engulfing""}, {""date"": ""2026-07-16"", ""label"": ""A supporto"", ""detail"": ""prezzo 240.10 al livello 244.97""}, {""date"": ""2026-07-16"", ""label"": ""Rifiuto su EMA50"", ""detail"": ""ritorno alla media e rifiuto nel verso del trend"", ""kind"": ""confirmation""}, {""date"": ""2026-07-17"", ""label"": ""Volume sulla salita"", ""detail"": ""volume sopra la media nel verso del segnale"", ""kind"": ""confirmation""}], ""factors"": {""candle_strength"": 0.8585453359425982, ""at_level"": 1.0, ""confirmation_count"": 0.6666666666666666}, ""invalidation"": {""level"": 244.97, ""reason"": ""rottura del supporto""}, ""sources"": [""Nison - candlestick reversals confirmed at support/resistance""], ""annotations"": {""levels"": [{""label"": ""Supporto"", ""price"": 244.97, ""kind"": ""support""}, {""label"": ""Stop / invalidazione"", ""price"": 244.97, ""kind"": ""stop""}], ""points"": []}, ""atr"": 6.381185434416315, ""horizon"": ""short"", ""regime_at_fire"": ""bull"", ""first_emitted_at"": ""2026-07-24T18:33:26.030634+00:00""}",5,250.99,240.1,-0.04338818279612744,0,0,-0.037173092670858436,2026-07-24 18:40:10.942262+00:00
16053,1113,LSEG.L,candle_reversal,2026-07-14,bull,88.4400,2026-07-20 23:12:07.868859+00:00,2026-07-22 13:50:11.081870+00:00,,15997,"{""tone"": ""bull"", ""strength"": 81, ""probability"": 49, ""chain"": [{""date"": ""2026-07-14"", ""label"": ""Candela di inversione bull"", ""detail"": ""pattern Hammer""}, {""date"": ""2026-07-14"", ""label"": ""A supporto"", ""detail"": ""prezzo 88.44 al livello 87.02""}, {""date"": ""2026-07-16"", ""label"": ""Rifiuto su EMA200"", ""detail"": ""ritorno alla media e rifiuto nel verso del trend"", ""kind"": ""confirmation""}], ""factors"": {""candle_strength"": 0.8071183112420227, ""at_level"": 1.0, ""confirmation_count"": 0.3333333333333333}, ""invalidation"": {""level"": 87.02, ""reason"": ""rottura del supporto""}, ""sources"": [""Nison - candlestick reversals confirmed at support/resistance""], ""annotations"": {""levels"": [{""label"": ""Supporto"", ""price"": 87.02, ""kind"": ""support""}, {""label"": ""Stop / invalidazione"", ""price"": 87.02, ""kind"": ""stop""}], ""points"": []}, ""atr"": 5.98960807030783, ""horizon"": ""short"", ""regime_at_fire"": ""bear"", ""first_emitted_at"": ""2026-07-20T23:12:08.810746+00:00""}",5,89.74,86.0,-0.04167595275239577,0,0,-0.04912678704994562,2026-07-21 18:44:56.263488+00:00
16525,689,ZBRA,candle_reversal,2026-07-16,bull,256.9500,2026-07-24 18:34:12.405628+00:00,2026-07-24 18:40:25.318477+00:00,,15876,"{""tone"": ""bull"", ""strength"": 77, ""probability"": 49, ""chain"": [{""date"": ""2026-07-15"", ""label"": ""Higher-low confermato"", ""detail"": ""struttura a conferma della continuazione"", ""kind"": ""confirmation""}, {""date"": ""2026-07-16"", ""label"": ""Candela di inversione bull"", ""detail"": ""pattern Engulfing""}, {""date"": ""2026-07-16"", ""label"": ""A supporto"", ""detail"": ""prezzo 256.95 al livello 259.01""}, {""date"": ""2026-07-22"", ""label"": ""Rifiuto su EMA200"", ""detail"": ""ritorno alla media e rifiuto nel verso del trend"", ""kind"": ""confirmation""}], ""factors"": {""candle_strength"": 0.7718225419664273, ""at_level"": 1.0, ""confirmation_count"": 0.6666666666666666}, ""invalidation"": {""level"": 259.01, ""reason"": ""rottura del supporto""}, ""sources"": [""Nison - candlestick reversals confirmed at support/resistance""], ""annotations"": {""levels"": [{""label"": ""Supporto"", ""price"": 259.01, ""kind"": ""support""}, {""label"": ""Stop / invalidazione"", ""price"": 259.01, ""kind"": ""stop""}], ""points"": []}, ""atr"": 10.193036948867555, ""horizon"": ""short"", ""regime_at_fire"": ""bull"", ""first_emitted_at"": ""2026-07-24T18:34:12.958364+00:00""}",5,265.04,256.95,-0.030523694536673807,0,0,-0.024308604411404804,2026-07-24 18:40:10.942262+00:00
19463,1160,0012.HK,gap_and_go,2026-08-21,bull,28.9800,2026-08-31 23:34:23.184385+00:00,2026-08-31 23:41:03.307411+00:00,,19084,"{""tone"": ""bull"", ""strength"": 62, ""probability"": 50, ""chain"": [{""date"": ""2026-08-14"", ""label"": ""Higher-low confermato"", ""detail"": ""struttura a conferma della continuazione"", ""kind"": ""confirmation""}, {""date"": ""2026-08-20"", ""label"": ""MACD cross rialzista"", ""detail"": ""incrocio MACD nel verso del segnale"", ""kind"": ""confirmation""}, {""date"": ""2026-08-21"", ""label"": ""Gap bull"", ""detail"": ""apertura in gap del 3.6%""}, {""date"": ""2026-08-21"", ""label"": ""Conferma volume"", ""detail"": ""3.8x la media: gap partecipato""}, {""date"": ""2026-08-26"", ""label"": ""Rifiuto su EMA200"", ""detail"": ""ritorno alla media e rifiuto nel verso del trend"", ""kind"": ""confirmation""}, {""date"": ""2026-08-28"", ""label"": ""Trend ADX in rafforzamento"", ""detail"": ""ADX conferma la forza del trend"", ""kind"": ""confirmation""}], ""factors"": {""gap_size"": 0.6119591909155431, ""volume_strength"": 0.4952768252054686, ""trend_alignment"": 1.0, ""confirmation_count"": 1.0}, ""invalidation"": null, ""sources"": [""Gap taxonomy (breakaway vs exhaustion) + volume confirmation""], ""annotations"": {""levels"": [], ""points"": []}, ""atr"": 0.723464197083127, ""horizon"": ""short"", ""regime_at_fire"": ""bear"", ""first_emitted_at"": ""2026-08-31T23:34:23.934185+00:00""}",5,30.200001,28.98,-0.04039738276829863,0,0,-0.038086280363684555,2026-08-31 23:40:47.769824+00:00
17413,380,EQIX,candle_reversal,2026-07-27,bear,1031.4399,2026-08-03 23:31:21.778175+00:00,2026-08-04 10:07:09.686251+00:00,,16661,"{""tone"": ""bear"", ""strength"": 65, ""probability"": 49, ""chain"": [{""date"": ""2026-07-27"", ""label"": ""Candela di inversione bear"", ""detail"": ""pattern Engulfing""}, {""date"": ""2026-07-27"", ""label"": ""A resistenza"", ""detail"": ""prezzo 1031.44 al livello 1054.54""}, {""date"": ""2026-07-29"", ""label"": ""Rifiuto su EMA50"", ""detail"": ""ritorno alla media e rifiuto nel verso del trend"", ""kind"": ""confirmation""}], ""factors"": {""candle_strength"": 0.6549852037332116, ""at_level"": 1.0, ""confirmation_count"": 0.3333333333333333}, ""invalidation"": {""level"": 1054.54, ""reason"": ""rottura del resistenza""}, ""sources"": [""Nison - candlestick reversals confirmed at support/resistance""], ""annotations"": {""levels"": [{""label"": ""Resistenza"", ""price"": 1054.54, ""kind"": ""resistance""}, {""label"": ""Stop / invalidazione"", ""price"": 1054.54, ""kind"": ""stop""}], ""points"": []}, ""atr"": 33.9727214254825, ""horizon"": ""short"", ""regime_at_fire"": ""bull"", ""first_emitted_at"": ""2026-08-03T23:31:22.357352+00:00""}",5,1046.79,1031.439941,-0.014663933549231345,1,1,0.02509158951610498,2026-08-03 23:36:12.843738+00:00
17736,486,LII,gap_and_go,2026-07-29,bear,446.8700,2026-08-06 18:48:40.785088+00:00,2026-08-06 18:51:19.434041+00:00,,16928,"{""tone"": ""bear"", ""strength"": 67, ""probability"": 50, ""chain"": [{""date"": ""2026-07-27"", ""label"": ""Lower-high confermato"", ""detail"": ""struttura a conferma della continuazione"", ""kind"": ""confirmation""}, {""date"": ""2026-07-29"", ""label"": ""Gap bear"", ""detail"": ""apertura in gap del -9.8%""}, {""date"": ""2026-07-29"", ""label"": ""Conferma volume"", ""detail"": ""4.5x la media: gap partecipato""}, {""date"": ""2026-08-05"", ""label"": ""Trend ADX in rafforzamento"", ""detail"": ""ADX conferma la forza del trend"", ""kind"": ""confirmation""}, {""date"": ""2026-08-05"", ""label"": ""Candela di rifiuto"", ""detail"": ""pattern shooting_star"", ""kind"": ""confirmation""}], ""factors"": {""gap_size"": 0.8931014350059188, ""volume_strength"": 0.5540119735246167, ""trend_alignment"": 1.0, ""confirmation_count"": 1.0}, ""invalidation"": null, ""sources"": [""Gap taxonomy (breakaway vs exhaustion) + volume confirmation""], ""annotations"": {""levels"": [], ""points"": []}, ""atr"": 21.64416125343217, ""horizon"": ""short"", ""regime_at_fire"": ""bear"", ""first_emitted_at"": ""2026-08-06T18:34:03.258175+00:00"", ""amended_at"": ""2026-08-06T18:48:40.747393+00:00"", ""amend_count"": 1}",5,430.019989,446.869995,0.039184238944762084,0,0,-0.00858941961051915,2026-08-06 18:51:04.782316+00:00
16614,457,ISRG,gap_and_go,2026-07-17,bear,337.5000,2026-07-24 23:30:24.659143+00:00,2026-07-25 23:41:01.277612+00:00,,15970,"{""tone"": ""bear"", ""strength"": 62, ""probability"": 50, ""chain"": [{""date"": ""2026-07-14"", ""label"": ""MACD cross ribassista"", ""detail"": ""incrocio MACD nel verso del segnale"", ""kind"": ""confirmation""}, {""date"": ""2026-07-17"", ""label"": ""Gap bear"", ""detail"": ""apertura in gap del -9.3%""}, {""date"": ""2026-07-17"", ""label"": ""Conferma volume"", ""detail"": ""3.9x la media: gap partecipato""}, {""date"": ""2026-07-22"", ""label"": ""Candela di rifiuto"", ""detail"": ""pattern engulfing"", ""kind"": ""confirmation""}, {""date"": ""2026-07-24"", ""label"": ""Trend ADX in rafforzamento"", ""detail"": ""ADX conferma la forza del trend"", ""kind"": ""confirmation""}], ""factors"": {""gap_size"": 0.8848577398739509, ""volume_strength"": 0.5031486613408622, ""trend_alignment"": 1.0, ""confirmation_count"": 1.0}, ""invalidation"": null, ""sources"": [""Gap taxonomy (breakaway vs exhaustion) + volume confirmation""], ""annotations"": {""levels"": [], ""points"": []}, ""atr"": 15.841750427498516, ""horizon"": ""short"", ""regime_at_fire"": ""bear"", ""first_emitted_at"": ""2026-07-24T23:30:25.265140+00:00""}",5,345.42,337.5,-0.022928608650338744,1,1,0.02404165560056091,2026-07-24 23:34:02.800040+00:00
16984,268,BIIB,candle_reversal,2026-07-22,bear,209.2300,2026-07-30 09:23:28.126636+00:00,2026-07-30 09:30:08.455338+00:00,,16259,"{""tone"": ""bear"", ""strength"": 68, ""probability"": 49, ""chain"": [{""date"": ""2026-07-17"", ""label"": ""Lower-high confermato"", ""detail"": ""struttura a conferma della continuazione"", ""kind"": ""confirmation""}, {""date"": ""2026-07-22"", ""label"": ""Candela di inversione bear"", ""detail"": ""pattern Engulfing""}, {""date"": ""2026-07-22"", ""label"": ""A resistenza"", ""detail"": ""prezzo 209.23 al livello 205.97""}], ""factors"": {""candle_strength"": 0.6750361794500672, ""at_level"": 1.0, ""confirmation_count"": 0.3333333333333333}, ""invalidation"": {""level"": 205.97, ""reason"": ""rottura del resistenza""}, ""sources"": [""Nison - candlestick reversals confirmed at support/resistance""], ""annotations"": {""levels"": [{""label"": ""Resistenza"", ""price"": 205.97, ""kind"": ""resistance""}, {""label"": ""Stop / invalidazione"", ""price"": 205.97, ""kind"": ""stop""}], ""points"": []}, ""atr"": 8.15034277438415, ""horizon"": ""short"", ""regime_at_fire"": ""bull"", ""first_emitted_at"": ""2026-07-30T09:23:28.905752+00:00""}",5,197.74,209.23,0.05810660463234529,0,0,-0.05591546824823048,2026-07-30 09:29:53.657323+00:00
16490,412,GRMN,candle_reversal,2026-07-16,bull,239.9300,2026-07-23 23:45:45.301056+00:00,2026-07-24 00:19:42.624578+00:00,,15850,"{""tone"": ""bull"", ""strength"": 86, ""probability"": 49, ""chain"": [{""date"": ""2026-07-16"", ""label"": ""Candela di inversione bull"", ""detail"": ""pattern Engulfing""}, {""date"": ""2026-07-16"", ""label"": ""A supporto"", ""detail"": ""prezzo 239.93 al livello 244.97""}, {""date"": ""2026-07-16"", ""label"": ""Rifiuto su EMA50"", ""detail"": ""ritorno alla media e rifiuto nel verso del trend"", ""kind"": ""confirmation""}, {""date"": ""2026-07-17"", ""label"": ""Volume sulla salita"", ""detail"": ""volume sopra la media nel verso del segnale"", ""kind"": ""confirmation""}], ""factors"": {""candle_strength"": 0.8585453359425982, ""at_level"": 1.0, ""confirmation_count"": 0.6666666666666666}, ""invalidation"": {""level"": 244.97, ""reason"": ""rottura del supporto""}, ""sources"": [""Nison - candlestick reversals confirmed at support/resistance""], ""annotations"": {""levels"": [{""label"": ""Supporto"", ""price"": 244.97, ""kind"": ""support""}, {""label"": ""Stop / invalidazione"", ""price"": 244.97, ""kind"": ""stop""}], ""points"": []}, ""atr"": 6.381185434416317, ""horizon"": ""short"", ""regime_at_fire"": ""bull"", ""first_emitted_at"": ""2026-07-23T23:45:45.708357+00:00""}",5,250.99,239.93,-0.04406550061755454,0,0,-0.03789235019415782,2026-07-23 23:48:04.667730+00:00
15904,1801,CPRX,candle_reversal,2026-07-09,bear,31.4900,2026-07-16 23:59:33.595150+00:00,2026-07-17 11:43:17.184511+00:00,,15898,"{""tone"": ""bear"", ""strength"": 96, ""probability"": 49, ""chain"": [{""date"": ""2026-07-09"", ""label"": ""Candela di inversione bear"", ""detail"": ""pattern Shooting star""}, {""date"": ""2026-07-09"", ""label"": ""A resistenza"", ""detail"": ""prezzo 31.49 al livello 31.50""}, {""date"": ""2026-07-15"", ""label"": ""RSI ipercomprato"", ""detail"": ""estremo RSI a conferma del segnale"", ""kind"": ""confirmation""}], ""factors"": {""candle_strength"": 0.96100431480727, ""at_level"": 1.0, ""confirmation_count"": 0.3333333333333333}, ""invalidation"": {""level"": 31.5, ""reason"": ""rottura del resistenza""}, ""sources"": [""Nison - candlestick reversals confirmed at support/resistance""], ""annotations"": {""levels"": [{""label"": ""Resistenza"", ""price"": 31.5, ""kind"": ""resistance""}, {""label"": ""Stop / invalidazione"", ""price"": 31.5, ""kind"": ""stop""}], ""points"": []}, ""atr"": 0.07298788912542903, ""horizon"": ""short"", ""regime_at_fire"": ""bull"", ""first_emitted_at"": ""2026-07-16T23:59:33.782697+00:00""}",5,31.47,31.49,0.0006355258976802336,0,1,0.00177603459251936,2026-07-17 11:43:03.796890+00:00
18931,379,EFX,candle_reversal,2026-08-14,bear,192.6200,2026-08-23 23:31:47.166467+00:00,2026-08-23 23:38:03.068654+00:00,,18389,"{""tone"": ""bear"", ""strength"": 92, ""probability"": 49, ""chain"": [{""date"": ""2026-08-14"", ""label"": ""Candela di inversione bear"", ""detail"": ""pattern Engulfing""}, {""date"": ""2026-08-14"", ""label"": ""A resistenza"", ""detail"": ""prezzo 192.62 al livello 190.15""}, {""date"": ""2026-08-14"", ""label"": ""Rifiuto su EMA200"", ""detail"": ""ritorno alla media e rifiuto nel verso del trend"", ""kind"": ""confirmation""}, {""date"": ""2026-08-17"", ""label"": ""MACD cross ribassista"", ""detail"": ""incrocio MACD nel verso del segnale"", ""kind"": ""confirmation""}], ""factors"": {""candle_strength"": 0.9161697676814672, ""at_level"": 1.0, ""confirmation_count"": 0.6666666666666666}, ""invalidation"": {""level"": 190.149994, ""reason"": ""rottura del resistenza""}, ""sources"": [""Nison - candlestick reversals confirmed at support/resistance""], ""annotations"": {""levels"": [{""label"": ""Resistenza"", ""price"": 190.149994, ""kind"": ""resistance""}, {""label"": ""Stop / invalidazione"", ""price"": 190.149994, ""kind"": ""stop""}], ""points"": []}, ""atr"": 7.110352978015186, ""horizon"": ""short"", ""regime_at_fire"": ""bull"", ""first_emitted_at"": ""2026-08-23T23:31:47.356939+00:00""}",5,180.850006,192.619995,0.06508149632021576,0,0,-0.06943013256922602,2026-08-23 23:37:47.484199+00:00
16233,117,ADYEN.AS,candle_reversal,2026-07-15,bull,820.9000,2026-07-22 18:40:59.566345+00:00,2026-07-23 11:42:12.664884+00:00,,15730,"{""tone"": ""bull"", ""strength"": 95, ""probability"": 49, ""chain"": [{""date"": ""2026-07-15"", ""label"": ""Candela di inversione bull"", ""detail"": ""pattern Engulfing""}, {""date"": ""2026-07-15"", ""label"": ""A supporto"", ""detail"": ""prezzo 820.90 al livello 824.40""}], ""factors"": {""candle_strength"": 0.9547096100787825, ""at_level"": 1.0}, ""invalidation"": {""level"": 824.4, ""reason"": ""rottura del supporto""}, ""sources"": [""Nison - candlestick reversals confirmed at support/resistance""], ""annotations"": {""levels"": [{""label"": ""Supporto"", ""price"": 824.4, ""kind"": ""support""}, {""label"": ""Stop / invalidazione"", ""price"": 824.4, ""kind"": ""stop""}], ""points"": []}, ""atr"": 31.176021506540582, ""horizon"": ""short"", ""regime_at_fire"": ""bear"", ""first_emitted_at"": ""2026-07-22T18:41:00.354345+00:00""}",5,872.0,820.9,-0.05860091743119267,0,0,-0.06825797635778062,2026-07-22 18:43:51.183862+00:00
18442,219,ABNB,gap_and_go,2026-08-07,bull,184.0600,2026-08-15 23:32:07.012649+00:00,2026-08-15 23:41:58.291903+00:00,,17877,"{""tone"": ""bull"", ""strength"": 66, ""probability"": 50, ""chain"": [{""date"": ""2026-08-07"", ""label"": ""Gap bull"", ""detail"": ""apertura in gap del 8.6%""}, {""date"": ""2026-08-07"", ""label"": ""Conferma volume"", ""detail"": ""4.4x la media: gap partecipato""}, {""date"": ""2026-08-07"", ""label"": ""Candela di rifiuto"", ""detail"": ""pattern morning_star"", ""kind"": ""confirmation""}, {""date"": ""2026-08-14"", ""label"": ""Trend ADX in rafforzamento"", ""detail"": ""ADX conferma la forza del trend"", ""kind"": ""confirmation""}], ""factors"": {""gap_size"": 0.8674063161428801, ""volume_strength"": 0.5447835843978389, ""trend_alignment"": 1.0, ""confirmation_count"": 0.6666666666666666}, ""invalidation"": null, ""sources"": [""Gap taxonomy (breakaway vs exhaustion) + volume confirmation""], ""annotations"": {""levels"": [], ""points"": []}, ""atr"": 6.039988301305721, ""horizon"": ""short"", ""regime_at_fire"": ""bull"", ""first_emitted_at"": ""2026-08-15T23:32:07.378984+00:00""}",5,178.070007,184.059998,0.03363840492239656,1,1,0.02432568016184488,2026-08-15 23:41:42.284113+00:00
16002,1113,LSEG.L,candle_reversal,2026-07-14,bull,89.7800,2026-07-18 11:00:28.376583+00:00,2026-07-22 13:50:11.081870+00:00,,15997,"{""tone"": ""bull"", ""strength"": 81, ""probability"": 49, ""chain"": [{""date"": ""2026-07-14"", ""label"": ""Candela di inversione bull"", ""detail"": ""pattern Hammer""}, {""date"": ""2026-07-14"", ""label"": ""A supporto"", ""detail"": ""prezzo 89.78 al livello 90.50""}, {""date"": ""2026-07-16"", ""label"": ""Rifiuto su EMA200"", ""detail"": ""ritorno alla media e rifiuto nel verso del trend"", ""kind"": ""confirmation""}], ""factors"": {""candle_strength"": 0.8071183112420227, ""at_level"": 1.0, ""confirmation_count"": 0.3333333333333333}, ""invalidation"": {""level"": 90.5, ""reason"": ""rottura del supporto""}, ""sources"": [""Nison - candlestick reversals confirmed at support/resistance""], ""annotations"": {""levels"": [{""label"": ""Supporto"", ""price"": 90.5, ""kind"": ""support""}, {""label"": ""Stop / invalidazione"", ""price"": 90.5, ""kind"": ""stop""}], ""points"": []}, ""atr"": 6.248808692591723, ""horizon"": ""short"", ""regime_at_fire"": ""bear"", ""first_emitted_at"": ""2026-07-18T11:00:29.116932+00:00""}",5,89.74,86.0,-0.04167595275239577,0,0,-0.04912678704994562,2026-07-21 18:44:56.263488+00:00
15832,1800,GRAL,candle_reversal,2026-07-08,bull,74.3600,2026-07-16 18:34:45.133823+00:00,2026-07-16 18:39:54.136065+00:00,,15583,"{""tone"": ""bull"", ""strength"": 72, ""probability"": 49, ""chain"": [{""date"": ""2026-07-08"", ""label"": ""Candela di inversione bull"", ""detail"": ""pattern Engulfing""}, {""date"": ""2026-07-08"", ""label"": ""A supporto"", ""detail"": ""prezzo 74.36 al livello 74.00""}, {""date"": ""2026-07-08"", ""label"": ""Rifiuto su EMA200"", ""detail"": ""ritorno alla media e rifiuto nel verso del trend"", ""kind"": ""confirmation""}, {""date"": ""2026-07-15"", ""label"": ""Trend ADX in rafforzamento"", ""detail"": ""ADX conferma la forza del trend"", ""kind"": ""confirmation""}], ""factors"": {""candle_strength"": 0.7242663656884878, ""at_level"": 1.0, ""confirmation_count"": 0.6666666666666666}, ""invalidation"": {""level"": 74.0, ""reason"": ""rottura del supporto""}, ""sources"": [""Nison - candlestick reversals confirmed at support/resistance""], ""annotations"": {""levels"": [{""label"": ""Supporto"", ""price"": 74.0, ""kind"": ""support""}, {""label"": ""Stop / invalidazione"", ""price"": 74.0, ""kind"": ""stop""}], ""points"": []}, ""atr"": 4.162351481502341, ""horizon"": ""short"", ""regime_at_fire"": ""bull"", ""first_emitted_at"": ""2026-07-16T18:34:45.526389+00:00""}",5,70.14,74.36,0.06016538351867684,1,1,0.05505287819362202,2026-07-16 18:39:39.929415+00:00
16482,66,G.MI,candle_reversal,2026-07-16,bull,42.5900,2026-07-23 23:31:03.629851+00:00,2026-07-24 00:19:42.624578+00:00,,15815,"{""tone"": ""bull"", ""strength"": 64, ""probability"": 49, ""chain"": [{""date"": ""2026-07-14"", ""label"": ""Trend ADX in rafforzamento"", ""detail"": ""ADX conferma la forza del trend"", ""kind"": ""confirmation""}, {""date"": ""2026-07-16"", ""label"": ""Candela di inversione bull"", ""detail"": ""pattern Engulfing""}, {""date"": ""2026-07-16"", ""label"": ""A supporto"", ""detail"": ""prezzo 42.59 al livello 41.70""}, {""date"": ""2026-07-16"", ""label"": ""Rifiuto su EMA50"", ""detail"": ""ritorno alla media e rifiuto nel verso del trend"", ""kind"": ""confirmation""}], ""factors"": {""candle_strength"": 0.6436936936936903, ""at_level"": 1.0, ""confirmation_count"": 0.6666666666666666}, ""invalidation"": {""level"": 41.7, ""reason"": ""rottura del supporto""}, ""sources"": [""Nison - candlestick reversals confirmed at support/resistance""], ""annotations"": {""levels"": [{""label"": ""Supporto"", ""price"": 41.7, ""kind"": ""support""}, {""label"": ""Stop / invalidazione"", ""price"": 41.7, ""kind"": ""stop""}], ""points"": []}, ""atr"": 0.6446192264179411, ""horizon"": ""short"", ""regime_at_fire"": ""bull"", ""first_emitted_at"": ""2026-07-23T23:31:03.916012+00:00""}",5,42.08,42.59,0.012119771863118078,1,1,0.0182929222865148,2026-07-23 23:36:46.562918+00:00
16099,1801,CPRX,candle_reversal,2026-07-09,bear,31.4900,2026-07-21 14:56:31.169960+00:00,2026-07-21 15:02:16.751264+00:00,,15898,"{""tone"": ""bear"", ""strength"": 96, ""probability"": 49, ""chain"": [{""date"": ""2026-07-09"", ""label"": ""Candela di inversione bear"", ""detail"": ""pattern Shooting star""}, {""date"": ""2026-07-09"", ""label"": ""A resistenza"", ""detail"": ""prezzo 31.49 al livello 31.50""}, {""date"": ""2026-07-16"", ""label"": ""RSI ipercomprato"", ""detail"": ""estremo RSI a conferma del segnale"", ""kind"": ""confirmation""}], ""factors"": {""candle_strength"": 0.96100431480727, ""at_level"": 1.0, ""confirmation_count"": 0.3333333333333333}, ""invalidation"": {""level"": 31.5, ""reason"": ""rottura del resistenza""}, ""sources"": [""Nison - candlestick reversals confirmed at support/resistance""], ""annotations"": {""levels"": [{""label"": ""Resistenza"", ""price"": 31.5, ""kind"": ""resistance""}, {""label"": ""Stop / invalidazione"", ""price"": 31.5, ""kind"": ""stop""}], ""points"": []}, ""atr"": 0.06777446944275221, ""horizon"": ""short"", ""regime_at_fire"": ""bull"", ""first_emitted_at"": ""2026-07-21T14:56:31.733081+00:00""}",5,31.47,31.49,0.0006355258976802336,0,1,0.001538721730892846,2026-07-21 15:01:58.261879+00:00
16227,501,MAS,candle_reversal,2026-07-14,bull,76.8200,2026-07-22 18:33:29.857655+00:00,2026-07-22 18:36:07.091143+00:00,,16040,"{""tone"": ""bull"", ""strength"": 63, ""probability"": 49, ""chain"": [{""date"": ""2026-07-08"", ""label"": ""Higher-low confermato"", ""detail"": ""struttura a conferma della continuazione"", ""kind"": ""confirmation""}, {""date"": ""2026-07-09"", ""label"": ""Trend ADX in rafforzamento"", ""detail"": ""ADX conferma la forza del trend"", ""kind"": ""confirmation""}, {""date"": ""2026-07-14"", ""label"": ""Candela di inversione bull"", ""detail"": ""pattern Engulfing""}, {""date"": ""2026-07-14"", ""label"": ""A supporto"", ""detail"": ""prezzo 76.82 al livello 75.51""}], ""factors"": {""candle_strength"": 0.6324034334763906, ""at_level"": 1.0, ""confirmation_count"": 0.6666666666666666}, ""invalidation"": {""level"": 75.51, ""reason"": ""rottura del supporto""}, ""sources"": [""Nison - candlestick reversals confirmed at support/resistance""], ""annotations"": {""levels"": [{""label"": ""Supporto"", ""price"": 75.51, ""kind"": ""support""}, {""label"": ""Stop / invalidazione"", ""price"": 75.51, ""kind"": ""stop""}], ""points"": []}, ""atr"": 2.305568163965718, ""horizon"": ""short"", ""regime_at_fire"": ""bull"", ""first_emitted_at"": ""2026-07-22T18:33:30.425580+00:00""}",5,77.85,76.82,-0.013230571612074526,0,0,-0.01384661110704605,2026-07-22 18:35:53.059400+00:00
18767,688,YUM,candle_reversal,2026-08-12,bull,145.9300,2026-08-20 18:33:36.258967+00:00,2026-08-20 18:46:44.958247+00:00,,18206,"{""tone"": ""bull"", ""strength"": 89, ""probability"": 49, ""chain"": [{""date"": ""2026-08-11"", ""label"": ""Divergenza RSI rialzista"", ""detail"": ""divergenza prezzo / RSI"", ""kind"": ""confirmation""}, {""date"": ""2026-08-12"", ""label"": ""Candela di inversione bull"", ""detail"": ""pattern Engulfing""}, {""date"": ""2026-08-12"", ""label"": ""A supporto"", ""detail"": ""prezzo 145.93 al livello 145.44""}, {""date"": ""2026-08-13"", ""label"": ""MACD cross rialzista"", ""detail"": ""incrocio MACD nel verso del segnale"", ""kind"": ""confirmation""}], ""factors"": {""candle_strength"": 0.8850419521297137, ""at_level"": 1.0, ""confirmation_count"": 0.6666666666666666}, ""invalidation"": {""level"": 145.44, ""reason"": ""rottura del supporto""}, ""sources"": [""Nison - candlestick reversals confirmed at support/resistance""], ""annotations"": {""levels"": [{""label"": ""Supporto"", ""price"": 145.44, ""kind"": ""support""}, {""label"": ""Stop / invalidazione"", ""price"": 145.44, ""kind"": ""stop""}], ""points"": []}, ""atr"": 4.3742583132745105, ""horizon"": ""short"", ""regime_at_fire"": ""bear"", ""first_emitted_at"": ""2026-08-20T18:33:37.014281+00:00""}",5,150.339996,145.929993,-0.029333531444287186,0,0,-0.02808085660051583,2026-08-20 18:46:29.588206+00:00
16402,82,MC.PA,candle_reversal,2026-07-16,bull,453.5500,2026-07-23 20:09:33.235188+00:00,2026-07-24 00:19:42.624578+00:00,,15816,"{""tone"": ""bull"", ""strength"": 96, ""probability"": 49, ""chain"": [{""date"": ""2026-07-14"", ""label"": ""Higher-low confermato"", ""detail"": ""struttura a conferma della continuazione"", ""kind"": ""confirmation""}, {""date"": ""2026-07-16"", ""label"": ""Candela di inversione bull"", ""detail"": ""pattern Engulfing""}, {""date"": ""2026-07-16"", ""label"": ""A supporto"", ""detail"": ""prezzo 453.55 al livello 450.90""}, {""date"": ""2026-07-16"", ""label"": ""Rifiuto su EMA50"", ""detail"": ""ritorno alla media e rifiuto nel verso del trend"", ""kind"": ""confirmation""}, {""date"": ""2026-07-16"", ""label"": ""MACD cross rialzista"", ""detail"": ""incrocio MACD nel verso del segnale"", ""kind"": ""confirmation""}], ""factors"": {""candle_strength"": 0.96100431480727, ""at_level"": 1.0, ""confirmation_count"": 1.0}, ""invalidation"": {""level"": 450.9, ""reason"": ""rottura del supporto""}, ""sources"": [""Nison - candlestick reversals confirmed at support/resistance""], ""annotations"": {""levels"": [{""label"": ""Supporto"", ""price"": 450.9, ""kind"": ""support""}, {""label"": ""Stop / invalidazione"", ""price"": 450.9, ""kind"": ""stop""}], ""points"": []}, ""atr"": 13.454455062357077, ""horizon"": ""short"", ""regime_at_fire"": ""bear"", ""first_emitted_at"": ""2026-07-23T20:06:06.368992+00:00"", ""amended_at"": ""2026-07-23T20:09:33.233488+00:00"", ""amend_count"": 1}",5,503.1,453.55,-0.09848936593122637,0,0,-0.09259388750257543,2026-07-23 20:12:25.613986+00:00
18932,76,REC.MI,candle_reversal,2026-08-14,bear,52.8500,2026-08-23 23:31:52.120517+00:00,2026-08-23 23:38:03.068654+00:00,,18362,"{""tone"": ""bear"", ""strength"": 96, ""probability"": 49, ""chain"": [{""date"": ""2026-08-07"", ""label"": ""RSI ipercomprato"", ""detail"": ""estremo RSI a conferma del segnale"", ""kind"": ""confirmation""}, {""date"": ""2026-08-14"", ""label"": ""Candela di inversione bear"", ""detail"": ""pattern Engulfing""}, {""date"": ""2026-08-14"", ""label"": ""A resistenza"", ""detail"": ""prezzo 52.85 al livello 52.55""}], ""factors"": {""candle_strength"": 0.96100431480727, ""at_level"": 1.0, ""confirmation_count"": 0.3333333333333333}, ""invalidation"": {""level"": 52.55, ""reason"": ""rottura del resistenza""}, ""sources"": [""Nison - candlestick reversals confirmed at support/resistance""], ""annotations"": {""levels"": [{""label"": ""Resistenza"", ""price"": 52.55, ""kind"": ""resistance""}, {""label"": ""Stop / invalidazione"", ""price"": 52.55, ""kind"": ""stop""}], ""points"": []}, ""atr"": 0.36058789737478325, ""horizon"": ""short"", ""regime_at_fire"": ""bull"", ""first_emitted_at"": ""2026-08-23T23:31:52.681863+00:00""}",5,52.5,52.849998,0.006666628571428523,0,0,-0.011015264820438783,2026-08-23 23:37:47.484199+00:00
19473,1568,9999.HK,candle_reversal,2026-08-21,bull,192.2000,2026-08-31 23:34:53.023352+00:00,2026-08-31 23:41:03.307411+00:00,,18924,"{""tone"": ""bull"", ""strength"": 66, ""probability"": 49, ""chain"": [{""date"": ""2026-08-21"", ""label"": ""Candela di inversione bull"", ""detail"": ""pattern Engulfing""}, {""date"": ""2026-08-21"", ""label"": ""A supporto"", ""detail"": ""prezzo 192.20 al livello 188.40""}, {""date"": ""2026-08-21"", ""label"": ""Higher-low confermato"", ""detail"": ""struttura a conferma della continuazione"", ""kind"": ""confirmation""}, {""date"": ""2026-08-21"", ""label"": ""Volume sulla salita"", ""detail"": ""volume sopra la media nel verso del segnale"", ""kind"": ""confirmation""}], ""factors"": {""candle_strength"": 0.6558824826989047, ""at_level"": 1.0, ""confirmation_count"": 0.6666666666666666}, ""invalidation"": {""level"": 188.399994, ""reason"": ""rottura del supporto""}, ""sources"": [""Nison - candlestick reversals confirmed at support/resistance""], ""annotations"": {""levels"": [{""label"": ""Supporto"", ""price"": 188.399994, ""kind"": ""support""}, {""label"": ""Stop / invalidazione"", ""price"": 188.399994, ""kind"": ""stop""}], ""points"": []}, ""atr"": 7.30320582236844, ""horizon"": ""short"", ""regime_at_fire"": ""bear"", ""first_emitted_at"": ""2026-08-31T23:34:53.919422+00:00""}",5,202.0,192.199997,-0.04851486633663371,0,0,-0.04620376393201964,2026-08-31 23:40:47.769824+00:00
16069,1801,CPRX,candle_reversal,2026-07-09,bear,31.4900,2026-07-20 23:12:46.436584+00:00,2026-07-20 23:17:32.795909+00:00,,15898,"{""tone"": ""bear"", ""strength"": 96, ""probability"": 49, ""chain"": [{""date"": ""2026-07-09"", ""label"": ""Candela di inversione bear"", ""detail"": ""pattern Shooting star""}, {""date"": ""2026-07-09"", ""label"": ""A resistenza"", ""detail"": ""prezzo 31.49 al livello 31.50""}, {""date"": ""2026-07-16"", ""label"": ""RSI ipercomprato"", ""detail"": ""estremo RSI a conferma del segnale"", ""kind"": ""confirmation""}], ""factors"": {""candle_strength"": 0.96100431480727, ""at_level"": 1.0, ""confirmation_count"": 0.3333333333333333}, ""invalidation"": {""level"": 31.5, ""reason"": ""rottura del resistenza""}, ""sources"": [""Nison - candlestick reversals confirmed at support/resistance""], ""annotations"": {""levels"": [{""label"": ""Resistenza"", ""price"": 31.5, ""kind"": ""resistance""}, {""label"": ""Stop / invalidazione"", ""price"": 31.5, ""kind"": ""stop""}], ""points"": []}, ""atr"": 0.06777446944275221, ""horizon"": ""short"", ""regime_at_fire"": ""bull"", ""first_emitted_at"": ""2026-07-20T23:12:47.418656+00:00""}",5,31.47,31.49,0.0006355258976802336,0,1,0.001538721730892846,2026-07-20 23:17:19.751590+00:00
18443,274,BKNG,candle_reversal,2026-08-07,bull,212.0600,2026-08-15 23:33:06.070486+00:00,2026-08-15 23:41:58.291903+00:00,,17889,"{""tone"": ""bull"", ""strength"": 63, ""probability"": 49, ""chain"": [{""date"": ""2026-08-07"", ""label"": ""Candela di inversione bull"", ""detail"": ""pattern Engulfing""}, {""date"": ""2026-08-07"", ""label"": ""A supporto"", ""detail"": ""prezzo 212.06 al livello 210.05""}, {""date"": ""2026-08-14"", ""label"": ""Trend ADX in rafforzamento"", ""detail"": ""ADX conferma la forza del trend"", ""kind"": ""confirmation""}], ""factors"": {""candle_strength"": 0.6311253648594026, ""at_level"": 1.0, ""confirmation_count"": 0.3333333333333333}, ""invalidation"": {""level"": 210.0528, ""reason"": ""rottura del supporto""}, ""sources"": [""Nison - candlestick reversals confirmed at support/resistance""], ""annotations"": {""levels"": [{""label"": ""Supporto"", ""price"": 210.0528, ""kind"": ""support""}, {""label"": ""Stop / invalidazione"", ""price"": 210.0528, ""kind"": ""stop""}], ""points"": []}, ""atr"": 6.881232923106663, ""horizon"": ""short"", ""regime_at_fire"": ""bull"", ""first_emitted_at"": ""2026-08-15T23:33:06.984454+00:00""}",5,214.419998,212.059998,-0.011006436069456504,0,0,-0.020319160830008183,2026-08-15 23:41:42.284113+00:00
16483,82,MC.PA,candle_reversal,2026-07-16,bull,453.5500,2026-07-23 23:31:06.854793+00:00,2026-07-24 00:19:42.624578+00:00,,15816,"{""tone"": ""bull"", ""strength"": 96, ""probability"": 49, ""chain"": [{""date"": ""2026-07-14"", ""label"": ""Higher-low confermato"", ""detail"": ""struttura a conferma della continuazione"", ""kind"": ""confirmation""}, {""date"": ""2026-07-16"", ""label"": ""Candela di inversione bull"", ""detail"": ""pattern Engulfing""}, {""date"": ""2026-07-16"", ""label"": ""A supporto"", ""detail"": ""prezzo 453.55 al livello 450.90""}, {""date"": ""2026-07-16"", ""label"": ""Rifiuto su EMA50"", ""detail"": ""ritorno alla media e rifiuto nel verso del trend"", ""kind"": ""confirmation""}, {""date"": ""2026-07-16"", ""label"": ""MACD cross rialzista"", ""detail"": ""incrocio MACD nel verso del segnale"", ""kind"": ""confirmation""}], ""factors"": {""candle_strength"": 0.96100431480727, ""at_level"": 1.0, ""confirmation_count"": 1.0}, ""invalidation"": {""level"": 450.9, ""reason"": ""rottura del supporto""}, ""sources"": [""Nison - candlestick reversals confirmed at support/resistance""], ""annotations"": {""levels"": [{""label"": ""Supporto"", ""price"": 450.9, ""kind"": ""support""}, {""label"": ""Stop / invalidazione"", ""price"": 450.9, ""kind"": ""stop""}], ""points"": []}, ""atr"": 13.454455062357077, ""horizon"": ""short"", ""regime_at_fire"": ""bear"", ""first_emitted_at"": ""2026-07-23T23:31:08.789086+00:00""}",5,503.1,453.55,-0.09848936593122637,0,0,-0.09231621550782965,2026-07-23 23:36:46.562918+00:00
18444,866,IMB.L,candle_reversal,2026-08-07,bull,26.0900,2026-08-15 23:34:12.597066+00:00,2026-08-15 23:41:58.291903+00:00,,17852,"{""tone"": ""bull"", ""strength"": 62, ""probability"": 49, ""chain"": [{""date"": ""2026-08-07"", ""label"": ""Candela di inversione bull"", ""detail"": ""pattern Engulfing""}, {""date"": ""2026-08-07"", ""label"": ""A supporto"", ""detail"": ""prezzo 26.09 al livello 26.26""}, {""date"": ""2026-08-07"", ""label"": ""Trend ADX in rafforzamento"", ""detail"": ""ADX conferma la forza del trend"", ""kind"": ""confirmation""}], ""factors"": {""candle_strength"": 0.6234693877551079, ""at_level"": 1.0, ""confirmation_count"": 0.3333333333333333}, ""invalidation"": {""level"": 26.26, ""reason"": ""rottura del supporto""}, ""sources"": [""Nison - candlestick reversals confirmed at support/resistance""], ""annotations"": {""levels"": [{""label"": ""Supporto"", ""price"": 26.26, ""kind"": ""support""}, {""label"": ""Stop / invalidazione"", ""price"": 26.26, ""kind"": ""stop""}], ""points"": []}, ""atr"": 0.6954553207070747, ""horizon"": ""short"", ""regime_at_fire"": ""bear"", ""first_emitted_at"": ""2026-08-15T23:34:13.340901+00:00""}",5,27.91,26.09,-0.06520960229308492,0,0,-0.07452232705363661,2026-08-15 23:41:42.284113+00:00
15901,655,VTR,candle_reversal,2026-07-09,bear,95.0400,2026-07-16 23:32:05.950664+00:00,2026-07-17 00:00:13.340245+00:00,,15544,"{""tone"": ""bear"", ""strength"": 61, ""probability"": 49, ""chain"": [{""date"": ""2026-07-07"", ""label"": ""RSI ipercomprato"", ""detail"": ""estremo RSI a conferma del segnale"", ""kind"": ""confirmation""}, {""date"": ""2026-07-09"", ""label"": ""Candela di inversione bear"", ""detail"": ""pattern Shooting star""}, {""date"": ""2026-07-09"", ""label"": ""A resistenza"", ""detail"": ""prezzo 95.04 al livello 94.60""}], ""factors"": {""candle_strength"": 0.6110169491525395, ""at_level"": 1.0, ""confirmation_count"": 0.3333333333333333}, ""invalidation"": {""level"": 94.6, ""reason"": ""rottura del resistenza""}, ""sources"": [""Nison - candlestick reversals confirmed at support/resistance""], ""annotations"": {""levels"": [{""label"": ""Resistenza"", ""price"": 94.6, ""kind"": ""resistance""}, {""label"": ""Stop / invalidazione"", ""price"": 94.6, ""kind"": ""stop""}], ""points"": []}, ""atr"": 2.0919102248613073, ""horizon"": ""short"", ""regime_at_fire"": ""bull"", ""first_emitted_at"": ""2026-07-16T23:32:06.140583+00:00""}",5,91.74,95.04,0.035971223021582954,0,0,-0.03355660577400355,2026-07-16 23:33:39.466433+00:00
18445,1461,TEAM,gap_and_go,2026-08-07,bull,162.2200,2026-08-15 23:34:37.705617+00:00,2026-08-15 23:41:58.291903+00:00,,17926,"{""tone"": ""bull"", ""strength"": 70, ""probability"": 50, ""chain"": [{""date"": ""2026-08-06"", ""label"": ""Rifiuto su EMA200"", ""detail"": ""ritorno alla media e rifiuto nel verso del trend"", ""kind"": ""confirmation""}, {""date"": ""2026-08-07"", ""label"": ""Gap bull"", ""detail"": ""apertura in gap del 31.7%""}, {""date"": ""2026-08-07"", ""label"": ""Conferma volume"", ""detail"": ""4.8x la media: gap partecipato""}, {""date"": ""2026-08-14"", ""label"": ""Trend ADX in rafforzamento"", ""detail"": ""ADX conferma la forza del trend"", ""kind"": ""confirmation""}], ""factors"": {""gap_size"": 0.9875133704134693, ""volume_strength"": 0.5779838116819445, ""trend_alignment"": 1.0, ""confirmation_count"": 0.6666666666666666}, ""invalidation"": null, ""sources"": [""Gap taxonomy (breakaway vs exhaustion) + volume confirmation""], ""annotations"": {""levels"": [], ""points"": []}, ""atr"": 8.920895184744808, ""horizon"": ""short"", ""regime_at_fire"": ""bull"", ""first_emitted_at"": ""2026-08-15T23:34:38.644804+00:00""}",5,149.070007,162.220001,0.0882135465385736,1,1,0.07890082177802192,2026-08-15 23:41:42.284113+00:00
16985,322,CMCSA,candle_reversal,2026-07-22,bear,24.6100,2026-07-30 09:23:37.586152+00:00,2026-07-30 09:30:08.455338+00:00,,16763,"{""tone"": ""bear"", ""strength"": 63, ""probability"": 49, ""chain"": [{""date"": ""2026-07-17"", ""label"": ""Lower-high confermato"", ""detail"": ""struttura a conferma della continuazione"", ""kind"": ""confirmation""}, {""date"": ""2026-07-22"", ""label"": ""Candela di inversione bear"", ""detail"": ""pattern Engulfing""}, {""date"": ""2026-07-22"", ""label"": ""A resistenza"", ""detail"": ""prezzo 24.61 al livello 24.63""}, {""date"": ""2026-07-23"", ""label"": ""Rifiuto su EMA50"", ""detail"": ""ritorno alla media e rifiuto nel verso del trend"", ""kind"": ""confirmation""}, {""date"": ""2026-07-23"", ""label"": ""MACD cross ribassista"", ""detail"": ""incrocio MACD nel verso del segnale"", ""kind"": ""confirmation""}], ""factors"": {""candle_strength"": 0.6342105263157876, ""at_level"": 1.0, ""confirmation_count"": 1.0}, ""invalidation"": {""level"": 24.63, ""reason"": ""rottura del resistenza""}, ""sources"": [""Nison - candlestick reversals confirmed at support/resistance""], ""annotations"": {""levels"": [{""label"": ""Resistenza"", ""price"": 24.63, ""kind"": ""resistance""}, {""label"": ""Stop / invalidazione"", ""price"": 24.63, ""kind"": ""stop""}], ""points"": []}, ""atr"": 0.9398012425988125, ""horizon"": ""short"", ""regime_at_fire"": ""bear"", ""first_emitted_at"": ""2026-07-30T09:23:38.589547+00:00""}",5,23.52,24.61,0.046343537414965885,0,0,-0.04415240103085107,2026-07-30 09:29:53.657323+00:00
18447,1583,DKS,candle_reversal,2026-08-07,bull,201.9700,2026-08-15 23:34:44.404978+00:00,2026-08-15 23:41:58.291903+00:00,,17869,"{""tone"": ""bull"", ""strength"": 83, ""probability"": 49, ""chain"": [{""date"": ""2026-08-07"", ""label"": ""Candela di inversione bull"", ""detail"": ""pattern Engulfing""}, {""date"": ""2026-08-07"", ""label"": ""A supporto"", ""detail"": ""prezzo 201.97 al livello 198.63""}, {""date"": ""2026-08-07"", ""label"": ""MACD cross rialzista"", ""detail"": ""incrocio MACD nel verso del segnale"", ""kind"": ""confirmation""}], ""factors"": {""candle_strength"": 0.8260956959302608, ""at_level"": 1.0, ""confirmation_count"": 0.3333333333333333}, ""invalidation"": {""level"": 198.63, ""reason"": ""rottura del supporto""}, ""sources"": [""Nison - candlestick reversals confirmed at support/resistance""], ""annotations"": {""levels"": [{""label"": ""Supporto"", ""price"": 198.63, ""kind"": ""support""}, {""label"": ""Stop / invalidazione"", ""price"": 198.63, ""kind"": ""stop""}], ""points"": []}, ""atr"": 6.780924113591607, ""horizon"": ""short"", ""regime_at_fire"": ""bear"", ""first_emitted_at"": ""2026-08-15T23:34:45.157399+00:00""}",5,208.839996,201.970001,-0.03289597362374985,0,0,-0.04220869838430153,2026-08-15 23:41:42.284113+00:00
18448,1780,HALO,gap_and_go,2026-08-07,bull,98.6600,2026-08-15 23:34:58.374315+00:00,2026-08-15 23:41:58.291903+00:00,,17946,"{""tone"": ""bull"", ""strength"": 68, ""probability"": 50, ""chain"": [{""date"": ""2026-08-05"", ""label"": ""Candela di rifiuto"", ""detail"": ""pattern hammer"", ""kind"": ""confirmation""}, {""date"": ""2026-08-07"", ""label"": ""Gap bull"", ""detail"": ""apertura in gap del 4.9%""}, {""date"": ""2026-08-07"", ""label"": ""Conferma volume"", ""detail"": ""4.6x la media: gap partecipato""}, {""date"": ""2026-08-14"", ""label"": ""Trend ADX in rafforzamento"", ""detail"": ""ADX conferma la forza del trend"", ""kind"": ""confirmation""}], ""factors"": {""gap_size"": 0.7444027403357569, ""volume_strength"": 0.5595229526256532, ""trend_alignment"": 1.0, ""confirmation_count"": 0.6666666666666666}, ""invalidation"": null, ""sources"": [""Gap taxonomy (breakaway vs exhaustion) + volume confirmation""], ""annotations"": {""levels"": [], ""points"": []}, ""atr"": 3.2328699396090954, ""horizon"": ""short"", ""regime_at_fire"": ""bull"", ""first_emitted_at"": ""2026-08-15T23:34:58.743723+00:00""}",5,103.120003,98.660004,-0.043250570890693174,0,0,-0.05256329565124485,2026-08-15 23:41:42.284113+00:00
16107,420,GIS,candle_reversal,2026-07-13,bear,37.5800,2026-07-21 18:33:06.521509+00:00,2026-07-21 18:45:10.778202+00:00,,15626,"{""tone"": ""bear"", ""strength"": 64, ""probability"": 49, ""chain"": [{""date"": ""2026-07-13"", ""label"": ""Candela di inversione bear"", ""detail"": ""pattern Shooting star""}, {""date"": ""2026-07-13"", ""label"": ""A resistenza"", ""detail"": ""prezzo 37.58 al livello 37.93""}], ""factors"": {""candle_strength"": 0.6441176470588179, ""at_level"": 1.0}, ""invalidation"": {""level"": 37.93, ""reason"": ""rottura del resistenza""}, ""sources"": [""Nison - candlestick reversals confirmed at support/resistance""], ""annotations"": {""levels"": [{""label"": ""Resistenza"", ""price"": 37.93, ""kind"": ""resistance""}, {""label"": ""Stop / invalidazione"", ""price"": 37.93, ""kind"": ""stop""}], ""points"": []}, ""atr"": 1.2449866330820087, ""horizon"": ""short"", ""regime_at_fire"": ""bear"", ""first_emitted_at"": ""2026-07-21T18:33:06.886355+00:00""}",5,36.6,37.58,0.02677595628415297,0,0,-0.031751259276855376,2026-07-21 18:44:56.263488+00:00
17760,101,ADS.DE,gap_and_go,2026-07-30,bear,164.8000,2026-08-06 23:32:06.783665+00:00,2026-08-07 18:40:40.528146+00:00,,17595,"{""tone"": ""bear"", ""strength"": 92, ""probability"": 50, ""chain"": [{""date"": ""2026-07-29"", ""label"": ""Lower-high confermato"", ""detail"": ""struttura a conferma della continuazione"", ""kind"": ""confirmation""}, {""date"": ""2026-07-30"", ""label"": ""Gap bear"", ""detail"": ""apertura in gap del -13.7%""}, {""date"": ""2026-07-30"", ""label"": ""Conferma volume"", ""detail"": ""10.2x la media: gap partecipato""}, {""date"": ""2026-08-04"", ""label"": ""Rifiuto su EMA200"", ""detail"": ""ritorno alla media e rifiuto nel verso del trend"", ""kind"": ""confirmation""}, {""date"": ""2026-08-06"", ""label"": ""Trend ADX in rafforzamento"", ""detail"": ""ADX conferma la forza del trend"", ""kind"": ""confirmation""}], ""factors"": {""gap_size"": 0.9398888513312049, ""volume_strength"": 0.8563633374134867, ""trend_alignment"": 1.0, ""confirmation_count"": 1.0}, ""invalidation"": null, ""sources"": [""Gap taxonomy (breakaway vs exhaustion) + volume confirmation""], ""annotations"": {""levels"": [], ""points"": []}, ""atr"": 6.2270536397560265, ""horizon"": ""short"", ""regime_at_fire"": ""bear"", ""first_emitted_at"": ""2026-08-06T23:32:07.733404+00:00""}",5,161.25,164.800003,0.02201552248062022,0,0,-0.0036151762245936643,2026-08-06 23:38:05.524341+00:00
15903,655,VTR,candle_reversal,2026-07-09,bear,95.0400,2026-07-16 23:58:23.037481+00:00,2026-07-17 00:00:13.340245+00:00,,15544,"{""tone"": ""bear"", ""strength"": 61, ""probability"": 49, ""chain"": [{""date"": ""2026-07-07"", ""label"": ""RSI ipercomprato"", ""detail"": ""estremo RSI a conferma del segnale"", ""kind"": ""confirmation""}, {""date"": ""2026-07-09"", ""label"": ""Candela di inversione bear"", ""detail"": ""pattern Shooting star""}, {""date"": ""2026-07-09"", ""label"": ""A resistenza"", ""detail"": ""prezzo 95.04 al livello 94.60""}], ""factors"": {""candle_strength"": 0.6110169491525395, ""at_level"": 1.0, ""confirmation_count"": 0.3333333333333333}, ""invalidation"": {""level"": 94.6, ""reason"": ""rottura del resistenza""}, ""sources"": [""Nison - candlestick reversals confirmed at support/resistance""], ""annotations"": {""levels"": [{""label"": ""Resistenza"", ""price"": 94.6, ""kind"": ""resistance""}, {""label"": ""Stop / invalidazione"", ""price"": 94.6, ""kind"": ""stop""}], ""points"": []}, ""atr"": 2.0919102248613073, ""horizon"": ""short"", ""regime_at_fire"": ""bull"", ""first_emitted_at"": ""2026-07-16T23:58:23.230582+00:00""}",5,91.74,95.04,0.035971223021582954,0,0,-0.03355660577400355,2026-07-16 23:59:58.754776+00:00
19701,241,APA,candle_reversal,2026-08-25,bear,44.3000,2026-09-02 18:32:19.844578+00:00,2026-09-02 18:40:11.693915+00:00,,19139,"{""tone"": ""bear"", ""strength"": 86, ""probability"": 49, ""chain"": [{""date"": ""2026-08-20"", ""label"": ""RSI ipercomprato"", ""detail"": ""estremo RSI a conferma del segnale"", ""kind"": ""confirmation""}, {""date"": ""2026-08-25"", ""label"": ""Candela di inversione bear"", ""detail"": ""pattern Shooting star""}, {""date"": ""2026-08-25"", ""label"": ""A resistenza"", ""detail"": ""prezzo 44.30 al livello 45.05""}, {""date"": ""2026-08-27"", ""label"": ""MACD cross ribassista"", ""detail"": ""incrocio MACD nel verso del segnale"", ""kind"": ""confirmation""}], ""factors"": {""candle_strength"": 0.8644671635863131, ""at_level"": 1.0, ""confirmation_count"": 0.6666666666666666}, ""invalidation"": {""level"": 45.049999, ""reason"": ""rottura del resistenza""}, ""sources"": [""Nison - candlestick reversals confirmed at support/resistance""], ""annotations"": {""levels"": [{""label"": ""Resistenza"", ""price"": 45.049999, ""kind"": ""resistance""}, {""label"": ""Stop / invalidazione"", ""price"": 45.049999, ""kind"": ""stop""}], ""points"": []}, ""atr"": 1.4782862982091296, ""horizon"": ""short"", ""regime_at_fire"": ""bull"", ""first_emitted_at"": ""2026-09-02T18:32:20.803245+00:00""}",5,41.349998,44.299999,0.07134222835996273,0,0,-0.08921737003629743,2026-09-02 18:39:56.291756+00:00
16075,88,ABI.BR,candle_reversal,2026-07-13,bear,71.1800,2026-07-20 23:30:58.179042+00:00,2026-07-21 13:40:11.137205+00:00,,15596,"{""tone"": ""bear"", ""strength"": 67, ""probability"": 49, ""chain"": [{""date"": ""2026-07-13"", ""label"": ""Candela di inversione bear"", ""detail"": ""pattern Shooting star""}, {""date"": ""2026-07-13"", ""label"": ""A resistenza"", ""detail"": ""prezzo 71.18 al livello 70.36""}], ""factors"": {""candle_strength"": 0.6692982456140162, ""at_level"": 1.0}, ""invalidation"": {""level"": 70.36, ""reason"": ""rottura del resistenza""}, ""sources"": [""Nison - candlestick reversals confirmed at support/resistance""], ""annotations"": {""levels"": [{""label"": ""Resistenza"", ""price"": 70.36, ""kind"": ""resistance""}, {""label"": ""Stop / invalidazione"", ""price"": 70.36, ""kind"": ""stop""}], ""points"": []}, ""atr"": 1.4416858205625465, ""horizon"": ""short"", ""regime_at_fire"": ""bull"", ""first_emitted_at"": ""2026-07-20T23:30:59.227560+00:00""}",5,69.64,71.18,0.022113727742676614,0,0,-0.027706536949454096,2026-07-20 23:33:52.192702+00:00
17268,422,GPC,candle_reversal,2026-07-24,bull,124.3700,2026-08-02 23:33:14.330557+00:00,2026-08-02 23:35:36.594336+00:00,,16566,"{""tone"": ""bull"", ""strength"": 92, ""probability"": 49, ""chain"": [{""date"": ""2026-07-21"", ""label"": ""Rifiuto su EMA200"", ""detail"": ""ritorno alla media e rifiuto nel verso del trend"", ""kind"": ""confirmation""}, {""date"": ""2026-07-21"", ""label"": ""Higher-low confermato"", ""detail"": ""struttura a conferma della continuazione"", ""kind"": ""confirmation""}, {""date"": ""2026-07-21"", ""label"": ""Volume sulla salita"", ""detail"": ""volume sopra la media nel verso del segnale"", ""kind"": ""confirmation""}, {""date"": ""2026-07-24"", ""label"": ""Candela di inversione bull"", ""detail"": ""pattern Engulfing""}, {""date"": ""2026-07-24"", ""label"": ""A supporto"", ""detail"": ""prezzo 124.37 al livello 124.32""}, {""date"": ""2026-07-31"", ""label"": ""Trend ADX in rafforzamento"", ""detail"": ""ADX conferma la forza del trend"", ""kind"": ""confirmation""}], ""factors"": {""candle_strength"": 0.924500135090478, ""at_level"": 1.0, ""confirmation_count"": 1.0}, ""invalidation"": {""level"": 124.32, ""reason"": ""rottura del supporto""}, ""sources"": [""Nison - candlestick reversals confirmed at support/resistance""], ""annotations"": {""levels"": [{""label"": ""Supporto"", ""price"": 124.32, ""kind"": ""support""}, {""label"": ""Stop / invalidazione"", ""price"": 124.32, ""kind"": ""stop""}], ""points"": []}, ""atr"": 4.477528277537326, ""horizon"": ""short"", ""regime_at_fire"": ""bull"", ""first_emitted_at"": ""2026-08-02T23:33:14.902949+00:00""}",5,124.21,124.370003,0.0012881652040899194,1,0,-0.006973290014345948,2026-08-02 23:35:22.928610+00:00
16076,420,GIS,candle_reversal,2026-07-13,bear,37.5800,2026-07-20 23:31:42.460386+00:00,2026-07-21 13:40:11.137205+00:00,,15626,"{""tone"": ""bear"", ""strength"": 64, ""probability"": 49, ""chain"": [{""date"": ""2026-07-13"", ""label"": ""Candela di inversione bear"", ""detail"": ""pattern Shooting star""}, {""date"": ""2026-07-13"", ""label"": ""A resistenza"", ""detail"": ""prezzo 37.58 al livello 37.93""}], ""factors"": {""candle_strength"": 0.6441176470588179, ""at_level"": 1.0}, ""invalidation"": {""level"": 37.93, ""reason"": ""rottura del resistenza""}, ""sources"": [""Nison - candlestick reversals confirmed at support/resistance""], ""annotations"": {""levels"": [{""label"": ""Resistenza"", ""price"": 37.93, ""kind"": ""resistance""}, {""label"": ""Stop / invalidazione"", ""price"": 37.93, ""kind"": ""stop""}], ""points"": []}, ""atr"": 1.2453437759391512, ""horizon"": ""short"", ""regime_at_fire"": ""bear"", ""first_emitted_at"": ""2026-07-20T23:31:42.834350+00:00""}",5,36.6,37.58,0.02677595628415297,0,0,-0.03236876549093045,2026-07-20 23:33:52.192702+00:00
17317,422,GPC,candle_reversal,2026-07-24,bull,124.3700,2026-08-03 18:40:36.338829+00:00,2026-08-03 18:46:50.564510+00:00,,16566,"{""tone"": ""bull"", ""strength"": 92, ""probability"": 49, ""chain"": [{""date"": ""2026-07-21"", ""label"": ""Rifiuto su EMA200"", ""detail"": ""ritorno alla media e rifiuto nel verso del trend"", ""kind"": ""confirmation""}, {""date"": ""2026-07-21"", ""label"": ""Higher-low confermato"", ""detail"": ""struttura a conferma della continuazione"", ""kind"": ""confirmation""}, {""date"": ""2026-07-21"", ""label"": ""Volume sulla salita"", ""detail"": ""volume sopra la media nel verso del segnale"", ""kind"": ""confirmation""}, {""date"": ""2026-07-24"", ""label"": ""Candela di inversione bull"", ""detail"": ""pattern Engulfing""}, {""date"": ""2026-07-24"", ""label"": ""A supporto"", ""detail"": ""prezzo 124.37 al livello 124.32""}, {""date"": ""2026-07-31"", ""label"": ""Trend ADX in rafforzamento"", ""detail"": ""ADX conferma la forza del trend"", ""kind"": ""confirmation""}], ""factors"": {""candle_strength"": 0.924500135090478, ""at_level"": 1.0, ""confirmation_count"": 1.0}, ""invalidation"": {""level"": 124.32, ""reason"": ""rottura del supporto""}, ""sources"": [""Nison - candlestick reversals confirmed at support/resistance""], ""annotations"": {""levels"": [{""label"": ""Supporto"", ""price"": 124.32, ""kind"": ""support""}, {""label"": ""Stop / invalidazione"", ""price"": 124.32, ""kind"": ""stop""}], ""points"": []}, ""atr"": 4.477528277537326, ""horizon"": ""short"", ""regime_at_fire"": ""bull"", ""first_emitted_at"": ""2026-08-03T18:40:36.925335+00:00""}",5,124.21,124.370003,0.0012881652040899194,1,0,-0.006973290266825135,2026-08-03 18:46:36.149035+00:00
16484,259,AXON,candle_reversal,2026-07-16,bull,491.9000,2026-07-23 23:31:25.885420+00:00,2026-07-24 00:19:42.624578+00:00,,15834,"{""tone"": ""bull"", ""strength"": 66, ""probability"": 49, ""chain"": [{""date"": ""2026-07-16"", ""label"": ""Candela di inversione bull"", ""detail"": ""pattern Hammer""}, {""date"": ""2026-07-16"", ""label"": ""A supporto"", ""detail"": ""prezzo 491.90 al livello 484.43""}, {""date"": ""2026-07-20"", ""label"": ""Trend ADX in rafforzamento"", ""detail"": ""ADX conferma la forza del trend"", ""kind"": ""confirmation""}, {""date"": ""2026-07-20"", ""label"": ""Rifiuto su EMA50"", ""detail"": ""ritorno alla media e rifiuto nel verso del trend"", ""kind"": ""confirmation""}], ""factors"": {""candle_strength"": 0.6609216402760905, ""at_level"": 1.0, ""confirmation_count"": 0.6666666666666666}, ""invalidation"": {""level"": 484.43, ""reason"": ""rottura del supporto""}, ""sources"": [""Nison - candlestick reversals confirmed at support/resistance""], ""annotations"": {""levels"": [{""label"": ""Supporto"", ""price"": 484.43, ""kind"": ""support""}, {""label"": ""Stop / invalidazione"", ""price"": 484.43, ""kind"": ""stop""}], ""points"": []}, ""atr"": 30.064324015417935, ""horizon"": ""short"", ""regime_at_fire"": ""bear"", ""first_emitted_at"": ""2026-07-23T23:31:26.657160+00:00""}",5,541.75,491.9,-0.09201661282879559,0,0,-0.08584346240539886,2026-07-23 23:36:46.562918+00:00
17318,1407,BMRN,candle_reversal,2026-07-24,bull,60.0200,2026-08-03 18:42:15.156600+00:00,2026-08-03 18:46:50.564510+00:00,,16596,"{""tone"": ""bull"", ""strength"": 65, ""probability"": 49, ""chain"": [{""date"": ""2026-07-23"", ""label"": ""Rifiuto su EMA50"", ""detail"": ""ritorno alla media e rifiuto nel verso del trend"", ""kind"": ""confirmation""}, {""date"": ""2026-07-24"", ""label"": ""Candela di inversione bull"", ""detail"": ""pattern Hammer""}, {""date"": ""2026-07-24"", ""label"": ""A supporto"", ""detail"": ""prezzo 60.02 al livello 58.50""}, {""date"": ""2026-07-28"", ""label"": ""MACD cross rialzista"", ""detail"": ""incrocio MACD nel verso del segnale"", ""kind"": ""confirmation""}, {""date"": ""2026-07-30"", ""label"": ""Trend ADX in rafforzamento"", ""detail"": ""ADX conferma la forza del trend"", ""kind"": ""confirmation""}], ""factors"": {""candle_strength"": 0.6527123082931361, ""at_level"": 1.0, ""confirmation_count"": 1.0}, ""invalidation"": {""level"": 58.5, ""reason"": ""rottura del supporto""}, ""sources"": [""Nison - candlestick reversals confirmed at support/resistance""], ""annotations"": {""levels"": [{""label"": ""Supporto"", ""price"": 58.5, ""kind"": ""support""}, {""label"": ""Stop / invalidazione"", ""price"": 58.5, ""kind"": ""stop""}], ""points"": []}, ""atr"": 1.5829541001189305, ""horizon"": ""short"", ""regime_at_fire"": ""bull"", ""first_emitted_at"": ""2026-08-03T18:42:15.541029+00:00""}",5,59.330002,60.02,0.011629832744654234,1,1,0.0033683772737391794,2026-08-03 18:46:36.149035+00:00
19702,341,CVS,candle_reversal,2026-08-25,bear,97.6000,2026-09-02 18:32:25.785636+00:00,2026-09-02 18:40:11.693915+00:00,,19553,"{""tone"": ""bear"", ""strength"": 68, ""probability"": 49, ""chain"": [{""date"": ""2026-08-25"", ""label"": ""Candela di inversione bear"", ""detail"": ""pattern Engulfing""}, {""date"": ""2026-08-25"", ""label"": ""A resistenza"", ""detail"": ""prezzo 97.60 al livello 97.51""}, {""date"": ""2026-08-31"", ""label"": ""Trend ADX in rafforzamento"", ""detail"": ""ADX conferma la forza del trend"", ""kind"": ""confirmation""}], ""factors"": {""candle_strength"": 0.6785675306178072, ""at_level"": 1.0, ""confirmation_count"": 0.3333333333333333}, ""invalidation"": {""level"": 97.510002, ""reason"": ""rottura del resistenza""}, ""sources"": [""Nison - candlestick reversals confirmed at support/resistance""], ""annotations"": {""levels"": [{""label"": ""Resistenza"", ""price"": 97.510002, ""kind"": ""resistance""}, {""label"": ""Stop / invalidazione"", ""price"": 97.510002, ""kind"": ""stop""}], ""points"": []}, ""atr"": 2.3129922999358334, ""horizon"": ""short"", ""regime_at_fire"": ""bull"", ""first_emitted_at"": ""2026-09-02T18:32:26.165891+00:00""}",5,92.900002,97.599998,0.050591990299418965,0,0,-0.06846713197575366,2026-09-02 18:39:56.291756+00:00
20078,386,EVRG,candle_reversal,2026-08-28,bear,81.5400,2026-09-08 09:53:26.185244+00:00,2026-09-08 10:02:43.154874+00:00,,19351,"{""tone"": ""bear"", ""strength"": 73, ""probability"": 49, ""chain"": [{""date"": ""2026-08-21"", ""label"": ""Rifiuto su EMA50"", ""detail"": ""ritorno alla media e rifiuto nel verso del trend"", ""kind"": ""confirmation""}, {""date"": ""2026-08-21"", ""label"": ""MACD cross ribassista"", ""detail"": ""incrocio MACD nel verso del segnale"", ""kind"": ""confirmation""}, {""date"": ""2026-08-28"", ""label"": ""Candela di inversione bear"", ""detail"": ""pattern Engulfing""}, {""date"": ""2026-08-28"", ""label"": ""A resistenza"", ""detail"": ""prezzo 81.54 al livello 83.19""}], ""factors"": {""candle_strength"": 0.7292212177449997, ""at_level"": 1.0, ""confirmation_count"": 0.6666666666666666}, ""invalidation"": {""level"": 83.19, ""reason"": ""rottura del resistenza""}, ""sources"": [""Nison - candlestick reversals confirmed at support/resistance""], ""annotations"": {""levels"": [{""label"": ""Resistenza"", ""price"": 83.19, ""kind"": ""resistance""}, {""label"": ""Stop / invalidazione"", ""price"": 83.19, ""kind"": ""stop""}], ""points"": []}, ""atr"": 1.3525859438189198, ""horizon"": ""short"", ""regime_at_fire"": ""bull"", ""first_emitted_at"": ""2026-09-08T09:45:23.420626+00:00"", ""amended_at"": ""2026-09-08T09:53:26.178409+00:00"", ""amend_count"": 1}",5,80.650002,81.540001,0.011035325206811608,0,0,-0.016761568240593716,2026-09-08 10:02:28.081235+00:00
16550,97,DB1.DE,candle_reversal,2026-07-17,bear,258.1000,2026-07-24 20:36:28.959694+00:00,2026-07-25 23:41:01.277612+00:00,,15939,"{""tone"": ""bear"", ""strength"": 65, ""probability"": 49, ""chain"": [{""date"": ""2026-07-16"", ""label"": ""Divergenza RSI ribassista"", ""detail"": ""divergenza prezzo / RSI"", ""kind"": ""confirmation""}, {""date"": ""2026-07-17"", ""label"": ""Candela di inversione bear"", ""detail"": ""pattern Engulfing""}, {""date"": ""2026-07-17"", ""label"": ""A resistenza"", ""detail"": ""prezzo 258.10 al livello 258.90""}, {""date"": ""2026-07-23"", ""label"": ""MACD cross ribassista"", ""detail"": ""incrocio MACD nel verso del segnale"", ""kind"": ""confirmation""}], ""factors"": {""candle_strength"": 0.6500000000000028, ""at_level"": 1.0, ""confirmation_count"": 0.6666666666666666}, ""invalidation"": {""level"": 258.9, ""reason"": ""rottura del resistenza""}, ""sources"": [""Nison - candlestick reversals confirmed at support/resistance""], ""annotations"": {""levels"": [{""label"": ""Resistenza"", ""price"": 258.9, ""kind"": ""resistance""}, {""label"": ""Stop / invalidazione"", ""price"": 258.9, ""kind"": ""stop""}], ""points"": []}, ""atr"": 5.740041663666312, ""horizon"": ""short"", ""regime_at_fire"": ""bull"", ""first_emitted_at"": ""2026-07-24T20:36:29.743852+00:00""}",5,256.9,258.1,0.004671078240560789,0,0,-0.004839532683902014,2026-07-24 20:43:11.318033+00:00
17154,71,MONC.MI,gap_and_go,2026-07-23,bear,48.7800,2026-07-30 23:30:31.519233+00:00,2026-07-31 16:04:12.562827+00:00,,16351,"{""tone"": ""bear"", ""strength"": 77, ""probability"": 50, ""chain"": [{""date"": ""2026-07-21"", ""label"": ""Rifiuto su EMA200"", ""detail"": ""ritorno alla media e rifiuto nel verso del trend"", ""kind"": ""confirmation""}, {""date"": ""2026-07-23"", ""label"": ""Gap bear"", ""detail"": ""apertura in gap del -4.3%""}, {""date"": ""2026-07-23"", ""label"": ""Conferma volume"", ""detail"": ""7.2x la media: gap partecipato""}, {""date"": ""2026-07-23"", ""label"": ""MACD cross ribassista"", ""detail"": ""incrocio MACD nel verso del segnale"", ""kind"": ""confirmation""}], ""factors"": {""gap_size"": 0.6780157421005548, ""volume_strength"": 0.7294905144714114, ""trend_alignment"": 1.0, ""confirmation_count"": 0.6666666666666666}, ""invalidation"": null, ""sources"": [""Gap taxonomy (breakaway vs exhaustion) + volume confirmation""], ""annotations"": {""levels"": [], ""points"": []}, ""atr"": 1.6118700053430888, ""horizon"": ""short"", ""regime_at_fire"": ""bear"", ""first_emitted_at"": ""2026-07-30T23:30:32.138536+00:00""}",5,47.349998,48.78,0.03020067709400953,0,0,-0.01839606943899756,2026-07-30 23:36:21.490658+00:00
17155,359,DOV,gap_and_go,2026-07-23,bear,204.0600,2026-07-30 23:31:10.135884+00:00,2026-07-31 16:04:12.562827+00:00,,16544,"{""tone"": ""bear"", ""strength"": 62, ""probability"": 50, ""chain"": [{""date"": ""2026-07-17"", ""label"": ""Lower-high confermato"", ""detail"": ""struttura a conferma della continuazione"", ""kind"": ""confirmation""}, {""date"": ""2026-07-20"", ""label"": ""Candela di rifiuto"", ""detail"": ""pattern evening_star"", ""kind"": ""confirmation""}, {""date"": ""2026-07-23"", ""label"": ""Gap bear"", ""detail"": ""apertura in gap del -6.1%""}, {""date"": ""2026-07-23"", ""label"": ""Conferma volume"", ""detail"": ""3.9x la media: gap partecipato""}, {""date"": ""2026-07-28"", ""label"": ""Rifiuto su EMA200"", ""detail"": ""ritorno alla media e rifiuto nel verso del trend"", ""kind"": ""confirmation""}], ""factors"": {""gap_size"": 0.7855026103575257, ""volume_strength"": 0.5042011399485561, ""trend_alignment"": 1.0, ""confirmation_count"": 1.0}, ""invalidation"": null, ""sources"": [""Gap taxonomy (breakaway vs exhaustion) + volume confirmation""], ""annotations"": {""levels"": [], ""points"": []}, ""atr"": 6.332117751024708, ""horizon"": ""short"", ""regime_at_fire"": ""bear"", ""first_emitted_at"": ""2026-07-30T23:31:10.709315+00:00""}",5,197.8,204.059998,0.03164811931243672,0,0,-0.019843511657424748,2026-07-30 23:36:21.490658+00:00
17156,576,DGX,gap_and_go,2026-07-23,bull,234.3000,2026-07-30 23:31:45.028704+00:00,2026-07-31 16:04:12.562827+00:00,,16474,"{""tone"": ""bull"", ""strength"": 65, ""probability"": 50, ""chain"": [{""date"": ""2026-07-16"", ""label"": ""Higher-low confermato"", ""detail"": ""struttura a conferma della continuazione"", ""kind"": ""confirmation""}, {""date"": ""2026-07-22"", ""label"": ""Rifiuto su EMA50"", ""detail"": ""ritorno alla media e rifiuto nel verso del trend"", ""kind"": ""confirmation""}, {""date"": ""2026-07-23"", ""label"": ""Gap bull"", ""detail"": ""apertura in gap del 8.7%""}, {""date"": ""2026-07-23"", ""label"": ""Conferma volume"", ""detail"": ""4.2x la media: gap partecipato""}, {""date"": ""2026-07-23"", ""label"": ""MACD cross rialzista"", ""detail"": ""incrocio MACD nel verso del segnale"", ""kind"": ""confirmation""}, {""date"": ""2026-07-27"", ""label"": ""Candela di rifiuto"", ""detail"": ""pattern engulfing"", ""kind"": ""confirmation""}, {""date"": ""2026-07-30"", ""label"": ""Trend ADX in rafforzamento"", ""detail"": ""ADX conferma la forza del trend"", ""kind"": ""confirmation""}], ""factors"": {""gap_size"": 0.8703241910117713, ""volume_strength"": 0.5284283661450269, ""trend_alignment"": 1.0, ""confirmation_count"": 1.0}, ""invalidation"": null, ""sources"": [""Gap taxonomy (breakaway vs exhaustion) + volume confirmation""], ""annotations"": {""levels"": [], ""points"": []}, ""atr"": 6.849342042673715, ""horizon"": ""short"", ""regime_at_fire"": ""bull"", ""first_emitted_at"": ""2026-07-30T23:31:46.183561+00:00""}",5,227.9,234.300003,0.028082505484861686,1,1,0.016277897829849716,2026-07-30 23:36:21.490658+00:00
16229,867,INF.L,candle_reversal,2026-07-15,bull,8.6640,2026-07-22 18:34:30.559719+00:00,2026-07-23 11:42:12.664884+00:00,,15740,"{""tone"": ""bull"", ""strength"": 86, ""probability"": 49, ""chain"": [{""date"": ""2026-07-14"", ""label"": ""Higher-low confermato"", ""detail"": ""struttura a conferma della continuazione"", ""kind"": ""confirmation""}, {""date"": ""2026-07-15"", ""label"": ""Candela di inversione bull"", ""detail"": ""pattern Engulfing""}, {""date"": ""2026-07-15"", ""label"": ""A supporto"", ""detail"": ""prezzo 8.66 al livello 8.66""}], ""factors"": {""candle_strength"": 0.8609756097560939, ""at_level"": 1.0, ""confirmation_count"": 0.3333333333333333}, ""invalidation"": {""level"": 8.658, ""reason"": ""rottura del supporto""}, ""sources"": [""Nison - candlestick reversals confirmed at support/resistance""], ""annotations"": {""levels"": [{""label"": ""Supporto"", ""price"": 8.658, ""kind"": ""support""}, {""label"": ""Stop / invalidazione"", ""price"": 8.658, ""kind"": ""stop""}], ""points"": []}, ""atr"": 0.1797411462449279, ""horizon"": ""short"", ""regime_at_fire"": ""bull"", ""first_emitted_at"": ""2026-07-22T18:34:31.131225+00:00""}",5,8.964,8.664,-0.03346720214190102,0,0,-0.043124261068488975,2026-07-22 18:35:53.059400+00:00
17159,678,WST,candle_reversal,2026-07-23,bear,339.5900,2026-07-30 23:32:03.295002+00:00,2026-07-31 16:04:12.562827+00:00,,16595,"{""tone"": ""bear"", ""strength"": 65, ""probability"": 49, ""chain"": [{""date"": ""2026-07-23"", ""label"": ""Candela di inversione bear"", ""detail"": ""pattern Engulfing""}, {""date"": ""2026-07-23"", ""label"": ""A resistenza"", ""detail"": ""prezzo 339.59 al livello 336.82""}, {""date"": ""2026-07-23"", ""label"": ""Volume sulla discesa"", ""detail"": ""volume sopra la media nel verso del segnale"", ""kind"": ""confirmation""}], ""factors"": {""candle_strength"": 0.645577254451464, ""at_level"": 1.0, ""confirmation_count"": 0.3333333333333333}, ""invalidation"": {""level"": 336.82, ""reason"": ""rottura del resistenza""}, ""sources"": [""Nison - candlestick reversals confirmed at support/resistance""], ""annotations"": {""levels"": [{""label"": ""Resistenza"", ""price"": 336.82, ""kind"": ""resistance""}, {""label"": ""Stop / invalidazione"", ""price"": 336.82, ""kind"": ""stop""}], ""points"": []}, ""atr"": 10.68361861498669, ""horizon"": ""short"", ""regime_at_fire"": ""bull"", ""first_emitted_at"": ""2026-07-30T23:32:03.892802+00:00""}",5,355.48,339.589996,-0.04470013502869363,1,1,0.0565047426837056,2026-07-30 23:36:21.490658+00:00
16116,1113,LSEG.L,candle_reversal,2026-07-14,bull,86.0000,2026-07-21 18:34:14.687106+00:00,2026-07-22 13:50:11.081870+00:00,,15997,"{""tone"": ""bull"", ""strength"": 81, ""probability"": 49, ""chain"": [{""date"": ""2026-07-14"", ""label"": ""Candela di inversione bull"", ""detail"": ""pattern Hammer""}, {""date"": ""2026-07-14"", ""label"": ""A supporto"", ""detail"": ""prezzo 86.00 al livello 87.02""}, {""date"": ""2026-07-16"", ""label"": ""Rifiuto su EMA200"", ""detail"": ""ritorno alla media e rifiuto nel verso del trend"", ""kind"": ""confirmation""}], ""factors"": {""candle_strength"": 0.8071183112420227, ""at_level"": 1.0, ""confirmation_count"": 0.3333333333333333}, ""invalidation"": {""level"": 87.02, ""reason"": ""rottura del supporto""}, ""sources"": [""Nison - candlestick reversals confirmed at support/resistance""], ""annotations"": {""levels"": [{""label"": ""Supporto"", ""price"": 87.02, ""kind"": ""support""}, {""label"": ""Stop / invalidazione"", ""price"": 87.02, ""kind"": ""stop""}], ""points"": []}, ""atr"": 6.507493209758217, ""horizon"": ""short"", ""regime_at_fire"": ""bear"", ""first_emitted_at"": ""2026-07-21T18:34:15.090023+00:00""}",5,89.74,86.0,-0.04167595275239577,0,0,-0.04912678704994562,2026-07-21 18:44:56.263488+00:00
16077,1113,LSEG.L,candle_reversal,2026-07-14,bull,88.4400,2026-07-20 23:32:47.963150+00:00,2026-07-22 13:50:11.081870+00:00,,15997,"{""tone"": ""bull"", ""strength"": 81, ""probability"": 49, ""chain"": [{""date"": ""2026-07-14"", ""label"": ""Candela di inversione bull"", ""detail"": ""pattern Hammer""}, {""date"": ""2026-07-14"", ""label"": ""A supporto"", ""detail"": ""prezzo 88.44 al livello 87.02""}, {""date"": ""2026-07-16"", ""label"": ""Rifiuto su EMA200"", ""detail"": ""ritorno alla media e rifiuto nel verso del trend"", ""kind"": ""confirmation""}], ""factors"": {""candle_strength"": 0.8071183112420227, ""at_level"": 1.0, ""confirmation_count"": 0.3333333333333333}, ""invalidation"": {""level"": 87.02, ""reason"": ""rottura del supporto""}, ""sources"": [""Nison - candlestick reversals confirmed at support/resistance""], ""annotations"": {""levels"": [{""label"": ""Supporto"", ""price"": 87.02, ""kind"": ""support""}, {""label"": ""Stop / invalidazione"", ""price"": 87.02, ""kind"": ""stop""}], ""points"": []}, ""atr"": 5.98960807030783, ""horizon"": ""short"", ""regime_at_fire"": ""bear"", ""first_emitted_at"": ""2026-07-20T23:32:48.908911+00:00""}",5,89.74,86.0,-0.04167595275239577,0,0,-0.04912678704994562,2026-07-21 18:44:56.263488+00:00
17160,744,RHM.DE,candle_reversal,2026-07-23,bear,1139.6000,2026-07-30 23:32:20.624898+00:00,2026-07-31 16:04:12.562827+00:00,,16883,"{""tone"": ""bear"", ""strength"": 70, ""probability"": 49, ""chain"": [{""date"": ""2026-07-23"", ""label"": ""Candela di inversione bear"", ""detail"": ""pattern Shooting star""}, {""date"": ""2026-07-23"", ""label"": ""A resistenza"", ""detail"": ""prezzo 1139.60 al livello 1146.00""}, {""date"": ""2026-07-24"", ""label"": ""Trend ADX in rafforzamento"", ""detail"": ""ADX conferma la forza del trend"", ""kind"": ""confirmation""}], ""factors"": {""candle_strength"": 0.6989539748953972, ""at_level"": 1.0, ""confirmation_count"": 0.3333333333333333}, ""invalidation"": {""level"": 1146.0, ""reason"": ""rottura del resistenza""}, ""sources"": [""Nison - candlestick reversals confirmed at support/resistance""], ""annotations"": {""levels"": [{""label"": ""Resistenza"", ""price"": 1146.0, ""kind"": ""resistance""}, {""label"": ""Stop / invalidazione"", ""price"": 1146.0, ""kind"": ""stop""}], ""points"": []}, ""atr"": 50.2835087584921, ""horizon"": ""short"", ""regime_at_fire"": ""bear"", ""first_emitted_at"": ""2026-07-30T23:32:21.217704+00:00""}",5,1017.0,1139.6,0.12055063913470976,0,0,-0.10874603147969779,2026-07-30 23:36:21.490658+00:00
17161,1132,RR.L,candle_reversal,2026-07-23,bear,14.6300,2026-07-30 23:32:27.851562+00:00,2026-07-31 16:04:12.562827+00:00,,16379,"{""tone"": ""bear"", ""strength"": 73, ""probability"": 49, ""chain"": [{""date"": ""2026-07-23"", ""label"": ""Candela di inversione bear"", ""detail"": ""pattern Engulfing""}, {""date"": ""2026-07-23"", ""label"": ""A resistenza"", ""detail"": ""prezzo 14.63 al livello 14.24""}, {""date"": ""2026-07-27"", ""label"": ""Volume sulla discesa"", ""detail"": ""volume sopra la media nel verso del segnale"", ""kind"": ""confirmation""}], ""factors"": {""candle_strength"": 0.7321782178217797, ""at_level"": 1.0, ""confirmation_count"": 0.3333333333333333}, ""invalidation"": {""level"": 14.242, ""reason"": ""rottura del resistenza""}, ""sources"": [""Nison - candlestick reversals confirmed at support/resistance""], ""annotations"": {""levels"": [{""label"": ""Resistenza"", ""price"": 14.242, ""kind"": ""resistance""}, {""label"": ""Stop / invalidazione"", ""price"": 14.242, ""kind"": ""stop""}], ""points"": []}, ""atr"": 0.5111846212527851, ""horizon"": ""short"", ""regime_at_fire"": ""bull"", ""first_emitted_at"": ""2026-07-30T23:32:28.450873+00:00""}",5,13.59,14.63,0.07652685798381165,0,0,-0.06472225032879968,2026-07-30 23:36:21.490658+00:00
19716,1583,DKS,gap_and_go,2026-08-25,bear,132.9500,2026-09-02 18:34:38.862301+00:00,2026-09-02 18:40:11.693915+00:00,,19098,"{""tone"": ""bear"", ""strength"": 99, ""probability"": 50, ""chain"": [{""date"": ""2026-08-18"", ""label"": ""MACD cross ribassista"", ""detail"": ""incrocio MACD nel verso del segnale"", ""kind"": ""confirmation""}, {""date"": ""2026-08-24"", ""label"": ""Candela di rifiuto"", ""detail"": ""pattern engulfing"", ""kind"": ""confirmation""}, {""date"": ""2026-08-25"", ""label"": ""Gap bear"", ""detail"": ""apertura in gap del -20.6%""}, {""date"": ""2026-08-25"", ""label"": ""Conferma volume"", ""detail"": ""22.1x la media: gap partecipato""}, {""date"": ""2026-09-01"", ""label"": ""Trend ADX in rafforzamento"", ""detail"": ""ADX conferma la forza del trend"", ""kind"": ""confirmation""}], ""factors"": {""gap_size"": 0.9741282176087965, ""volume_strength"": 1.0, ""trend_alignment"": 1.0, ""confirmation_count"": 1.0}, ""invalidation"": null, ""sources"": [""Gap taxonomy (breakaway vs exhaustion) + volume confirmation""], ""annotations"": {""levels"": [], ""points"": []}, ""atr"": 9.220974913504417, ""horizon"": ""short"", ""regime_at_fire"": ""bear"", ""first_emitted_at"": ""2026-09-02T18:34:39.241285+00:00""}",5,124.309998,132.949997,0.06950365327815389,0,0,-0.08737879495448858,2026-09-02 18:39:56.291756+00:00
16228,855,GLEN.L,candle_reversal,2026-07-15,bear,5.3810,2026-07-22 18:34:28.386109+00:00,2026-07-23 11:42:12.664884+00:00,,16114,"{""tone"": ""bear"", ""strength"": 83, ""probability"": 49, ""chain"": [{""date"": ""2026-07-14"", ""label"": ""Lower-high confermato"", ""detail"": ""struttura a conferma della continuazione"", ""kind"": ""confirmation""}, {""date"": ""2026-07-15"", ""label"": ""Candela di inversione bear"", ""detail"": ""pattern Engulfing""}, {""date"": ""2026-07-15"", ""label"": ""A resistenza"", ""detail"": ""prezzo 5.38 al livello 5.40""}, {""date"": ""2026-07-15"", ""label"": ""Rifiuto su EMA50"", ""detail"": ""ritorno alla media e rifiuto nel verso del trend"", ""kind"": ""confirmation""}, {""date"": ""2026-07-20"", ""label"": ""Volume sulla discesa"", ""detail"": ""volume sopra la media nel verso del segnale"", ""kind"": ""confirmation""}], ""factors"": {""candle_strength"": 0.82934272300469, ""at_level"": 1.0, ""confirmation_count"": 1.0}, ""invalidation"": {""level"": 5.398, ""reason"": ""rottura del resistenza""}, ""sources"": [""Nison - candlestick reversals confirmed at support/resistance""], ""annotations"": {""levels"": [{""label"": ""Resistenza"", ""price"": 5.398, ""kind"": ""resistance""}, {""label"": ""Stop / invalidazione"", ""price"": 5.398, ""kind"": ""stop""}], ""points"": []}, ""atr"": 0.2399814804314235, ""horizon"": ""short"", ""regime_at_fire"": ""bull"", ""first_emitted_at"": ""2026-07-22T18:34:28.692819+00:00""}",5,5.175,5.381,0.039806763285024305,0,0,-0.030149704358436353,2026-07-22 18:35:53.059400+00:00
17172,359,DOV,gap_and_go,2026-07-23,bear,204.0600,2026-07-31 15:56:57.974386+00:00,2026-07-31 16:04:12.562827+00:00,,16544,"{""tone"": ""bear"", ""strength"": 62, ""probability"": 50, ""chain"": [{""date"": ""2026-07-17"", ""label"": ""Lower-high confermato"", ""detail"": ""struttura a conferma della continuazione"", ""kind"": ""confirmation""}, {""date"": ""2026-07-20"", ""label"": ""Candela di rifiuto"", ""detail"": ""pattern evening_star"", ""kind"": ""confirmation""}, {""date"": ""2026-07-23"", ""label"": ""Gap bear"", ""detail"": ""apertura in gap del -6.1%""}, {""date"": ""2026-07-23"", ""label"": ""Conferma volume"", ""detail"": ""3.9x la media: gap partecipato""}, {""date"": ""2026-07-28"", ""label"": ""Rifiuto su EMA200"", ""detail"": ""ritorno alla media e rifiuto nel verso del trend"", ""kind"": ""confirmation""}], ""factors"": {""gap_size"": 0.7855026103575257, ""volume_strength"": 0.5042011399485561, ""trend_alignment"": 1.0, ""confirmation_count"": 1.0}, ""invalidation"": null, ""sources"": [""Gap taxonomy (breakaway vs exhaustion) + volume confirmation""], ""annotations"": {""levels"": [], ""points"": []}, ""atr"": 6.332117751024708, ""horizon"": ""short"", ""regime_at_fire"": ""bear"", ""first_emitted_at"": ""2026-07-31T15:56:58.541820+00:00""}",5,197.8,204.059998,0.03164811931243672,0,0,-0.019843157518078927,2026-07-31 16:03:58.930422+00:00
16986,408,FOXA,candle_reversal,2026-07-22,bear,58.9500,2026-07-30 09:23:56.380628+00:00,2026-07-30 09:30:08.455338+00:00,,16274,"{""tone"": ""bear"", ""strength"": 81, ""probability"": 49, ""chain"": [{""date"": ""2026-07-22"", ""label"": ""Candela di inversione bear"", ""detail"": ""pattern Engulfing""}, {""date"": ""2026-07-22"", ""label"": ""A resistenza"", ""detail"": ""prezzo 58.95 al livello 58.92""}, {""date"": ""2026-07-22"", ""label"": ""Rifiuto su EMA50"", ""detail"": ""ritorno alla media e rifiuto nel verso del trend"", ""kind"": ""confirmation""}], ""factors"": {""candle_strength"": 0.8067114093959734, ""at_level"": 1.0, ""confirmation_count"": 0.3333333333333333}, ""invalidation"": {""level"": 58.925, ""reason"": ""rottura del resistenza""}, ""sources"": [""Nison - candlestick reversals confirmed at support/resistance""], ""annotations"": {""levels"": [{""label"": ""Resistenza"", ""price"": 58.925, ""kind"": ""resistance""}, {""label"": ""Stop / invalidazione"", ""price"": 58.925, ""kind"": ""stop""}], ""points"": []}, ""atr"": 1.8407684538983224, ""horizon"": ""short"", ""regime_at_fire"": ""bear"", ""first_emitted_at"": ""2026-07-30T09:23:56.574270+00:00""}",5,56.45,58.95,0.04428697962798944,0,0,-0.04209584324387463,2026-07-30 09:29:53.657323+00:00
17173,576,DGX,gap_and_go,2026-07-23,bull,234.3000,2026-07-31 15:57:45.567818+00:00,2026-07-31 16:04:12.562827+00:00,,16474,"{""tone"": ""bull"", ""strength"": 65, ""probability"": 50, ""chain"": [{""date"": ""2026-07-16"", ""label"": ""Higher-low confermato"", ""detail"": ""struttura a conferma della continuazione"", ""kind"": ""confirmation""}, {""date"": ""2026-07-22"", ""label"": ""Rifiuto su EMA50"", ""detail"": ""ritorno alla media e rifiuto nel verso del trend"", ""kind"": ""confirmation""}, {""date"": ""2026-07-23"", ""label"": ""Gap bull"", ""detail"": ""apertura in gap del 8.7%""}, {""date"": ""2026-07-23"", ""label"": ""Conferma volume"", ""detail"": ""4.2x la media: gap partecipato""}, {""date"": ""2026-07-23"", ""label"": ""MACD cross rialzista"", ""detail"": ""incrocio MACD nel verso del segnale"", ""kind"": ""confirmation""}, {""date"": ""2026-07-27"", ""label"": ""Candela di rifiuto"", ""detail"": ""pattern engulfing"", ""kind"": ""confirmation""}, {""date"": ""2026-07-30"", ""label"": ""Trend ADX in rafforzamento"", ""detail"": ""ADX conferma la forza del trend"", ""kind"": ""confirmation""}], ""factors"": {""gap_size"": 0.8703241910117713, ""volume_strength"": 0.5284283661450269, ""trend_alignment"": 1.0, ""confirmation_count"": 1.0}, ""invalidation"": null, ""sources"": [""Gap taxonomy (breakaway vs exhaustion) + volume confirmation""], ""annotations"": {""levels"": [], ""points"": []}, ""atr"": 6.849342042673715, ""horizon"": ""short"", ""regime_at_fire"": ""bull"", ""first_emitted_at"": ""2026-07-31T15:57:46.532711+00:00""}",5,227.9,234.300003,0.028082505484861686,1,1,0.016277543690503896,2026-07-31 16:03:58.930422+00:00
17174,590,ROL,gap_and_go,2026-07-23,bear,38.3500,2026-07-31 15:57:49.424749+00:00,2026-07-31 16:04:12.562827+00:00,,16524,"{""tone"": ""bear"", ""strength"": 60, ""probability"": 50, ""chain"": [{""date"": ""2026-07-17"", ""label"": ""Lower-high confermato"", ""detail"": ""struttura a conferma della continuazione"", ""kind"": ""confirmation""}, {""date"": ""2026-07-23"", ""label"": ""Gap bear"", ""detail"": ""apertura in gap del -14.1%""}, {""date"": ""2026-07-23"", ""label"": ""Conferma volume"", ""detail"": ""3.6x la media: gap partecipato""}, {""date"": ""2026-07-23"", ""label"": ""MACD cross ribassista"", ""detail"": ""incrocio MACD nel verso del segnale"", ""kind"": ""confirmation""}, {""date"": ""2026-07-30"", ""label"": ""Trend ADX in rafforzamento"", ""detail"": ""ADX conferma la forza del trend"", ""kind"": ""confirmation""}], ""factors"": {""gap_size"": 0.9431773800942742, ""volume_strength"": 0.47612274774784596, ""trend_alignment"": 1.0, ""confirmation_count"": 1.0}, ""invalidation"": null, ""sources"": [""Gap taxonomy (breakaway vs exhaustion) + volume confirmation""], ""annotations"": {""levels"": [], ""points"": []}, ""atr"": 1.544661867886964, ""horizon"": ""short"", ""regime_at_fire"": ""bear"", ""first_emitted_at"": ""2026-07-31T15:57:50.411183+00:00""}",5,39.44,38.349998,-0.027636967545638935,1,1,0.039441929339996726,2026-07-31 16:03:58.930422+00:00
17176,678,WST,candle_reversal,2026-07-23,bear,339.5900,2026-07-31 15:58:03.448093+00:00,2026-07-31 16:04:12.562827+00:00,,16595,"{""tone"": ""bear"", ""strength"": 65, ""probability"": 49, ""chain"": [{""date"": ""2026-07-23"", ""label"": ""Candela di inversione bear"", ""detail"": ""pattern Engulfing""}, {""date"": ""2026-07-23"", ""label"": ""A resistenza"", ""detail"": ""prezzo 339.59 al livello 336.82""}, {""date"": ""2026-07-23"", ""label"": ""Volume sulla discesa"", ""detail"": ""volume sopra la media nel verso del segnale"", ""kind"": ""confirmation""}], ""factors"": {""candle_strength"": 0.645577254451464, ""at_level"": 1.0, ""confirmation_count"": 0.3333333333333333}, ""invalidation"": {""level"": 336.82, ""reason"": ""rottura del resistenza""}, ""sources"": [""Nison - candlestick reversals confirmed at support/resistance""], ""annotations"": {""levels"": [{""label"": ""Resistenza"", ""price"": 336.82, ""kind"": ""resistance""}, {""label"": ""Stop / invalidazione"", ""price"": 336.82, ""kind"": ""stop""}], ""points"": []}, ""atr"": 10.684333614986691, ""horizon"": ""short"", ""regime_at_fire"": ""bull"", ""first_emitted_at"": ""2026-07-31T15:58:04.021772+00:00""}",5,355.48,339.589996,-0.04470013502869363,1,1,0.05650509682305142,2026-07-31 16:03:58.930422+00:00
17589,631,TXT,gap_and_go,2026-07-28,bear,89.1200,2026-08-05 18:34:22.263670+00:00,2026-08-05 18:41:08.624182+00:00,,17254,"{""tone"": ""bear"", ""strength"": 62, ""probability"": 50, ""chain"": [{""date"": ""2026-07-28"", ""label"": ""Gap bear"", ""detail"": ""apertura in gap del -5.4%""}, {""date"": ""2026-07-28"", ""label"": ""Conferma volume"", ""detail"": ""3.9x la media: gap partecipato""}, {""date"": ""2026-07-29"", ""label"": ""Rifiuto su EMA50"", ""detail"": ""ritorno alla media e rifiuto nel verso del trend"", ""kind"": ""confirmation""}, {""date"": ""2026-07-29"", ""label"": ""MACD cross ribassista"", ""detail"": ""incrocio MACD nel verso del segnale"", ""kind"": ""confirmation""}, {""date"": ""2026-07-31"", ""label"": ""Candela di rifiuto"", ""detail"": ""pattern engulfing"", ""kind"": ""confirmation""}], ""factors"": {""gap_size"": 0.7636416831374179, ""volume_strength"": 0.5030715195101196, ""trend_alignment"": 1.0, ""confirmation_count"": 1.0}, ""invalidation"": null, ""sources"": [""Gap taxonomy (breakaway vs exhaustion) + volume confirmation""], ""annotations"": {""levels"": [], ""points"": []}, ""atr"": 2.925996722885327, ""horizon"": ""short"", ""regime_at_fire"": ""bear"", ""first_emitted_at"": ""2026-08-05T13:58:47.695454+00:00"", ""amended_at"": ""2026-08-05T18:34:22.261972+00:00"", ""amend_count"": 1}",5,89.96,89.120003,-0.009337449977767864,1,1,0.03136437814618738,2026-08-05 18:40:52.688027+00:00
17138,71,MONC.MI,gap_and_go,2026-07-23,bear,48.7800,2026-07-30 22:00:48.420774+00:00,2026-07-31 16:04:12.562827+00:00,,16351,"{""tone"": ""bear"", ""strength"": 77, ""probability"": 50, ""chain"": [{""date"": ""2026-07-21"", ""label"": ""Rifiuto su EMA200"", ""detail"": ""ritorno alla media e rifiuto nel verso del trend"", ""kind"": ""confirmation""}, {""date"": ""2026-07-23"", ""label"": ""Gap bear"", ""detail"": ""apertura in gap del -4.3%""}, {""date"": ""2026-07-23"", ""label"": ""Conferma volume"", ""detail"": ""7.2x la media: gap partecipato""}, {""date"": ""2026-07-23"", ""label"": ""MACD cross ribassista"", ""detail"": ""incrocio MACD nel verso del segnale"", ""kind"": ""confirmation""}], ""factors"": {""gap_size"": 0.6780157421005548, ""volume_strength"": 0.7294905144714114, ""trend_alignment"": 1.0, ""confirmation_count"": 0.6666666666666666}, ""invalidation"": null, ""sources"": [""Gap taxonomy (breakaway vs exhaustion) + volume confirmation""], ""annotations"": {""levels"": [], ""points"": []}, ""atr"": 1.6118700053430888, ""horizon"": ""short"", ""regime_at_fire"": ""bear"", ""first_emitted_at"": ""2026-07-30T22:00:49.004932+00:00""}",5,47.349998,48.78,0.03020067709400953,0,0,-0.01839606943899756,2026-07-30 22:03:56.942316+00:00
17139,359,DOV,gap_and_go,2026-07-23,bear,204.0600,2026-07-30 22:01:26.215688+00:00,2026-07-31 16:04:12.562827+00:00,,16544,"{""tone"": ""bear"", ""strength"": 62, ""probability"": 50, ""chain"": [{""date"": ""2026-07-17"", ""label"": ""Lower-high confermato"", ""detail"": ""struttura a conferma della continuazione"", ""kind"": ""confirmation""}, {""date"": ""2026-07-20"", ""label"": ""Candela di rifiuto"", ""detail"": ""pattern evening_star"", ""kind"": ""confirmation""}, {""date"": ""2026-07-23"", ""label"": ""Gap bear"", ""detail"": ""apertura in gap del -6.1%""}, {""date"": ""2026-07-23"", ""label"": ""Conferma volume"", ""detail"": ""3.9x la media: gap partecipato""}, {""date"": ""2026-07-28"", ""label"": ""Rifiuto su EMA200"", ""detail"": ""ritorno alla media e rifiuto nel verso del trend"", ""kind"": ""confirmation""}], ""factors"": {""gap_size"": 0.7855026103575257, ""volume_strength"": 0.5042011399485561, ""trend_alignment"": 1.0, ""confirmation_count"": 1.0}, ""invalidation"": null, ""sources"": [""Gap taxonomy (breakaway vs exhaustion) + volume confirmation""], ""annotations"": {""levels"": [], ""points"": []}, ""atr"": 6.332117751024708, ""horizon"": ""short"", ""regime_at_fire"": ""bear"", ""first_emitted_at"": ""2026-07-30T22:01:26.778521+00:00""}",5,197.8,204.059998,0.03164811931243672,0,0,-0.019843511657424748,2026-07-30 22:03:56.942316+00:00
16392,1801,CPRX,candle_reversal,2026-07-09,bear,31.4900,2026-07-23 19:59:07.951227+00:00,2026-07-23 20:02:58.737975+00:00,,15898,"{""tone"": ""bear"", ""strength"": 96, ""probability"": 49, ""chain"": [{""date"": ""2026-07-09"", ""label"": ""Candela di inversione bear"", ""detail"": ""pattern Shooting star""}, {""date"": ""2026-07-09"", ""label"": ""A resistenza"", ""detail"": ""prezzo 31.49 al livello 31.50""}, {""date"": ""2026-07-16"", ""label"": ""RSI ipercomprato"", ""detail"": ""estremo RSI a conferma del segnale"", ""kind"": ""confirmation""}], ""factors"": {""candle_strength"": 0.96100431480727, ""at_level"": 1.0, ""confirmation_count"": 0.3333333333333333}, ""invalidation"": {""level"": 31.5, ""reason"": ""rottura del resistenza""}, ""sources"": [""Nison - candlestick reversals confirmed at support/resistance""], ""annotations"": {""levels"": [{""label"": ""Resistenza"", ""price"": 31.5, ""kind"": ""resistance""}, {""label"": ""Stop / invalidazione"", ""price"": 31.5, ""kind"": ""stop""}], ""points"": []}, ""atr"": 0.06777446944275221, ""horizon"": ""short"", ""regime_at_fire"": ""bull"", ""first_emitted_at"": ""2026-07-23T19:59:08.161044+00:00""}",5,31.47,31.49,0.0006355258976802336,0,1,0.001538721730892846,2026-07-23 20:02:45.761050+00:00
17141,590,ROL,gap_and_go,2026-07-23,bear,38.3500,2026-07-30 22:02:05.100069+00:00,2026-07-31 16:04:12.562827+00:00,,16524,"{""tone"": ""bear"", ""strength"": 60, ""probability"": 50, ""chain"": [{""date"": ""2026-07-17"", ""label"": ""Lower-high confermato"", ""detail"": ""struttura a conferma della continuazione"", ""kind"": ""confirmation""}, {""date"": ""2026-07-23"", ""label"": ""Gap bear"", ""detail"": ""apertura in gap del -14.1%""}, {""date"": ""2026-07-23"", ""label"": ""Conferma volume"", ""detail"": ""3.6x la media: gap partecipato""}, {""date"": ""2026-07-23"", ""label"": ""MACD cross ribassista"", ""detail"": ""incrocio MACD nel verso del segnale"", ""kind"": ""confirmation""}, {""date"": ""2026-07-30"", ""label"": ""Trend ADX in rafforzamento"", ""detail"": ""ADX conferma la forza del trend"", ""kind"": ""confirmation""}], ""factors"": {""gap_size"": 0.9431773800942742, ""volume_strength"": 0.47612274774784596, ""trend_alignment"": 1.0, ""confirmation_count"": 1.0}, ""invalidation"": null, ""sources"": [""Gap taxonomy (breakaway vs exhaustion) + volume confirmation""], ""annotations"": {""levels"": [], ""points"": []}, ""atr"": 1.5439477250298208, ""horizon"": ""short"", ""regime_at_fire"": ""bear"", ""first_emitted_at"": ""2026-07-30T22:02:06.071170+00:00""}",5,39.44,38.349998,-0.027636967545638935,1,1,0.039441575200650905,2026-07-30 22:03:56.942316+00:00
17151,678,WST,candle_reversal,2026-07-23,bear,339.5900,2026-07-30 22:13:47.545203+00:00,2026-07-31 16:04:12.562827+00:00,,16595,"{""tone"": ""bear"", ""strength"": 65, ""probability"": 49, ""chain"": [{""date"": ""2026-07-23"", ""label"": ""Candela di inversione bear"", ""detail"": ""pattern Engulfing""}, {""date"": ""2026-07-23"", ""label"": ""A resistenza"", ""detail"": ""prezzo 339.59 al livello 336.82""}, {""date"": ""2026-07-23"", ""label"": ""Volume sulla discesa"", ""detail"": ""volume sopra la media nel verso del segnale"", ""kind"": ""confirmation""}], ""factors"": {""candle_strength"": 0.645577254451464, ""at_level"": 1.0, ""confirmation_count"": 0.3333333333333333}, ""invalidation"": {""level"": 336.82, ""reason"": ""rottura del resistenza""}, ""sources"": [""Nison - candlestick reversals confirmed at support/resistance""], ""annotations"": {""levels"": [{""label"": ""Resistenza"", ""price"": 336.82, ""kind"": ""resistance""}, {""label"": ""Stop / invalidazione"", ""price"": 336.82, ""kind"": ""stop""}], ""points"": []}, ""atr"": 10.68361861498669, ""horizon"": ""short"", ""regime_at_fire"": ""bull"", ""first_emitted_at"": ""2026-07-30T22:13:48.132172+00:00""}",5,355.48,339.589996,-0.04470013502869363,1,1,0.0565047426837056,2026-07-30 22:15:26.397897+00:00
16503,689,ZBRA,candle_reversal,2026-07-16,bull,256.9500,2026-07-24 00:26:18.776860+00:00,2026-07-24 00:27:54.215279+00:00,,15876,"{""tone"": ""bull"", ""strength"": 77, ""probability"": 49, ""chain"": [{""date"": ""2026-07-15"", ""label"": ""Higher-low confermato"", ""detail"": ""struttura a conferma della continuazione"", ""kind"": ""confirmation""}, {""date"": ""2026-07-16"", ""label"": ""Candela di inversione bull"", ""detail"": ""pattern Engulfing""}, {""date"": ""2026-07-16"", ""label"": ""A supporto"", ""detail"": ""prezzo 256.95 al livello 259.01""}, {""date"": ""2026-07-22"", ""label"": ""Rifiuto su EMA200"", ""detail"": ""ritorno alla media e rifiuto nel verso del trend"", ""kind"": ""confirmation""}], ""factors"": {""candle_strength"": 0.7718225419664273, ""at_level"": 1.0, ""confirmation_count"": 0.6666666666666666}, ""invalidation"": {""level"": 259.01, ""reason"": ""rottura del supporto""}, ""sources"": [""Nison - candlestick reversals confirmed at support/resistance""], ""annotations"": {""levels"": [{""label"": ""Supporto"", ""price"": 259.01, ""kind"": ""support""}, {""label"": ""Stop / invalidazione"", ""price"": 259.01, ""kind"": ""stop""}], ""points"": []}, ""atr"": 10.192679806010412, ""horizon"": ""short"", ""regime_at_fire"": ""bull"", ""first_emitted_at"": ""2026-07-24T00:26:19.353534+00:00""}",5,265.04,256.95,-0.030523694536673807,0,0,-0.024368836390906996,2026-07-24 00:27:41.103649+00:00
18640,425,GDDY,candle_reversal,2026-08-11,bear,95.8000,2026-08-19 18:34:30.386631+00:00,2026-08-19 18:59:04.757625+00:00,,18096,"{""tone"": ""bear"", ""strength"": 64, ""probability"": 49, ""chain"": [{""date"": ""2026-08-11"", ""label"": ""Candela di inversione bear"", ""detail"": ""pattern Shooting star""}, {""date"": ""2026-08-11"", ""label"": ""A resistenza"", ""detail"": ""prezzo 95.80 al livello 97.00""}, {""date"": ""2026-08-17"", ""label"": ""MACD cross ribassista"", ""detail"": ""incrocio MACD nel verso del segnale"", ""kind"": ""confirmation""}], ""factors"": {""candle_strength"": 0.640401754339228, ""at_level"": 1.0, ""confirmation_count"": 0.3333333333333333}, ""invalidation"": {""level"": 97.0, ""reason"": ""rottura del resistenza""}, ""sources"": [""Nison - candlestick reversals confirmed at support/resistance""], ""annotations"": {""levels"": [{""label"": ""Resistenza"", ""price"": 97.0, ""kind"": ""resistance""}, {""label"": ""Stop / invalidazione"", ""price"": 97.0, ""kind"": ""stop""}], ""points"": []}, ""atr"": 5.208510955508921, ""horizon"": ""short"", ""regime_at_fire"": ""bear"", ""first_emitted_at"": ""2026-08-19T18:34:30.569077+00:00""}",5,90.739998,95.800003,0.05576377685174738,0,0,-0.06102347199189983,2026-08-19 18:58:48.235067+00:00
18642,625,TRGP,candle_reversal,2026-08-11,bear,297.7700,2026-08-19 18:35:06.717636+00:00,2026-08-19 18:59:04.757625+00:00,,18113,"{""tone"": ""bear"", ""strength"": 68, ""probability"": 49, ""chain"": [{""date"": ""2026-08-06"", ""label"": ""Lower-high confermato"", ""detail"": ""struttura a conferma della continuazione"", ""kind"": ""confirmation""}, {""date"": ""2026-08-11"", ""label"": ""Candela di inversione bear"", ""detail"": ""pattern Shooting star""}, {""date"": ""2026-08-11"", ""label"": ""A resistenza"", ""detail"": ""prezzo 297.77 al livello 290.69""}, {""date"": ""2026-08-11"", ""label"": ""Rifiuto su EMA50"", ""detail"": ""ritorno alla media e rifiuto nel verso del trend"", ""kind"": ""confirmation""}], ""factors"": {""candle_strength"": 0.6833258850677462, ""at_level"": 1.0, ""confirmation_count"": 0.6666666666666666}, ""invalidation"": {""level"": 290.685, ""reason"": ""rottura del resistenza""}, ""sources"": [""Nison - candlestick reversals confirmed at support/resistance""], ""annotations"": {""levels"": [{""label"": ""Resistenza"", ""price"": 290.685, ""kind"": ""resistance""}, {""label"": ""Stop / invalidazione"", ""price"": 290.685, ""kind"": ""stop""}], ""points"": []}, ""atr"": 8.826687398138292, ""horizon"": ""short"", ""regime_at_fire"": ""bull"", ""first_emitted_at"": ""2026-08-19T18:35:07.653097+00:00""}",5,265.450012,297.769989,0.12175541736272355,0,0,-0.127015112502876,2026-08-19 18:58:48.235067+00:00
16334,117,ADYEN.AS,candle_reversal,2026-07-15,bull,820.9000,2026-07-23 11:31:16.507042+00:00,2026-07-23 11:42:12.664884+00:00,,15730,"{""tone"": ""bull"", ""strength"": 95, ""probability"": 49, ""chain"": [{""date"": ""2026-07-15"", ""label"": ""Candela di inversione bull"", ""detail"": ""pattern Engulfing""}, {""date"": ""2026-07-15"", ""label"": ""A supporto"", ""detail"": ""prezzo 820.90 al livello 824.40""}], ""factors"": {""candle_strength"": 0.9547096100787825, ""at_level"": 1.0}, ""invalidation"": {""level"": 824.4, ""reason"": ""rottura del supporto""}, ""sources"": [""Nison - candlestick reversals confirmed at support/resistance""], ""annotations"": {""levels"": [{""label"": ""Supporto"", ""price"": 824.4, ""kind"": ""support""}, {""label"": ""Stop / invalidazione"", ""price"": 824.4, ""kind"": ""stop""}], ""points"": []}, ""atr"": 31.176021506540582, ""horizon"": ""short"", ""regime_at_fire"": ""bear"", ""first_emitted_at"": ""2026-07-23T11:31:17.264764+00:00""}",5,872.0,820.9,-0.05860091743119267,0,0,-0.05999819318034711,2026-07-23 11:41:58.725381+00:00
17967,425,GDDY,gap_and_go,2026-07-31,bear,91.0700,2026-08-10 18:33:00.647706+00:00,2026-08-10 18:39:59.170514+00:00,,17224,"{""tone"": ""bear"", ""strength"": 64, ""probability"": 50, ""chain"": [{""date"": ""2026-07-29"", ""label"": ""RSI ipercomprato"", ""detail"": ""estremo RSI a conferma del segnale"", ""kind"": ""confirmation""}, {""date"": ""2026-07-31"", ""label"": ""Gap bear"", ""detail"": ""apertura in gap del -22.7%""}, {""date"": ""2026-07-31"", ""label"": ""Conferma volume"", ""detail"": ""4.1x la media: gap partecipato""}, {""date"": ""2026-07-31"", ""label"": ""MACD cross ribassista"", ""detail"": ""incrocio MACD nel verso del segnale"", ""kind"": ""confirmation""}], ""factors"": {""gap_size"": 0.9786956685227879, ""volume_strength"": 0.524409372545179, ""trend_alignment"": 1.0, ""confirmation_count"": 0.6666666666666666}, ""invalidation"": null, ""sources"": [""Gap taxonomy (breakaway vs exhaustion) + volume confirmation""], ""annotations"": {""levels"": [], ""points"": []}, ""atr"": 5.434135482325299, ""horizon"": ""short"", ""regime_at_fire"": ""bear"", ""first_emitted_at"": ""2026-08-10T18:33:00.829340+00:00""}",5,82.739998,91.07,0.10067684555660716,0,0,-0.07068337992280013,2026-08-10 18:39:44.284840+00:00
17969,475,KMI,candle_reversal,2026-07-31,bull,30.8500,2026-08-10 18:33:09.382202+00:00,2026-08-10 18:39:59.170514+00:00,,17229,"{""tone"": ""bull"", ""strength"": 68, ""probability"": 49, ""chain"": [{""date"": ""2026-07-31"", ""label"": ""Candela di inversione bull"", ""detail"": ""pattern Engulfing""}, {""date"": ""2026-07-31"", ""label"": ""A supporto"", ""detail"": ""prezzo 30.85 al livello 30.88""}, {""date"": ""2026-08-04"", ""label"": ""Rifiuto su EMA200"", ""detail"": ""ritorno alla media e rifiuto nel verso del trend"", ""kind"": ""confirmation""}], ""factors"": {""candle_strength"": 0.6760301369863089, ""at_level"": 1.0, ""confirmation_count"": 0.3333333333333333}, ""invalidation"": {""level"": 30.88, ""reason"": ""rottura del supporto""}, ""sources"": [""Nison - candlestick reversals confirmed at support/resistance""], ""annotations"": {""levels"": [{""label"": ""Supporto"", ""price"": 30.88, ""kind"": ""support""}, {""label"": ""Stop / invalidazione"", ""price"": 30.88, ""kind"": ""stop""}], ""points"": []}, ""atr"": 0.7187124041093584, ""horizon"": ""short"", ""regime_at_fire"": ""bear"", ""first_emitted_at"": ""2026-08-10T18:33:09.966348+00:00""}",5,32.18,30.85,-0.04133001864512109,0,0,-0.07132348427892812,2026-08-10 18:39:44.284840+00:00
16686,727,AI.PA,candle_reversal,2026-07-20,bull,177.1800,2026-07-27 23:33:36.952840+00:00,2026-07-28 18:42:14.436201+00:00,,16109,"{""tone"": ""bull"", ""strength"": 72, ""probability"": 49, ""chain"": [{""date"": ""2026-07-20"", ""label"": ""Candela di inversione bull"", ""detail"": ""pattern Engulfing""}, {""date"": ""2026-07-20"", ""label"": ""A supporto"", ""detail"": ""prezzo 177.18 al livello 172.30""}, {""date"": ""2026-07-24"", ""label"": ""Rifiuto su EMA50"", ""detail"": ""ritorno alla media e rifiuto nel verso del trend"", ""kind"": ""confirmation""}], ""factors"": {""candle_strength"": 0.7162337662337561, ""at_level"": 1.0, ""confirmation_count"": 0.3333333333333333}, ""invalidation"": {""level"": 172.3, ""reason"": ""rottura del supporto""}, ""sources"": [""Nison - candlestick reversals confirmed at support/resistance""], ""annotations"": {""levels"": [{""label"": ""Supporto"", ""price"": 172.3, ""kind"": ""support""}, {""label"": ""Stop / invalidazione"", ""price"": 172.3, ""kind"": ""stop""}], ""points"": []}, ""atr"": 2.6947568943556766, ""horizon"": ""short"", ""regime_at_fire"": ""bull"", ""first_emitted_at"": ""2026-07-27T23:33:37.323320+00:00""}",5,177.7,177.18,-0.002926280247608215,0,0,-0.01400024465773717,2026-07-27 23:39:15.196491+00:00
17140,576,DGX,gap_and_go,2026-07-23,bull,234.3000,2026-07-30 22:02:01.115380+00:00,2026-07-31 16:04:12.562827+00:00,,16474,"{""tone"": ""bull"", ""strength"": 65, ""probability"": 50, ""chain"": [{""date"": ""2026-07-16"", ""label"": ""Higher-low confermato"", ""detail"": ""struttura a conferma della continuazione"", ""kind"": ""confirmation""}, {""date"": ""2026-07-22"", ""label"": ""Rifiuto su EMA50"", ""detail"": ""ritorno alla media e rifiuto nel verso del trend"", ""kind"": ""confirmation""}, {""date"": ""2026-07-23"", ""label"": ""Gap bull"", ""detail"": ""apertura in gap del 8.7%""}, {""date"": ""2026-07-23"", ""label"": ""Conferma volume"", ""detail"": ""4.2x la media: gap partecipato""}, {""date"": ""2026-07-23"", ""label"": ""MACD cross rialzista"", ""detail"": ""incrocio MACD nel verso del segnale"", ""kind"": ""confirmation""}, {""date"": ""2026-07-27"", ""label"": ""Candela di rifiuto"", ""detail"": ""pattern engulfing"", ""kind"": ""confirmation""}, {""date"": ""2026-07-30"", ""label"": ""Trend ADX in rafforzamento"", ""detail"": ""ADX conferma la forza del trend"", ""kind"": ""confirmation""}], ""factors"": {""gap_size"": 0.8703241910117713, ""volume_strength"": 0.5284283661450269, ""trend_alignment"": 1.0, ""confirmation_count"": 1.0}, ""invalidation"": null, ""sources"": [""Gap taxonomy (breakaway vs exhaustion) + volume confirmation""], ""annotations"": {""levels"": [], ""points"": []}, ""atr"": 6.849342042673715, ""horizon"": ""short"", ""regime_at_fire"": ""bull"", ""first_emitted_at"": ""2026-07-30T22:02:02.123509+00:00""}",5,227.9,234.300003,0.028082505484861686,1,1,0.016277897829849716,2026-07-30 22:03:56.942316+00:00
18656,1646,FHN,candle_reversal,2026-08-11,bull,25.8200,2026-08-19 18:36:12.149793+00:00,2026-08-19 18:59:04.757625+00:00,,18624,"{""tone"": ""bull"", ""strength"": 63, ""probability"": 49, ""chain"": [{""date"": ""2026-08-07"", ""label"": ""Higher-low confermato"", ""detail"": ""struttura a conferma della continuazione"", ""kind"": ""confirmation""}, {""date"": ""2026-08-11"", ""label"": ""Candela di inversione bull"", ""detail"": ""pattern Engulfing""}, {""date"": ""2026-08-11"", ""label"": ""A supporto"", ""detail"": ""prezzo 25.82 al livello 25.16""}, {""date"": ""2026-08-12"", ""label"": ""Rifiuto su EMA50"", ""detail"": ""ritorno alla media e rifiuto nel verso del trend"", ""kind"": ""confirmation""}, {""date"": ""2026-08-14"", ""label"": ""MACD cross rialzista"", ""detail"": ""incrocio MACD nel verso del segnale"", ""kind"": ""confirmation""}], ""factors"": {""candle_strength"": 0.6300079999999866, ""at_level"": 1.0, ""confirmation_count"": 1.0}, ""invalidation"": {""level"": 25.16, ""reason"": ""rottura del supporto""}, ""sources"": [""Nison - candlestick reversals confirmed at support/resistance""], ""annotations"": {""levels"": [{""label"": ""Supporto"", ""price"": 25.16, ""kind"": ""support""}, {""label"": ""Stop / invalidazione"", ""price"": 25.16, ""kind"": ""stop""}], ""points"": []}, ""atr"": 0.47541341694300976, ""horizon"": ""short"", ""regime_at_fire"": ""bull"", ""first_emitted_at"": ""2026-08-19T18:36:12.338147+00:00""}",5,25.43,25.82,0.015336217066457047,1,1,0.020595912206609498,2026-08-19 18:58:48.235067+00:00
16388,556,PNR,gap_and_go,2026-07-15,bear,63.0200,2026-07-23 19:56:09.397907+00:00,2026-07-23 20:02:58.737975+00:00,,15776,"{""tone"": ""bear"", ""strength"": 74, ""probability"": 50, ""chain"": [{""date"": ""2026-07-14"", ""label"": ""Rifiuto su EMA50"", ""detail"": ""ritorno alla media e rifiuto nel verso del trend"", ""kind"": ""confirmation""}, {""date"": ""2026-07-14"", ""label"": ""Candela di rifiuto"", ""detail"": ""pattern engulfing"", ""kind"": ""confirmation""}, {""date"": ""2026-07-15"", ""label"": ""Gap bear"", ""detail"": ""apertura in gap del -23.4%""}, {""date"": ""2026-07-15"", ""label"": ""Conferma volume"", ""detail"": ""5.3x la media: gap partecipato""}, {""date"": ""2026-07-15"", ""label"": ""MACD cross ribassista"", ""detail"": ""incrocio MACD nel verso del segnale"", ""kind"": ""confirmation""}, {""date"": ""2026-07-22"", ""label"": ""Trend ADX in rafforzamento"", ""detail"": ""ADX conferma la forza del trend"", ""kind"": ""confirmation""}], ""factors"": {""gap_size"": 0.9799789179628973, ""volume_strength"": 0.617632134709638, ""trend_alignment"": 1.0, ""confirmation_count"": 1.0}, ""invalidation"": null, ""sources"": [""Gap taxonomy (breakaway vs exhaustion) + volume confirmation""], ""annotations"": {""levels"": [], ""points"": []}, ""atr"": 3.005624704483311, ""horizon"": ""short"", ""regime_at_fire"": ""bear"", ""first_emitted_at"": ""2026-07-23T19:56:09.621004+00:00""}",5,64.33,63.02,-0.0203637494170682,1,1,0.02176102516622264,2026-07-23 20:02:45.761050+00:00
16389,32,PYPL,gap_and_go,2026-07-15,bull,55.5100,2026-07-23 19:56:30.589492+00:00,2026-07-23 20:02:58.737975+00:00,,15944,"{""tone"": ""bull"", ""strength"": 76, ""probability"": 50, ""chain"": [{""date"": ""2026-07-09"", ""label"": ""Rifiuto su EMA50"", ""detail"": ""ritorno alla media e rifiuto nel verso del trend"", ""kind"": ""confirmation""}, {""date"": ""2026-07-09"", ""label"": ""Candela di rifiuto"", ""detail"": ""pattern engulfing"", ""kind"": ""confirmation""}, {""date"": ""2026-07-15"", ""label"": ""Gap bull"", ""detail"": ""apertura in gap del 15.8%""}, {""date"": ""2026-07-15"", ""label"": ""Conferma volume"", ""detail"": ""5.6x la media: gap partecipato""}, {""date"": ""2026-07-22"", ""label"": ""Trend ADX in rafforzamento"", ""detail"": ""ADX conferma la forza del trend"", ""kind"": ""confirmation""}], ""factors"": {""gap_size"": 0.954466516823455, ""volume_strength"": 0.6370098718984059, ""trend_alignment"": 1.0, ""confirmation_count"": 1.0}, ""invalidation"": null, ""sources"": [""Gap taxonomy (breakaway vs exhaustion) + volume confirmation""], ""annotations"": {""levels"": [], ""points"": []}, ""atr"": 1.8822981678334136, ""horizon"": ""short"", ""regime_at_fire"": ""bull"", ""first_emitted_at"": ""2026-07-23T19:56:31.387156+00:00""}",5,55.52,55.51,-0.00018011527377526093,0,0,-0.0015773910229297016,2026-07-23 20:02:45.761050+00:00
17417,380,EQIX,candle_reversal,2026-07-27,bear,1031.4399,2026-08-04 10:03:46.194456+00:00,2026-08-04 10:07:09.686251+00:00,,16661,"{""tone"": ""bear"", ""strength"": 65, ""probability"": 49, ""chain"": [{""date"": ""2026-07-27"", ""label"": ""Candela di inversione bear"", ""detail"": ""pattern Engulfing""}, {""date"": ""2026-07-27"", ""label"": ""A resistenza"", ""detail"": ""prezzo 1031.44 al livello 1054.54""}, {""date"": ""2026-07-29"", ""label"": ""Rifiuto su EMA50"", ""detail"": ""ritorno alla media e rifiuto nel verso del trend"", ""kind"": ""confirmation""}], ""factors"": {""candle_strength"": 0.6549852037332116, ""at_level"": 1.0, ""confirmation_count"": 0.3333333333333333}, ""invalidation"": {""level"": 1054.54, ""reason"": ""rottura del resistenza""}, ""sources"": [""Nison - candlestick reversals confirmed at support/resistance""], ""annotations"": {""levels"": [{""label"": ""Resistenza"", ""price"": 1054.54, ""kind"": ""resistance""}, {""label"": ""Stop / invalidazione"", ""price"": 1054.54, ""kind"": ""stop""}], ""points"": []}, ""atr"": 33.9727214254825, ""horizon"": ""short"", ""regime_at_fire"": ""bull"", ""first_emitted_at"": ""2026-08-04T09:54:21.199372+00:00"", ""amended_at"": ""2026-08-04T10:03:46.192438+00:00"", ""amend_count"": 1}",5,1046.79,1031.439941,-0.014663933549231345,1,1,0.02488111933895866,2026-08-04 10:06:55.501119+00:00
16842,429,HAS,gap_and_go,2026-07-21,bull,96.3400,2026-07-29 10:53:38.510879+00:00,2026-07-29 10:57:30.156156+00:00,,16569,"{""tone"": ""bull"", ""strength"": 62, ""probability"": 50, ""chain"": [{""date"": ""2026-07-15"", ""label"": ""MACD cross rialzista"", ""detail"": ""incrocio MACD nel verso del segnale"", ""kind"": ""confirmation""}, {""date"": ""2026-07-21"", ""label"": ""Gap bull"", ""detail"": ""apertura in gap del 3.6%""}, {""date"": ""2026-07-21"", ""label"": ""Conferma volume"", ""detail"": ""3.9x la media: gap partecipato""}, {""date"": ""2026-07-24"", ""label"": ""Rifiuto su EMA200"", ""detail"": ""ritorno alla media e rifiuto nel verso del trend"", ""kind"": ""confirmation""}, {""date"": ""2026-07-28"", ""label"": ""Trend ADX in rafforzamento"", ""detail"": ""ADX conferma la forza del trend"", ""kind"": ""confirmation""}], ""factors"": {""gap_size"": 0.6078869959553869, ""volume_strength"": 0.5026293495201611, ""trend_alignment"": 1.0, ""confirmation_count"": 1.0}, ""invalidation"": null, ""sources"": [""Gap taxonomy (breakaway vs exhaustion) + volume confirmation""], ""annotations"": {""levels"": [], ""points"": []}, ""atr"": 2.8644363269723025, ""horizon"": ""short"", ""regime_at_fire"": ""bull"", ""first_emitted_at"": ""2026-07-29T10:34:20.680579+00:00"", ""amended_at"": ""2026-07-29T10:53:38.509238+00:00"", ""amend_count"": 2}",5,88.78,96.34,0.08515431403469242,1,1,0.07606369192666623,2026-07-29 10:57:16.373651+00:00
17142,668,GWW,candle_reversal,2026-07-23,bull,1355.4900,2026-07-30 22:02:17.008099+00:00,2026-07-31 16:04:12.562827+00:00,,16497,"{""tone"": ""bull"", ""strength"": 60, ""probability"": 49, ""chain"": [{""date"": ""2026-07-21"", ""label"": ""Higher-low confermato"", ""detail"": ""struttura a conferma della continuazione"", ""kind"": ""confirmation""}, {""date"": ""2026-07-23"", ""label"": ""Candela di inversione bull"", ""detail"": ""pattern Engulfing""}, {""date"": ""2026-07-23"", ""label"": ""A supporto"", ""detail"": ""prezzo 1355.49 al livello 1347.27""}, {""date"": ""2026-07-30"", ""label"": ""Trend ADX in rafforzamento"", ""detail"": ""ADX conferma la forza del trend"", ""kind"": ""confirmation""}], ""factors"": {""candle_strength"": 0.5957858769931552, ""at_level"": 1.0, ""confirmation_count"": 0.6666666666666666}, ""invalidation"": {""level"": 1347.27, ""reason"": ""rottura del supporto""}, ""sources"": [""Nison - candlestick reversals confirmed at support/resistance""], ""annotations"": {""levels"": [{""label"": ""Supporto"", ""price"": 1347.27, ""kind"": ""support""}, {""label"": ""Stop / invalidazione"", ""price"": 1347.27, ""kind"": ""stop""}], ""points"": []}, ""atr"": 31.59839282974378, ""horizon"": ""short"", ""regime_at_fire"": ""bull"", ""first_emitted_at"": ""2026-07-30T22:02:18.011126+00:00""}",5,1367.46,1355.48999,-0.008753462624135233,0,0,-0.020558070279147203,2026-07-30 22:03:56.942316+00:00
16237,855,GLEN.L,candle_reversal,2026-07-15,bear,5.3810,2026-07-22 18:42:41.747235+00:00,2026-07-23 11:42:12.664884+00:00,,16114,"{""tone"": ""bear"", ""strength"": 83, ""probability"": 49, ""chain"": [{""date"": ""2026-07-14"", ""label"": ""Lower-high confermato"", ""detail"": ""struttura a conferma della continuazione"", ""kind"": ""confirmation""}, {""date"": ""2026-07-15"", ""label"": ""Candela di inversione bear"", ""detail"": ""pattern Engulfing""}, {""date"": ""2026-07-15"", ""label"": ""A resistenza"", ""detail"": ""prezzo 5.38 al livello 5.40""}, {""date"": ""2026-07-15"", ""label"": ""Rifiuto su EMA50"", ""detail"": ""ritorno alla media e rifiuto nel verso del trend"", ""kind"": ""confirmation""}, {""date"": ""2026-07-20"", ""label"": ""Volume sulla discesa"", ""detail"": ""volume sopra la media nel verso del segnale"", ""kind"": ""confirmation""}], ""factors"": {""candle_strength"": 0.82934272300469, ""at_level"": 1.0, ""confirmation_count"": 1.0}, ""invalidation"": {""level"": 5.398, ""reason"": ""rottura del resistenza""}, ""sources"": [""Nison - candlestick reversals confirmed at support/resistance""], ""annotations"": {""levels"": [{""label"": ""Resistenza"", ""price"": 5.398, ""kind"": ""resistance""}, {""label"": ""Stop / invalidazione"", ""price"": 5.398, ""kind"": ""stop""}], ""points"": []}, ""atr"": 0.2399814804314235, ""horizon"": ""short"", ""regime_at_fire"": ""bull"", ""first_emitted_at"": ""2026-07-22T18:42:41.942931+00:00""}",5,5.175,5.381,0.039806763285024305,0,0,-0.030149704358436353,2026-07-22 18:43:51.183862+00:00
16238,867,INF.L,candle_reversal,2026-07-15,bull,8.6640,2026-07-22 18:42:43.783925+00:00,2026-07-23 11:42:12.664884+00:00,,15740,"{""tone"": ""bull"", ""strength"": 86, ""probability"": 49, ""chain"": [{""date"": ""2026-07-14"", ""label"": ""Higher-low confermato"", ""detail"": ""struttura a conferma della continuazione"", ""kind"": ""confirmation""}, {""date"": ""2026-07-15"", ""label"": ""Candela di inversione bull"", ""detail"": ""pattern Engulfing""}, {""date"": ""2026-07-15"", ""label"": ""A supporto"", ""detail"": ""prezzo 8.66 al livello 8.66""}], ""factors"": {""candle_strength"": 0.8609756097560939, ""at_level"": 1.0, ""confirmation_count"": 0.3333333333333333}, ""invalidation"": {""level"": 8.658, ""reason"": ""rottura del supporto""}, ""sources"": [""Nison - candlestick reversals confirmed at support/resistance""], ""annotations"": {""levels"": [{""label"": ""Supporto"", ""price"": 8.658, ""kind"": ""support""}, {""label"": ""Stop / invalidazione"", ""price"": 8.658, ""kind"": ""stop""}], ""points"": []}, ""atr"": 0.1797411462449279, ""horizon"": ""short"", ""regime_at_fire"": ""bull"", ""first_emitted_at"": ""2026-07-22T18:42:44.387151+00:00""}",5,8.964,8.664,-0.03346720214190102,0,0,-0.043124261068488975,2026-07-22 18:43:51.183862+00:00
16248,117,ADYEN.AS,candle_reversal,2026-07-15,bull,820.9000,2026-07-22 23:31:46.744538+00:00,2026-07-23 11:42:12.664884+00:00,,15730,"{""tone"": ""bull"", ""strength"": 95, ""probability"": 49, ""chain"": [{""date"": ""2026-07-15"", ""label"": ""Candela di inversione bull"", ""detail"": ""pattern Engulfing""}, {""date"": ""2026-07-15"", ""label"": ""A supporto"", ""detail"": ""prezzo 820.90 al livello 824.40""}], ""factors"": {""candle_strength"": 0.9547096100787825, ""at_level"": 1.0}, ""invalidation"": {""level"": 824.4, ""reason"": ""rottura del supporto""}, ""sources"": [""Nison - candlestick reversals confirmed at support/resistance""], ""annotations"": {""levels"": [{""label"": ""Supporto"", ""price"": 824.4, ""kind"": ""support""}, {""label"": ""Stop / invalidazione"", ""price"": 824.4, ""kind"": ""stop""}], ""points"": []}, ""atr"": 31.176021506540582, ""horizon"": ""short"", ""regime_at_fire"": ""bear"", ""first_emitted_at"": ""2026-07-22T23:31:47.489304+00:00""}",5,872.0,820.9,-0.05860091743119267,0,0,-0.06009418187661206,2026-07-22 23:37:36.635074+00:00
16337,867,INF.L,candle_reversal,2026-07-15,bull,8.6640,2026-07-23 11:33:06.719832+00:00,2026-07-23 11:42:12.664884+00:00,,15740,"{""tone"": ""bull"", ""strength"": 86, ""probability"": 49, ""chain"": [{""date"": ""2026-07-14"", ""label"": ""Higher-low confermato"", ""detail"": ""struttura a conferma della continuazione"", ""kind"": ""confirmation""}, {""date"": ""2026-07-15"", ""label"": ""Candela di inversione bull"", ""detail"": ""pattern Engulfing""}, {""date"": ""2026-07-15"", ""label"": ""A supporto"", ""detail"": ""prezzo 8.66 al livello 8.66""}], ""factors"": {""candle_strength"": 0.8609756097560939, ""at_level"": 1.0, ""confirmation_count"": 0.3333333333333333}, ""invalidation"": {""level"": 8.658, ""reason"": ""rottura del supporto""}, ""sources"": [""Nison - candlestick reversals confirmed at support/resistance""], ""annotations"": {""levels"": [{""label"": ""Supporto"", ""price"": 8.658, ""kind"": ""support""}, {""label"": ""Stop / invalidazione"", ""price"": 8.658, ""kind"": ""stop""}], ""points"": []}, ""atr"": 0.1797411462449279, ""horizon"": ""short"", ""regime_at_fire"": ""bull"", ""first_emitted_at"": ""2026-07-23T11:33:07.303186+00:00""}",5,8.964,8.664,-0.03346720214190102,0,0,-0.03486447789105546,2026-07-23 11:41:58.725381+00:00
16317,855,GLEN.L,candle_reversal,2026-07-15,bear,5.3810,2026-07-22 23:33:24.907020+00:00,2026-07-23 11:42:12.664884+00:00,,16114,"{""tone"": ""bear"", ""strength"": 83, ""probability"": 49, ""chain"": [{""date"": ""2026-07-14"", ""label"": ""Lower-high confermato"", ""detail"": ""struttura a conferma della continuazione"", ""kind"": ""confirmation""}, {""date"": ""2026-07-15"", ""label"": ""Candela di inversione bear"", ""detail"": ""pattern Engulfing""}, {""date"": ""2026-07-15"", ""label"": ""A resistenza"", ""detail"": ""prezzo 5.38 al livello 5.40""}, {""date"": ""2026-07-15"", ""label"": ""Rifiuto su EMA50"", ""detail"": ""ritorno alla media e rifiuto nel verso del trend"", ""kind"": ""confirmation""}, {""date"": ""2026-07-20"", ""label"": ""Volume sulla discesa"", ""detail"": ""volume sopra la media nel verso del segnale"", ""kind"": ""confirmation""}], ""factors"": {""candle_strength"": 0.82934272300469, ""at_level"": 1.0, ""confirmation_count"": 1.0}, ""invalidation"": {""level"": 5.398, ""reason"": ""rottura del resistenza""}, ""sources"": [""Nison - candlestick reversals confirmed at support/resistance""], ""annotations"": {""levels"": [{""label"": ""Resistenza"", ""price"": 5.398, ""kind"": ""resistance""}, {""label"": ""Stop / invalidazione"", ""price"": 5.398, ""kind"": ""stop""}], ""points"": []}, ""atr"": 0.2399814804314235, ""horizon"": ""short"", ""regime_at_fire"": ""bull"", ""first_emitted_at"": ""2026-07-22T23:33:25.111766+00:00""}",5,5.175,5.381,0.039806763285024305,0,0,-0.038313498839604915,2026-07-22 23:37:36.635074+00:00
16333,32,PYPL,gap_and_go,2026-07-15,bull,55.5100,2026-07-23 11:31:02.828021+00:00,2026-07-23 11:42:12.664884+00:00,,15944,"{""tone"": ""bull"", ""strength"": 76, ""probability"": 50, ""chain"": [{""date"": ""2026-07-09"", ""label"": ""Rifiuto su EMA50"", ""detail"": ""ritorno alla media e rifiuto nel verso del trend"", ""kind"": ""confirmation""}, {""date"": ""2026-07-09"", ""label"": ""Candela di rifiuto"", ""detail"": ""pattern engulfing"", ""kind"": ""confirmation""}, {""date"": ""2026-07-15"", ""label"": ""Gap bull"", ""detail"": ""apertura in gap del 15.8%""}, {""date"": ""2026-07-15"", ""label"": ""Conferma volume"", ""detail"": ""5.6x la media: gap partecipato""}, {""date"": ""2026-07-22"", ""label"": ""Trend ADX in rafforzamento"", ""detail"": ""ADX conferma la forza del trend"", ""kind"": ""confirmation""}], ""factors"": {""gap_size"": 0.954466516823455, ""volume_strength"": 0.6370098718984059, ""trend_alignment"": 1.0, ""confirmation_count"": 1.0}, ""invalidation"": null, ""sources"": [""Gap taxonomy (breakaway vs exhaustion) + volume confirmation""], ""annotations"": {""levels"": [], ""points"": []}, ""atr"": 1.8822981678334136, ""horizon"": ""short"", ""regime_at_fire"": ""bull"", ""first_emitted_at"": ""2026-07-23T11:31:03.269995+00:00""}",5,55.52,55.51,-0.00018011527377526093,0,0,-0.0015773910229297016,2026-07-23 11:41:58.725381+00:00
16336,855,GLEN.L,candle_reversal,2026-07-15,bear,5.3810,2026-07-23 11:33:04.599228+00:00,2026-07-23 11:42:12.664884+00:00,,16114,"{""tone"": ""bear"", ""strength"": 83, ""probability"": 49, ""chain"": [{""date"": ""2026-07-14"", ""label"": ""Lower-high confermato"", ""detail"": ""struttura a conferma della continuazione"", ""kind"": ""confirmation""}, {""date"": ""2026-07-15"", ""label"": ""Candela di inversione bear"", ""detail"": ""pattern Engulfing""}, {""date"": ""2026-07-15"", ""label"": ""A resistenza"", ""detail"": ""prezzo 5.38 al livello 5.40""}, {""date"": ""2026-07-15"", ""label"": ""Rifiuto su EMA50"", ""detail"": ""ritorno alla media e rifiuto nel verso del trend"", ""kind"": ""confirmation""}, {""date"": ""2026-07-20"", ""label"": ""Volume sulla discesa"", ""detail"": ""volume sopra la media nel verso del segnale"", ""kind"": ""confirmation""}], ""factors"": {""candle_strength"": 0.82934272300469, ""at_level"": 1.0, ""confirmation_count"": 1.0}, ""invalidation"": {""level"": 5.398, ""reason"": ""rottura del resistenza""}, ""sources"": [""Nison - candlestick reversals confirmed at support/resistance""], ""annotations"": {""levels"": [{""label"": ""Resistenza"", ""price"": 5.398, ""kind"": ""resistance""}, {""label"": ""Stop / invalidazione"", ""price"": 5.398, ""kind"": ""stop""}], ""points"": []}, ""atr"": 0.2399814804314235, ""horizon"": ""short"", ""regime_at_fire"": ""bull"", ""first_emitted_at"": ""2026-07-23T11:33:04.796660+00:00""}",5,5.175,5.381,0.039806763285024305,0,0,-0.03840948753586986,2026-07-23 11:41:58.725381+00:00
17143,678,WST,candle_reversal,2026-07-23,bear,339.5900,2026-07-30 22:02:19.022587+00:00,2026-07-31 16:04:12.562827+00:00,,16595,"{""tone"": ""bear"", ""strength"": 65, ""probability"": 49, ""chain"": [{""date"": ""2026-07-23"", ""label"": ""Candela di inversione bear"", ""detail"": ""pattern Engulfing""}, {""date"": ""2026-07-23"", ""label"": ""A resistenza"", ""detail"": ""prezzo 339.59 al livello 336.82""}, {""date"": ""2026-07-23"", ""label"": ""Volume sulla discesa"", ""detail"": ""volume sopra la media nel verso del segnale"", ""kind"": ""confirmation""}], ""factors"": {""candle_strength"": 0.645577254451464, ""at_level"": 1.0, ""confirmation_count"": 0.3333333333333333}, ""invalidation"": {""level"": 336.82, ""reason"": ""rottura del resistenza""}, ""sources"": [""Nison - candlestick reversals confirmed at support/resistance""], ""annotations"": {""levels"": [{""label"": ""Resistenza"", ""price"": 336.82, ""kind"": ""resistance""}, {""label"": ""Stop / invalidazione"", ""price"": 336.82, ""kind"": ""stop""}], ""points"": []}, ""atr"": 10.68361861498669, ""horizon"": ""short"", ""regime_at_fire"": ""bull"", ""first_emitted_at"": ""2026-07-30T22:02:19.598323+00:00""}",5,355.48,339.589996,-0.04470013502869363,1,1,0.0565047426837056,2026-07-30 22:03:56.942316+00:00
19213,384,EL,gap_and_go,2026-08-19,bull,105.0600,2026-08-27 18:35:14.229420+00:00,2026-08-27 18:48:21.745305+00:00,,18801,"{""tone"": ""bull"", ""strength"": 77, ""probability"": 50, ""chain"": [{""date"": ""2026-08-18"", ""label"": ""Higher-low confermato"", ""detail"": ""struttura a conferma della continuazione"", ""kind"": ""confirmation""}, {""date"": ""2026-08-19"", ""label"": ""Gap bull"", ""detail"": ""apertura in gap del 11.2%""}, {""date"": ""2026-08-19"", ""label"": ""Conferma volume"", ""detail"": ""5.8x la media: gap partecipato""}, {""date"": ""2026-08-19"", ""label"": ""MACD cross rialzista"", ""detail"": ""incrocio MACD nel verso del segnale"", ""kind"": ""confirmation""}, {""date"": ""2026-08-19"", ""label"": ""Candela di rifiuto"", ""detail"": ""pattern morning_star"", ""kind"": ""confirmation""}, {""date"": ""2026-08-26"", ""label"": ""Trend ADX in rafforzamento"", ""detail"": ""ADX conferma la forza del trend"", ""kind"": ""confirmation""}], ""factors"": {""gap_size"": 0.9142429099843803, ""volume_strength"": 0.6480096151694179, ""trend_alignment"": 1.0, ""confirmation_count"": 1.0}, ""invalidation"": null, ""sources"": [""Gap taxonomy (breakaway vs exhaustion) + volume confirmation""], ""annotations"": {""levels"": [], ""points"": []}, ""atr"": 3.330308891292411, ""horizon"": ""short"", ""regime_at_fire"": ""bull"", ""first_emitted_at"": ""2026-08-27T18:35:15.164968+00:00""}",5,98.010002,105.059998,0.07193139328779918,1,1,0.06846930327421348,2026-08-27 18:48:06.041434+00:00
17712,2023,INVP.L,candle_reversal,2026-07-29,bear,6.7550,2026-08-05 23:41:05.255580+00:00,2026-08-06 00:40:49.665636+00:00,,16881,"{""tone"": ""bear"", ""strength"": 87, ""probability"": 49, ""chain"": [{""date"": ""2026-07-29"", ""label"": ""Candela di inversione bear"", ""detail"": ""pattern Engulfing""}, {""date"": ""2026-07-29"", ""label"": ""A resistenza"", ""detail"": ""prezzo 6.75 al livello 6.90""}, {""date"": ""2026-08-03"", ""label"": ""Volume sulla discesa"", ""detail"": ""volume sopra la media nel verso del segnale"", ""kind"": ""confirmation""}], ""factors"": {""candle_strength"": 0.8681818181818203, ""at_level"": 1.0, ""confirmation_count"": 0.3333333333333333}, ""invalidation"": {""level"": 6.9, ""reason"": ""rottura del resistenza""}, ""sources"": [""Nison - candlestick reversals confirmed at support/resistance""], ""annotations"": {""levels"": [{""label"": ""Resistenza"", ""price"": 6.9, ""kind"": ""resistance""}, {""label"": ""Stop / invalidazione"", ""price"": 6.9, ""kind"": ""stop""}], ""points"": []}, ""atr"": 0.1597982111227291, ""horizon"": ""short"", ""regime_at_fire"": ""bull"", ""first_emitted_at"": ""2026-08-05T23:34:21.059880+00:00"", ""amended_at"": ""2026-08-05T23:41:05.253961+00:00"", ""amend_count"": 1}",5,6.29,6.755,0.07392686804451509,0,0,-0.04330455435601349,2026-08-05 23:41:55.266593+00:00
18758,829,BA.L,candle_reversal,2026-08-12,bull,21.6000,2026-08-20 12:46:53.154460+00:00,2026-08-20 12:48:32.059548+00:00,,18260,"{""tone"": ""bull"", ""strength"": 73, ""probability"": 49, ""chain"": [{""date"": ""2026-08-12"", ""label"": ""Candela di inversione bull"", ""detail"": ""pattern Engulfing""}, {""date"": ""2026-08-12"", ""label"": ""A supporto"", ""detail"": ""prezzo 21.60 al livello 21.77""}], ""factors"": {""candle_strength"": 0.7277777777777743, ""at_level"": 1.0}, ""invalidation"": {""level"": 21.765, ""reason"": ""rottura del supporto""}, ""sources"": [""Nison - candlestick reversals confirmed at support/resistance""], ""annotations"": {""levels"": [{""label"": ""Supporto"", ""price"": 21.765, ""kind"": ""support""}, {""label"": ""Stop / invalidazione"", ""price"": 21.765, ""kind"": ""stop""}], ""points"": []}, ""atr"": 0.644780696849839, ""horizon"": ""short"", ""regime_at_fire"": ""bull"", ""first_emitted_at"": ""2026-08-20T12:46:53.347759+00:00""}",5,22.7,21.6,-0.048458149779735615,0,0,-0.047205474935964255,2026-08-20 12:48:17.744470+00:00
17423,380,EQIX,candle_reversal,2026-07-27,bear,1031.4399,2026-08-04 11:12:27.951225+00:00,2026-08-04 11:17:52.004355+00:00,,16661,"{""tone"": ""bear"", ""strength"": 65, ""probability"": 49, ""chain"": [{""date"": ""2026-07-27"", ""label"": ""Candela di inversione bear"", ""detail"": ""pattern Engulfing""}, {""date"": ""2026-07-27"", ""label"": ""A resistenza"", ""detail"": ""prezzo 1031.44 al livello 1054.54""}, {""date"": ""2026-07-29"", ""label"": ""Rifiuto su EMA50"", ""detail"": ""ritorno alla media e rifiuto nel verso del trend"", ""kind"": ""confirmation""}], ""factors"": {""candle_strength"": 0.6549852037332116, ""at_level"": 1.0, ""confirmation_count"": 0.3333333333333333}, ""invalidation"": {""level"": 1054.54, ""reason"": ""rottura del resistenza""}, ""sources"": [""Nison - candlestick reversals confirmed at support/resistance""], ""annotations"": {""levels"": [{""label"": ""Resistenza"", ""price"": 1054.54, ""kind"": ""resistance""}, {""label"": ""Stop / invalidazione"", ""price"": 1054.54, ""kind"": ""stop""}], ""points"": []}, ""atr"": 33.9727214254825, ""horizon"": ""short"", ""regime_at_fire"": ""bull"", ""first_emitted_at"": ""2026-08-04T11:04:00.382509+00:00"", ""amended_at"": ""2026-08-04T11:12:27.949201+00:00"", ""amend_count"": 1}",5,1046.79,1031.439941,-0.014663933549231345,1,1,0.02488111933895866,2026-08-04 11:17:38.362689+00:00
20529,207,0066.HK,candle_reversal,2026-09-04,bull,32.9400,2026-09-13 13:48:58.954117+00:00,2026-09-13 13:57:15.767397+00:00,,19881,"{""tone"": ""bull"", ""strength"": 72, ""probability"": 49, ""chain"": [{""date"": ""2026-09-04"", ""label"": ""Candela di inversione bull"", ""detail"": ""pattern Engulfing""}, {""date"": ""2026-09-04"", ""label"": ""A supporto"", ""detail"": ""prezzo 32.94 al livello 33.02""}, {""date"": ""2026-09-09"", ""label"": ""MACD cross rialzista"", ""detail"": ""incrocio MACD nel verso del segnale"", ""kind"": ""confirmation""}, {""date"": ""2026-09-10"", ""label"": ""Rifiuto su EMA50"", ""detail"": ""ritorno alla media e rifiuto nel verso del trend"", ""kind"": ""confirmation""}], ""factors"": {""candle_strength"": 0.72272298554207, ""at_level"": 1.0, ""confirmation_count"": 0.6666666666666666}, ""invalidation"": {""level"": 33.02, ""reason"": ""rottura del supporto""}, ""sources"": [""Nison - candlestick reversals confirmed at support/resistance""], ""annotations"": {""levels"": [{""label"": ""Supporto"", ""price"": 33.02, ""kind"": ""support""}, {""label"": ""Stop / invalidazione"", ""price"": 33.02, ""kind"": ""stop""}], ""points"": []}, ""atr"": 0.6195321520087848, ""horizon"": ""short"", ""regime_at_fire"": ""bull"", ""first_emitted_at"": ""2026-09-13T13:49:00.535942+00:00""}",5,32.939999,32.939999,0.0,0,1,0.019157088122605415,2026-09-13 13:57:00.974343+00:00
16987,537,NRG,candle_reversal,2026-07-22,bull,124.2300,2026-07-30 09:24:15.585212+00:00,2026-07-30 09:30:08.455338+00:00,,16286,"{""tone"": ""bull"", ""strength"": 83, ""probability"": 49, ""chain"": [{""date"": ""2026-07-22"", ""label"": ""Candela di inversione bull"", ""detail"": ""pattern Engulfing""}, {""date"": ""2026-07-22"", ""label"": ""A supporto"", ""detail"": ""prezzo 124.23 al livello 127.11""}, {""date"": ""2026-07-23"", ""label"": ""Rifiuto su EMA50"", ""detail"": ""ritorno alla media e rifiuto nel verso del trend"", ""kind"": ""confirmation""}, {""date"": ""2026-07-23"", ""label"": ""MACD cross rialzista"", ""detail"": ""incrocio MACD nel verso del segnale"", ""kind"": ""confirmation""}], ""factors"": {""candle_strength"": 0.827250351617437, ""at_level"": 1.0, ""confirmation_count"": 0.6666666666666666}, ""invalidation"": {""level"": 127.11, ""reason"": ""rottura del supporto""}, ""sources"": [""Nison - candlestick reversals confirmed at support/resistance""], ""annotations"": {""levels"": [{""label"": ""Supporto"", ""price"": 127.11, ""kind"": ""support""}, {""label"": ""Stop / invalidazione"", ""price"": 127.11, ""kind"": ""stop""}], ""points"": []}, ""atr"": 5.903300539265516, ""horizon"": ""short"", ""regime_at_fire"": ""bear"", ""first_emitted_at"": ""2026-07-30T09:24:16.193827+00:00""}",5,139.98,124.23,-0.11251607372481776,0,0,-0.11470721010893256,2026-07-30 09:29:53.657323+00:00
20530,1108,KGF.L,candle_reversal,2026-09-04,bull,2.8850,2026-09-13 13:50:52.672978+00:00,2026-09-13 13:57:15.767397+00:00,,19933,"{""tone"": ""bull"", ""strength"": 95, ""probability"": 49, ""chain"": [{""date"": ""2026-08-28"", ""label"": ""Trend ADX in rafforzamento"", ""detail"": ""ADX conferma la forza del trend"", ""kind"": ""confirmation""}, {""date"": ""2026-09-04"", ""label"": ""Candela di inversione bull"", ""detail"": ""pattern Engulfing""}, {""date"": ""2026-09-04"", ""label"": ""A supporto"", ""detail"": ""prezzo 2.88 al livello 2.85""}], ""factors"": {""candle_strength"": 0.9506318375496197, ""at_level"": 1.0, ""confirmation_count"": 0.3333333333333333}, ""invalidation"": {""level"": 2.85, ""reason"": ""rottura del supporto""}, ""sources"": [""Nison - candlestick reversals confirmed at support/resistance""], ""annotations"": {""levels"": [{""label"": ""Supporto"", ""price"": 2.85, ""kind"": ""support""}, {""label"": ""Stop / invalidazione"", ""price"": 2.85, ""kind"": ""stop""}], ""points"": []}, ""atr"": 0.07370193772705846, ""horizon"": ""short"", ""regime_at_fire"": ""bear"", ""first_emitted_at"": ""2026-09-13T13:50:53.717706+00:00""}",5,3.074,2.885,-0.06148340923877682,0,0,-0.042326321116171406,2026-09-13 13:57:00.974343+00:00
18212,1123,PSH.L,candle_reversal,2026-08-05,bear,38.9400,2026-08-12 23:33:35.301144+00:00,2026-08-13 18:46:04.525765+00:00,,17609,"{""tone"": ""bear"", ""strength"": 61, ""probability"": 49, ""chain"": [{""date"": ""2026-08-05"", ""label"": ""Candela di inversione bear"", ""detail"": ""pattern Engulfing""}, {""date"": ""2026-08-05"", ""label"": ""A resistenza"", ""detail"": ""prezzo 38.94 al livello 39.62""}], ""factors"": {""candle_strength"": 0.6071428571428454, ""at_level"": 1.0}, ""invalidation"": {""level"": 39.62, ""reason"": ""rottura del resistenza""}, ""sources"": [""Nison - candlestick reversals confirmed at support/resistance""], ""annotations"": {""levels"": [{""label"": ""Resistenza"", ""price"": 39.62, ""kind"": ""resistance""}, {""label"": ""Stop / invalidazione"", ""price"": 39.62, ""kind"": ""stop""}], ""points"": []}, ""atr"": 0.8853083787587452, ""horizon"": ""short"", ""regime_at_fire"": ""bear"", ""first_emitted_at"": ""2026-08-12T23:33:35.667747+00:00""}",5,39.42,38.94,-0.012176560121765712,1,1,0.021341672572833006,2026-08-12 23:38:56.714613+00:00
19311,586,RMD,candle_reversal,2026-08-20,bear,235.7600,2026-08-28 12:23:22.488566+00:00,2026-08-28 12:32:33.108528+00:00,,18813,"{""tone"": ""bear"", ""strength"": 67, ""probability"": 49, ""chain"": [{""date"": ""2026-08-17"", ""label"": ""Rifiuto su EMA200"", ""detail"": ""ritorno alla media e rifiuto nel verso del trend"", ""kind"": ""confirmation""}, {""date"": ""2026-08-20"", ""label"": ""Candela di inversione bear"", ""detail"": ""pattern Shooting star""}, {""date"": ""2026-08-20"", ""label"": ""A resistenza"", ""detail"": ""prezzo 235.76 al livello 234.91""}], ""factors"": {""candle_strength"": 0.6680069414316727, ""at_level"": 1.0, ""confirmation_count"": 0.3333333333333333}, ""invalidation"": {""level"": 234.91, ""reason"": ""rottura del resistenza""}, ""sources"": [""Nison - candlestick reversals confirmed at support/resistance""], ""annotations"": {""levels"": [{""label"": ""Resistenza"", ""price"": 234.91, ""kind"": ""resistance""}, {""label"": ""Stop / invalidazione"", ""price"": 234.91, ""kind"": ""stop""}], ""points"": []}, ""atr"": 6.696209918187557, ""horizon"": ""short"", ""regime_at_fire"": ""bull"", ""first_emitted_at"": ""2026-08-28T12:23:23.243714+00:00""}",5,228.440002,235.759995,0.03204339404619683,0,0,-0.027766421665171404,2026-08-28 12:32:18.516879+00:00
17144,744,RHM.DE,candle_reversal,2026-07-23,bear,1139.6000,2026-07-30 22:02:35.926706+00:00,2026-07-31 16:04:12.562827+00:00,,16883,"{""tone"": ""bear"", ""strength"": 70, ""probability"": 49, ""chain"": [{""date"": ""2026-07-23"", ""label"": ""Candela di inversione bear"", ""detail"": ""pattern Shooting star""}, {""date"": ""2026-07-23"", ""label"": ""A resistenza"", ""detail"": ""prezzo 1139.60 al livello 1146.00""}, {""date"": ""2026-07-24"", ""label"": ""Trend ADX in rafforzamento"", ""detail"": ""ADX conferma la forza del trend"", ""kind"": ""confirmation""}], ""factors"": {""candle_strength"": 0.6989539748953972, ""at_level"": 1.0, ""confirmation_count"": 0.3333333333333333}, ""invalidation"": {""level"": 1146.0, ""reason"": ""rottura del resistenza""}, ""sources"": [""Nison - candlestick reversals confirmed at support/resistance""], ""annotations"": {""levels"": [{""label"": ""Resistenza"", ""price"": 1146.0, ""kind"": ""resistance""}, {""label"": ""Stop / invalidazione"", ""price"": 1146.0, ""kind"": ""stop""}], ""points"": []}, ""atr"": 50.2835087584921, ""horizon"": ""short"", ""regime_at_fire"": ""bear"", ""first_emitted_at"": ""2026-07-30T22:02:36.504495+00:00""}",5,1017.0,1139.6,0.12055063913470976,0,0,-0.10874603147969779,2026-07-30 22:03:56.942316+00:00
16853,429,HAS,gap_and_go,2026-07-21,bull,96.3400,2026-07-29 11:29:57.286593+00:00,2026-07-29 11:32:48.580745+00:00,,16569,"{""tone"": ""bull"", ""strength"": 62, ""probability"": 50, ""chain"": [{""date"": ""2026-07-15"", ""label"": ""MACD cross rialzista"", ""detail"": ""incrocio MACD nel verso del segnale"", ""kind"": ""confirmation""}, {""date"": ""2026-07-21"", ""label"": ""Gap bull"", ""detail"": ""apertura in gap del 3.6%""}, {""date"": ""2026-07-21"", ""label"": ""Conferma volume"", ""detail"": ""3.9x la media: gap partecipato""}, {""date"": ""2026-07-24"", ""label"": ""Rifiuto su EMA200"", ""detail"": ""ritorno alla media e rifiuto nel verso del trend"", ""kind"": ""confirmation""}, {""date"": ""2026-07-28"", ""label"": ""Trend ADX in rafforzamento"", ""detail"": ""ADX conferma la forza del trend"", ""kind"": ""confirmation""}], ""factors"": {""gap_size"": 0.6078869959553869, ""volume_strength"": 0.5026293495201611, ""trend_alignment"": 1.0, ""confirmation_count"": 1.0}, ""invalidation"": null, ""sources"": [""Gap taxonomy (breakaway vs exhaustion) + volume confirmation""], ""annotations"": {""levels"": [], ""points"": []}, ""atr"": 2.8644363269723025, ""horizon"": ""short"", ""regime_at_fire"": ""bull"", ""first_emitted_at"": ""2026-07-29T11:29:57.672903+00:00""}",5,88.78,96.34,0.08515431403469242,1,1,0.07606369192666623,2026-07-29 11:32:34.345094+00:00
18077,1378,SEDG,candle_reversal,2026-08-03,bull,32.2100,2026-08-11 18:34:49.848908+00:00,2026-08-11 18:41:03.866035+00:00,,17550,"{""tone"": ""bull"", ""strength"": 82, ""probability"": 49, ""chain"": [{""date"": ""2026-08-03"", ""label"": ""Candela di inversione bull"", ""detail"": ""pattern Engulfing""}, {""date"": ""2026-08-03"", ""label"": ""A supporto"", ""detail"": ""prezzo 32.21 al livello 32.17""}, {""date"": ""2026-08-04"", ""label"": ""Rifiuto su EMA200"", ""detail"": ""ritorno alla media e rifiuto nel verso del trend"", ""kind"": ""confirmation""}, {""date"": ""2026-08-04"", ""label"": ""MACD cross rialzista"", ""detail"": ""incrocio MACD nel verso del segnale"", ""kind"": ""confirmation""}], ""factors"": {""candle_strength"": 0.8196952147326496, ""at_level"": 1.0, ""confirmation_count"": 0.6666666666666666}, ""invalidation"": {""level"": 32.17, ""reason"": ""rottura del supporto""}, ""sources"": [""Nison - candlestick reversals confirmed at support/resistance""], ""annotations"": {""levels"": [{""label"": ""Supporto"", ""price"": 32.17, ""kind"": ""support""}, {""label"": ""Stop / invalidazione"", ""price"": 32.17, ""kind"": ""stop""}], ""points"": []}, ""atr"": 4.607798292165491, ""horizon"": ""short"", ""regime_at_fire"": ""bear"", ""first_emitted_at"": ""2026-08-11T18:34:50.239366+00:00""}",5,45.119999,32.209999,-0.28612589286626533,0,0,-0.30613137934862733,2026-08-11 18:40:49.301228+00:00
16988,627,TEL,gap_and_go,2026-07-22,bear,206.9500,2026-07-30 09:24:31.846141+00:00,2026-07-30 09:30:08.455338+00:00,,16335,"{""tone"": ""bear"", ""strength"": 61, ""probability"": 50, ""chain"": [{""date"": ""2026-07-20"", ""label"": ""Rifiuto su EMA50"", ""detail"": ""ritorno alla media e rifiuto nel verso del trend"", ""kind"": ""confirmation""}, {""date"": ""2026-07-22"", ""label"": ""Gap bear"", ""detail"": ""apertura in gap del -4.6%""}, {""date"": ""2026-07-22"", ""label"": ""Conferma volume"", ""detail"": ""3.8x la media: gap partecipato""}], ""factors"": {""gap_size"": 0.7131357351322893, ""volume_strength"": 0.49171150067538505, ""trend_alignment"": 1.0, ""confirmation_count"": 0.3333333333333333}, ""invalidation"": null, ""sources"": [""Gap taxonomy (breakaway vs exhaustion) + volume confirmation""], ""annotations"": {""levels"": [], ""points"": []}, ""atr"": 7.733454896304019, ""horizon"": ""short"", ""regime_at_fire"": ""bear"", ""first_emitted_at"": ""2026-07-30T09:24:32.452346+00:00""}",5,200.28,206.95,0.033303375274615465,0,0,-0.031112238890500653,2026-07-30 09:29:53.657323+00:00
17311,1407,BMRN,candle_reversal,2026-07-24,bull,60.0200,2026-08-03 17:09:20.044555+00:00,2026-08-03 17:14:25.165773+00:00,,16596,"{""tone"": ""bull"", ""strength"": 65, ""probability"": 49, ""chain"": [{""date"": ""2026-07-23"", ""label"": ""Rifiuto su EMA50"", ""detail"": ""ritorno alla media e rifiuto nel verso del trend"", ""kind"": ""confirmation""}, {""date"": ""2026-07-24"", ""label"": ""Candela di inversione bull"", ""detail"": ""pattern Hammer""}, {""date"": ""2026-07-24"", ""label"": ""A supporto"", ""detail"": ""prezzo 60.02 al livello 58.50""}, {""date"": ""2026-07-28"", ""label"": ""MACD cross rialzista"", ""detail"": ""incrocio MACD nel verso del segnale"", ""kind"": ""confirmation""}, {""date"": ""2026-07-30"", ""label"": ""Trend ADX in rafforzamento"", ""detail"": ""ADX conferma la forza del trend"", ""kind"": ""confirmation""}], ""factors"": {""candle_strength"": 0.6527123082931361, ""at_level"": 1.0, ""confirmation_count"": 1.0}, ""invalidation"": {""level"": 58.5, ""reason"": ""rottura del supporto""}, ""sources"": [""Nison - candlestick reversals confirmed at support/resistance""], ""annotations"": {""levels"": [{""label"": ""Supporto"", ""price"": 58.5, ""kind"": ""support""}, {""label"": ""Stop / invalidazione"", ""price"": 58.5, ""kind"": ""stop""}], ""points"": []}, ""atr"": 1.5829541001189305, ""horizon"": ""short"", ""regime_at_fire"": ""bull"", ""first_emitted_at"": ""2026-08-03T17:09:20.431876+00:00""}",5,59.330002,60.02,0.011629832744654234,1,1,0.0033683772737391794,2026-08-03 17:14:11.635362+00:00
17145,1132,RR.L,candle_reversal,2026-07-23,bear,14.6300,2026-07-30 22:02:42.927953+00:00,2026-07-31 16:04:12.562827+00:00,,16379,"{""tone"": ""bear"", ""strength"": 73, ""probability"": 49, ""chain"": [{""date"": ""2026-07-23"", ""label"": ""Candela di inversione bear"", ""detail"": ""pattern Engulfing""}, {""date"": ""2026-07-23"", ""label"": ""A resistenza"", ""detail"": ""prezzo 14.63 al livello 14.24""}, {""date"": ""2026-07-27"", ""label"": ""Volume sulla discesa"", ""detail"": ""volume sopra la media nel verso del segnale"", ""kind"": ""confirmation""}], ""factors"": {""candle_strength"": 0.7321782178217797, ""at_level"": 1.0, ""confirmation_count"": 0.3333333333333333}, ""invalidation"": {""level"": 14.242, ""reason"": ""rottura del resistenza""}, ""sources"": [""Nison - candlestick reversals confirmed at support/resistance""], ""annotations"": {""levels"": [{""label"": ""Resistenza"", ""price"": 14.242, ""kind"": ""resistance""}, {""label"": ""Stop / invalidazione"", ""price"": 14.242, ""kind"": ""stop""}], ""points"": []}, ""atr"": 0.5111846212527851, ""horizon"": ""short"", ""regime_at_fire"": ""bull"", ""first_emitted_at"": ""2026-07-30T22:02:43.508716+00:00""}",5,13.59,14.63,0.07652685798381165,0,0,-0.06472225032879968,2026-07-30 22:03:56.942316+00:00
16487,66,G.MI,candle_reversal,2026-07-16,bull,42.5900,2026-07-23 23:44:55.828102+00:00,2026-07-24 00:19:42.624578+00:00,,15815,"{""tone"": ""bull"", ""strength"": 64, ""probability"": 49, ""chain"": [{""date"": ""2026-07-14"", ""label"": ""Trend ADX in rafforzamento"", ""detail"": ""ADX conferma la forza del trend"", ""kind"": ""confirmation""}, {""date"": ""2026-07-16"", ""label"": ""Candela di inversione bull"", ""detail"": ""pattern Engulfing""}, {""date"": ""2026-07-16"", ""label"": ""A supporto"", ""detail"": ""prezzo 42.59 al livello 41.70""}, {""date"": ""2026-07-16"", ""label"": ""Rifiuto su EMA50"", ""detail"": ""ritorno alla media e rifiuto nel verso del trend"", ""kind"": ""confirmation""}], ""factors"": {""candle_strength"": 0.6436936936936903, ""at_level"": 1.0, ""confirmation_count"": 0.6666666666666666}, ""invalidation"": {""level"": 41.7, ""reason"": ""rottura del supporto""}, ""sources"": [""Nison - candlestick reversals confirmed at support/resistance""], ""annotations"": {""levels"": [{""label"": ""Supporto"", ""price"": 41.7, ""kind"": ""support""}, {""label"": ""Stop / invalidazione"", ""price"": 41.7, ""kind"": ""stop""}], ""points"": []}, ""atr"": 0.6446192264179411, ""horizon"": ""short"", ""regime_at_fire"": ""bull"", ""first_emitted_at"": ""2026-07-23T23:44:56.028457+00:00""}",5,42.08,42.59,0.012119771863118078,1,1,0.0182929222865148,2026-07-23 23:48:04.667730+00:00
16488,82,MC.PA,candle_reversal,2026-07-16,bull,453.5500,2026-07-23 23:44:57.793239+00:00,2026-07-24 00:19:42.624578+00:00,,15816,"{""tone"": ""bull"", ""strength"": 96, ""probability"": 49, ""chain"": [{""date"": ""2026-07-14"", ""label"": ""Higher-low confermato"", ""detail"": ""struttura a conferma della continuazione"", ""kind"": ""confirmation""}, {""date"": ""2026-07-16"", ""label"": ""Candela di inversione bull"", ""detail"": ""pattern Engulfing""}, {""date"": ""2026-07-16"", ""label"": ""A supporto"", ""detail"": ""prezzo 453.55 al livello 450.90""}, {""date"": ""2026-07-16"", ""label"": ""Rifiuto su EMA50"", ""detail"": ""ritorno alla media e rifiuto nel verso del trend"", ""kind"": ""confirmation""}, {""date"": ""2026-07-16"", ""label"": ""MACD cross rialzista"", ""detail"": ""incrocio MACD nel verso del segnale"", ""kind"": ""confirmation""}], ""factors"": {""candle_strength"": 0.96100431480727, ""at_level"": 1.0, ""confirmation_count"": 1.0}, ""invalidation"": {""level"": 450.9, ""reason"": ""rottura del supporto""}, ""sources"": [""Nison - candlestick reversals confirmed at support/resistance""], ""annotations"": {""levels"": [{""label"": ""Supporto"", ""price"": 450.9, ""kind"": ""support""}, {""label"": ""Stop / invalidazione"", ""price"": 450.9, ""kind"": ""stop""}], ""points"": []}, ""atr"": 13.454455062357077, ""horizon"": ""short"", ""regime_at_fire"": ""bear"", ""first_emitted_at"": ""2026-07-23T23:44:58.757084+00:00""}",5,503.1,453.55,-0.09848936593122637,0,0,-0.09231621550782965,2026-07-23 23:48:04.667730+00:00
16617,457,ISRG,gap_and_go,2026-07-17,bear,337.5000,2026-07-25 23:33:24.257324+00:00,2026-07-25 23:41:01.277612+00:00,,15970,"{""tone"": ""bear"", ""strength"": 62, ""probability"": 50, ""chain"": [{""date"": ""2026-07-14"", ""label"": ""MACD cross ribassista"", ""detail"": ""incrocio MACD nel verso del segnale"", ""kind"": ""confirmation""}, {""date"": ""2026-07-17"", ""label"": ""Gap bear"", ""detail"": ""apertura in gap del -9.3%""}, {""date"": ""2026-07-17"", ""label"": ""Conferma volume"", ""detail"": ""3.9x la media: gap partecipato""}, {""date"": ""2026-07-22"", ""label"": ""Candela di rifiuto"", ""detail"": ""pattern engulfing"", ""kind"": ""confirmation""}, {""date"": ""2026-07-24"", ""label"": ""Trend ADX in rafforzamento"", ""detail"": ""ADX conferma la forza del trend"", ""kind"": ""confirmation""}], ""factors"": {""gap_size"": 0.8848577398739509, ""volume_strength"": 0.5031486613408622, ""trend_alignment"": 1.0, ""confirmation_count"": 1.0}, ""invalidation"": null, ""sources"": [""Gap taxonomy (breakaway vs exhaustion) + volume confirmation""], ""annotations"": {""levels"": [], ""points"": []}, ""atr"": 15.841750427498516, ""horizon"": ""short"", ""regime_at_fire"": ""bear"", ""first_emitted_at"": ""2026-07-25T23:33:25.013637+00:00""}",5,345.42,337.5,-0.022928608650338744,1,1,0.02404165560056091,2026-07-25 23:40:46.674242+00:00
17008,23,ADBE,candle_reversal,2026-07-22,bear,263.4300,2026-07-30 18:31:31.115303+00:00,2026-07-30 18:38:01.063946+00:00,,16644,"{""tone"": ""bear"", ""strength"": 91, ""probability"": 49, ""chain"": [{""date"": ""2026-07-17"", ""label"": ""Lower-high confermato"", ""detail"": ""struttura a conferma della continuazione"", ""kind"": ""confirmation""}, {""date"": ""2026-07-22"", ""label"": ""Candela di inversione bear"", ""detail"": ""pattern Engulfing""}, {""date"": ""2026-07-22"", ""label"": ""A resistenza"", ""detail"": ""prezzo 263.43 al livello 265.09""}, {""date"": ""2026-07-23"", ""label"": ""Rifiuto su EMA50"", ""detail"": ""ritorno alla media e rifiuto nel verso del trend"", ""kind"": ""confirmation""}], ""factors"": {""candle_strength"": 0.9088494109929783, ""at_level"": 1.0, ""confirmation_count"": 0.6666666666666666}, ""invalidation"": {""level"": 265.09, ""reason"": ""rottura del resistenza""}, ""sources"": [""Nison - candlestick reversals confirmed at support/resistance""], ""annotations"": {""levels"": [{""label"": ""Resistenza"", ""price"": 265.09, ""kind"": ""resistance""}, {""label"": ""Stop / invalidazione"", ""price"": 265.09, ""kind"": ""stop""}], ""points"": []}, ""atr"": 11.640124764278536, ""horizon"": ""short"", ""regime_at_fire"": ""bear"", ""first_emitted_at"": ""2026-07-30T18:31:31.304450+00:00""}",5,218.36,263.43,0.2064022714782927,0,0,-0.2042111350941779,2026-07-30 18:37:46.814741+00:00
16882,429,HAS,gap_and_go,2026-07-21,bull,96.3400,2026-07-29 15:50:47.815785+00:00,2026-07-29 15:54:20.067829+00:00,,16569,"{""tone"": ""bull"", ""strength"": 62, ""probability"": 50, ""chain"": [{""date"": ""2026-07-15"", ""label"": ""MACD cross rialzista"", ""detail"": ""incrocio MACD nel verso del segnale"", ""kind"": ""confirmation""}, {""date"": ""2026-07-21"", ""label"": ""Gap bull"", ""detail"": ""apertura in gap del 3.6%""}, {""date"": ""2026-07-21"", ""label"": ""Conferma volume"", ""detail"": ""3.9x la media: gap partecipato""}, {""date"": ""2026-07-24"", ""label"": ""Rifiuto su EMA200"", ""detail"": ""ritorno alla media e rifiuto nel verso del trend"", ""kind"": ""confirmation""}, {""date"": ""2026-07-28"", ""label"": ""Trend ADX in rafforzamento"", ""detail"": ""ADX conferma la forza del trend"", ""kind"": ""confirmation""}], ""factors"": {""gap_size"": 0.6078869959553869, ""volume_strength"": 0.5026293495201611, ""trend_alignment"": 1.0, ""confirmation_count"": 1.0}, ""invalidation"": null, ""sources"": [""Gap taxonomy (breakaway vs exhaustion) + volume confirmation""], ""annotations"": {""levels"": [], ""points"": []}, ""atr"": 2.8644363269723025, ""horizon"": ""short"", ""regime_at_fire"": ""bull"", ""first_emitted_at"": ""2026-07-29T15:50:48.015101+00:00""}",5,88.78,96.34,0.08515431403469242,1,1,0.07606369192666623,2026-07-29 15:54:04.485431+00:00
17408,380,EQIX,candle_reversal,2026-07-27,bear,1031.4399,2026-08-03 21:18:09.456573+00:00,2026-08-04 10:07:09.686251+00:00,,16661,"{""tone"": ""bear"", ""strength"": 65, ""probability"": 49, ""chain"": [{""date"": ""2026-07-27"", ""label"": ""Candela di inversione bear"", ""detail"": ""pattern Engulfing""}, {""date"": ""2026-07-27"", ""label"": ""A resistenza"", ""detail"": ""prezzo 1031.44 al livello 1054.54""}, {""date"": ""2026-07-29"", ""label"": ""Rifiuto su EMA50"", ""detail"": ""ritorno alla media e rifiuto nel verso del trend"", ""kind"": ""confirmation""}], ""factors"": {""candle_strength"": 0.6549852037332116, ""at_level"": 1.0, ""confirmation_count"": 0.3333333333333333}, ""invalidation"": {""level"": 1054.54, ""reason"": ""rottura del resistenza""}, ""sources"": [""Nison - candlestick reversals confirmed at support/resistance""], ""annotations"": {""levels"": [{""label"": ""Resistenza"", ""price"": 1054.54, ""kind"": ""resistance""}, {""label"": ""Stop / invalidazione"", ""price"": 1054.54, ""kind"": ""stop""}], ""points"": []}, ""atr"": 33.9727214254825, ""horizon"": ""short"", ""regime_at_fire"": ""bull"", ""first_emitted_at"": ""2026-08-03T21:18:10.827610+00:00""}",5,1046.79,1031.439941,-0.014663933549231345,1,1,0.02509158951610498,2026-08-03 21:20:39.646580+00:00
16615,97,DB1.DE,candle_reversal,2026-07-17,bear,258.1000,2026-07-24 23:30:52.893395+00:00,2026-07-25 23:41:01.277612+00:00,,15939,"{""tone"": ""bear"", ""strength"": 65, ""probability"": 49, ""chain"": [{""date"": ""2026-07-16"", ""label"": ""Divergenza RSI ribassista"", ""detail"": ""divergenza prezzo / RSI"", ""kind"": ""confirmation""}, {""date"": ""2026-07-17"", ""label"": ""Candela di inversione bear"", ""detail"": ""pattern Engulfing""}, {""date"": ""2026-07-17"", ""label"": ""A resistenza"", ""detail"": ""prezzo 258.10 al livello 258.90""}, {""date"": ""2026-07-23"", ""label"": ""MACD cross ribassista"", ""detail"": ""incrocio MACD nel verso del segnale"", ""kind"": ""confirmation""}], ""factors"": {""candle_strength"": 0.6500000000000028, ""at_level"": 1.0, ""confirmation_count"": 0.6666666666666666}, ""invalidation"": {""level"": 258.9, ""reason"": ""rottura del resistenza""}, ""sources"": [""Nison - candlestick reversals confirmed at support/resistance""], ""annotations"": {""levels"": [{""label"": ""Resistenza"", ""price"": 258.9, ""kind"": ""resistance""}, {""label"": ""Stop / invalidazione"", ""price"": 258.9, ""kind"": ""stop""}], ""points"": []}, ""atr"": 5.740041663666312, ""horizon"": ""short"", ""regime_at_fire"": ""bull"", ""first_emitted_at"": ""2026-07-24T23:30:53.675658+00:00""}",5,256.9,258.1,0.004671078240560789,0,0,-0.0035580312903386244,2026-07-24 23:34:02.800040+00:00
16608,97,DB1.DE,candle_reversal,2026-07-17,bear,258.1000,2026-07-24 21:48:40.924950+00:00,2026-07-25 23:41:01.277612+00:00,,15939,"{""tone"": ""bear"", ""strength"": 65, ""probability"": 49, ""chain"": [{""date"": ""2026-07-16"", ""label"": ""Divergenza RSI ribassista"", ""detail"": ""divergenza prezzo / RSI"", ""kind"": ""confirmation""}, {""date"": ""2026-07-17"", ""label"": ""Candela di inversione bear"", ""detail"": ""pattern Engulfing""}, {""date"": ""2026-07-17"", ""label"": ""A resistenza"", ""detail"": ""prezzo 258.10 al livello 258.90""}, {""date"": ""2026-07-23"", ""label"": ""MACD cross ribassista"", ""detail"": ""incrocio MACD nel verso del segnale"", ""kind"": ""confirmation""}], ""factors"": {""candle_strength"": 0.6500000000000028, ""at_level"": 1.0, ""confirmation_count"": 0.6666666666666666}, ""invalidation"": {""level"": 258.9, ""reason"": ""rottura del resistenza""}, ""sources"": [""Nison - candlestick reversals confirmed at support/resistance""], ""annotations"": {""levels"": [{""label"": ""Resistenza"", ""price"": 258.9, ""kind"": ""resistance""}, {""label"": ""Stop / invalidazione"", ""price"": 258.9, ""kind"": ""stop""}], ""points"": []}, ""atr"": 5.740041663666312, ""horizon"": ""short"", ""regime_at_fire"": ""bull"", ""first_emitted_at"": ""2026-07-24T21:37:43.028457+00:00"", ""amended_at"": ""2026-07-24T21:48:40.922702+00:00"", ""amend_count"": 2}",5,256.9,258.1,0.004671078240560789,0,0,-0.0034781031365773885,2026-07-24 21:51:52.799615+00:00
17270,1407,BMRN,candle_reversal,2026-07-24,bull,60.0200,2026-08-02 23:34:39.746054+00:00,2026-08-02 23:35:36.594336+00:00,,16596,"{""tone"": ""bull"", ""strength"": 65, ""probability"": 49, ""chain"": [{""date"": ""2026-07-23"", ""label"": ""Rifiuto su EMA50"", ""detail"": ""ritorno alla media e rifiuto nel verso del trend"", ""kind"": ""confirmation""}, {""date"": ""2026-07-24"", ""label"": ""Candela di inversione bull"", ""detail"": ""pattern Hammer""}, {""date"": ""2026-07-24"", ""label"": ""A supporto"", ""detail"": ""prezzo 60.02 al livello 58.50""}, {""date"": ""2026-07-28"", ""label"": ""MACD cross rialzista"", ""detail"": ""incrocio MACD nel verso del segnale"", ""kind"": ""confirmation""}, {""date"": ""2026-07-30"", ""label"": ""Trend ADX in rafforzamento"", ""detail"": ""ADX conferma la forza del trend"", ""kind"": ""confirmation""}], ""factors"": {""candle_strength"": 0.6527123082931361, ""at_level"": 1.0, ""confirmation_count"": 1.0}, ""invalidation"": {""level"": 58.5, ""reason"": ""rottura del supporto""}, ""sources"": [""Nison - candlestick reversals confirmed at support/resistance""], ""annotations"": {""levels"": [{""label"": ""Supporto"", ""price"": 58.5, ""kind"": ""support""}, {""label"": ""Stop / invalidazione"", ""price"": 58.5, ""kind"": ""stop""}], ""points"": []}, ""atr"": 1.5829541001189305, ""horizon"": ""short"", ""regime_at_fire"": ""bull"", ""first_emitted_at"": ""2026-08-02T23:34:40.151701+00:00""}",5,59.330002,60.02,0.011629832744654234,1,1,0.0033683775262183663,2026-08-02 23:35:22.928610+00:00
16616,97,DB1.DE,candle_reversal,2026-07-17,bear,258.1000,2026-07-25 23:32:35.667511+00:00,2026-07-25 23:41:01.277612+00:00,,15939,"{""tone"": ""bear"", ""strength"": 65, ""probability"": 49, ""chain"": [{""date"": ""2026-07-16"", ""label"": ""Divergenza RSI ribassista"", ""detail"": ""divergenza prezzo / RSI"", ""kind"": ""confirmation""}, {""date"": ""2026-07-17"", ""label"": ""Candela di inversione bear"", ""detail"": ""pattern Engulfing""}, {""date"": ""2026-07-17"", ""label"": ""A resistenza"", ""detail"": ""prezzo 258.10 al livello 258.90""}, {""date"": ""2026-07-23"", ""label"": ""MACD cross ribassista"", ""detail"": ""incrocio MACD nel verso del segnale"", ""kind"": ""confirmation""}], ""factors"": {""candle_strength"": 0.6500000000000028, ""at_level"": 1.0, ""confirmation_count"": 0.6666666666666666}, ""invalidation"": {""level"": 258.9, ""reason"": ""rottura del resistenza""}, ""sources"": [""Nison - candlestick reversals confirmed at support/resistance""], ""annotations"": {""levels"": [{""label"": ""Resistenza"", ""price"": 258.9, ""kind"": ""resistance""}, {""label"": ""Stop / invalidazione"", ""price"": 258.9, ""kind"": ""stop""}], ""points"": []}, ""atr"": 5.740041663666312, ""horizon"": ""short"", ""regime_at_fire"": ""bull"", ""first_emitted_at"": ""2026-07-25T23:32:36.624883+00:00""}",5,256.9,258.1,0.004671078240560789,0,0,-0.0035580312903386244,2026-07-25 23:40:46.674242+00:00
16613,457,ISRG,gap_and_go,2026-07-17,bear,337.5000,2026-07-24 22:47:43.609859+00:00,2026-07-25 23:41:01.277612+00:00,,15970,"{""tone"": ""bear"", ""strength"": 62, ""probability"": 50, ""chain"": [{""date"": ""2026-07-14"", ""label"": ""MACD cross ribassista"", ""detail"": ""incrocio MACD nel verso del segnale"", ""kind"": ""confirmation""}, {""date"": ""2026-07-17"", ""label"": ""Gap bear"", ""detail"": ""apertura in gap del -9.3%""}, {""date"": ""2026-07-17"", ""label"": ""Conferma volume"", ""detail"": ""3.9x la media: gap partecipato""}, {""date"": ""2026-07-22"", ""label"": ""Candela di rifiuto"", ""detail"": ""pattern engulfing"", ""kind"": ""confirmation""}, {""date"": ""2026-07-24"", ""label"": ""Trend ADX in rafforzamento"", ""detail"": ""ADX conferma la forza del trend"", ""kind"": ""confirmation""}], ""factors"": {""gap_size"": 0.8848577398739509, ""volume_strength"": 0.5031486613408622, ""trend_alignment"": 1.0, ""confirmation_count"": 1.0}, ""invalidation"": null, ""sources"": [""Gap taxonomy (breakaway vs exhaustion) + volume confirmation""], ""annotations"": {""levels"": [], ""points"": []}, ""atr"": 15.841750427498516, ""horizon"": ""short"", ""regime_at_fire"": ""bear"", ""first_emitted_at"": ""2026-07-24T22:41:43.130737+00:00"", ""amended_at"": ""2026-07-24T22:47:43.608528+00:00"", ""amend_count"": 1}",5,345.42,337.5,-0.022928608650338744,1,1,0.02404165560056091,2026-07-24 22:50:59.887959+00:00
17319,422,GPC,candle_reversal,2026-07-24,bull,124.3700,2026-08-03 19:27:36.680747+00:00,2026-08-03 19:35:28.958459+00:00,,16566,"{""tone"": ""bull"", ""strength"": 92, ""probability"": 49, ""chain"": [{""date"": ""2026-07-21"", ""label"": ""Rifiuto su EMA200"", ""detail"": ""ritorno alla media e rifiuto nel verso del trend"", ""kind"": ""confirmation""}, {""date"": ""2026-07-21"", ""label"": ""Higher-low confermato"", ""detail"": ""struttura a conferma della continuazione"", ""kind"": ""confirmation""}, {""date"": ""2026-07-21"", ""label"": ""Volume sulla salita"", ""detail"": ""volume sopra la media nel verso del segnale"", ""kind"": ""confirmation""}, {""date"": ""2026-07-24"", ""label"": ""Candela di inversione bull"", ""detail"": ""pattern Engulfing""}, {""date"": ""2026-07-24"", ""label"": ""A supporto"", ""detail"": ""prezzo 124.37 al livello 124.32""}, {""date"": ""2026-07-31"", ""label"": ""Trend ADX in rafforzamento"", ""detail"": ""ADX conferma la forza del trend"", ""kind"": ""confirmation""}], ""factors"": {""candle_strength"": 0.924500135090478, ""at_level"": 1.0, ""confirmation_count"": 1.0}, ""invalidation"": {""level"": 124.32, ""reason"": ""rottura del supporto""}, ""sources"": [""Nison - candlestick reversals confirmed at support/resistance""], ""annotations"": {""levels"": [{""label"": ""Supporto"", ""price"": 124.32, ""kind"": ""support""}, {""label"": ""Stop / invalidazione"", ""price"": 124.32, ""kind"": ""stop""}], ""points"": []}, ""atr"": 4.477528277537326, ""horizon"": ""short"", ""regime_at_fire"": ""bull"", ""first_emitted_at"": ""2026-08-03T19:27:37.248914+00:00""}",5,124.21,124.370003,0.0012881652040899194,1,0,-0.006973290266825135,2026-08-03 19:35:14.906519+00:00
17320,1407,BMRN,candle_reversal,2026-07-24,bull,60.0200,2026-08-03 19:29:12.677809+00:00,2026-08-03 19:35:28.958459+00:00,,16596,"{""tone"": ""bull"", ""strength"": 65, ""probability"": 49, ""chain"": [{""date"": ""2026-07-23"", ""label"": ""Rifiuto su EMA50"", ""detail"": ""ritorno alla media e rifiuto nel verso del trend"", ""kind"": ""confirmation""}, {""date"": ""2026-07-24"", ""label"": ""Candela di inversione bull"", ""detail"": ""pattern Hammer""}, {""date"": ""2026-07-24"", ""label"": ""A supporto"", ""detail"": ""prezzo 60.02 al livello 58.50""}, {""date"": ""2026-07-28"", ""label"": ""MACD cross rialzista"", ""detail"": ""incrocio MACD nel verso del segnale"", ""kind"": ""confirmation""}, {""date"": ""2026-07-30"", ""label"": ""Trend ADX in rafforzamento"", ""detail"": ""ADX conferma la forza del trend"", ""kind"": ""confirmation""}], ""factors"": {""candle_strength"": 0.6527123082931361, ""at_level"": 1.0, ""confirmation_count"": 1.0}, ""invalidation"": {""level"": 58.5, ""reason"": ""rottura del supporto""}, ""sources"": [""Nison - candlestick reversals confirmed at support/resistance""], ""annotations"": {""levels"": [{""label"": ""Supporto"", ""price"": 58.5, ""kind"": ""support""}, {""label"": ""Stop / invalidazione"", ""price"": 58.5, ""kind"": ""stop""}], ""points"": []}, ""atr"": 1.5829541001189305, ""horizon"": ""short"", ""regime_at_fire"": ""bull"", ""first_emitted_at"": ""2026-08-03T19:29:13.050446+00:00""}",5,59.330002,60.02,0.011629832744654234,1,1,0.0033683772737391794,2026-08-03 19:35:14.906519+00:00
16618,97,DB1.DE,candle_reversal,2026-07-17,bear,258.1000,2026-07-26 23:32:20.373029+00:00,2026-07-26 23:41:07.503928+00:00,,15939,"{""tone"": ""bear"", ""strength"": 65, ""probability"": 49, ""chain"": [{""date"": ""2026-07-16"", ""label"": ""Divergenza RSI ribassista"", ""detail"": ""divergenza prezzo / RSI"", ""kind"": ""confirmation""}, {""date"": ""2026-07-17"", ""label"": ""Candela di inversione bear"", ""detail"": ""pattern Engulfing""}, {""date"": ""2026-07-17"", ""label"": ""A resistenza"", ""detail"": ""prezzo 258.10 al livello 258.90""}, {""date"": ""2026-07-23"", ""label"": ""MACD cross ribassista"", ""detail"": ""incrocio MACD nel verso del segnale"", ""kind"": ""confirmation""}], ""factors"": {""candle_strength"": 0.6500000000000028, ""at_level"": 1.0, ""confirmation_count"": 0.6666666666666666}, ""invalidation"": {""level"": 258.9, ""reason"": ""rottura del resistenza""}, ""sources"": [""Nison - candlestick reversals confirmed at support/resistance""], ""annotations"": {""levels"": [{""label"": ""Resistenza"", ""price"": 258.9, ""kind"": ""resistance""}, {""label"": ""Stop / invalidazione"", ""price"": 258.9, ""kind"": ""stop""}], ""points"": []}, ""atr"": 5.740041663666312, ""horizon"": ""short"", ""regime_at_fire"": ""bull"", ""first_emitted_at"": ""2026-07-26T23:32:21.328213+00:00""}",5,256.9,258.1,0.004671078240560789,0,0,-0.0035580312903386244,2026-07-26 23:40:53.312815+00:00
17146,71,MONC.MI,gap_and_go,2026-07-23,bear,48.7800,2026-07-30 22:12:16.366090+00:00,2026-07-31 16:04:12.562827+00:00,,16351,"{""tone"": ""bear"", ""strength"": 77, ""probability"": 50, ""chain"": [{""date"": ""2026-07-21"", ""label"": ""Rifiuto su EMA200"", ""detail"": ""ritorno alla media e rifiuto nel verso del trend"", ""kind"": ""confirmation""}, {""date"": ""2026-07-23"", ""label"": ""Gap bear"", ""detail"": ""apertura in gap del -4.3%""}, {""date"": ""2026-07-23"", ""label"": ""Conferma volume"", ""detail"": ""7.2x la media: gap partecipato""}, {""date"": ""2026-07-23"", ""label"": ""MACD cross ribassista"", ""detail"": ""incrocio MACD nel verso del segnale"", ""kind"": ""confirmation""}], ""factors"": {""gap_size"": 0.6780157421005548, ""volume_strength"": 0.7294905144714114, ""trend_alignment"": 1.0, ""confirmation_count"": 0.6666666666666666}, ""invalidation"": null, ""sources"": [""Gap taxonomy (breakaway vs exhaustion) + volume confirmation""], ""annotations"": {""levels"": [], ""points"": []}, ""atr"": 1.6118700053430888, ""horizon"": ""short"", ""regime_at_fire"": ""bear"", ""first_emitted_at"": ""2026-07-30T22:12:16.952603+00:00""}",5,47.349998,48.78,0.03020067709400953,0,0,-0.01839606943899756,2026-07-30 22:15:26.397897+00:00
17240,1142,SPX.L,candle_reversal,2026-07-24,bull,69.4500,2026-07-31 23:33:46.118269+00:00,2026-08-01 23:38:25.686895+00:00,,16538,"{""tone"": ""bull"", ""strength"": 96, ""probability"": 49, ""chain"": [{""date"": ""2026-07-24"", ""label"": ""Candela di inversione bull"", ""detail"": ""pattern Engulfing""}, {""date"": ""2026-07-24"", ""label"": ""A supporto"", ""detail"": ""prezzo 69.45 al livello 69.76""}, {""date"": ""2026-07-30"", ""label"": ""Rifiuto su EMA50"", ""detail"": ""ritorno alla media e rifiuto nel verso del trend"", ""kind"": ""confirmation""}], ""factors"": {""candle_strength"": 0.96100431480727, ""at_level"": 1.0, ""confirmation_count"": 0.3333333333333333}, ""invalidation"": {""level"": 69.76, ""reason"": ""rottura del supporto""}, ""sources"": [""Nison - candlestick reversals confirmed at support/resistance""], ""annotations"": {""levels"": [{""label"": ""Supporto"", ""price"": 69.76, ""kind"": ""support""}, {""label"": ""Stop / invalidazione"", ""price"": 69.76, ""kind"": ""stop""}], ""points"": []}, ""atr"": 1.8655201787653493, ""horizon"": ""short"", ""regime_at_fire"": ""bull"", ""first_emitted_at"": ""2026-07-31T23:33:46.673353+00:00""}",5,70.8,69.45,-0.01906779661016944,0,0,-0.02732949912179918,2026-07-31 23:38:36.381653+00:00
17277,1142,SPX.L,candle_reversal,2026-07-24,bull,69.4500,2026-08-03 12:34:38.705634+00:00,2026-08-03 12:38:44.322418+00:00,,16538,"{""tone"": ""bull"", ""strength"": 96, ""probability"": 49, ""chain"": [{""date"": ""2026-07-24"", ""label"": ""Candela di inversione bull"", ""detail"": ""pattern Engulfing""}, {""date"": ""2026-07-24"", ""label"": ""A supporto"", ""detail"": ""prezzo 69.45 al livello 69.76""}, {""date"": ""2026-07-30"", ""label"": ""Rifiuto su EMA50"", ""detail"": ""ritorno alla media e rifiuto nel verso del trend"", ""kind"": ""confirmation""}], ""factors"": {""candle_strength"": 0.96100431480727, ""at_level"": 1.0, ""confirmation_count"": 0.3333333333333333}, ""invalidation"": {""level"": 69.76, ""reason"": ""rottura del supporto""}, ""sources"": [""Nison - candlestick reversals confirmed at support/resistance""], ""annotations"": {""levels"": [{""label"": ""Supporto"", ""price"": 69.76, ""kind"": ""support""}, {""label"": ""Stop / invalidazione"", ""price"": 69.76, ""kind"": ""stop""}], ""points"": []}, ""atr"": 1.8655201787653493, ""horizon"": ""short"", ""regime_at_fire"": ""bull"", ""first_emitted_at"": ""2026-08-03T12:34:38.891460+00:00""}",5,70.8,69.45,-0.01906779661016944,0,0,-0.027329251866869003,2026-08-03 12:38:30.338418+00:00
17147,359,DOV,gap_and_go,2026-07-23,bear,204.0600,2026-07-30 22:12:54.109215+00:00,2026-07-31 16:04:12.562827+00:00,,16544,"{""tone"": ""bear"", ""strength"": 62, ""probability"": 50, ""chain"": [{""date"": ""2026-07-17"", ""label"": ""Lower-high confermato"", ""detail"": ""struttura a conferma della continuazione"", ""kind"": ""confirmation""}, {""date"": ""2026-07-20"", ""label"": ""Candela di rifiuto"", ""detail"": ""pattern evening_star"", ""kind"": ""confirmation""}, {""date"": ""2026-07-23"", ""label"": ""Gap bear"", ""detail"": ""apertura in gap del -6.1%""}, {""date"": ""2026-07-23"", ""label"": ""Conferma volume"", ""detail"": ""3.9x la media: gap partecipato""}, {""date"": ""2026-07-28"", ""label"": ""Rifiuto su EMA200"", ""detail"": ""ritorno alla media e rifiuto nel verso del trend"", ""kind"": ""confirmation""}], ""factors"": {""gap_size"": 0.7855026103575257, ""volume_strength"": 0.5042011399485561, ""trend_alignment"": 1.0, ""confirmation_count"": 1.0}, ""invalidation"": null, ""sources"": [""Gap taxonomy (breakaway vs exhaustion) + volume confirmation""], ""annotations"": {""levels"": [], ""points"": []}, ""atr"": 6.332117751024708, ""horizon"": ""short"", ""regime_at_fire"": ""bear"", ""first_emitted_at"": ""2026-07-30T22:12:54.678091+00:00""}",5,197.8,204.059998,0.03164811931243672,0,0,-0.019843511657424748,2026-07-30 22:15:26.397897+00:00
18451,866,IMB.L,candle_reversal,2026-08-07,bull,26.0900,2026-08-16 23:34:12.711582+00:00,2026-08-16 23:39:12.911663+00:00,,17852,"{""tone"": ""bull"", ""strength"": 62, ""probability"": 49, ""chain"": [{""date"": ""2026-08-07"", ""label"": ""Candela di inversione bull"", ""detail"": ""pattern Engulfing""}, {""date"": ""2026-08-07"", ""label"": ""A supporto"", ""detail"": ""prezzo 26.09 al livello 26.26""}, {""date"": ""2026-08-07"", ""label"": ""Trend ADX in rafforzamento"", ""detail"": ""ADX conferma la forza del trend"", ""kind"": ""confirmation""}], ""factors"": {""candle_strength"": 0.6234693877551079, ""at_level"": 1.0, ""confirmation_count"": 0.3333333333333333}, ""invalidation"": {""level"": 26.26, ""reason"": ""rottura del supporto""}, ""sources"": [""Nison - candlestick reversals confirmed at support/resistance""], ""annotations"": {""levels"": [{""label"": ""Supporto"", ""price"": 26.26, ""kind"": ""support""}, {""label"": ""Stop / invalidazione"", ""price"": 26.26, ""kind"": ""stop""}], ""points"": []}, ""atr"": 0.6954553207070747, ""horizon"": ""short"", ""regime_at_fire"": ""bear"", ""first_emitted_at"": ""2026-08-16T23:34:13.459209+00:00""}",5,27.91,26.09,-0.06520960229308492,0,0,-0.07452232705363661,2026-08-16 23:38:56.231239+00:00
19142,342,DHR,candle_reversal,2026-08-18,bear,215.9700,2026-08-26 17:07:38.304937+00:00,2026-08-26 17:11:30.440531+00:00,,18580,"{""tone"": ""bear"", ""strength"": 81, ""probability"": 49, ""chain"": [{""date"": ""2026-08-18"", ""label"": ""Candela di inversione bear"", ""detail"": ""pattern Engulfing""}, {""date"": ""2026-08-18"", ""label"": ""A resistenza"", ""detail"": ""prezzo 215.97 al livello 214.01""}, {""date"": ""2026-08-18"", ""label"": ""MACD cross ribassista"", ""detail"": ""incrocio MACD nel verso del segnale"", ""kind"": ""confirmation""}], ""factors"": {""candle_strength"": 0.806684084421251, ""at_level"": 1.0, ""confirmation_count"": 0.3333333333333333}, ""invalidation"": {""level"": 214.01, ""reason"": ""rottura del resistenza""}, ""sources"": [""Nison - candlestick reversals confirmed at support/resistance""], ""annotations"": {""levels"": [{""label"": ""Resistenza"", ""price"": 214.01, ""kind"": ""resistance""}, {""label"": ""Stop / invalidazione"", ""price"": 214.01, ""kind"": ""stop""}], ""points"": []}, ""atr"": 6.652850485848224, ""horizon"": ""short"", ""regime_at_fire"": ""bull"", ""first_emitted_at"": ""2026-08-26T17:03:03.631310+00:00"", ""amended_at"": ""2026-08-26T17:07:38.302320+00:00"", ""amend_count"": 1}",5,199.580002,215.970001,0.08212245132656126,0,0,-0.07399955116624446,2026-08-26 17:11:15.292025+00:00
17278,1407,BMRN,candle_reversal,2026-07-24,bull,60.0200,2026-08-03 12:34:51.439144+00:00,2026-08-03 12:38:44.322418+00:00,,16596,"{""tone"": ""bull"", ""strength"": 65, ""probability"": 49, ""chain"": [{""date"": ""2026-07-23"", ""label"": ""Rifiuto su EMA50"", ""detail"": ""ritorno alla media e rifiuto nel verso del trend"", ""kind"": ""confirmation""}, {""date"": ""2026-07-24"", ""label"": ""Candela di inversione bull"", ""detail"": ""pattern Hammer""}, {""date"": ""2026-07-24"", ""label"": ""A supporto"", ""detail"": ""prezzo 60.02 al livello 58.50""}, {""date"": ""2026-07-28"", ""label"": ""MACD cross rialzista"", ""detail"": ""incrocio MACD nel verso del segnale"", ""kind"": ""confirmation""}, {""date"": ""2026-07-30"", ""label"": ""Trend ADX in rafforzamento"", ""detail"": ""ADX conferma la forza del trend"", ""kind"": ""confirmation""}], ""factors"": {""candle_strength"": 0.6527123082931361, ""at_level"": 1.0, ""confirmation_count"": 1.0}, ""invalidation"": {""level"": 58.5, ""reason"": ""rottura del supporto""}, ""sources"": [""Nison - candlestick reversals confirmed at support/resistance""], ""annotations"": {""levels"": [{""label"": ""Supporto"", ""price"": 58.5, ""kind"": ""support""}, {""label"": ""Stop / invalidazione"", ""price"": 58.5, ""kind"": ""stop""}], ""points"": []}, ""atr"": 1.5829541001189305, ""horizon"": ""short"", ""regime_at_fire"": ""bull"", ""first_emitted_at"": ""2026-08-03T12:34:51.813949+00:00""}",5,59.330002,60.02,0.011629832744654234,1,1,0.003368377487954672,2026-08-03 12:38:30.338418+00:00
17952,425,GDDY,gap_and_go,2026-07-31,bear,91.0700,2026-08-08 23:32:46.025284+00:00,2026-08-08 23:38:44.309631+00:00,,17224,"{""tone"": ""bear"", ""strength"": 64, ""probability"": 50, ""chain"": [{""date"": ""2026-07-29"", ""label"": ""RSI ipercomprato"", ""detail"": ""estremo RSI a conferma del segnale"", ""kind"": ""confirmation""}, {""date"": ""2026-07-31"", ""label"": ""Gap bear"", ""detail"": ""apertura in gap del -22.7%""}, {""date"": ""2026-07-31"", ""label"": ""Conferma volume"", ""detail"": ""4.1x la media: gap partecipato""}, {""date"": ""2026-07-31"", ""label"": ""MACD cross ribassista"", ""detail"": ""incrocio MACD nel verso del segnale"", ""kind"": ""confirmation""}], ""factors"": {""gap_size"": 0.9786956685227879, ""volume_strength"": 0.524409372545179, ""trend_alignment"": 1.0, ""confirmation_count"": 0.6666666666666666}, ""invalidation"": null, ""sources"": [""Gap taxonomy (breakaway vs exhaustion) + volume confirmation""], ""annotations"": {""levels"": [], ""points"": []}, ""atr"": 5.434135482325299, ""horizon"": ""short"", ""regime_at_fire"": ""bear"", ""first_emitted_at"": ""2026-08-08T23:32:46.209579+00:00""}",5,82.739998,91.07,0.10067684555660716,0,0,-0.07068337992280013,2026-08-08 23:38:28.521777+00:00
19143,607,SNA,candle_reversal,2026-08-18,bear,394.5600,2026-08-26 17:08:39.798202+00:00,2026-08-26 17:11:30.440531+00:00,,18600,"{""tone"": ""bear"", ""strength"": 86, ""probability"": 49, ""chain"": [{""date"": ""2026-08-18"", ""label"": ""Candela di inversione bear"", ""detail"": ""pattern Engulfing""}, {""date"": ""2026-08-18"", ""label"": ""A resistenza"", ""detail"": ""prezzo 394.56 al livello 393.94""}, {""date"": ""2026-08-25"", ""label"": ""Rifiuto su EMA50"", ""detail"": ""ritorno alla media e rifiuto nel verso del trend"", ""kind"": ""confirmation""}], ""factors"": {""candle_strength"": 0.858015331764605, ""at_level"": 1.0, ""confirmation_count"": 0.3333333333333333}, ""invalidation"": {""level"": 393.94, ""reason"": ""rottura del resistenza""}, ""sources"": [""Nison - candlestick reversals confirmed at support/resistance""], ""annotations"": {""levels"": [{""label"": ""Resistenza"", ""price"": 393.94, ""kind"": ""resistance""}, {""label"": ""Stop / invalidazione"", ""price"": 393.94, ""kind"": ""stop""}], ""points"": []}, ""atr"": 7.2165326434931165, ""horizon"": ""short"", ""regime_at_fire"": ""bull"", ""first_emitted_at"": ""2026-08-26T17:03:56.770813+00:00"", ""amended_at"": ""2026-08-26T17:08:39.796425+00:00"", ""amend_count"": 1}",5,395.709991,394.559998,-0.002906151035241389,1,1,0.0110290511955582,2026-08-26 17:11:15.292025+00:00
18361,329,COO,candle_reversal,2026-08-06,bear,76.6000,2026-08-14 18:32:38.265957+00:00,2026-08-14 18:43:27.540676+00:00,,17779,"{""tone"": ""bear"", ""strength"": 72, ""probability"": 49, ""chain"": [{""date"": ""2026-08-06"", ""label"": ""Candela di inversione bear"", ""detail"": ""pattern Engulfing""}, {""date"": ""2026-08-06"", ""label"": ""A resistenza"", ""detail"": ""prezzo 76.60 al livello 76.22""}], ""factors"": {""candle_strength"": 0.7184266371367498, ""at_level"": 1.0}, ""invalidation"": {""level"": 76.22, ""reason"": ""rottura del resistenza""}, ""sources"": [""Nison - candlestick reversals confirmed at support/resistance""], ""annotations"": {""levels"": [{""label"": ""Resistenza"", ""price"": 76.22, ""kind"": ""resistance""}, {""label"": ""Stop / invalidazione"", ""price"": 76.22, ""kind"": ""stop""}], ""points"": []}, ""atr"": 1.7502468761714707, ""horizon"": ""short"", ""regime_at_fire"": ""bull"", ""first_emitted_at"": ""2026-08-14T18:32:38.819551+00:00""}",5,73.32,76.599998,0.044735379159847266,0,0,-0.02702304528497047,2026-08-14 18:43:11.668686+00:00
19144,1463,BIDU,gap_and_go,2026-08-18,bear,93.4300,2026-08-26 17:09:52.277088+00:00,2026-08-26 17:11:30.440531+00:00,,18615,"{""tone"": ""bear"", ""strength"": 87, ""probability"": 50, ""chain"": [{""date"": ""2026-08-13"", ""label"": ""MACD cross ribassista"", ""detail"": ""incrocio MACD nel verso del segnale"", ""kind"": ""confirmation""}, {""date"": ""2026-08-14"", ""label"": ""Candela di rifiuto"", ""detail"": ""pattern evening_star"", ""kind"": ""confirmation""}, {""date"": ""2026-08-18"", ""label"": ""Gap bear"", ""detail"": ""apertura in gap del -9.4%""}, {""date"": ""2026-08-18"", ""label"": ""Conferma volume"", ""detail"": ""8.1x la media: gap partecipato""}], ""factors"": {""gap_size"": 0.8868092741707851, ""volume_strength"": 0.7735934350185724, ""trend_alignment"": 1.0, ""confirmation_count"": 0.6666666666666666}, ""invalidation"": null, ""sources"": [""Gap taxonomy (breakaway vs exhaustion) + volume confirmation""], ""annotations"": {""levels"": [], ""points"": []}, ""atr"": 3.5364313867390944, ""horizon"": ""short"", ""regime_at_fire"": ""bear"", ""first_emitted_at"": ""2026-08-26T17:09:52.840084+00:00""}",5,90.870003,93.43,0.02817208006474936,0,0,-0.02004917990443255,2026-08-26 17:11:15.292025+00:00
17953,452,IBKR,candle_reversal,2026-07-31,bear,87.8300,2026-08-08 23:32:49.856866+00:00,2026-08-08 23:38:44.309631+00:00,,17226,"{""tone"": ""bear"", ""strength"": 95, ""probability"": 49, ""chain"": [{""date"": ""2026-07-31"", ""label"": ""Candela di inversione bear"", ""detail"": ""pattern Engulfing""}, {""date"": ""2026-07-31"", ""label"": ""A resistenza"", ""detail"": ""prezzo 87.83 al livello 88.44""}, {""date"": ""2026-08-06"", ""label"": ""Rifiuto su EMA50"", ""detail"": ""ritorno alla media e rifiuto nel verso del trend"", ""kind"": ""confirmation""}], ""factors"": {""candle_strength"": 0.9490039591644327, ""at_level"": 1.0, ""confirmation_count"": 0.3333333333333333}, ""invalidation"": {""level"": 88.44, ""reason"": ""rottura del resistenza""}, ""sources"": [""Nison - candlestick reversals confirmed at support/resistance""], ""annotations"": {""levels"": [{""label"": ""Resistenza"", ""price"": 88.44, ""kind"": ""resistance""}, {""label"": ""Stop / invalidazione"", ""price"": 88.44, ""kind"": ""stop""}], ""points"": []}, ""atr"": 3.5107851962304584, ""horizon"": ""short"", ""regime_at_fire"": ""bull"", ""first_emitted_at"": ""2026-08-08T23:32:50.806341+00:00""}",5,87.989998,87.830002,-0.0018183430348527319,1,1,0.03181180866865977,2026-08-08 23:38:28.521777+00:00
17148,576,DGX,gap_and_go,2026-07-23,bull,234.3000,2026-07-30 22:13:29.354997+00:00,2026-07-31 16:04:12.562827+00:00,,16474,"{""tone"": ""bull"", ""strength"": 65, ""probability"": 50, ""chain"": [{""date"": ""2026-07-16"", ""label"": ""Higher-low confermato"", ""detail"": ""struttura a conferma della continuazione"", ""kind"": ""confirmation""}, {""date"": ""2026-07-22"", ""label"": ""Rifiuto su EMA50"", ""detail"": ""ritorno alla media e rifiuto nel verso del trend"", ""kind"": ""confirmation""}, {""date"": ""2026-07-23"", ""label"": ""Gap bull"", ""detail"": ""apertura in gap del 8.7%""}, {""date"": ""2026-07-23"", ""label"": ""Conferma volume"", ""detail"": ""4.2x la media: gap partecipato""}, {""date"": ""2026-07-23"", ""label"": ""MACD cross rialzista"", ""detail"": ""incrocio MACD nel verso del segnale"", ""kind"": ""confirmation""}, {""date"": ""2026-07-27"", ""label"": ""Candela di rifiuto"", ""detail"": ""pattern engulfing"", ""kind"": ""confirmation""}, {""date"": ""2026-07-30"", ""label"": ""Trend ADX in rafforzamento"", ""detail"": ""ADX conferma la forza del trend"", ""kind"": ""confirmation""}], ""factors"": {""gap_size"": 0.8703241910117713, ""volume_strength"": 0.5284283661450269, ""trend_alignment"": 1.0, ""confirmation_count"": 1.0}, ""invalidation"": null, ""sources"": [""Gap taxonomy (breakaway vs exhaustion) + volume confirmation""], ""annotations"": {""levels"": [], ""points"": []}, ""atr"": 6.849342042673715, ""horizon"": ""short"", ""regime_at_fire"": ""bull"", ""first_emitted_at"": ""2026-07-30T22:13:30.321275+00:00""}",5,227.9,234.300003,0.028082505484861686,1,1,0.016277897829849716,2026-07-30 22:15:26.397897+00:00
17149,590,ROL,gap_and_go,2026-07-23,bear,38.3500,2026-07-30 22:13:33.449320+00:00,2026-07-31 16:04:12.562827+00:00,,16524,"{""tone"": ""bear"", ""strength"": 60, ""probability"": 50, ""chain"": [{""date"": ""2026-07-17"", ""label"": ""Lower-high confermato"", ""detail"": ""struttura a conferma della continuazione"", ""kind"": ""confirmation""}, {""date"": ""2026-07-23"", ""label"": ""Gap bear"", ""detail"": ""apertura in gap del -14.1%""}, {""date"": ""2026-07-23"", ""label"": ""Conferma volume"", ""detail"": ""3.6x la media: gap partecipato""}, {""date"": ""2026-07-23"", ""label"": ""MACD cross ribassista"", ""detail"": ""incrocio MACD nel verso del segnale"", ""kind"": ""confirmation""}, {""date"": ""2026-07-30"", ""label"": ""Trend ADX in rafforzamento"", ""detail"": ""ADX conferma la forza del trend"", ""kind"": ""confirmation""}], ""factors"": {""gap_size"": 0.9431773800942742, ""volume_strength"": 0.47612274774784596, ""trend_alignment"": 1.0, ""confirmation_count"": 1.0}, ""invalidation"": null, ""sources"": [""Gap taxonomy (breakaway vs exhaustion) + volume confirmation""], ""annotations"": {""levels"": [], ""points"": []}, ""atr"": 1.5439477250298208, ""horizon"": ""short"", ""regime_at_fire"": ""bear"", ""first_emitted_at"": ""2026-07-30T22:13:34.419001+00:00""}",5,39.44,38.349998,-0.027636967545638935,1,1,0.039441575200650905,2026-07-30 22:15:26.397897+00:00
17150,668,GWW,candle_reversal,2026-07-23,bull,1355.4900,2026-07-30 22:13:45.460564+00:00,2026-07-31 16:04:12.562827+00:00,,16497,"{""tone"": ""bull"", ""strength"": 60, ""probability"": 49, ""chain"": [{""date"": ""2026-07-21"", ""label"": ""Higher-low confermato"", ""detail"": ""struttura a conferma della continuazione"", ""kind"": ""confirmation""}, {""date"": ""2026-07-23"", ""label"": ""Candela di inversione bull"", ""detail"": ""pattern Engulfing""}, {""date"": ""2026-07-23"", ""label"": ""A supporto"", ""detail"": ""prezzo 1355.49 al livello 1347.27""}, {""date"": ""2026-07-30"", ""label"": ""Trend ADX in rafforzamento"", ""detail"": ""ADX conferma la forza del trend"", ""kind"": ""confirmation""}], ""factors"": {""candle_strength"": 0.5957858769931552, ""at_level"": 1.0, ""confirmation_count"": 0.6666666666666666}, ""invalidation"": {""level"": 1347.27, ""reason"": ""rottura del supporto""}, ""sources"": [""Nison - candlestick reversals confirmed at support/resistance""], ""annotations"": {""levels"": [{""label"": ""Supporto"", ""price"": 1347.27, ""kind"": ""support""}, {""label"": ""Stop / invalidazione"", ""price"": 1347.27, ""kind"": ""stop""}], ""points"": []}, ""atr"": 31.59839282974378, ""horizon"": ""short"", ""regime_at_fire"": ""bull"", ""first_emitted_at"": ""2026-07-30T22:13:46.455984+00:00""}",5,1367.46,1355.48999,-0.008753462624135233,0,0,-0.020558070279147203,2026-07-30 22:15:26.397897+00:00
19145,1535,RGTI,candle_reversal,2026-08-18,bear,16.9400,2026-08-26 17:10:45.034206+00:00,2026-08-26 17:11:30.440531+00:00,,18625,"{""tone"": ""bear"", ""strength"": 61, ""probability"": 49, ""chain"": [{""date"": ""2026-08-13"", ""label"": ""Lower-high confermato"", ""detail"": ""struttura a conferma della continuazione"", ""kind"": ""confirmation""}, {""date"": ""2026-08-18"", ""label"": ""Candela di inversione bear"", ""detail"": ""pattern Shooting star""}, {""date"": ""2026-08-18"", ""label"": ""A resistenza"", ""detail"": ""prezzo 16.94 al livello 17.27""}, {""date"": ""2026-08-20"", ""label"": ""Rifiuto su EMA50"", ""detail"": ""ritorno alla media e rifiuto nel verso del trend"", ""kind"": ""confirmation""}, {""date"": ""2026-08-24"", ""label"": ""MACD cross ribassista"", ""detail"": ""incrocio MACD nel verso del segnale"", ""kind"": ""confirmation""}], ""factors"": {""candle_strength"": 0.6091946188340809, ""at_level"": 1.0, ""confirmation_count"": 1.0}, ""invalidation"": {""level"": 17.268, ""reason"": ""rottura del resistenza""}, ""sources"": [""Nison - candlestick reversals confirmed at support/resistance""], ""annotations"": {""levels"": [{""label"": ""Resistenza"", ""price"": 17.268, ""kind"": ""resistance""}, {""label"": ""Stop / invalidazione"", ""price"": 17.268, ""kind"": ""stop""}], ""points"": []}, ""atr"": 1.242446500634107, ""horizon"": ""short"", ""regime_at_fire"": ""bear"", ""first_emitted_at"": ""2026-08-26T17:10:45.408592+00:00""}",5,17.709999,16.940001,-0.04347815039402325,1,1,0.05160105055434006,2026-08-26 17:11:15.292025+00:00
17954,475,KMI,candle_reversal,2026-07-31,bull,30.8500,2026-08-08 23:32:54.620566+00:00,2026-08-08 23:38:44.309631+00:00,,17229,"{""tone"": ""bull"", ""strength"": 68, ""probability"": 49, ""chain"": [{""date"": ""2026-07-31"", ""label"": ""Candela di inversione bull"", ""detail"": ""pattern Engulfing""}, {""date"": ""2026-07-31"", ""label"": ""A supporto"", ""detail"": ""prezzo 30.85 al livello 30.88""}, {""date"": ""2026-08-04"", ""label"": ""Rifiuto su EMA200"", ""detail"": ""ritorno alla media e rifiuto nel verso del trend"", ""kind"": ""confirmation""}], ""factors"": {""candle_strength"": 0.6760301369863089, ""at_level"": 1.0, ""confirmation_count"": 0.3333333333333333}, ""invalidation"": {""level"": 30.88, ""reason"": ""rottura del supporto""}, ""sources"": [""Nison - candlestick reversals confirmed at support/resistance""], ""annotations"": {""levels"": [{""label"": ""Supporto"", ""price"": 30.88, ""kind"": ""support""}, {""label"": ""Stop / invalidazione"", ""price"": 30.88, ""kind"": ""stop""}], ""points"": []}, ""atr"": 0.7187124041093584, ""horizon"": ""short"", ""regime_at_fire"": ""bear"", ""first_emitted_at"": ""2026-08-08T23:32:55.185873+00:00""}",5,32.18,30.85,-0.04133001864512109,0,0,-0.07132348427892812,2026-08-08 23:38:28.521777+00:00
17152,744,RHM.DE,candle_reversal,2026-07-23,bear,1139.6000,2026-07-30 22:14:04.585318+00:00,2026-07-31 16:04:12.562827+00:00,,16883,"{""tone"": ""bear"", ""strength"": 70, ""probability"": 49, ""chain"": [{""date"": ""2026-07-23"", ""label"": ""Candela di inversione bear"", ""detail"": ""pattern Shooting star""}, {""date"": ""2026-07-23"", ""label"": ""A resistenza"", ""detail"": ""prezzo 1139.60 al livello 1146.00""}, {""date"": ""2026-07-24"", ""label"": ""Trend ADX in rafforzamento"", ""detail"": ""ADX conferma la forza del trend"", ""kind"": ""confirmation""}], ""factors"": {""candle_strength"": 0.6989539748953972, ""at_level"": 1.0, ""confirmation_count"": 0.3333333333333333}, ""invalidation"": {""level"": 1146.0, ""reason"": ""rottura del resistenza""}, ""sources"": [""Nison - candlestick reversals confirmed at support/resistance""], ""annotations"": {""levels"": [{""label"": ""Resistenza"", ""price"": 1146.0, ""kind"": ""resistance""}, {""label"": ""Stop / invalidazione"", ""price"": 1146.0, ""kind"": ""stop""}], ""points"": []}, ""atr"": 50.2835087584921, ""horizon"": ""short"", ""regime_at_fire"": ""bear"", ""first_emitted_at"": ""2026-07-30T22:14:05.170282+00:00""}",5,1017.0,1139.6,0.12055063913470976,0,0,-0.10874603147969779,2026-07-30 22:15:26.397897+00:00
17153,1132,RR.L,candle_reversal,2026-07-23,bear,14.6300,2026-07-30 22:14:11.685535+00:00,2026-07-31 16:04:12.562827+00:00,,16379,"{""tone"": ""bear"", ""strength"": 73, ""probability"": 49, ""chain"": [{""date"": ""2026-07-23"", ""label"": ""Candela di inversione bear"", ""detail"": ""pattern Engulfing""}, {""date"": ""2026-07-23"", ""label"": ""A resistenza"", ""detail"": ""prezzo 14.63 al livello 14.24""}, {""date"": ""2026-07-27"", ""label"": ""Volume sulla discesa"", ""detail"": ""volume sopra la media nel verso del segnale"", ""kind"": ""confirmation""}], ""factors"": {""candle_strength"": 0.7321782178217797, ""at_level"": 1.0, ""confirmation_count"": 0.3333333333333333}, ""invalidation"": {""level"": 14.242, ""reason"": ""rottura del resistenza""}, ""sources"": [""Nison - candlestick reversals confirmed at support/resistance""], ""annotations"": {""levels"": [{""label"": ""Resistenza"", ""price"": 14.242, ""kind"": ""resistance""}, {""label"": ""Stop / invalidazione"", ""price"": 14.242, ""kind"": ""stop""}], ""points"": []}, ""atr"": 0.5111846212527851, ""horizon"": ""short"", ""regime_at_fire"": ""bull"", ""first_emitted_at"": ""2026-07-30T22:14:12.284853+00:00""}",5,13.59,14.63,0.07652685798381165,0,0,-0.06472225032879968,2026-07-30 22:15:26.397897+00:00
18452,1461,TEAM,gap_and_go,2026-08-07,bull,162.2200,2026-08-16 23:34:37.797905+00:00,2026-08-16 23:39:12.911663+00:00,,17926,"{""tone"": ""bull"", ""strength"": 70, ""probability"": 50, ""chain"": [{""date"": ""2026-08-06"", ""label"": ""Rifiuto su EMA200"", ""detail"": ""ritorno alla media e rifiuto nel verso del trend"", ""kind"": ""confirmation""}, {""date"": ""2026-08-07"", ""label"": ""Gap bull"", ""detail"": ""apertura in gap del 31.7%""}, {""date"": ""2026-08-07"", ""label"": ""Conferma volume"", ""detail"": ""4.8x la media: gap partecipato""}, {""date"": ""2026-08-14"", ""label"": ""Trend ADX in rafforzamento"", ""detail"": ""ADX conferma la forza del trend"", ""kind"": ""confirmation""}], ""factors"": {""gap_size"": 0.9875133704134693, ""volume_strength"": 0.5779838116819445, ""trend_alignment"": 1.0, ""confirmation_count"": 0.6666666666666666}, ""invalidation"": null, ""sources"": [""Gap taxonomy (breakaway vs exhaustion) + volume confirmation""], ""annotations"": {""levels"": [], ""points"": []}, ""atr"": 8.920895184744808, ""horizon"": ""short"", ""regime_at_fire"": ""bull"", ""first_emitted_at"": ""2026-08-16T23:34:38.737878+00:00""}",5,149.070007,162.220001,0.0882135465385736,1,1,0.07890082177802192,2026-08-16 23:38:56.231239+00:00
17816,1129,RTO.L,gap_and_go,2026-07-30,bear,3.6350,2026-08-06 23:34:08.937638+00:00,2026-08-07 18:40:40.528146+00:00,,17052,"{""tone"": ""bear"", ""strength"": 90, ""probability"": 50, ""chain"": [{""date"": ""2026-07-23"", ""label"": ""MACD cross ribassista"", ""detail"": ""incrocio MACD nel verso del segnale"", ""kind"": ""confirmation""}, {""date"": ""2026-07-24"", ""label"": ""Candela di rifiuto"", ""detail"": ""pattern evening_star"", ""kind"": ""confirmation""}, {""date"": ""2026-07-30"", ""label"": ""Gap bear"", ""detail"": ""apertura in gap del -12.1%""}, {""date"": ""2026-07-30"", ""label"": ""Conferma volume"", ""detail"": ""9.2x la media: gap partecipato""}, {""date"": ""2026-08-06"", ""label"": ""Trend ADX in rafforzamento"", ""detail"": ""ADX conferma la forza del trend"", ""kind"": ""confirmation""}], ""factors"": {""gap_size"": 0.9245339575289804, ""volume_strength"": 0.818919676405009, ""trend_alignment"": 1.0, ""confirmation_count"": 1.0}, ""invalidation"": null, ""sources"": [""Gap taxonomy (breakaway vs exhaustion) + volume confirmation""], ""annotations"": {""levels"": [], ""points"": []}, ""atr"": 0.1614698984877126, ""horizon"": ""short"", ""regime_at_fire"": ""bear"", ""first_emitted_at"": ""2026-08-06T23:34:09.709923+00:00""}",5,3.52,3.635,0.032670454545454586,0,0,-0.01427010828942803,2026-08-06 23:38:05.524341+00:00
20182,201,0027.HK,candle_reversal,2026-09-01,bear,33.7200,2026-09-08 22:50:29.789168+00:00,2026-09-09 08:57:54.490977+00:00,,19481,"{""tone"": ""bear"", ""strength"": 85, ""probability"": 49, ""chain"": [{""date"": ""2026-08-26"", ""label"": ""MACD cross ribassista"", ""detail"": ""incrocio MACD nel verso del segnale"", ""kind"": ""confirmation""}, {""date"": ""2026-08-27"", ""label"": ""Rifiuto su EMA200"", ""detail"": ""ritorno alla media e rifiuto nel verso del trend"", ""kind"": ""confirmation""}, {""date"": ""2026-09-01"", ""label"": ""Candela di inversione bear"", ""detail"": ""pattern Engulfing""}, {""date"": ""2026-09-01"", ""label"": ""A resistenza"", ""detail"": ""prezzo 33.72 al livello 34.08""}, {""date"": ""2026-09-08"", ""label"": ""Trend ADX in rafforzamento"", ""detail"": ""ADX conferma la forza del trend"", ""kind"": ""confirmation""}], ""factors"": {""candle_strength"": 0.8526295783300267, ""at_level"": 1.0, ""confirmation_count"": 1.0}, ""invalidation"": {""level"": 34.08, ""reason"": ""rottura del resistenza""}, ""sources"": [""Nison - candlestick reversals confirmed at support/resistance""], ""annotations"": {""levels"": [{""label"": ""Resistenza"", ""price"": 34.08, ""kind"": ""resistance""}, {""label"": ""Stop / invalidazione"", ""price"": 34.08, ""kind"": ""stop""}], ""points"": []}, ""atr"": 0.8154391415673875, ""horizon"": ""short"", ""regime_at_fire"": ""bear"", ""first_emitted_at"": ""2026-09-08T22:50:30.198171+00:00""}",5,33.080002,33.720001,0.019347006085429053,0,0,-0.02447842385828658,2026-09-08 22:52:02.352248+00:00
20110,201,0027.HK,candle_reversal,2026-09-01,bear,33.7200,2026-09-08 18:22:04.351770+00:00,2026-09-09 08:57:54.490977+00:00,,19481,"{""tone"": ""bear"", ""strength"": 85, ""probability"": 49, ""chain"": [{""date"": ""2026-08-26"", ""label"": ""MACD cross ribassista"", ""detail"": ""incrocio MACD nel verso del segnale"", ""kind"": ""confirmation""}, {""date"": ""2026-08-27"", ""label"": ""Rifiuto su EMA200"", ""detail"": ""ritorno alla media e rifiuto nel verso del trend"", ""kind"": ""confirmation""}, {""date"": ""2026-09-01"", ""label"": ""Candela di inversione bear"", ""detail"": ""pattern Engulfing""}, {""date"": ""2026-09-01"", ""label"": ""A resistenza"", ""detail"": ""prezzo 33.72 al livello 34.08""}, {""date"": ""2026-09-08"", ""label"": ""Trend ADX in rafforzamento"", ""detail"": ""ADX conferma la forza del trend"", ""kind"": ""confirmation""}], ""factors"": {""candle_strength"": 0.8526295783300267, ""at_level"": 1.0, ""confirmation_count"": 1.0}, ""invalidation"": {""level"": 34.08, ""reason"": ""rottura del resistenza""}, ""sources"": [""Nison - candlestick reversals confirmed at support/resistance""], ""annotations"": {""levels"": [{""label"": ""Resistenza"", ""price"": 34.08, ""kind"": ""resistance""}, {""label"": ""Stop / invalidazione"", ""price"": 34.08, ""kind"": ""stop""}], ""points"": []}, ""atr"": 0.8154391415673875, ""horizon"": ""short"", ""regime_at_fire"": ""bear"", ""first_emitted_at"": ""2026-09-08T18:00:36.232776+00:00"", ""amended_at"": ""2026-09-08T18:22:04.348798+00:00"", ""amend_count"": 2}",5,33.080002,33.720001,0.019347006085429053,0,0,-0.02447842385828658,2026-09-08 18:25:12.061270+00:00
18741,688,YUM,candle_reversal,2026-08-12,bull,145.9300,2026-08-20 00:18:21.109410+00:00,2026-08-20 00:20:02.584032+00:00,,18206,"{""tone"": ""bull"", ""strength"": 89, ""probability"": 49, ""chain"": [{""date"": ""2026-08-11"", ""label"": ""Divergenza RSI rialzista"", ""detail"": ""divergenza prezzo / RSI"", ""kind"": ""confirmation""}, {""date"": ""2026-08-12"", ""label"": ""Candela di inversione bull"", ""detail"": ""pattern Engulfing""}, {""date"": ""2026-08-12"", ""label"": ""A supporto"", ""detail"": ""prezzo 145.93 al livello 145.44""}, {""date"": ""2026-08-13"", ""label"": ""MACD cross rialzista"", ""detail"": ""incrocio MACD nel verso del segnale"", ""kind"": ""confirmation""}], ""factors"": {""candle_strength"": 0.8850419521297137, ""at_level"": 1.0, ""confirmation_count"": 0.6666666666666666}, ""invalidation"": {""level"": 145.44, ""reason"": ""rottura del supporto""}, ""sources"": [""Nison - candlestick reversals confirmed at support/resistance""], ""annotations"": {""levels"": [{""label"": ""Supporto"", ""price"": 145.44, ""kind"": ""support""}, {""label"": ""Stop / invalidazione"", ""price"": 145.44, ""kind"": ""stop""}], ""points"": []}, ""atr"": 4.371401598988798, ""horizon"": ""short"", ""regime_at_fire"": ""bear"", ""first_emitted_at"": ""2026-08-20T00:18:21.921205+00:00""}",5,150.339996,145.929993,-0.029333531444287186,0,0,-0.02809275488717972,2026-08-20 00:19:48.735918+00:00
18742,829,BA.L,candle_reversal,2026-08-12,bull,21.6000,2026-08-20 00:18:31.973920+00:00,2026-08-20 00:20:02.584032+00:00,,18260,"{""tone"": ""bull"", ""strength"": 73, ""probability"": 49, ""chain"": [{""date"": ""2026-08-12"", ""label"": ""Candela di inversione bull"", ""detail"": ""pattern Engulfing""}, {""date"": ""2026-08-12"", ""label"": ""A supporto"", ""detail"": ""prezzo 21.60 al livello 21.77""}], ""factors"": {""candle_strength"": 0.7277777777777743, ""at_level"": 1.0}, ""invalidation"": {""level"": 21.765, ""reason"": ""rottura del supporto""}, ""sources"": [""Nison - candlestick reversals confirmed at support/resistance""], ""annotations"": {""levels"": [{""label"": ""Supporto"", ""price"": 21.765, ""kind"": ""support""}, {""label"": ""Stop / invalidazione"", ""price"": 21.765, ""kind"": ""stop""}], ""points"": []}, ""atr"": 0.644780696849839, ""horizon"": ""short"", ""regime_at_fire"": ""bull"", ""first_emitted_at"": ""2026-08-20T00:18:32.169896+00:00""}",5,22.7,21.6,-0.048458149779735615,0,0,-0.047217373222628145,2026-08-20 00:19:48.735918+00:00
20089,201,0027.HK,candle_reversal,2026-09-01,bear,33.7200,2026-09-08 11:32:30.432131+00:00,2026-09-09 08:57:54.490977+00:00,,19481,"{""tone"": ""bear"", ""strength"": 85, ""probability"": 49, ""chain"": [{""date"": ""2026-08-26"", ""label"": ""MACD cross ribassista"", ""detail"": ""incrocio MACD nel verso del segnale"", ""kind"": ""confirmation""}, {""date"": ""2026-08-27"", ""label"": ""Rifiuto su EMA200"", ""detail"": ""ritorno alla media e rifiuto nel verso del trend"", ""kind"": ""confirmation""}, {""date"": ""2026-09-01"", ""label"": ""Candela di inversione bear"", ""detail"": ""pattern Engulfing""}, {""date"": ""2026-09-01"", ""label"": ""A resistenza"", ""detail"": ""prezzo 33.72 al livello 34.08""}, {""date"": ""2026-09-08"", ""label"": ""Trend ADX in rafforzamento"", ""detail"": ""ADX conferma la forza del trend"", ""kind"": ""confirmation""}], ""factors"": {""candle_strength"": 0.8526295783300267, ""at_level"": 1.0, ""confirmation_count"": 1.0}, ""invalidation"": {""level"": 34.08, ""reason"": ""rottura del resistenza""}, ""sources"": [""Nison - candlestick reversals confirmed at support/resistance""], ""annotations"": {""levels"": [{""label"": ""Resistenza"", ""price"": 34.08, ""kind"": ""resistance""}, {""label"": ""Stop / invalidazione"", ""price"": 34.08, ""kind"": ""stop""}], ""points"": []}, ""atr"": 0.8154391415673875, ""horizon"": ""short"", ""regime_at_fire"": ""bear"", ""first_emitted_at"": ""2026-09-08T11:32:31.398582+00:00""}",5,33.080002,33.720001,0.019347006085429053,0,0,-0.02788484419146775,2026-09-08 11:38:48.660127+00:00
19923,437,HRL,gap_and_go,2026-08-27,bear,21.6800,2026-09-04 18:33:05.880400+00:00,2026-09-04 18:39:19.951749+00:00,,19255,"{""tone"": ""bear"", ""strength"": 67, ""probability"": 50, ""chain"": [{""date"": ""2026-08-26"", ""label"": ""Rifiuto su EMA200"", ""detail"": ""ritorno alla media e rifiuto nel verso del trend"", ""kind"": ""confirmation""}, {""date"": ""2026-08-27"", ""label"": ""Gap bear"", ""detail"": ""apertura in gap del -3.0%""}, {""date"": ""2026-08-27"", ""label"": ""Conferma volume"", ""detail"": ""4.8x la media: gap partecipato""}, {""date"": ""2026-09-03"", ""label"": ""Candela di rifiuto"", ""detail"": ""pattern evening_star"", ""kind"": ""confirmation""}, {""date"": ""2026-09-03"", ""label"": ""Trend ADX in rafforzamento"", ""detail"": ""ADX conferma la forza del trend"", ""kind"": ""confirmation""}], ""factors"": {""gap_size"": 0.5494512990068029, ""volume_strength"": 0.5810899279070256, ""trend_alignment"": 1.0, ""confirmation_count"": 1.0}, ""invalidation"": null, ""sources"": [""Gap taxonomy (breakaway vs exhaustion) + volume confirmation""], ""annotations"": {""levels"": [], ""points"": []}, ""atr"": 0.5737741829728356, ""horizon"": ""short"", ""regime_at_fire"": ""bear"", ""first_emitted_at"": ""2026-09-04T18:33:06.262673+00:00""}",5,21.280001,21.68,0.018796944605406818,0,0,-0.02504038188979124,2026-09-04 18:39:04.511586+00:00
19937,1313,VEEV,gap_and_go,2026-08-27,bull,284.3800,2026-09-04 18:34:27.311893+00:00,2026-09-04 18:39:19.951749+00:00,,19282,"{""tone"": ""bull"", ""strength"": 61, ""probability"": 50, ""chain"": [{""date"": ""2026-08-26"", ""label"": ""Higher-low confermato"", ""detail"": ""struttura a conferma della continuazione"", ""kind"": ""confirmation""}, {""date"": ""2026-08-27"", ""label"": ""Gap bull"", ""detail"": ""apertura in gap del 12.4%""}, {""date"": ""2026-08-27"", ""label"": ""Conferma volume"", ""detail"": ""3.7x la media: gap partecipato""}, {""date"": ""2026-08-27"", ""label"": ""MACD cross rialzista"", ""detail"": ""incrocio MACD nel verso del segnale"", ""kind"": ""confirmation""}, {""date"": ""2026-08-31"", ""label"": ""Candela di rifiuto"", ""detail"": ""pattern engulfing"", ""kind"": ""confirmation""}, {""date"": ""2026-09-03"", ""label"": ""Trend ADX in rafforzamento"", ""detail"": ""ADX conferma la forza del trend"", ""kind"": ""confirmation""}], ""factors"": {""gap_size"": 0.9279281919862548, ""volume_strength"": 0.48629576993099727, ""trend_alignment"": 1.0, ""confirmation_count"": 1.0}, ""invalidation"": null, ""sources"": [""Gap taxonomy (breakaway vs exhaustion) + volume confirmation""], ""annotations"": {""levels"": [], ""points"": []}, ""atr"": 10.88554670447168, ""horizon"": ""short"", ""regime_at_fire"": ""bull"", ""first_emitted_at"": ""2026-09-04T18:34:27.874669+00:00""}",5,282.130005,284.380005,0.007975046822829013,1,1,0.014218484107213436,2026-09-04 18:39:04.511586+00:00
17025,268,BIIB,candle_reversal,2026-07-22,bear,209.2300,2026-07-30 18:31:57.119407+00:00,2026-07-30 18:38:01.063946+00:00,,16259,"{""tone"": ""bear"", ""strength"": 68, ""probability"": 49, ""chain"": [{""date"": ""2026-07-17"", ""label"": ""Lower-high confermato"", ""detail"": ""struttura a conferma della continuazione"", ""kind"": ""confirmation""}, {""date"": ""2026-07-22"", ""label"": ""Candela di inversione bear"", ""detail"": ""pattern Engulfing""}, {""date"": ""2026-07-22"", ""label"": ""A resistenza"", ""detail"": ""prezzo 209.23 al livello 205.97""}], ""factors"": {""candle_strength"": 0.6750361794500672, ""at_level"": 1.0, ""confirmation_count"": 0.3333333333333333}, ""invalidation"": {""level"": 205.97, ""reason"": ""rottura del resistenza""}, ""sources"": [""Nison - candlestick reversals confirmed at support/resistance""], ""annotations"": {""levels"": [{""label"": ""Resistenza"", ""price"": 205.97, ""kind"": ""resistance""}, {""label"": ""Stop / invalidazione"", ""price"": 205.97, ""kind"": ""stop""}], ""points"": []}, ""atr"": 8.15034277438415, ""horizon"": ""short"", ""regime_at_fire"": ""bull"", ""first_emitted_at"": ""2026-07-30T18:31:57.889468+00:00""}",5,197.74,209.23,0.05810660463234529,0,0,-0.05591546824823048,2026-07-30 18:37:46.814741+00:00
20183,201,0027.HK,candle_reversal,2026-09-01,bear,33.7200,2026-09-08 22:59:25.650417+00:00,2026-09-09 08:57:54.490977+00:00,,19481,"{""tone"": ""bear"", ""strength"": 85, ""probability"": 49, ""chain"": [{""date"": ""2026-08-26"", ""label"": ""MACD cross ribassista"", ""detail"": ""incrocio MACD nel verso del segnale"", ""kind"": ""confirmation""}, {""date"": ""2026-08-27"", ""label"": ""Rifiuto su EMA200"", ""detail"": ""ritorno alla media e rifiuto nel verso del trend"", ""kind"": ""confirmation""}, {""date"": ""2026-09-01"", ""label"": ""Candela di inversione bear"", ""detail"": ""pattern Engulfing""}, {""date"": ""2026-09-01"", ""label"": ""A resistenza"", ""detail"": ""prezzo 33.72 al livello 34.08""}, {""date"": ""2026-09-08"", ""label"": ""Trend ADX in rafforzamento"", ""detail"": ""ADX conferma la forza del trend"", ""kind"": ""confirmation""}], ""factors"": {""candle_strength"": 0.8526295783300267, ""at_level"": 1.0, ""confirmation_count"": 1.0}, ""invalidation"": {""level"": 34.08, ""reason"": ""rottura del resistenza""}, ""sources"": [""Nison - candlestick reversals confirmed at support/resistance""], ""annotations"": {""levels"": [{""label"": ""Resistenza"", ""price"": 34.08, ""kind"": ""resistance""}, {""label"": ""Stop / invalidazione"", ""price"": 34.08, ""kind"": ""stop""}], ""points"": []}, ""atr"": 0.8154391415673875, ""horizon"": ""short"", ""regime_at_fire"": ""bear"", ""first_emitted_at"": ""2026-09-08T22:59:26.636345+00:00""}",5,33.080002,33.720001,0.019347006085429053,0,0,-0.02447842385828658,2026-09-08 23:01:03.947057+00:00
18560,35,TXN,candle_reversal,2026-08-10,bear,282.9100,2026-08-18 18:34:23.353965+00:00,2026-08-18 18:46:25.869349+00:00,,18045,"{""tone"": ""bear"", ""strength"": 72, ""probability"": 49, ""chain"": [{""date"": ""2026-08-10"", ""label"": ""Candela di inversione bear"", ""detail"": ""pattern Engulfing""}, {""date"": ""2026-08-10"", ""label"": ""A resistenza"", ""detail"": ""prezzo 282.91 al livello 287.83""}, {""date"": ""2026-08-13"", ""label"": ""Rifiuto su EMA50"", ""detail"": ""ritorno alla media e rifiuto nel verso del trend"", ""kind"": ""confirmation""}], ""factors"": {""candle_strength"": 0.724418529475439, ""at_level"": 1.0, ""confirmation_count"": 0.3333333333333333}, ""invalidation"": {""level"": 287.83, ""reason"": ""rottura del resistenza""}, ""sources"": [""Nison - candlestick reversals confirmed at support/resistance""], ""annotations"": {""levels"": [{""label"": ""Resistenza"", ""price"": 287.83, ""kind"": ""resistance""}, {""label"": ""Stop / invalidazione"", ""price"": 287.83, ""kind"": ""stop""}], ""points"": []}, ""atr"": 10.935789205439686, ""horizon"": ""short"", ""regime_at_fire"": ""bull"", ""first_emitted_at"": ""2026-08-18T18:34:24.096396+00:00""}",5,280.440002,282.910004,0.008807595144718405,0,0,-0.005034224379543541,2026-08-18 18:46:10.124937+00:00
17026,322,CMCSA,candle_reversal,2026-07-22,bear,24.6100,2026-07-30 18:32:06.154087+00:00,2026-07-30 18:38:01.063946+00:00,,16763,"{""tone"": ""bear"", ""strength"": 63, ""probability"": 49, ""chain"": [{""date"": ""2026-07-17"", ""label"": ""Lower-high confermato"", ""detail"": ""struttura a conferma della continuazione"", ""kind"": ""confirmation""}, {""date"": ""2026-07-22"", ""label"": ""Candela di inversione bear"", ""detail"": ""pattern Engulfing""}, {""date"": ""2026-07-22"", ""label"": ""A resistenza"", ""detail"": ""prezzo 24.61 al livello 24.63""}, {""date"": ""2026-07-23"", ""label"": ""Rifiuto su EMA50"", ""detail"": ""ritorno alla media e rifiuto nel verso del trend"", ""kind"": ""confirmation""}, {""date"": ""2026-07-23"", ""label"": ""MACD cross ribassista"", ""detail"": ""incrocio MACD nel verso del segnale"", ""kind"": ""confirmation""}], ""factors"": {""candle_strength"": 0.6342105263157876, ""at_level"": 1.0, ""confirmation_count"": 1.0}, ""invalidation"": {""level"": 24.63, ""reason"": ""rottura del resistenza""}, ""sources"": [""Nison - candlestick reversals confirmed at support/resistance""], ""annotations"": {""levels"": [{""label"": ""Resistenza"", ""price"": 24.63, ""kind"": ""resistance""}, {""label"": ""Stop / invalidazione"", ""price"": 24.63, ""kind"": ""stop""}], ""points"": []}, ""atr"": 0.9398012425988125, ""horizon"": ""short"", ""regime_at_fire"": ""bear"", ""first_emitted_at"": ""2026-07-30T18:32:07.136977+00:00""}",5,23.52,24.61,0.046343537414965885,0,0,-0.04415240103085107,2026-07-30 18:37:46.814741+00:00
17027,408,FOXA,candle_reversal,2026-07-22,bear,58.9500,2026-07-30 18:32:23.935400+00:00,2026-07-30 18:38:01.063946+00:00,,16274,"{""tone"": ""bear"", ""strength"": 81, ""probability"": 49, ""chain"": [{""date"": ""2026-07-22"", ""label"": ""Candela di inversione bear"", ""detail"": ""pattern Engulfing""}, {""date"": ""2026-07-22"", ""label"": ""A resistenza"", ""detail"": ""prezzo 58.95 al livello 58.92""}, {""date"": ""2026-07-22"", ""label"": ""Rifiuto su EMA50"", ""detail"": ""ritorno alla media e rifiuto nel verso del trend"", ""kind"": ""confirmation""}], ""factors"": {""candle_strength"": 0.8067114093959734, ""at_level"": 1.0, ""confirmation_count"": 0.3333333333333333}, ""invalidation"": {""level"": 58.925, ""reason"": ""rottura del resistenza""}, ""sources"": [""Nison - candlestick reversals confirmed at support/resistance""], ""annotations"": {""levels"": [{""label"": ""Resistenza"", ""price"": 58.925, ""kind"": ""resistance""}, {""label"": ""Stop / invalidazione"", ""price"": 58.925, ""kind"": ""stop""}], ""points"": []}, ""atr"": 1.8407684538983224, ""horizon"": ""short"", ""regime_at_fire"": ""bear"", ""first_emitted_at"": ""2026-07-30T18:32:24.126461+00:00""}",5,56.45,58.95,0.04428697962798944,0,0,-0.04209584324387463,2026-07-30 18:37:46.814741+00:00
19938,1895,BURL,gap_and_go,2026-08-27,bear,258.5600,2026-09-04 18:34:53.660113+00:00,2026-09-04 18:39:19.951749+00:00,,19305,"{""tone"": ""bear"", ""strength"": 61, ""probability"": 50, ""chain"": [{""date"": ""2026-08-21"", ""label"": ""Candela di rifiuto"", ""detail"": ""pattern engulfing"", ""kind"": ""confirmation""}, {""date"": ""2026-08-27"", ""label"": ""Gap bear"", ""detail"": ""apertura in gap del -2.4%""}, {""date"": ""2026-08-27"", ""label"": ""Conferma volume"", ""detail"": ""4.4x la media: gap partecipato""}, {""date"": ""2026-08-27"", ""label"": ""Rifiuto su EMA200"", ""detail"": ""ritorno alla media e rifiuto nel verso del trend"", ""kind"": ""confirmation""}, {""date"": ""2026-09-03"", ""label"": ""Trend ADX in rafforzamento"", ""detail"": ""ADX conferma la forza del trend"", ""kind"": ""confirmation""}], ""factors"": {""gap_size"": 0.4923639365063834, ""volume_strength"": 0.5451175720453671, ""trend_alignment"": 1.0, ""confirmation_count"": 1.0}, ""invalidation"": null, ""sources"": [""Gap taxonomy (breakaway vs exhaustion) + volume confirmation""], ""annotations"": {""levels"": [], ""points"": []}, ""atr"": 11.864613857794787, ""horizon"": ""short"", ""regime_at_fire"": ""bear"", ""first_emitted_at"": ""2026-09-04T18:34:54.416868+00:00""}",5,290.0,258.559998,-0.1084138,1,1,0.10217036271561558,2026-09-04 18:39:04.511586+00:00
17406,380,EQIX,candle_reversal,2026-07-27,bear,1031.4399,2026-08-03 20:09:28.065861+00:00,2026-08-04 10:07:09.686251+00:00,,16661,"{""tone"": ""bear"", ""strength"": 65, ""probability"": 49, ""chain"": [{""date"": ""2026-07-27"", ""label"": ""Candela di inversione bear"", ""detail"": ""pattern Engulfing""}, {""date"": ""2026-07-27"", ""label"": ""A resistenza"", ""detail"": ""prezzo 1031.44 al livello 1054.54""}, {""date"": ""2026-07-29"", ""label"": ""Rifiuto su EMA50"", ""detail"": ""ritorno alla media e rifiuto nel verso del trend"", ""kind"": ""confirmation""}], ""factors"": {""candle_strength"": 0.6549852037332116, ""at_level"": 1.0, ""confirmation_count"": 0.3333333333333333}, ""invalidation"": {""level"": 1054.54, ""reason"": ""rottura del resistenza""}, ""sources"": [""Nison - candlestick reversals confirmed at support/resistance""], ""annotations"": {""levels"": [{""label"": ""Resistenza"", ""price"": 1054.54, ""kind"": ""resistance""}, {""label"": ""Stop / invalidazione"", ""price"": 1054.54, ""kind"": ""stop""}], ""points"": []}, ""atr"": 33.9727214254825, ""horizon"": ""short"", ""regime_at_fire"": ""bull"", ""first_emitted_at"": ""2026-08-03T20:09:28.635977+00:00""}",5,1046.79,1031.439941,-0.014663933549231345,1,1,0.025094662895585557,2026-08-03 20:11:51.095243+00:00
17071,71,MONC.MI,gap_and_go,2026-07-23,bear,48.7800,2026-07-30 21:45:35.288804+00:00,2026-07-31 16:04:12.562827+00:00,,16351,"{""tone"": ""bear"", ""strength"": 77, ""probability"": 50, ""chain"": [{""date"": ""2026-07-21"", ""label"": ""Rifiuto su EMA200"", ""detail"": ""ritorno alla media e rifiuto nel verso del trend"", ""kind"": ""confirmation""}, {""date"": ""2026-07-23"", ""label"": ""Gap bear"", ""detail"": ""apertura in gap del -4.3%""}, {""date"": ""2026-07-23"", ""label"": ""Conferma volume"", ""detail"": ""7.2x la media: gap partecipato""}, {""date"": ""2026-07-23"", ""label"": ""MACD cross ribassista"", ""detail"": ""incrocio MACD nel verso del segnale"", ""kind"": ""confirmation""}], ""factors"": {""gap_size"": 0.6780155642023338, ""volume_strength"": 0.7294905144714114, ""trend_alignment"": 1.0, ""confirmation_count"": 0.6666666666666666}, ""invalidation"": null, ""sources"": [""Gap taxonomy (breakaway vs exhaustion) + volume confirmation""], ""annotations"": {""levels"": [], ""points"": []}, ""atr"": 1.611870274406246, ""horizon"": ""short"", ""regime_at_fire"": ""bear"", ""first_emitted_at"": ""2026-07-30T21:45:35.922490+00:00""}",5,47.35,48.78,0.030200633579725356,0,0,-0.0183960259358988,2026-07-30 21:51:27.710534+00:00
17410,380,EQIX,candle_reversal,2026-07-27,bear,1031.4399,2026-08-03 21:38:53.656582+00:00,2026-08-04 10:07:09.686251+00:00,,16661,"{""tone"": ""bear"", ""strength"": 65, ""probability"": 49, ""chain"": [{""date"": ""2026-07-27"", ""label"": ""Candela di inversione bear"", ""detail"": ""pattern Engulfing""}, {""date"": ""2026-07-27"", ""label"": ""A resistenza"", ""detail"": ""prezzo 1031.44 al livello 1054.54""}, {""date"": ""2026-07-29"", ""label"": ""Rifiuto su EMA50"", ""detail"": ""ritorno alla media e rifiuto nel verso del trend"", ""kind"": ""confirmation""}], ""factors"": {""candle_strength"": 0.6549852037332116, ""at_level"": 1.0, ""confirmation_count"": 0.3333333333333333}, ""invalidation"": {""level"": 1054.54, ""reason"": ""rottura del resistenza""}, ""sources"": [""Nison - candlestick reversals confirmed at support/resistance""], ""annotations"": {""levels"": [{""label"": ""Resistenza"", ""price"": 1054.54, ""kind"": ""resistance""}, {""label"": ""Stop / invalidazione"", ""price"": 1054.54, ""kind"": ""stop""}], ""points"": []}, ""atr"": 33.9727214254825, ""horizon"": ""short"", ""regime_at_fire"": ""bull"", ""first_emitted_at"": ""2026-08-03T21:38:54.238703+00:00""}",5,1046.79,1031.439941,-0.014663933549231345,1,1,0.02509158951610498,2026-08-03 21:41:14.142774+00:00
17955,715,BC.MI,gap_and_go,2026-07-31,bull,90.0000,2026-08-08 23:33:33.287858+00:00,2026-08-08 23:38:44.309631+00:00,,17299,"{""tone"": ""bull"", ""strength"": 61, ""probability"": 50, ""chain"": [{""date"": ""2026-07-27"", ""label"": ""MACD cross rialzista"", ""detail"": ""incrocio MACD nel verso del segnale"", ""kind"": ""confirmation""}, {""date"": ""2026-07-30"", ""label"": ""Rifiuto su EMA50"", ""detail"": ""ritorno alla media e rifiuto nel verso del trend"", ""kind"": ""confirmation""}, {""date"": ""2026-07-31"", ""label"": ""Gap bull"", ""detail"": ""apertura in gap del 3.1%""}, {""date"": ""2026-07-31"", ""label"": ""Conferma volume"", ""detail"": ""3.7x la media: gap partecipato""}, {""date"": ""2026-08-03"", ""label"": ""Candela di rifiuto"", ""detail"": ""pattern engulfing"", ""kind"": ""confirmation""}, {""date"": ""2026-08-07"", ""label"": ""Trend ADX in rafforzamento"", ""detail"": ""ADX conferma la forza del trend"", ""kind"": ""confirmation""}], ""factors"": {""gap_size"": 0.5638173228614202, ""volume_strength"": 0.487242995930222, ""trend_alignment"": 1.0, ""confirmation_count"": 1.0}, ""invalidation"": null, ""sources"": [""Gap taxonomy (breakaway vs exhaustion) + volume confirmation""], ""annotations"": {""levels"": [], ""points"": []}, ""atr"": 2.722778530569866, ""horizon"": ""short"", ""regime_at_fire"": ""bull"", ""first_emitted_at"": ""2026-08-08T23:33:33.666115+00:00""}",5,87.919998,90.0,0.023657894077750097,1,0,-0.006335571556056942,2026-08-08 23:38:28.521777+00:00
18455,1780,HALO,gap_and_go,2026-08-07,bull,98.6600,2026-08-16 23:34:58.487273+00:00,2026-08-16 23:39:12.911663+00:00,,17946,"{""tone"": ""bull"", ""strength"": 68, ""probability"": 50, ""chain"": [{""date"": ""2026-08-05"", ""label"": ""Candela di rifiuto"", ""detail"": ""pattern hammer"", ""kind"": ""confirmation""}, {""date"": ""2026-08-07"", ""label"": ""Gap bull"", ""detail"": ""apertura in gap del 4.9%""}, {""date"": ""2026-08-07"", ""label"": ""Conferma volume"", ""detail"": ""4.6x la media: gap partecipato""}, {""date"": ""2026-08-14"", ""label"": ""Trend ADX in rafforzamento"", ""detail"": ""ADX conferma la forza del trend"", ""kind"": ""confirmation""}], ""factors"": {""gap_size"": 0.7444027403357569, ""volume_strength"": 0.5595229526256532, ""trend_alignment"": 1.0, ""confirmation_count"": 0.6666666666666666}, ""invalidation"": null, ""sources"": [""Gap taxonomy (breakaway vs exhaustion) + volume confirmation""], ""annotations"": {""levels"": [], ""points"": []}, ""atr"": 3.2328699396090954, ""horizon"": ""short"", ""regime_at_fire"": ""bull"", ""first_emitted_at"": ""2026-08-16T23:34:58.852565+00:00""}",5,103.120003,98.660004,-0.043250570890693174,0,0,-0.05256329565124485,2026-08-16 23:38:56.231239+00:00
19409,1160,0012.HK,gap_and_go,2026-08-21,bull,28.9800,2026-08-30 23:34:18.423573+00:00,2026-08-30 23:40:56.901097+00:00,,19084,"{""tone"": ""bull"", ""strength"": 62, ""probability"": 50, ""chain"": [{""date"": ""2026-08-14"", ""label"": ""Higher-low confermato"", ""detail"": ""struttura a conferma della continuazione"", ""kind"": ""confirmation""}, {""date"": ""2026-08-20"", ""label"": ""MACD cross rialzista"", ""detail"": ""incrocio MACD nel verso del segnale"", ""kind"": ""confirmation""}, {""date"": ""2026-08-21"", ""label"": ""Gap bull"", ""detail"": ""apertura in gap del 3.6%""}, {""date"": ""2026-08-21"", ""label"": ""Conferma volume"", ""detail"": ""3.8x la media: gap partecipato""}, {""date"": ""2026-08-26"", ""label"": ""Rifiuto su EMA200"", ""detail"": ""ritorno alla media e rifiuto nel verso del trend"", ""kind"": ""confirmation""}, {""date"": ""2026-08-28"", ""label"": ""Trend ADX in rafforzamento"", ""detail"": ""ADX conferma la forza del trend"", ""kind"": ""confirmation""}], ""factors"": {""gap_size"": 0.6119591909155431, ""volume_strength"": 0.4952768252054686, ""trend_alignment"": 1.0, ""confirmation_count"": 1.0}, ""invalidation"": null, ""sources"": [""Gap taxonomy (breakaway vs exhaustion) + volume confirmation""], ""annotations"": {""levels"": [], ""points"": []}, ""atr"": 0.723464197083127, ""horizon"": ""short"", ""regime_at_fire"": ""bear"", ""first_emitted_at"": ""2026-08-30T23:34:19.162951+00:00""}",5,30.200001,28.98,-0.04039738276829863,0,0,-0.038086280363684555,2026-08-30 23:40:40.800517+00:00
20517,207,0066.HK,candle_reversal,2026-09-04,bull,32.9400,2026-09-13 00:04:43.560096+00:00,2026-09-13 00:08:22.809597+00:00,,19881,"{""tone"": ""bull"", ""strength"": 72, ""probability"": 49, ""chain"": [{""date"": ""2026-09-04"", ""label"": ""Candela di inversione bull"", ""detail"": ""pattern Engulfing""}, {""date"": ""2026-09-04"", ""label"": ""A supporto"", ""detail"": ""prezzo 32.94 al livello 33.02""}, {""date"": ""2026-09-09"", ""label"": ""MACD cross rialzista"", ""detail"": ""incrocio MACD nel verso del segnale"", ""kind"": ""confirmation""}, {""date"": ""2026-09-10"", ""label"": ""Rifiuto su EMA50"", ""detail"": ""ritorno alla media e rifiuto nel verso del trend"", ""kind"": ""confirmation""}], ""factors"": {""candle_strength"": 0.72272298554207, ""at_level"": 1.0, ""confirmation_count"": 0.6666666666666666}, ""invalidation"": {""level"": 33.02, ""reason"": ""rottura del supporto""}, ""sources"": [""Nison - candlestick reversals confirmed at support/resistance""], ""annotations"": {""levels"": [{""label"": ""Supporto"", ""price"": 33.02, ""kind"": ""support""}, {""label"": ""Stop / invalidazione"", ""price"": 33.02, ""kind"": ""stop""}], ""points"": []}, ""atr"": 0.6195321520087848, ""horizon"": ""short"", ""regime_at_fire"": ""bull"", ""first_emitted_at"": ""2026-09-13T00:04:44.604749+00:00""}",5,32.939999,32.939999,0.0,0,1,0.019157088122605415,2026-09-13 00:08:07.883586+00:00
20518,1108,KGF.L,candle_reversal,2026-09-04,bull,2.8850,2026-09-13 00:06:35.671957+00:00,2026-09-13 00:08:22.809597+00:00,,19933,"{""tone"": ""bull"", ""strength"": 95, ""probability"": 49, ""chain"": [{""date"": ""2026-08-28"", ""label"": ""Trend ADX in rafforzamento"", ""detail"": ""ADX conferma la forza del trend"", ""kind"": ""confirmation""}, {""date"": ""2026-09-04"", ""label"": ""Candela di inversione bull"", ""detail"": ""pattern Engulfing""}, {""date"": ""2026-09-04"", ""label"": ""A supporto"", ""detail"": ""prezzo 2.88 al livello 2.85""}], ""factors"": {""candle_strength"": 0.9506318375496197, ""at_level"": 1.0, ""confirmation_count"": 0.3333333333333333}, ""invalidation"": {""level"": 2.85, ""reason"": ""rottura del supporto""}, ""sources"": [""Nison - candlestick reversals confirmed at support/resistance""], ""annotations"": {""levels"": [{""label"": ""Supporto"", ""price"": 2.85, ""kind"": ""support""}, {""label"": ""Stop / invalidazione"", ""price"": 2.85, ""kind"": ""stop""}], ""points"": []}, ""atr"": 0.07370193772705846, ""horizon"": ""short"", ""regime_at_fire"": ""bear"", ""first_emitted_at"": ""2026-09-13T00:06:36.738956+00:00""}",5,3.074,2.885,-0.06148340923877682,0,0,-0.042326321116171406,2026-09-13 00:08:07.883586+00:00
20114,201,0027.HK,candle_reversal,2026-09-01,bear,33.7200,2026-09-08 18:38:21.880143+00:00,2026-09-09 08:57:54.490977+00:00,,19481,"{""tone"": ""bear"", ""strength"": 85, ""probability"": 49, ""chain"": [{""date"": ""2026-08-26"", ""label"": ""MACD cross ribassista"", ""detail"": ""incrocio MACD nel verso del segnale"", ""kind"": ""confirmation""}, {""date"": ""2026-08-27"", ""label"": ""Rifiuto su EMA200"", ""detail"": ""ritorno alla media e rifiuto nel verso del trend"", ""kind"": ""confirmation""}, {""date"": ""2026-09-01"", ""label"": ""Candela di inversione bear"", ""detail"": ""pattern Engulfing""}, {""date"": ""2026-09-01"", ""label"": ""A resistenza"", ""detail"": ""prezzo 33.72 al livello 34.08""}, {""date"": ""2026-09-08"", ""label"": ""Trend ADX in rafforzamento"", ""detail"": ""ADX conferma la forza del trend"", ""kind"": ""confirmation""}], ""factors"": {""candle_strength"": 0.8526295783300267, ""at_level"": 1.0, ""confirmation_count"": 1.0}, ""invalidation"": {""level"": 34.08, ""reason"": ""rottura del resistenza""}, ""sources"": [""Nison - candlestick reversals confirmed at support/resistance""], ""annotations"": {""levels"": [{""label"": ""Resistenza"", ""price"": 34.08, ""kind"": ""resistance""}, {""label"": ""Stop / invalidazione"", ""price"": 34.08, ""kind"": ""stop""}], ""points"": []}, ""atr"": 0.8154391415673875, ""horizon"": ""short"", ""regime_at_fire"": ""bear"", ""first_emitted_at"": ""2026-09-08T18:38:22.351659+00:00""}",5,33.080002,33.720001,0.019347006085429053,0,0,-0.02447842385828658,2026-09-08 18:39:53.742673+00:00
18863,76,REC.MI,candle_reversal,2026-08-14,bear,52.8500,2026-08-21 23:31:48.027244+00:00,2026-08-22 23:42:40.275194+00:00,,18362,"{""tone"": ""bear"", ""strength"": 96, ""probability"": 49, ""chain"": [{""date"": ""2026-08-07"", ""label"": ""RSI ipercomprato"", ""detail"": ""estremo RSI a conferma del segnale"", ""kind"": ""confirmation""}, {""date"": ""2026-08-14"", ""label"": ""Candela di inversione bear"", ""detail"": ""pattern Engulfing""}, {""date"": ""2026-08-14"", ""label"": ""A resistenza"", ""detail"": ""prezzo 52.85 al livello 52.55""}], ""factors"": {""candle_strength"": 0.96100431480727, ""at_level"": 1.0, ""confirmation_count"": 0.3333333333333333}, ""invalidation"": {""level"": 52.55, ""reason"": ""rottura del resistenza""}, ""sources"": [""Nison - candlestick reversals confirmed at support/resistance""], ""annotations"": {""levels"": [{""label"": ""Resistenza"", ""price"": 52.55, ""kind"": ""resistance""}, {""label"": ""Stop / invalidazione"", ""price"": 52.55, ""kind"": ""stop""}], ""points"": []}, ""atr"": 0.36058789737478325, ""horizon"": ""short"", ""regime_at_fire"": ""bull"", ""first_emitted_at"": ""2026-08-21T23:31:48.586269+00:00""}",5,52.5,52.849998,0.006666628571428523,0,0,-0.010863598811427025,2026-08-21 23:38:00.708676+00:00
18927,76,REC.MI,candle_reversal,2026-08-14,bear,52.8500,2026-08-22 23:31:53.243154+00:00,2026-08-22 23:42:40.275194+00:00,,18362,"{""tone"": ""bear"", ""strength"": 96, ""probability"": 49, ""chain"": [{""date"": ""2026-08-07"", ""label"": ""RSI ipercomprato"", ""detail"": ""estremo RSI a conferma del segnale"", ""kind"": ""confirmation""}, {""date"": ""2026-08-14"", ""label"": ""Candela di inversione bear"", ""detail"": ""pattern Engulfing""}, {""date"": ""2026-08-14"", ""label"": ""A resistenza"", ""detail"": ""prezzo 52.85 al livello 52.55""}], ""factors"": {""candle_strength"": 0.96100431480727, ""at_level"": 1.0, ""confirmation_count"": 0.3333333333333333}, ""invalidation"": {""level"": 52.55, ""reason"": ""rottura del resistenza""}, ""sources"": [""Nison - candlestick reversals confirmed at support/resistance""], ""annotations"": {""levels"": [{""label"": ""Resistenza"", ""price"": 52.55, ""kind"": ""resistance""}, {""label"": ""Stop / invalidazione"", ""price"": 52.55, ""kind"": ""stop""}], ""points"": []}, ""atr"": 0.36058789737478325, ""horizon"": ""short"", ""regime_at_fire"": ""bull"", ""first_emitted_at"": ""2026-08-22T23:31:53.822103+00:00""}",5,52.5,52.849998,0.006666628571428523,0,0,-0.011015264820438783,2026-08-22 23:42:24.513237+00:00
17262,422,GPC,candle_reversal,2026-07-24,bull,124.3700,2026-08-01 23:33:08.986021+00:00,2026-08-01 23:38:25.686895+00:00,,16566,"{""tone"": ""bull"", ""strength"": 92, ""probability"": 49, ""chain"": [{""date"": ""2026-07-21"", ""label"": ""Rifiuto su EMA200"", ""detail"": ""ritorno alla media e rifiuto nel verso del trend"", ""kind"": ""confirmation""}, {""date"": ""2026-07-21"", ""label"": ""Higher-low confermato"", ""detail"": ""struttura a conferma della continuazione"", ""kind"": ""confirmation""}, {""date"": ""2026-07-21"", ""label"": ""Volume sulla salita"", ""detail"": ""volume sopra la media nel verso del segnale"", ""kind"": ""confirmation""}, {""date"": ""2026-07-24"", ""label"": ""Candela di inversione bull"", ""detail"": ""pattern Engulfing""}, {""date"": ""2026-07-24"", ""label"": ""A supporto"", ""detail"": ""prezzo 124.37 al livello 124.32""}, {""date"": ""2026-07-31"", ""label"": ""Trend ADX in rafforzamento"", ""detail"": ""ADX conferma la forza del trend"", ""kind"": ""confirmation""}], ""factors"": {""candle_strength"": 0.924500135090478, ""at_level"": 1.0, ""confirmation_count"": 1.0}, ""invalidation"": {""level"": 124.32, ""reason"": ""rottura del supporto""}, ""sources"": [""Nison - candlestick reversals confirmed at support/resistance""], ""annotations"": {""levels"": [{""label"": ""Supporto"", ""price"": 124.32, ""kind"": ""support""}, {""label"": ""Stop / invalidazione"", ""price"": 124.32, ""kind"": ""stop""}], ""points"": []}, ""atr"": 4.477528277537326, ""horizon"": ""short"", ""regime_at_fire"": ""bull"", ""first_emitted_at"": ""2026-08-01T23:33:09.560659+00:00""}",5,124.21,124.370003,0.0012881652040899194,1,0,-0.006973290014345948,2026-08-01 23:38:10.566234+00:00
18926,379,EFX,candle_reversal,2026-08-14,bear,192.6200,2026-08-22 23:31:48.293809+00:00,2026-08-22 23:42:40.275194+00:00,,18389,"{""tone"": ""bear"", ""strength"": 92, ""probability"": 49, ""chain"": [{""date"": ""2026-08-14"", ""label"": ""Candela di inversione bear"", ""detail"": ""pattern Engulfing""}, {""date"": ""2026-08-14"", ""label"": ""A resistenza"", ""detail"": ""prezzo 192.62 al livello 190.15""}, {""date"": ""2026-08-14"", ""label"": ""Rifiuto su EMA200"", ""detail"": ""ritorno alla media e rifiuto nel verso del trend"", ""kind"": ""confirmation""}, {""date"": ""2026-08-17"", ""label"": ""MACD cross ribassista"", ""detail"": ""incrocio MACD nel verso del segnale"", ""kind"": ""confirmation""}], ""factors"": {""candle_strength"": 0.9161697676814672, ""at_level"": 1.0, ""confirmation_count"": 0.6666666666666666}, ""invalidation"": {""level"": 190.149994, ""reason"": ""rottura del resistenza""}, ""sources"": [""Nison - candlestick reversals confirmed at support/resistance""], ""annotations"": {""levels"": [{""label"": ""Resistenza"", ""price"": 190.149994, ""kind"": ""resistance""}, {""label"": ""Stop / invalidazione"", ""price"": 190.149994, ""kind"": ""stop""}], ""points"": []}, ""atr"": 7.110352978015186, ""horizon"": ""short"", ""regime_at_fire"": ""bull"", ""first_emitted_at"": ""2026-08-22T23:31:48.480847+00:00""}",5,180.850006,192.619995,0.06508149632021576,0,0,-0.06943013256922602,2026-08-22 23:42:24.513237+00:00
18930,128,CS.PA,candle_reversal,2026-08-14,bull,43.7200,2026-08-22 23:33:45.215172+00:00,2026-08-22 23:42:40.275194+00:00,,18374,"{""tone"": ""bull"", ""strength"": 66, ""probability"": 49, ""chain"": [{""date"": ""2026-08-14"", ""label"": ""Candela di inversione bull"", ""detail"": ""pattern Engulfing""}, {""date"": ""2026-08-14"", ""label"": ""A supporto"", ""detail"": ""prezzo 43.72 al livello 44.25""}], ""factors"": {""candle_strength"": 0.6583368923685136, ""at_level"": 1.0}, ""invalidation"": {""level"": 44.25, ""reason"": ""rottura del supporto""}, ""sources"": [""Nison - candlestick reversals confirmed at support/resistance""], ""annotations"": {""levels"": [{""label"": ""Supporto"", ""price"": 44.25, ""kind"": ""support""}, {""label"": ""Stop / invalidazione"", ""price"": 44.25, ""kind"": ""stop""}], ""points"": []}, ""atr"": 0.5570801865300637, ""horizon"": ""short"", ""regime_at_fire"": ""bull"", ""first_emitted_at"": ""2026-08-22T23:33:45.828487+00:00""}",5,45.049999,43.720001,-0.029522708757440785,0,0,-0.025174072508430526,2026-08-22 23:42:24.513237+00:00
17313,422,GPC,candle_reversal,2026-07-24,bull,124.3700,2026-08-03 18:21:15.161037+00:00,2026-08-03 18:28:03.375032+00:00,,16566,"{""tone"": ""bull"", ""strength"": 92, ""probability"": 49, ""chain"": [{""date"": ""2026-07-21"", ""label"": ""Rifiuto su EMA200"", ""detail"": ""ritorno alla media e rifiuto nel verso del trend"", ""kind"": ""confirmation""}, {""date"": ""2026-07-21"", ""label"": ""Higher-low confermato"", ""detail"": ""struttura a conferma della continuazione"", ""kind"": ""confirmation""}, {""date"": ""2026-07-21"", ""label"": ""Volume sulla salita"", ""detail"": ""volume sopra la media nel verso del segnale"", ""kind"": ""confirmation""}, {""date"": ""2026-07-24"", ""label"": ""Candela di inversione bull"", ""detail"": ""pattern Engulfing""}, {""date"": ""2026-07-24"", ""label"": ""A supporto"", ""detail"": ""prezzo 124.37 al livello 124.32""}, {""date"": ""2026-07-31"", ""label"": ""Trend ADX in rafforzamento"", ""detail"": ""ADX conferma la forza del trend"", ""kind"": ""confirmation""}], ""factors"": {""candle_strength"": 0.924500135090478, ""at_level"": 1.0, ""confirmation_count"": 1.0}, ""invalidation"": {""level"": 124.32, ""reason"": ""rottura del supporto""}, ""sources"": [""Nison - candlestick reversals confirmed at support/resistance""], ""annotations"": {""levels"": [{""label"": ""Supporto"", ""price"": 124.32, ""kind"": ""support""}, {""label"": ""Stop / invalidazione"", ""price"": 124.32, ""kind"": ""stop""}], ""points"": []}, ""atr"": 4.477528277537326, ""horizon"": ""short"", ""regime_at_fire"": ""bull"", ""first_emitted_at"": ""2026-08-03T18:11:55.285396+00:00"", ""amended_at"": ""2026-08-03T18:21:15.158824+00:00"", ""amend_count"": 1}",5,124.21,124.370003,0.0012881652040899194,1,0,-0.006973290266825135,2026-08-03 18:27:49.220674+00:00
17314,1407,BMRN,candle_reversal,2026-07-24,bull,60.0200,2026-08-03 18:22:55.416829+00:00,2026-08-03 18:28:03.375032+00:00,,16596,"{""tone"": ""bull"", ""strength"": 65, ""probability"": 49, ""chain"": [{""date"": ""2026-07-23"", ""label"": ""Rifiuto su EMA50"", ""detail"": ""ritorno alla media e rifiuto nel verso del trend"", ""kind"": ""confirmation""}, {""date"": ""2026-07-24"", ""label"": ""Candela di inversione bull"", ""detail"": ""pattern Hammer""}, {""date"": ""2026-07-24"", ""label"": ""A supporto"", ""detail"": ""prezzo 60.02 al livello 58.50""}, {""date"": ""2026-07-28"", ""label"": ""MACD cross rialzista"", ""detail"": ""incrocio MACD nel verso del segnale"", ""kind"": ""confirmation""}, {""date"": ""2026-07-30"", ""label"": ""Trend ADX in rafforzamento"", ""detail"": ""ADX conferma la forza del trend"", ""kind"": ""confirmation""}], ""factors"": {""candle_strength"": 0.6527123082931361, ""at_level"": 1.0, ""confirmation_count"": 1.0}, ""invalidation"": {""level"": 58.5, ""reason"": ""rottura del supporto""}, ""sources"": [""Nison - candlestick reversals confirmed at support/resistance""], ""annotations"": {""levels"": [{""label"": ""Supporto"", ""price"": 58.5, ""kind"": ""support""}, {""label"": ""Stop / invalidazione"", ""price"": 58.5, ""kind"": ""stop""}], ""points"": []}, ""atr"": 1.5829541001189305, ""horizon"": ""short"", ""regime_at_fire"": ""bull"", ""first_emitted_at"": ""2026-08-03T18:22:55.800387+00:00""}",5,59.330002,60.02,0.011629832744654234,1,1,0.0033683772737391794,2026-08-03 18:27:49.220674+00:00
17588,460,IQV,gap_and_go,2026-07-28,bull,228.2000,2026-08-05 18:33:29.830462+00:00,2026-08-05 18:41:08.624182+00:00,,16785,"{""tone"": ""bull"", ""strength"": 65, ""probability"": 50, ""chain"": [{""date"": ""2026-07-22"", ""label"": ""Higher-low confermato"", ""detail"": ""struttura a conferma della continuazione"", ""kind"": ""confirmation""}, {""date"": ""2026-07-27"", ""label"": ""Candela di rifiuto"", ""detail"": ""pattern engulfing"", ""kind"": ""confirmation""}, {""date"": ""2026-07-28"", ""label"": ""Gap bull"", ""detail"": ""apertura in gap del 10.2%""}, {""date"": ""2026-07-28"", ""label"": ""Conferma volume"", ""detail"": ""4.2x la media: gap partecipato""}, {""date"": ""2026-07-28"", ""label"": ""MACD cross rialzista"", ""detail"": ""incrocio MACD nel verso del segnale"", ""kind"": ""confirmation""}, {""date"": ""2026-08-04"", ""label"": ""Trend ADX in rafforzamento"", ""detail"": ""ADX conferma la forza del trend"", ""kind"": ""confirmation""}], ""factors"": {""gap_size"": 0.9001615165041248, ""volume_strength"": 0.5256734999774475, ""trend_alignment"": 1.0, ""confirmation_count"": 1.0}, ""invalidation"": null, ""sources"": [""Gap taxonomy (breakaway vs exhaustion) + volume confirmation""], ""annotations"": {""levels"": [], ""points"": []}, ""atr"": 8.70954741200502, ""horizon"": ""short"", ""regime_at_fire"": ""bull"", ""first_emitted_at"": ""2026-08-05T13:58:09.136897+00:00"", ""amended_at"": ""2026-08-05T18:33:29.828911+00:00"", ""amend_count"": 1}",5,242.94,228.199997,-0.06067342965341238,0,0,-0.0827003578218319,2026-08-05 18:40:52.688027+00:00
18366,697,INSM,gap_and_go,2026-08-06,bull,126.3300,2026-08-14 18:33:41.380152+00:00,2026-08-14 18:43:27.540676+00:00,,18209,"{""tone"": ""bull"", ""strength"": 68, ""probability"": 50, ""chain"": [{""date"": ""2026-08-06"", ""label"": ""Gap bull"", ""detail"": ""apertura in gap del 29.5%""}, {""date"": ""2026-08-06"", ""label"": ""Conferma volume"", ""detail"": ""4.6x la media: gap partecipato""}, {""date"": ""2026-08-06"", ""label"": ""MACD cross rialzista"", ""detail"": ""incrocio MACD nel verso del segnale"", ""kind"": ""confirmation""}, {""date"": ""2026-08-06"", ""label"": ""Candela di rifiuto"", ""detail"": ""pattern morning_star"", ""kind"": ""confirmation""}, {""date"": ""2026-08-10"", ""label"": ""Rifiuto su EMA200"", ""detail"": ""ritorno alla media e rifiuto nel verso del trend"", ""kind"": ""confirmation""}, {""date"": ""2026-08-13"", ""label"": ""Trend ADX in rafforzamento"", ""detail"": ""ADX conferma la forza del trend"", ""kind"": ""confirmation""}], ""factors"": {""gap_size"": 0.9863829907036242, ""volume_strength"": 0.5615577004272372, ""trend_alignment"": 1.0, ""confirmation_count"": 1.0}, ""invalidation"": null, ""sources"": [""Gap taxonomy (breakaway vs exhaustion) + volume confirmation""], ""annotations"": {""levels"": [], ""points"": []}, ""atr"": 6.195966821607591, ""horizon"": ""short"", ""regime_at_fire"": ""bear"", ""first_emitted_at"": ""2026-08-14T18:33:41.564711+00:00""}",5,132.550003,126.330002,-0.046925694901719495,0,0,-0.06463802877659629,2026-08-14 18:43:11.668686+00:00
19410,1568,9999.HK,candle_reversal,2026-08-21,bull,192.2000,2026-08-30 23:34:48.494508+00:00,2026-08-30 23:40:56.901097+00:00,,18924,"{""tone"": ""bull"", ""strength"": 66, ""probability"": 49, ""chain"": [{""date"": ""2026-08-21"", ""label"": ""Candela di inversione bull"", ""detail"": ""pattern Engulfing""}, {""date"": ""2026-08-21"", ""label"": ""A supporto"", ""detail"": ""prezzo 192.20 al livello 188.40""}, {""date"": ""2026-08-21"", ""label"": ""Higher-low confermato"", ""detail"": ""struttura a conferma della continuazione"", ""kind"": ""confirmation""}, {""date"": ""2026-08-21"", ""label"": ""Volume sulla salita"", ""detail"": ""volume sopra la media nel verso del segnale"", ""kind"": ""confirmation""}], ""factors"": {""candle_strength"": 0.6558824826989047, ""at_level"": 1.0, ""confirmation_count"": 0.6666666666666666}, ""invalidation"": {""level"": 188.399994, ""reason"": ""rottura del supporto""}, ""sources"": [""Nison - candlestick reversals confirmed at support/resistance""], ""annotations"": {""levels"": [{""label"": ""Supporto"", ""price"": 188.399994, ""kind"": ""support""}, {""label"": ""Stop / invalidazione"", ""price"": 188.399994, ""kind"": ""stop""}], ""points"": []}, ""atr"": 7.30320582236844, ""horizon"": ""short"", ""regime_at_fire"": ""bear"", ""first_emitted_at"": ""2026-08-30T23:34:49.412596+00:00""}",5,202.0,192.199997,-0.04851486633663371,0,0,-0.04620376393201964,2026-08-30 23:40:40.800517+00:00
18449,219,ABNB,gap_and_go,2026-08-07,bull,184.0600,2026-08-16 23:32:06.834011+00:00,2026-08-16 23:39:12.911663+00:00,,17877,"{""tone"": ""bull"", ""strength"": 66, ""probability"": 50, ""chain"": [{""date"": ""2026-08-07"", ""label"": ""Gap bull"", ""detail"": ""apertura in gap del 8.6%""}, {""date"": ""2026-08-07"", ""label"": ""Conferma volume"", ""detail"": ""4.4x la media: gap partecipato""}, {""date"": ""2026-08-07"", ""label"": ""Candela di rifiuto"", ""detail"": ""pattern morning_star"", ""kind"": ""confirmation""}, {""date"": ""2026-08-14"", ""label"": ""Trend ADX in rafforzamento"", ""detail"": ""ADX conferma la forza del trend"", ""kind"": ""confirmation""}], ""factors"": {""gap_size"": 0.8674063161428801, ""volume_strength"": 0.5447835843978389, ""trend_alignment"": 1.0, ""confirmation_count"": 0.6666666666666666}, ""invalidation"": null, ""sources"": [""Gap taxonomy (breakaway vs exhaustion) + volume confirmation""], ""annotations"": {""levels"": [], ""points"": []}, ""atr"": 6.039988301305721, ""horizon"": ""short"", ""regime_at_fire"": ""bull"", ""first_emitted_at"": ""2026-08-16T23:32:07.219928+00:00""}",5,178.070007,184.059998,0.03363840492239656,1,1,0.02432568016184488,2026-08-16 23:38:56.231239+00:00
18023,825,AZN.L,gap_and_go,2026-08-03,bear,119.9000,2026-08-10 23:44:05.028171+00:00,2026-08-11 18:41:03.866035+00:00,,17304,"{""tone"": ""bear"", ""strength"": 69, ""probability"": 50, ""chain"": [{""date"": ""2026-07-29"", ""label"": ""Lower-high confermato"", ""detail"": ""struttura a conferma della continuazione"", ""kind"": ""confirmation""}, {""date"": ""2026-07-30"", ""label"": ""Rifiuto su EMA50"", ""detail"": ""ritorno alla media e rifiuto nel verso del trend"", ""kind"": ""confirmation""}, {""date"": ""2026-07-31"", ""label"": ""Candela di rifiuto"", ""detail"": ""pattern shooting_star"", ""kind"": ""confirmation""}, {""date"": ""2026-08-03"", ""label"": ""Gap bear"", ""detail"": ""apertura in gap del -6.3%""}, {""date"": ""2026-08-03"", ""label"": ""Conferma volume"", ""detail"": ""4.6x la media: gap partecipato""}, {""date"": ""2026-08-03"", ""label"": ""MACD cross ribassista"", ""detail"": ""incrocio MACD nel verso del segnale"", ""kind"": ""confirmation""}, {""date"": ""2026-08-10"", ""label"": ""Trend ADX in rafforzamento"", ""detail"": ""ADX conferma la forza del trend"", ""kind"": ""confirmation""}], ""factors"": {""gap_size"": 0.7907536415452816, ""volume_strength"": 0.5653352876138742, ""trend_alignment"": 1.0, ""confirmation_count"": 1.0}, ""invalidation"": null, ""sources"": [""Gap taxonomy (breakaway vs exhaustion) + volume confirmation""], ""annotations"": {""levels"": [], ""points"": []}, ""atr"": 5.404957794478357, ""horizon"": ""short"", ""regime_at_fire"": ""bear"", ""first_emitted_at"": ""2026-08-10T23:33:27.107426+00:00"", ""amended_at"": ""2026-08-10T23:44:05.026789+00:00"", ""amend_count"": 1}",5,115.0,119.9,0.04260869565217407,0,0,-0.021579387524628225,2026-08-10 23:45:59.097921+00:00
18450,274,BKNG,candle_reversal,2026-08-07,bull,212.0600,2026-08-16 23:33:05.872419+00:00,2026-08-16 23:39:12.911663+00:00,,17889,"{""tone"": ""bull"", ""strength"": 63, ""probability"": 49, ""chain"": [{""date"": ""2026-08-07"", ""label"": ""Candela di inversione bull"", ""detail"": ""pattern Engulfing""}, {""date"": ""2026-08-07"", ""label"": ""A supporto"", ""detail"": ""prezzo 212.06 al livello 210.05""}, {""date"": ""2026-08-14"", ""label"": ""Trend ADX in rafforzamento"", ""detail"": ""ADX conferma la forza del trend"", ""kind"": ""confirmation""}], ""factors"": {""candle_strength"": 0.6311253648594026, ""at_level"": 1.0, ""confirmation_count"": 0.3333333333333333}, ""invalidation"": {""level"": 210.0528, ""reason"": ""rottura del supporto""}, ""sources"": [""Nison - candlestick reversals confirmed at support/resistance""], ""annotations"": {""levels"": [{""label"": ""Supporto"", ""price"": 210.0528, ""kind"": ""support""}, {""label"": ""Stop / invalidazione"", ""price"": 210.0528, ""kind"": ""stop""}], ""points"": []}, ""atr"": 6.881232923106663, ""horizon"": ""short"", ""regime_at_fire"": ""bull"", ""first_emitted_at"": ""2026-08-16T23:33:06.802342+00:00""}",5,214.419998,212.059998,-0.011006436069456504,0,0,-0.020319160830008183,2026-08-16 23:38:56.231239+00:00
18453,1464,TWLO,gap_and_go,2026-08-07,bull,238.2000,2026-08-16 23:34:38.758304+00:00,2026-08-16 23:39:12.911663+00:00,,17928,"{""tone"": ""bull"", ""strength"": 65, ""probability"": 50, ""chain"": [{""date"": ""2026-08-07"", ""label"": ""Gap bull"", ""detail"": ""apertura in gap del 21.8%""}, {""date"": ""2026-08-07"", ""label"": ""Conferma volume"", ""detail"": ""4.2x la media: gap partecipato""}, {""date"": ""2026-08-07"", ""label"": ""MACD cross rialzista"", ""detail"": ""incrocio MACD nel verso del segnale"", ""kind"": ""confirmation""}, {""date"": ""2026-08-14"", ""label"": ""Trend ADX in rafforzamento"", ""detail"": ""ADX conferma la forza del trend"", ""kind"": ""confirmation""}], ""factors"": {""gap_size"": 0.9768952032758134, ""volume_strength"": 0.5312402450151888, ""trend_alignment"": 1.0, ""confirmation_count"": 0.6666666666666666}, ""invalidation"": null, ""sources"": [""Gap taxonomy (breakaway vs exhaustion) + volume confirmation""], ""annotations"": {""levels"": [], ""points"": []}, ""atr"": 13.512155532851, ""horizon"": ""short"", ""regime_at_fire"": ""bull"", ""first_emitted_at"": ""2026-08-16T23:34:39.324485+00:00""}",5,241.279999,238.199997,-0.012765260331421002,0,0,-0.02207798509197268,2026-08-16 23:38:56.231239+00:00
18042,2023,INVP.L,gap_and_go,2026-08-03,bull,6.7600,2026-08-10 23:44:52.193814+00:00,2026-08-11 18:41:03.866035+00:00,,17312,"{""tone"": ""bull"", ""strength"": 60, ""probability"": 50, ""chain"": [{""date"": ""2026-07-28"", ""label"": ""Candela di rifiuto"", ""detail"": ""pattern engulfing"", ""kind"": ""confirmation""}, {""date"": ""2026-07-30"", ""label"": ""Rifiuto su EMA50"", ""detail"": ""ritorno alla media e rifiuto nel verso del trend"", ""kind"": ""confirmation""}, {""date"": ""2026-08-03"", ""label"": ""Gap bull"", ""detail"": ""apertura in gap del 2.3%""}, {""date"": ""2026-08-03"", ""label"": ""Conferma volume"", ""detail"": ""4.5x la media: gap partecipato""}], ""factors"": {""gap_size"": 0.481124807395993, ""volume_strength"": 0.5591952808065719, ""trend_alignment"": 1.0, ""confirmation_count"": 0.6666666666666666}, ""invalidation"": null, ""sources"": [""Gap taxonomy (breakaway vs exhaustion) + volume confirmation""], ""annotations"": {""levels"": [], ""points"": []}, ""atr"": 0.14984747487739314, ""horizon"": ""short"", ""regime_at_fire"": ""bull"", ""first_emitted_at"": ""2026-08-10T23:34:13.531313+00:00"", ""amended_at"": ""2026-08-10T23:44:52.192188+00:00"", ""amend_count"": 1}",5,6.585,6.76,0.026575550493545874,1,1,0.005546242366000032,2026-08-10 23:45:59.097921+00:00
18454,1583,DKS,candle_reversal,2026-08-07,bull,201.9700,2026-08-16 23:34:44.535163+00:00,2026-08-16 23:39:12.911663+00:00,,17869,"{""tone"": ""bull"", ""strength"": 83, ""probability"": 49, ""chain"": [{""date"": ""2026-08-07"", ""label"": ""Candela di inversione bull"", ""detail"": ""pattern Engulfing""}, {""date"": ""2026-08-07"", ""label"": ""A supporto"", ""detail"": ""prezzo 201.97 al livello 198.63""}, {""date"": ""2026-08-07"", ""label"": ""MACD cross rialzista"", ""detail"": ""incrocio MACD nel verso del segnale"", ""kind"": ""confirmation""}], ""factors"": {""candle_strength"": 0.8260956959302608, ""at_level"": 1.0, ""confirmation_count"": 0.3333333333333333}, ""invalidation"": {""level"": 198.63, ""reason"": ""rottura del supporto""}, ""sources"": [""Nison - candlestick reversals confirmed at support/resistance""], ""annotations"": {""levels"": [{""label"": ""Supporto"", ""price"": 198.63, ""kind"": ""support""}, {""label"": ""Stop / invalidazione"", ""price"": 198.63, ""kind"": ""stop""}], ""points"": []}, ""atr"": 6.780924113591607, ""horizon"": ""short"", ""regime_at_fire"": ""bear"", ""first_emitted_at"": ""2026-08-16T23:34:45.288850+00:00""}",5,208.839996,201.970001,-0.03289597362374985,0,0,-0.04220869838430153,2026-08-16 23:38:56.231239+00:00
18070,295,CBRE,candle_reversal,2026-08-03,bull,143.9400,2026-08-11 18:33:06.138812+00:00,2026-08-11 18:41:03.866035+00:00,,17347,"{""tone"": ""bull"", ""strength"": 88, ""probability"": 49, ""chain"": [{""date"": ""2026-07-28"", ""label"": ""MACD cross rialzista"", ""detail"": ""incrocio MACD nel verso del segnale"", ""kind"": ""confirmation""}, {""date"": ""2026-07-29"", ""label"": ""Volume sulla salita"", ""detail"": ""volume sopra la media nel verso del segnale"", ""kind"": ""confirmation""}, {""date"": ""2026-08-03"", ""label"": ""Candela di inversione bull"", ""detail"": ""pattern Engulfing""}, {""date"": ""2026-08-03"", ""label"": ""A supporto"", ""detail"": ""prezzo 143.94 al livello 146.68""}, {""date"": ""2026-08-03"", ""label"": ""Rifiuto su EMA200"", ""detail"": ""ritorno alla media e rifiuto nel verso del trend"", ""kind"": ""confirmation""}, {""date"": ""2026-08-10"", ""label"": ""Trend ADX in rafforzamento"", ""detail"": ""ADX conferma la forza del trend"", ""kind"": ""confirmation""}], ""factors"": {""candle_strength"": 0.8752618052758763, ""at_level"": 1.0, ""confirmation_count"": 1.0}, ""invalidation"": {""level"": 146.68, ""reason"": ""rottura del supporto""}, ""sources"": [""Nison - candlestick reversals confirmed at support/resistance""], ""annotations"": {""levels"": [{""label"": ""Supporto"", ""price"": 146.68, ""kind"": ""support""}, {""label"": ""Stop / invalidazione"", ""price"": 146.68, ""kind"": ""stop""}], ""points"": []}, ""atr"": 4.706537309509102, ""horizon"": ""short"", ""regime_at_fire"": ""bear"", ""first_emitted_at"": ""2026-08-11T18:33:06.692115+00:00""}",5,148.429993,143.940002,-0.03024989026308178,0,0,-0.050255376745443794,2026-08-11 18:40:49.301228+00:00
18759,688,YUM,candle_reversal,2026-08-12,bull,145.9300,2026-08-20 13:08:15.395573+00:00,2026-08-20 13:10:06.755233+00:00,,18206,"{""tone"": ""bull"", ""strength"": 89, ""probability"": 49, ""chain"": [{""date"": ""2026-08-11"", ""label"": ""Divergenza RSI rialzista"", ""detail"": ""divergenza prezzo / RSI"", ""kind"": ""confirmation""}, {""date"": ""2026-08-12"", ""label"": ""Candela di inversione bull"", ""detail"": ""pattern Engulfing""}, {""date"": ""2026-08-12"", ""label"": ""A supporto"", ""detail"": ""prezzo 145.93 al livello 145.44""}, {""date"": ""2026-08-13"", ""label"": ""MACD cross rialzista"", ""detail"": ""incrocio MACD nel verso del segnale"", ""kind"": ""confirmation""}], ""factors"": {""candle_strength"": 0.8850419521297137, ""at_level"": 1.0, ""confirmation_count"": 0.6666666666666666}, ""invalidation"": {""level"": 145.44, ""reason"": ""rottura del supporto""}, ""sources"": [""Nison - candlestick reversals confirmed at support/resistance""], ""annotations"": {""levels"": [{""label"": ""Supporto"", ""price"": 145.44, ""kind"": ""support""}, {""label"": ""Stop / invalidazione"", ""price"": 145.44, ""kind"": ""stop""}], ""points"": []}, ""atr"": 4.3742583132745105, ""horizon"": ""short"", ""regime_at_fire"": ""bear"", ""first_emitted_at"": ""2026-08-20T13:08:16.168594+00:00""}",5,150.339996,145.929993,-0.029333531444287186,0,0,-0.02808085660051583,2026-08-20 13:09:51.670827+00:00
18760,829,BA.L,candle_reversal,2026-08-12,bull,21.6000,2026-08-20 13:08:26.197200+00:00,2026-08-20 13:10:06.755233+00:00,,18260,"{""tone"": ""bull"", ""strength"": 73, ""probability"": 49, ""chain"": [{""date"": ""2026-08-12"", ""label"": ""Candela di inversione bull"", ""detail"": ""pattern Engulfing""}, {""date"": ""2026-08-12"", ""label"": ""A supporto"", ""detail"": ""prezzo 21.60 al livello 21.77""}], ""factors"": {""candle_strength"": 0.7277777777777743, ""at_level"": 1.0}, ""invalidation"": {""level"": 21.765, ""reason"": ""rottura del supporto""}, ""sources"": [""Nison - candlestick reversals confirmed at support/resistance""], ""annotations"": {""levels"": [{""label"": ""Supporto"", ""price"": 21.765, ""kind"": ""support""}, {""label"": ""Stop / invalidazione"", ""price"": 21.765, ""kind"": ""stop""}], ""points"": []}, ""atr"": 0.644780696849839, ""horizon"": ""short"", ""regime_at_fire"": ""bull"", ""first_emitted_at"": ""2026-08-20T13:08:26.381078+00:00""}",5,22.7,21.6,-0.048458149779735615,0,0,-0.047205474935964255,2026-08-20 13:09:51.670827+00:00
19407,825,AZN.L,candle_reversal,2026-08-21,bull,119.7000,2026-08-30 23:34:00.493484+00:00,2026-08-30 23:40:56.901097+00:00,,18845,"{""tone"": ""bull"", ""strength"": 95, ""probability"": 49, ""chain"": [{""date"": ""2026-08-14"", ""label"": ""Divergenza RSI rialzista"", ""detail"": ""divergenza prezzo / RSI"", ""kind"": ""confirmation""}, {""date"": ""2026-08-19"", ""label"": ""MACD cross rialzista"", ""detail"": ""incrocio MACD nel verso del segnale"", ""kind"": ""confirmation""}, {""date"": ""2026-08-21"", ""label"": ""Candela di inversione bull"", ""detail"": ""pattern Engulfing""}, {""date"": ""2026-08-21"", ""label"": ""A supporto"", ""detail"": ""prezzo 119.70 al livello 117.98""}], ""factors"": {""candle_strength"": 0.9541939276909639, ""at_level"": 1.0, ""confirmation_count"": 0.6666666666666666}, ""invalidation"": {""level"": 117.98, ""reason"": ""rottura del supporto""}, ""sources"": [""Nison - candlestick reversals confirmed at support/resistance""], ""annotations"": {""levels"": [{""label"": ""Supporto"", ""price"": 117.98, ""kind"": ""support""}, {""label"": ""Stop / invalidazione"", ""price"": 117.98, ""kind"": ""stop""}], ""points"": []}, ""atr"": 3.61263352383216, ""horizon"": ""short"", ""regime_at_fire"": ""bear"", ""first_emitted_at"": ""2026-08-30T23:34:01.415330+00:00""}",5,122.4,119.7,-0.022058823529411797,0,0,-0.019747721124797724,2026-08-30 23:40:40.800517+00:00
19408,860,HWDN.L,candle_reversal,2026-08-21,bull,7.9400,2026-08-30 23:34:07.158450+00:00,2026-08-30 23:40:56.901097+00:00,,18849,"{""tone"": ""bull"", ""strength"": 71, ""probability"": 49, ""chain"": [{""date"": ""2026-08-14"", ""label"": ""Rifiuto su EMA200"", ""detail"": ""ritorno alla media e rifiuto nel verso del trend"", ""kind"": ""confirmation""}, {""date"": ""2026-08-18"", ""label"": ""Higher-low confermato"", ""detail"": ""struttura a conferma della continuazione"", ""kind"": ""confirmation""}, {""date"": ""2026-08-21"", ""label"": ""Candela di inversione bull"", ""detail"": ""pattern Engulfing""}, {""date"": ""2026-08-21"", ""label"": ""A supporto"", ""detail"": ""prezzo 7.94 al livello 7.94""}], ""factors"": {""candle_strength"": 0.7100000000000051, ""at_level"": 1.0, ""confirmation_count"": 0.6666666666666666}, ""invalidation"": {""level"": 7.94, ""reason"": ""rottura del supporto""}, ""sources"": [""Nison - candlestick reversals confirmed at support/resistance""], ""annotations"": {""levels"": [{""label"": ""Supporto"", ""price"": 7.94, ""kind"": ""support""}, {""label"": ""Stop / invalidazione"", ""price"": 7.94, ""kind"": ""stop""}], ""points"": []}, ""atr"": 0.18470019412123823, ""horizon"": ""short"", ""regime_at_fire"": ""bear"", ""first_emitted_at"": ""2026-08-30T23:34:07.514769+00:00""}",5,7.98,7.94,-0.005012531328320802,0,0,-0.002701428923706728,2026-08-30 23:40:40.800517+00:00
17573,460,IQV,gap_and_go,2026-07-28,bull,228.2000,2026-08-04 21:58:02.069615+00:00,2026-08-05 12:23:46.436713+00:00,,16785,"{""tone"": ""bull"", ""strength"": 65, ""probability"": 50, ""chain"": [{""date"": ""2026-07-22"", ""label"": ""Higher-low confermato"", ""detail"": ""struttura a conferma della continuazione"", ""kind"": ""confirmation""}, {""date"": ""2026-07-27"", ""label"": ""Candela di rifiuto"", ""detail"": ""pattern engulfing"", ""kind"": ""confirmation""}, {""date"": ""2026-07-28"", ""label"": ""Gap bull"", ""detail"": ""apertura in gap del 10.2%""}, {""date"": ""2026-07-28"", ""label"": ""Conferma volume"", ""detail"": ""4.2x la media: gap partecipato""}, {""date"": ""2026-07-28"", ""label"": ""MACD cross rialzista"", ""detail"": ""incrocio MACD nel verso del segnale"", ""kind"": ""confirmation""}, {""date"": ""2026-08-04"", ""label"": ""Trend ADX in rafforzamento"", ""detail"": ""ADX conferma la forza del trend"", ""kind"": ""confirmation""}], ""factors"": {""gap_size"": 0.9001615165041248, ""volume_strength"": 0.5256734999774475, ""trend_alignment"": 1.0, ""confirmation_count"": 1.0}, ""invalidation"": null, ""sources"": [""Gap taxonomy (breakaway vs exhaustion) + volume confirmation""], ""annotations"": {""levels"": [], ""points"": []}, ""atr"": 8.70954741200502, ""horizon"": ""short"", ""regime_at_fire"": ""bull"", ""first_emitted_at"": ""2026-08-04T21:58:03.062698+00:00""}",5,242.94,228.199997,-0.06067342965341238,0,0,-0.08270010629037071,2026-08-04 22:00:09.507190+00:00
17835,1580,CORT,gap_and_go,2026-07-30,bull,107.9500,2026-08-07 18:32:33.321229+00:00,2026-08-07 18:40:40.528146+00:00,,17065,"{""tone"": ""bull"", ""strength"": 62, ""probability"": 50, ""chain"": [{""date"": ""2026-07-28"", ""label"": ""Higher-low confermato"", ""detail"": ""struttura a conferma della continuazione"", ""kind"": ""confirmation""}, {""date"": ""2026-07-28"", ""label"": ""Candela di rifiuto"", ""detail"": ""pattern engulfing"", ""kind"": ""confirmation""}, {""date"": ""2026-07-30"", ""label"": ""Gap bull"", ""detail"": ""apertura in gap del 20.5%""}, {""date"": ""2026-07-30"", ""label"": ""Conferma volume"", ""detail"": ""3.9x la media: gap partecipato""}, {""date"": ""2026-07-30"", ""label"": ""MACD cross rialzista"", ""detail"": ""incrocio MACD nel verso del segnale"", ""kind"": ""confirmation""}, {""date"": ""2026-08-06"", ""label"": ""Trend ADX in rafforzamento"", ""detail"": ""ADX conferma la forza del trend"", ""kind"": ""confirmation""}], ""factors"": {""gap_size"": 0.9738056119857915, ""volume_strength"": 0.4976844244316379, ""trend_alignment"": 1.0, ""confirmation_count"": 1.0}, ""invalidation"": null, ""sources"": [""Gap taxonomy (breakaway vs exhaustion) + volume confirmation""], ""annotations"": {""levels"": [], ""points"": []}, ""atr"": 5.569210330108095, ""horizon"": ""short"", ""regime_at_fire"": ""bull"", ""first_emitted_at"": ""2026-08-07T18:32:33.881774+00:00""}",5,118.32,107.949997,-0.08764370351588913,0,0,-0.10602577359459534,2026-08-07 18:40:25.520158+00:00
17613,127,KER.PA,gap_and_go,2026-07-29,bull,284.3000,2026-08-05 19:56:07.455113+00:00,2026-08-06 00:40:49.665636+00:00,,17024,"{""tone"": ""bull"", ""strength"": 67, ""probability"": 50, ""chain"": [{""date"": ""2026-07-23"", ""label"": ""Divergenza RSI rialzista"", ""detail"": ""divergenza prezzo / RSI"", ""kind"": ""confirmation""}, {""date"": ""2026-07-29"", ""label"": ""Gap bull"", ""detail"": ""apertura in gap del 9.8%""}, {""date"": ""2026-07-29"", ""label"": ""Conferma volume"", ""detail"": ""4.4x la media: gap partecipato""}, {""date"": ""2026-07-29"", ""label"": ""MACD cross rialzista"", ""detail"": ""incrocio MACD nel verso del segnale"", ""kind"": ""confirmation""}, {""date"": ""2026-08-03"", ""label"": ""Candela di rifiuto"", ""detail"": ""pattern engulfing"", ""kind"": ""confirmation""}], ""factors"": {""gap_size"": 0.8934165715048724, ""volume_strength"": 0.5469599896750271, ""trend_alignment"": 1.0, ""confirmation_count"": 1.0}, ""invalidation"": null, ""sources"": [""Gap taxonomy (breakaway vs exhaustion) + volume confirmation""], ""annotations"": {""levels"": [], ""points"": []}, ""atr"": 10.54704563309033, ""horizon"": ""short"", ""regime_at_fire"": ""bull"", ""first_emitted_at"": ""2026-08-05T19:56:08.414729+00:00""}",5,292.85,284.299988,-0.029195875021342133,0,0,-0.04709698866553764,2026-08-05 20:03:41.022841+00:00
17574,631,TXT,gap_and_go,2026-07-28,bear,89.1200,2026-08-04 21:58:42.156488+00:00,2026-08-05 12:23:46.436713+00:00,,17254,"{""tone"": ""bear"", ""strength"": 62, ""probability"": 50, ""chain"": [{""date"": ""2026-07-28"", ""label"": ""Gap bear"", ""detail"": ""apertura in gap del -5.4%""}, {""date"": ""2026-07-28"", ""label"": ""Conferma volume"", ""detail"": ""3.9x la media: gap partecipato""}, {""date"": ""2026-07-29"", ""label"": ""Rifiuto su EMA50"", ""detail"": ""ritorno alla media e rifiuto nel verso del trend"", ""kind"": ""confirmation""}, {""date"": ""2026-07-29"", ""label"": ""MACD cross ribassista"", ""detail"": ""incrocio MACD nel verso del segnale"", ""kind"": ""confirmation""}, {""date"": ""2026-07-31"", ""label"": ""Candela di rifiuto"", ""detail"": ""pattern engulfing"", ""kind"": ""confirmation""}], ""factors"": {""gap_size"": 0.7636416831374179, ""volume_strength"": 0.5030715195101196, ""trend_alignment"": 1.0, ""confirmation_count"": 1.0}, ""invalidation"": null, ""sources"": [""Gap taxonomy (breakaway vs exhaustion) + volume confirmation""], ""annotations"": {""levels"": [], ""points"": []}, ""atr"": 2.9262468657424696, ""horizon"": ""short"", ""regime_at_fire"": ""bear"", ""first_emitted_at"": ""2026-08-04T21:58:42.930809+00:00""}",5,89.96,89.120003,-0.009337449977767864,1,1,0.03136412661472619,2026-08-04 22:00:09.507190+00:00
18743,688,YUM,candle_reversal,2026-08-12,bull,145.9300,2026-08-20 00:26:07.141528+00:00,2026-08-20 00:27:50.392254+00:00,,18206,"{""tone"": ""bull"", ""strength"": 89, ""probability"": 49, ""chain"": [{""date"": ""2026-08-11"", ""label"": ""Divergenza RSI rialzista"", ""detail"": ""divergenza prezzo / RSI"", ""kind"": ""confirmation""}, {""date"": ""2026-08-12"", ""label"": ""Candela di inversione bull"", ""detail"": ""pattern Engulfing""}, {""date"": ""2026-08-12"", ""label"": ""A supporto"", ""detail"": ""prezzo 145.93 al livello 145.44""}, {""date"": ""2026-08-13"", ""label"": ""MACD cross rialzista"", ""detail"": ""incrocio MACD nel verso del segnale"", ""kind"": ""confirmation""}], ""factors"": {""candle_strength"": 0.8850419521297137, ""at_level"": 1.0, ""confirmation_count"": 0.6666666666666666}, ""invalidation"": {""level"": 145.44, ""reason"": ""rottura del supporto""}, ""sources"": [""Nison - candlestick reversals confirmed at support/resistance""], ""annotations"": {""levels"": [{""label"": ""Supporto"", ""price"": 145.44, ""kind"": ""support""}, {""label"": ""Stop / invalidazione"", ""price"": 145.44, ""kind"": ""stop""}], ""points"": []}, ""atr"": 4.371401598988798, ""horizon"": ""short"", ""regime_at_fire"": ""bear"", ""first_emitted_at"": ""2026-08-20T00:26:07.913774+00:00""}",5,150.339996,145.929993,-0.029333531444287186,0,0,-0.02809275488717972,2026-08-20 00:27:36.777236+00:00
20184,201,0027.HK,candle_reversal,2026-09-01,bear,33.7200,2026-09-08 23:32:47.622985+00:00,2026-09-09 08:57:54.490977+00:00,,19481,"{""tone"": ""bear"", ""strength"": 85, ""probability"": 49, ""chain"": [{""date"": ""2026-08-26"", ""label"": ""MACD cross ribassista"", ""detail"": ""incrocio MACD nel verso del segnale"", ""kind"": ""confirmation""}, {""date"": ""2026-08-27"", ""label"": ""Rifiuto su EMA200"", ""detail"": ""ritorno alla media e rifiuto nel verso del trend"", ""kind"": ""confirmation""}, {""date"": ""2026-09-01"", ""label"": ""Candela di inversione bear"", ""detail"": ""pattern Engulfing""}, {""date"": ""2026-09-01"", ""label"": ""A resistenza"", ""detail"": ""prezzo 33.72 al livello 34.08""}, {""date"": ""2026-09-08"", ""label"": ""Trend ADX in rafforzamento"", ""detail"": ""ADX conferma la forza del trend"", ""kind"": ""confirmation""}], ""factors"": {""candle_strength"": 0.8526295783300267, ""at_level"": 1.0, ""confirmation_count"": 1.0}, ""invalidation"": {""level"": 34.08, ""reason"": ""rottura del resistenza""}, ""sources"": [""Nison - candlestick reversals confirmed at support/resistance""], ""annotations"": {""levels"": [{""label"": ""Resistenza"", ""price"": 34.08, ""kind"": ""resistance""}, {""label"": ""Stop / invalidazione"", ""price"": 34.08, ""kind"": ""stop""}], ""points"": []}, ""atr"": 0.8154391415673875, ""horizon"": ""short"", ""regime_at_fire"": ""bear"", ""first_emitted_at"": ""2026-09-08T23:32:48.082976+00:00""}",5,33.080002,33.720001,0.019347006085429053,0,0,-0.02447842385828658,2026-09-08 23:40:10.140880+00:00
19906,1313,VEEV,gap_and_go,2026-08-27,bull,284.3800,2026-09-04 14:59:06.137724+00:00,2026-09-04 15:00:25.074988+00:00,,19282,"{""tone"": ""bull"", ""strength"": 61, ""probability"": 50, ""chain"": [{""date"": ""2026-08-26"", ""label"": ""Higher-low confermato"", ""detail"": ""struttura a conferma della continuazione"", ""kind"": ""confirmation""}, {""date"": ""2026-08-27"", ""label"": ""Gap bull"", ""detail"": ""apertura in gap del 12.4%""}, {""date"": ""2026-08-27"", ""label"": ""Conferma volume"", ""detail"": ""3.7x la media: gap partecipato""}, {""date"": ""2026-08-27"", ""label"": ""MACD cross rialzista"", ""detail"": ""incrocio MACD nel verso del segnale"", ""kind"": ""confirmation""}, {""date"": ""2026-08-31"", ""label"": ""Candela di rifiuto"", ""detail"": ""pattern engulfing"", ""kind"": ""confirmation""}, {""date"": ""2026-09-03"", ""label"": ""Trend ADX in rafforzamento"", ""detail"": ""ADX conferma la forza del trend"", ""kind"": ""confirmation""}], ""factors"": {""gap_size"": 0.9279281919862548, ""volume_strength"": 0.48629576993099727, ""trend_alignment"": 1.0, ""confirmation_count"": 1.0}, ""invalidation"": null, ""sources"": [""Gap taxonomy (breakaway vs exhaustion) + volume confirmation""], ""annotations"": {""levels"": [], ""points"": []}, ""atr"": 10.88554670447168, ""horizon"": ""short"", ""regime_at_fire"": ""bull"", ""first_emitted_at"": ""2026-09-04T14:50:51.300318+00:00"", ""amended_at"": ""2026-09-04T14:59:06.135461+00:00"", ""amend_count"": 1}",5,282.130005,284.380005,0.007975046822829013,1,1,0.013495174445764313,2026-09-04 15:00:09.150162+00:00
19907,1895,BURL,gap_and_go,2026-08-27,bear,258.5600,2026-09-04 14:59:35.336024+00:00,2026-09-04 15:00:25.074988+00:00,,19305,"{""tone"": ""bear"", ""strength"": 61, ""probability"": 50, ""chain"": [{""date"": ""2026-08-21"", ""label"": ""Candela di rifiuto"", ""detail"": ""pattern engulfing"", ""kind"": ""confirmation""}, {""date"": ""2026-08-27"", ""label"": ""Gap bear"", ""detail"": ""apertura in gap del -2.4%""}, {""date"": ""2026-08-27"", ""label"": ""Conferma volume"", ""detail"": ""4.4x la media: gap partecipato""}, {""date"": ""2026-08-27"", ""label"": ""Rifiuto su EMA200"", ""detail"": ""ritorno alla media e rifiuto nel verso del trend"", ""kind"": ""confirmation""}, {""date"": ""2026-09-03"", ""label"": ""Trend ADX in rafforzamento"", ""detail"": ""ADX conferma la forza del trend"", ""kind"": ""confirmation""}], ""factors"": {""gap_size"": 0.4923639365063834, ""volume_strength"": 0.5451175720453671, ""trend_alignment"": 1.0, ""confirmation_count"": 1.0}, ""invalidation"": null, ""sources"": [""Gap taxonomy (breakaway vs exhaustion) + volume confirmation""], ""annotations"": {""levels"": [], ""points"": []}, ""atr"": 11.864613857794787, ""horizon"": ""short"", ""regime_at_fire"": ""bear"", ""first_emitted_at"": ""2026-09-04T14:51:22.944631+00:00"", ""amended_at"": ""2026-09-04T14:59:35.332929+00:00"", ""amend_count"": 1}",5,290.0,258.559998,-0.1084138,1,1,0.1028936723770647,2026-09-04 15:00:09.150162+00:00
17843,396,FICO,gap_and_go,2026-07-30,bear,1031.8900,2026-08-07 18:33:35.380073+00:00,2026-08-07 18:40:40.528146+00:00,,17086,"{""tone"": ""bear"", ""strength"": 64, ""probability"": 50, ""chain"": [{""date"": ""2026-07-30"", ""label"": ""Gap bear"", ""detail"": ""apertura in gap del -16.2%""}, {""date"": ""2026-07-30"", ""label"": ""Conferma volume"", ""detail"": ""4.1x la media: gap partecipato""}, {""date"": ""2026-07-30"", ""label"": ""MACD cross ribassista"", ""detail"": ""incrocio MACD nel verso del segnale"", ""kind"": ""confirmation""}, {""date"": ""2026-07-30"", ""label"": ""Candela di rifiuto"", ""detail"": ""pattern shooting_star"", ""kind"": ""confirmation""}], ""factors"": {""gap_size"": 0.9571254183115219, ""volume_strength"": 0.5220798741573734, ""trend_alignment"": 1.0, ""confirmation_count"": 0.6666666666666666}, ""invalidation"": null, ""sources"": [""Gap taxonomy (breakaway vs exhaustion) + volume confirmation""], ""annotations"": {""levels"": [], ""points"": []}, ""atr"": 69.25225175140945, ""horizon"": ""short"", ""regime_at_fire"": ""bear"", ""first_emitted_at"": ""2026-08-07T18:33:35.961644+00:00""}",5,1139.540039,1031.890015,-0.09446796103317967,1,1,0.11285003111188588,2026-08-07 18:40:25.520158+00:00
19908,25,CRM,gap_and_go,2026-08-27,bull,264.4300,2026-09-04 15:12:58.444453+00:00,2026-09-04 15:20:15.042970+00:00,,19243,"{""tone"": ""bull"", ""strength"": 69, ""probability"": 50, ""chain"": [{""date"": ""2026-08-26"", ""label"": ""Rifiuto su EMA200"", ""detail"": ""ritorno alla media e rifiuto nel verso del trend"", ""kind"": ""confirmation""}, {""date"": ""2026-08-27"", ""label"": ""Gap bull"", ""detail"": ""apertura in gap del 11.9%""}, {""date"": ""2026-08-27"", ""label"": ""Conferma volume"", ""detail"": ""4.7x la media: gap partecipato""}, {""date"": ""2026-09-03"", ""label"": ""Trend ADX in rafforzamento"", ""detail"": ""ADX conferma la forza del trend"", ""kind"": ""confirmation""}], ""factors"": {""gap_size"": 0.9219468052762735, ""volume_strength"": 0.5687239471937027, ""trend_alignment"": 1.0, ""confirmation_count"": 0.6666666666666666}, ""invalidation"": null, ""sources"": [""Gap taxonomy (breakaway vs exhaustion) + volume confirmation""], ""annotations"": {""levels"": [], ""points"": []}, ""atr"": 10.609332638703387, ""horizon"": ""short"", ""regime_at_fire"": ""bull"", ""first_emitted_at"": ""2026-09-04T15:13:00.470525+00:00""}",5,252.050003,264.429993,0.049117198383846095,1,1,0.054637326006781395,2026-09-04 15:20:00.116496+00:00
17614,460,IQV,gap_and_go,2026-07-28,bull,228.2000,2026-08-05 19:57:14.748929+00:00,2026-08-05 20:03:54.833679+00:00,,16785,"{""tone"": ""bull"", ""strength"": 65, ""probability"": 50, ""chain"": [{""date"": ""2026-07-22"", ""label"": ""Higher-low confermato"", ""detail"": ""struttura a conferma della continuazione"", ""kind"": ""confirmation""}, {""date"": ""2026-07-27"", ""label"": ""Candela di rifiuto"", ""detail"": ""pattern engulfing"", ""kind"": ""confirmation""}, {""date"": ""2026-07-28"", ""label"": ""Gap bull"", ""detail"": ""apertura in gap del 10.2%""}, {""date"": ""2026-07-28"", ""label"": ""Conferma volume"", ""detail"": ""4.2x la media: gap partecipato""}, {""date"": ""2026-07-28"", ""label"": ""MACD cross rialzista"", ""detail"": ""incrocio MACD nel verso del segnale"", ""kind"": ""confirmation""}, {""date"": ""2026-08-04"", ""label"": ""Trend ADX in rafforzamento"", ""detail"": ""ADX conferma la forza del trend"", ""kind"": ""confirmation""}], ""factors"": {""gap_size"": 0.9001615165041248, ""volume_strength"": 0.5256734999774475, ""trend_alignment"": 1.0, ""confirmation_count"": 1.0}, ""invalidation"": null, ""sources"": [""Gap taxonomy (breakaway vs exhaustion) + volume confirmation""], ""annotations"": {""levels"": [], ""points"": []}, ""atr"": 8.70954741200502, ""horizon"": ""short"", ""regime_at_fire"": ""bull"", ""first_emitted_at"": ""2026-08-05T19:57:15.146798+00:00""}",5,242.94,228.199997,-0.06067342965341238,0,0,-0.0827003578218319,2026-08-05 20:03:41.022841+00:00
20112,386,EVRG,candle_reversal,2026-08-28,bear,81.5400,2026-09-08 18:35:27.148653+00:00,2026-09-08 18:40:09.388692+00:00,,19351,"{""tone"": ""bear"", ""strength"": 73, ""probability"": 49, ""chain"": [{""date"": ""2026-08-21"", ""label"": ""Rifiuto su EMA50"", ""detail"": ""ritorno alla media e rifiuto nel verso del trend"", ""kind"": ""confirmation""}, {""date"": ""2026-08-21"", ""label"": ""MACD cross ribassista"", ""detail"": ""incrocio MACD nel verso del segnale"", ""kind"": ""confirmation""}, {""date"": ""2026-08-28"", ""label"": ""Candela di inversione bear"", ""detail"": ""pattern Engulfing""}, {""date"": ""2026-08-28"", ""label"": ""A resistenza"", ""detail"": ""prezzo 81.54 al livello 83.19""}], ""factors"": {""candle_strength"": 0.7292212177449997, ""at_level"": 1.0, ""confirmation_count"": 0.6666666666666666}, ""invalidation"": {""level"": 83.19, ""reason"": ""rottura del resistenza""}, ""sources"": [""Nison - candlestick reversals confirmed at support/resistance""], ""annotations"": {""levels"": [{""label"": ""Resistenza"", ""price"": 83.19, ""kind"": ""resistance""}, {""label"": ""Stop / invalidazione"", ""price"": 83.19, ""kind"": ""stop""}], ""points"": []}, ""atr"": 1.3525859438189198, ""horizon"": ""short"", ""regime_at_fire"": ""bull"", ""first_emitted_at"": ""2026-09-08T18:35:27.519814+00:00""}",5,80.650002,81.540001,0.011035325206811608,0,0,-0.016761568240593716,2026-09-08 18:39:53.742673+00:00
20113,397,FAST,candle_reversal,2026-08-28,bear,49.6000,2026-09-08 18:35:28.190157+00:00,2026-09-08 18:40:09.388692+00:00,,19352,"{""tone"": ""bear"", ""strength"": 88, ""probability"": 49, ""chain"": [{""date"": ""2026-08-24"", ""label"": ""Lower-high confermato"", ""detail"": ""struttura a conferma della continuazione"", ""kind"": ""confirmation""}, {""date"": ""2026-08-28"", ""label"": ""Candela di inversione bear"", ""detail"": ""pattern Engulfing""}, {""date"": ""2026-08-28"", ""label"": ""A resistenza"", ""detail"": ""prezzo 49.60 al livello 49.67""}, {""date"": ""2026-09-02"", ""label"": ""Rifiuto su EMA50"", ""detail"": ""ritorno alla media e rifiuto nel verso del trend"", ""kind"": ""confirmation""}], ""factors"": {""candle_strength"": 0.8832311106860662, ""at_level"": 1.0, ""confirmation_count"": 0.6666666666666666}, ""invalidation"": {""level"": 49.67, ""reason"": ""rottura del resistenza""}, ""sources"": [""Nison - candlestick reversals confirmed at support/resistance""], ""annotations"": {""levels"": [{""label"": ""Resistenza"", ""price"": 49.67, ""kind"": ""resistance""}, {""label"": ""Stop / invalidazione"", ""price"": 49.67, ""kind"": ""stop""}], ""points"": []}, ""atr"": 1.142162366897672, ""horizon"": ""short"", ""regime_at_fire"": ""bull"", ""first_emitted_at"": ""2026-09-08T18:35:29.188523+00:00""}",5,49.779999,49.599998,-0.0036159301650446896,1,0,-0.0021103128687374184,2026-09-08 18:39:53.742673+00:00
20024,386,EVRG,candle_reversal,2026-08-28,bear,81.5400,2026-09-05 12:09:04.897726+00:00,2026-09-05 12:13:15.180492+00:00,,19351,"{""tone"": ""bear"", ""strength"": 73, ""probability"": 49, ""chain"": [{""date"": ""2026-08-21"", ""label"": ""Rifiuto su EMA50"", ""detail"": ""ritorno alla media e rifiuto nel verso del trend"", ""kind"": ""confirmation""}, {""date"": ""2026-08-21"", ""label"": ""MACD cross ribassista"", ""detail"": ""incrocio MACD nel verso del segnale"", ""kind"": ""confirmation""}, {""date"": ""2026-08-28"", ""label"": ""Candela di inversione bear"", ""detail"": ""pattern Engulfing""}, {""date"": ""2026-08-28"", ""label"": ""A resistenza"", ""detail"": ""prezzo 81.54 al livello 83.19""}], ""factors"": {""candle_strength"": 0.7292212177449997, ""at_level"": 1.0, ""confirmation_count"": 0.6666666666666666}, ""invalidation"": {""level"": 83.19, ""reason"": ""rottura del resistenza""}, ""sources"": [""Nison - candlestick reversals confirmed at support/resistance""], ""annotations"": {""levels"": [{""label"": ""Resistenza"", ""price"": 83.19, ""kind"": ""resistance""}, {""label"": ""Stop / invalidazione"", ""price"": 83.19, ""kind"": ""stop""}], ""points"": []}, ""atr"": 1.3525859438189198, ""horizon"": ""short"", ""regime_at_fire"": ""bull"", ""first_emitted_at"": ""2026-09-05T11:51:28.988523+00:00"", ""amended_at"": ""2026-09-05T12:09:04.888890+00:00"", ""amend_count"": 2}",5,80.650002,81.540001,0.011035325206811608,0,0,-0.01524289883935026,2026-09-05 12:12:59.845874+00:00
20081,201,0027.HK,candle_reversal,2026-09-01,bear,33.7200,2026-09-08 09:56:06.207328+00:00,2026-09-09 08:57:54.490977+00:00,,19481,"{""tone"": ""bear"", ""strength"": 85, ""probability"": 49, ""chain"": [{""date"": ""2026-08-26"", ""label"": ""MACD cross ribassista"", ""detail"": ""incrocio MACD nel verso del segnale"", ""kind"": ""confirmation""}, {""date"": ""2026-08-27"", ""label"": ""Rifiuto su EMA200"", ""detail"": ""ritorno alla media e rifiuto nel verso del trend"", ""kind"": ""confirmation""}, {""date"": ""2026-09-01"", ""label"": ""Candela di inversione bear"", ""detail"": ""pattern Engulfing""}, {""date"": ""2026-09-01"", ""label"": ""A resistenza"", ""detail"": ""prezzo 33.72 al livello 34.08""}, {""date"": ""2026-09-08"", ""label"": ""Trend ADX in rafforzamento"", ""detail"": ""ADX conferma la forza del trend"", ""kind"": ""confirmation""}], ""factors"": {""candle_strength"": 0.8526295783300267, ""at_level"": 1.0, ""confirmation_count"": 1.0}, ""invalidation"": {""level"": 34.08, ""reason"": ""rottura del resistenza""}, ""sources"": [""Nison - candlestick reversals confirmed at support/resistance""], ""annotations"": {""levels"": [{""label"": ""Resistenza"", ""price"": 34.08, ""kind"": ""resistance""}, {""label"": ""Stop / invalidazione"", ""price"": 34.08, ""kind"": ""stop""}], ""points"": []}, ""atr"": 0.8154391415673875, ""horizon"": ""short"", ""regime_at_fire"": ""bear"", ""first_emitted_at"": ""2026-09-08T09:56:07.399266+00:00""}",5,33.080002,33.720001,0.019347006085429053,0,0,-0.02788484419146775,2026-09-08 10:02:28.081235+00:00
17575,460,IQV,gap_and_go,2026-07-28,bull,228.2000,2026-08-04 23:31:36.506853+00:00,2026-08-05 12:23:46.436713+00:00,,16785,"{""tone"": ""bull"", ""strength"": 65, ""probability"": 50, ""chain"": [{""date"": ""2026-07-22"", ""label"": ""Higher-low confermato"", ""detail"": ""struttura a conferma della continuazione"", ""kind"": ""confirmation""}, {""date"": ""2026-07-27"", ""label"": ""Candela di rifiuto"", ""detail"": ""pattern engulfing"", ""kind"": ""confirmation""}, {""date"": ""2026-07-28"", ""label"": ""Gap bull"", ""detail"": ""apertura in gap del 10.2%""}, {""date"": ""2026-07-28"", ""label"": ""Conferma volume"", ""detail"": ""4.2x la media: gap partecipato""}, {""date"": ""2026-07-28"", ""label"": ""MACD cross rialzista"", ""detail"": ""incrocio MACD nel verso del segnale"", ""kind"": ""confirmation""}, {""date"": ""2026-08-04"", ""label"": ""Trend ADX in rafforzamento"", ""detail"": ""ADX conferma la forza del trend"", ""kind"": ""confirmation""}], ""factors"": {""gap_size"": 0.9001615165041248, ""volume_strength"": 0.5256734999774475, ""trend_alignment"": 1.0, ""confirmation_count"": 1.0}, ""invalidation"": null, ""sources"": [""Gap taxonomy (breakaway vs exhaustion) + volume confirmation""], ""annotations"": {""levels"": [], ""points"": []}, ""atr"": 8.70954741200502, ""horizon"": ""short"", ""regime_at_fire"": ""bull"", ""first_emitted_at"": ""2026-08-04T23:31:37.455886+00:00""}",5,242.94,228.199997,-0.06067342965341238,0,0,-0.08270010629037071,2026-08-04 23:36:13.552708+00:00
20345,77,TIT.MI,candle_reversal,2026-09-03,bull,7.4790,2026-09-10 20:14:11.178330+00:00,2026-09-11 14:13:14.138150+00:00,,19800,"{""tone"": ""bull"", ""strength"": 68, ""probability"": 49, ""chain"": [{""date"": ""2026-09-03"", ""label"": ""Candela di inversione bull"", ""detail"": ""pattern Engulfing""}, {""date"": ""2026-09-03"", ""label"": ""A supporto"", ""detail"": ""prezzo 7.48 al livello 7.65""}, {""date"": ""2026-09-03"", ""label"": ""MACD cross rialzista"", ""detail"": ""incrocio MACD nel verso del segnale"", ""kind"": ""confirmation""}, {""date"": ""2026-09-08"", ""label"": ""Volume sulla salita"", ""detail"": ""volume sopra la media nel verso del segnale"", ""kind"": ""confirmation""}], ""factors"": {""candle_strength"": 0.6810344827586228, ""at_level"": 1.0, ""confirmation_count"": 0.6666666666666666}, ""invalidation"": {""level"": 7.647, ""reason"": ""rottura del supporto""}, ""sources"": [""Nison - candlestick reversals confirmed at support/resistance""], ""annotations"": {""levels"": [{""label"": ""Supporto"", ""price"": 7.647, ""kind"": ""support""}, {""label"": ""Stop / invalidazione"", ""price"": 7.647, ""kind"": ""stop""}], ""points"": []}, ""atr"": 0.1551151696747692, ""horizon"": ""short"", ""regime_at_fire"": ""bull"", ""first_emitted_at"": ""2026-09-10T20:14:11.991158+00:00""}",5,7.763,7.479,-0.036583794924642477,0,0,-0.018867298861650394,2026-09-10 20:17:59.842709+00:00
18251,19,CVX,candle_reversal,2026-08-05,bear,196.6000,2026-08-13 18:32:18.599057+00:00,2026-08-13 18:46:04.525765+00:00,,17625,"{""tone"": ""bear"", ""strength"": 83, ""probability"": 49, ""chain"": [{""date"": ""2026-07-31"", ""label"": ""Lower-high confermato"", ""detail"": ""struttura a conferma della continuazione"", ""kind"": ""confirmation""}, {""date"": ""2026-08-05"", ""label"": ""Candela di inversione bear"", ""detail"": ""pattern Engulfing""}, {""date"": ""2026-08-05"", ""label"": ""A resistenza"", ""detail"": ""prezzo 196.60 al livello 197.55""}, {""date"": ""2026-08-05"", ""label"": ""MACD cross ribassista"", ""detail"": ""incrocio MACD nel verso del segnale"", ""kind"": ""confirmation""}], ""factors"": {""candle_strength"": 0.8267436999196918, ""at_level"": 1.0, ""confirmation_count"": 0.6666666666666666}, ""invalidation"": {""level"": 197.550003, ""reason"": ""rottura del resistenza""}, ""sources"": [""Nison - candlestick reversals confirmed at support/resistance""], ""annotations"": {""levels"": [{""label"": ""Resistenza"", ""price"": 197.550003, ""kind"": ""resistance""}, {""label"": ""Stop / invalidazione"", ""price"": 197.550003, ""kind"": ""stop""}], ""points"": []}, ""atr"": 4.435378883998021, ""horizon"": ""short"", ""regime_at_fire"": ""bull"", ""first_emitted_at"": ""2026-08-13T18:32:18.779490+00:00""}",5,186.410004,196.600006,0.054664458888161516,0,0,-0.04549920715651527,2026-08-13 18:45:48.245183+00:00
19309,13,WMT,gap_and_go,2026-08-20,bear,102.6300,2026-08-28 12:22:12.046326+00:00,2026-08-28 12:32:33.108528+00:00,,18780,"{""tone"": ""bear"", ""strength"": 61, ""probability"": 50, ""chain"": [{""date"": ""2026-08-19"", ""label"": ""Rifiuto su EMA200"", ""detail"": ""ritorno alla media e rifiuto nel verso del trend"", ""kind"": ""confirmation""}, {""date"": ""2026-08-20"", ""label"": ""Gap bear"", ""detail"": ""apertura in gap del -6.9%""}, {""date"": ""2026-08-20"", ""label"": ""Conferma volume"", ""detail"": ""3.8x la media: gap partecipato""}, {""date"": ""2026-08-20"", ""label"": ""MACD cross ribassista"", ""detail"": ""incrocio MACD nel verso del segnale"", ""kind"": ""confirmation""}, {""date"": ""2026-08-26"", ""label"": ""Candela di rifiuto"", ""detail"": ""pattern evening_star"", ""kind"": ""confirmation""}], ""factors"": {""gap_size"": 0.8126970150866926, ""volume_strength"": 0.49422617136573194, ""trend_alignment"": 1.0, ""confirmation_count"": 1.0}, ""invalidation"": null, ""sources"": [""Gap taxonomy (breakaway vs exhaustion) + volume confirmation""], ""annotations"": {""levels"": [], ""points"": []}, ""atr"": 2.8075313269169877, ""horizon"": ""short"", ""regime_at_fire"": ""bear"", ""first_emitted_at"": ""2026-08-28T12:22:12.813328+00:00""}",5,103.839996,102.629997,-0.01165253319154591,1,1,0.015929505572571334,2026-08-28 12:32:18.516879+00:00
19310,253,ATO,candle_reversal,2026-08-20,bear,167.2200,2026-08-28 12:22:25.810608+00:00,2026-08-28 12:32:33.108528+00:00,,18784,"{""tone"": ""bear"", ""strength"": 67, ""probability"": 49, ""chain"": [{""date"": ""2026-08-20"", ""label"": ""Candela di inversione bear"", ""detail"": ""pattern Shooting star""}, {""date"": ""2026-08-20"", ""label"": ""A resistenza"", ""detail"": ""prezzo 167.22 al livello 167.14""}, {""date"": ""2026-08-20"", ""label"": ""Lower-high confermato"", ""detail"": ""struttura a conferma della continuazione"", ""kind"": ""confirmation""}, {""date"": ""2026-08-21"", ""label"": ""Rifiuto su EMA50"", ""detail"": ""ritorno alla media e rifiuto nel verso del trend"", ""kind"": ""confirmation""}], ""factors"": {""candle_strength"": 0.6746350556700822, ""at_level"": 1.0, ""confirmation_count"": 0.6666666666666666}, ""invalidation"": {""level"": 167.14, ""reason"": ""rottura del resistenza""}, ""sources"": [""Nison - candlestick reversals confirmed at support/resistance""], ""annotations"": {""levels"": [{""label"": ""Resistenza"", ""price"": 167.14, ""kind"": ""resistance""}, {""label"": ""Stop / invalidazione"", ""price"": 167.14, ""kind"": ""stop""}], ""points"": []}, ""atr"": 2.846038958771857, ""horizon"": ""short"", ""regime_at_fire"": ""bear"", ""first_emitted_at"": ""2026-08-28T12:22:26.186093+00:00""}",5,170.520004,167.220001,-0.019352585752930196,1,1,0.02362955813395562,2026-08-28 12:32:18.516879+00:00
18462,274,BKNG,candle_reversal,2026-08-07,bull,212.0600,2026-08-17 18:33:53.336351+00:00,2026-08-17 18:42:02.931159+00:00,,17889,"{""tone"": ""bull"", ""strength"": 63, ""probability"": 49, ""chain"": [{""date"": ""2026-08-07"", ""label"": ""Candela di inversione bull"", ""detail"": ""pattern Engulfing""}, {""date"": ""2026-08-07"", ""label"": ""A supporto"", ""detail"": ""prezzo 212.06 al livello 210.05""}, {""date"": ""2026-08-14"", ""label"": ""Trend ADX in rafforzamento"", ""detail"": ""ADX conferma la forza del trend"", ""kind"": ""confirmation""}], ""factors"": {""candle_strength"": 0.6311253648594026, ""at_level"": 1.0, ""confirmation_count"": 0.3333333333333333}, ""invalidation"": {""level"": 210.0528, ""reason"": ""rottura del supporto""}, ""sources"": [""Nison - candlestick reversals confirmed at support/resistance""], ""annotations"": {""levels"": [{""label"": ""Supporto"", ""price"": 210.0528, ""kind"": ""support""}, {""label"": ""Stop / invalidazione"", ""price"": 210.0528, ""kind"": ""stop""}], ""points"": []}, ""atr"": 6.881232923106663, ""horizon"": ""short"", ""regime_at_fire"": ""bull"", ""first_emitted_at"": ""2026-08-17T18:33:54.252811+00:00""}",5,214.419998,212.059998,-0.011006436069456504,0,0,-0.020319160830008183,2026-08-17 18:41:46.528344+00:00
19319,2026,RDDT,candle_reversal,2026-08-20,bull,153.9500,2026-08-28 12:24:40.457373+00:00,2026-08-28 12:32:33.108528+00:00,,18929,"{""tone"": ""bull"", ""strength"": 60, ""probability"": 49, ""chain"": [{""date"": ""2026-08-14"", ""label"": ""Volume sulla salita"", ""detail"": ""volume sopra la media nel verso del segnale"", ""kind"": ""confirmation""}, {""date"": ""2026-08-20"", ""label"": ""Candela di inversione bull"", ""detail"": ""pattern Hammer""}, {""date"": ""2026-08-20"", ""label"": ""A supporto"", ""detail"": ""prezzo 153.95 al livello 152.65""}, {""date"": ""2026-08-20"", ""label"": ""Higher-low confermato"", ""detail"": ""struttura a conferma della continuazione"", ""kind"": ""confirmation""}, {""date"": ""2026-08-25"", ""label"": ""MACD cross rialzista"", ""detail"": ""incrocio MACD nel verso del segnale"", ""kind"": ""confirmation""}], ""factors"": {""candle_strength"": 0.6047610632796068, ""at_level"": 1.0, ""confirmation_count"": 1.0}, ""invalidation"": {""level"": 152.649994, ""reason"": ""rottura del supporto""}, ""sources"": [""Nison - candlestick reversals confirmed at support/resistance""], ""annotations"": {""levels"": [{""label"": ""Supporto"", ""price"": 152.649994, ""kind"": ""support""}, {""label"": ""Stop / invalidazione"", ""price"": 152.649994, ""kind"": ""stop""}], ""points"": []}, ""atr"": 10.196119448427138, ""horizon"": ""short"", ""regime_at_fire"": ""bear"", ""first_emitted_at"": ""2026-08-28T12:24:40.878193+00:00""}",5,150.309998,153.949997,0.024216612656730918,1,1,0.019939640275705495,2026-08-28 12:32:18.516879+00:00
18762,829,BA.L,candle_reversal,2026-08-12,bull,21.6000,2026-08-20 13:18:40.602200+00:00,2026-08-20 13:24:15.617473+00:00,,18260,"{""tone"": ""bull"", ""strength"": 73, ""probability"": 49, ""chain"": [{""date"": ""2026-08-12"", ""label"": ""Candela di inversione bull"", ""detail"": ""pattern Engulfing""}, {""date"": ""2026-08-12"", ""label"": ""A supporto"", ""detail"": ""prezzo 21.60 al livello 21.77""}], ""factors"": {""candle_strength"": 0.7277777777777743, ""at_level"": 1.0}, ""invalidation"": {""level"": 21.765, ""reason"": ""rottura del supporto""}, ""sources"": [""Nison - candlestick reversals confirmed at support/resistance""], ""annotations"": {""levels"": [{""label"": ""Supporto"", ""price"": 21.765, ""kind"": ""support""}, {""label"": ""Stop / invalidazione"", ""price"": 21.765, ""kind"": ""stop""}], ""points"": []}, ""atr"": 0.644780696849839, ""horizon"": ""short"", ""regime_at_fire"": ""bull"", ""first_emitted_at"": ""2026-08-20T13:18:40.785231+00:00""}",5,22.7,21.6,-0.048458149779735615,0,0,-0.047205474935964255,2026-08-20 13:24:01.168023+00:00
19019,385,EG,candle_reversal,2026-08-17,bear,376.7900,2026-08-25 18:32:11.390768+00:00,2026-08-25 18:47:56.325449+00:00,,18503,"{""tone"": ""bear"", ""strength"": 77, ""probability"": 49, ""chain"": [{""date"": ""2026-08-17"", ""label"": ""Candela di inversione bear"", ""detail"": ""pattern Engulfing""}, {""date"": ""2026-08-17"", ""label"": ""A resistenza"", ""detail"": ""prezzo 376.79 al livello 379.22""}], ""factors"": {""candle_strength"": 0.7730097024083031, ""at_level"": 1.0}, ""invalidation"": {""level"": 379.22, ""reason"": ""rottura del resistenza""}, ""sources"": [""Nison - candlestick reversals confirmed at support/resistance""], ""annotations"": {""levels"": [{""label"": ""Resistenza"", ""price"": 379.22, ""kind"": ""resistance""}, {""label"": ""Stop / invalidazione"", ""price"": 379.22, ""kind"": ""stop""}], ""points"": []}, ""atr"": 7.741570411185262, ""horizon"": ""short"", ""regime_at_fire"": ""bull"", ""first_emitted_at"": ""2026-08-25T18:32:11.575812+00:00""}",5,365.149994,376.790009,0.03187735229703992,0,0,-0.03213105557464906,2026-08-25 18:47:35.658614+00:00
17721,127,KER.PA,gap_and_go,2026-07-29,bull,284.3000,2026-08-06 00:34:52.441724+00:00,2026-08-06 00:40:49.665636+00:00,,17024,"{""tone"": ""bull"", ""strength"": 67, ""probability"": 50, ""chain"": [{""date"": ""2026-07-23"", ""label"": ""Divergenza RSI rialzista"", ""detail"": ""divergenza prezzo / RSI"", ""kind"": ""confirmation""}, {""date"": ""2026-07-29"", ""label"": ""Gap bull"", ""detail"": ""apertura in gap del 9.8%""}, {""date"": ""2026-07-29"", ""label"": ""Conferma volume"", ""detail"": ""4.4x la media: gap partecipato""}, {""date"": ""2026-07-29"", ""label"": ""MACD cross rialzista"", ""detail"": ""incrocio MACD nel verso del segnale"", ""kind"": ""confirmation""}, {""date"": ""2026-08-03"", ""label"": ""Candela di rifiuto"", ""detail"": ""pattern engulfing"", ""kind"": ""confirmation""}], ""factors"": {""gap_size"": 0.8934165715048724, ""volume_strength"": 0.5469599896750271, ""trend_alignment"": 1.0, ""confirmation_count"": 1.0}, ""invalidation"": null, ""sources"": [""Gap taxonomy (breakaway vs exhaustion) + volume confirmation""], ""annotations"": {""levels"": [], ""points"": []}, ""atr"": 10.54704563309033, ""horizon"": ""short"", ""regime_at_fire"": ""bull"", ""first_emitted_at"": ""2026-08-06T00:30:26.657918+00:00"", ""amended_at"": ""2026-08-06T00:34:52.440337+00:00"", ""amend_count"": 1}",5,292.85,284.299988,-0.029195875021342133,0,0,-0.05981818459487877,2026-08-06 00:40:36.013136+00:00
17917,715,BC.MI,gap_and_go,2026-07-31,bull,90.0000,2026-08-07 23:33:51.314985+00:00,2026-08-08 23:38:44.309631+00:00,,17299,"{""tone"": ""bull"", ""strength"": 61, ""probability"": 50, ""chain"": [{""date"": ""2026-07-27"", ""label"": ""MACD cross rialzista"", ""detail"": ""incrocio MACD nel verso del segnale"", ""kind"": ""confirmation""}, {""date"": ""2026-07-30"", ""label"": ""Rifiuto su EMA50"", ""detail"": ""ritorno alla media e rifiuto nel verso del trend"", ""kind"": ""confirmation""}, {""date"": ""2026-07-31"", ""label"": ""Gap bull"", ""detail"": ""apertura in gap del 3.1%""}, {""date"": ""2026-07-31"", ""label"": ""Conferma volume"", ""detail"": ""3.7x la media: gap partecipato""}, {""date"": ""2026-08-03"", ""label"": ""Candela di rifiuto"", ""detail"": ""pattern engulfing"", ""kind"": ""confirmation""}, {""date"": ""2026-08-07"", ""label"": ""Trend ADX in rafforzamento"", ""detail"": ""ADX conferma la forza del trend"", ""kind"": ""confirmation""}], ""factors"": {""gap_size"": 0.5638173228614202, ""volume_strength"": 0.487242995930222, ""trend_alignment"": 1.0, ""confirmation_count"": 1.0}, ""invalidation"": null, ""sources"": [""Gap taxonomy (breakaway vs exhaustion) + volume confirmation""], ""annotations"": {""levels"": [], ""points"": []}, ""atr"": 2.7170641019984383, ""horizon"": ""short"", ""regime_at_fire"": ""bull"", ""first_emitted_at"": ""2026-08-07T23:33:51.502525+00:00""}",5,87.919998,90.0,0.023657894077750097,1,0,-0.006299926281626504,2026-08-07 23:38:50.160795+00:00
17863,1423,TDOC,gap_and_go,2026-07-30,bear,6.6800,2026-08-07 18:35:04.616487+00:00,2026-08-07 18:40:40.528146+00:00,,17558,"{""tone"": ""bear"", ""strength"": 79, ""probability"": 50, ""chain"": [{""date"": ""2026-07-30"", ""label"": ""Gap bear"", ""detail"": ""apertura in gap del -16.6%""}, {""date"": ""2026-07-30"", ""label"": ""Conferma volume"", ""detail"": ""6.1x la media: gap partecipato""}, {""date"": ""2026-08-06"", ""label"": ""Trend ADX in rafforzamento"", ""detail"": ""ADX conferma la forza del trend"", ""kind"": ""confirmation""}], ""factors"": {""gap_size"": 0.9587862719911637, ""volume_strength"": 0.665941506502684, ""trend_alignment"": 1.0, ""confirmation_count"": 0.3333333333333333}, ""invalidation"": null, ""sources"": [""Gap taxonomy (breakaway vs exhaustion) + volume confirmation""], ""annotations"": {""levels"": [], ""points"": []}, ""atr"": 0.5283496040127604, ""horizon"": ""short"", ""regime_at_fire"": ""bear"", ""first_emitted_at"": ""2026-08-07T18:35:05.181255+00:00""}",5,6.58,6.68,0.015197568389057725,0,1,0.003184501689648487,2026-08-07 18:40:25.520158+00:00
18264,1376,CHRD,candle_reversal,2026-08-05,bear,137.5800,2026-08-13 18:34:18.204902+00:00,2026-08-13 18:46:04.525765+00:00,,17692,"{""tone"": ""bear"", ""strength"": 74, ""probability"": 49, ""chain"": [{""date"": ""2026-07-31"", ""label"": ""Divergenza RSI ribassista"", ""detail"": ""divergenza prezzo / RSI"", ""kind"": ""confirmation""}, {""date"": ""2026-08-05"", ""label"": ""Candela di inversione bear"", ""detail"": ""pattern Engulfing""}, {""date"": ""2026-08-05"", ""label"": ""A resistenza"", ""detail"": ""prezzo 137.58 al livello 141.22""}, {""date"": ""2026-08-07"", ""label"": ""MACD cross ribassista"", ""detail"": ""incrocio MACD nel verso del segnale"", ""kind"": ""confirmation""}], ""factors"": {""candle_strength"": 0.7355424871533207, ""at_level"": 1.0, ""confirmation_count"": 0.6666666666666666}, ""invalidation"": {""level"": 141.22, ""reason"": ""rottura del resistenza""}, ""sources"": [""Nison - candlestick reversals confirmed at support/resistance""], ""annotations"": {""levels"": [{""label"": ""Resistenza"", ""price"": 141.22, ""kind"": ""resistance""}, {""label"": ""Stop / invalidazione"", ""price"": 141.22, ""kind"": ""stop""}], ""points"": []}, ""atr"": 5.00303639891981, ""horizon"": ""short"", ""regime_at_fire"": ""bull"", ""first_emitted_at"": ""2026-08-13T18:34:18.386905+00:00""}",5,129.949997,137.580002,0.05871493017425777,0,0,-0.04954967844261153,2026-08-13 18:45:48.245183+00:00
19323,13,WMT,gap_and_go,2026-08-20,bear,102.6300,2026-08-28 12:40:43.944659+00:00,2026-08-28 12:44:38.031844+00:00,,18780,"{""tone"": ""bear"", ""strength"": 61, ""probability"": 50, ""chain"": [{""date"": ""2026-08-19"", ""label"": ""Rifiuto su EMA200"", ""detail"": ""ritorno alla media e rifiuto nel verso del trend"", ""kind"": ""confirmation""}, {""date"": ""2026-08-20"", ""label"": ""Gap bear"", ""detail"": ""apertura in gap del -6.9%""}, {""date"": ""2026-08-20"", ""label"": ""Conferma volume"", ""detail"": ""3.8x la media: gap partecipato""}, {""date"": ""2026-08-20"", ""label"": ""MACD cross ribassista"", ""detail"": ""incrocio MACD nel verso del segnale"", ""kind"": ""confirmation""}, {""date"": ""2026-08-26"", ""label"": ""Candela di rifiuto"", ""detail"": ""pattern evening_star"", ""kind"": ""confirmation""}], ""factors"": {""gap_size"": 0.8126970150866926, ""volume_strength"": 0.49422617136573194, ""trend_alignment"": 1.0, ""confirmation_count"": 1.0}, ""invalidation"": null, ""sources"": [""Gap taxonomy (breakaway vs exhaustion) + volume confirmation""], ""annotations"": {""levels"": [], ""points"": []}, ""atr"": 2.8075313269169877, ""horizon"": ""short"", ""regime_at_fire"": ""bear"", ""first_emitted_at"": ""2026-08-28T12:40:44.773523+00:00""}",5,103.839996,102.629997,-0.01165253319154591,1,1,0.015929505572571334,2026-08-28 12:44:23.858741+00:00
18761,688,YUM,candle_reversal,2026-08-12,bull,145.9300,2026-08-20 13:18:29.703517+00:00,2026-08-20 13:24:15.617473+00:00,,18206,"{""tone"": ""bull"", ""strength"": 89, ""probability"": 49, ""chain"": [{""date"": ""2026-08-11"", ""label"": ""Divergenza RSI rialzista"", ""detail"": ""divergenza prezzo / RSI"", ""kind"": ""confirmation""}, {""date"": ""2026-08-12"", ""label"": ""Candela di inversione bull"", ""detail"": ""pattern Engulfing""}, {""date"": ""2026-08-12"", ""label"": ""A supporto"", ""detail"": ""prezzo 145.93 al livello 145.44""}, {""date"": ""2026-08-13"", ""label"": ""MACD cross rialzista"", ""detail"": ""incrocio MACD nel verso del segnale"", ""kind"": ""confirmation""}], ""factors"": {""candle_strength"": 0.8850419521297137, ""at_level"": 1.0, ""confirmation_count"": 0.6666666666666666}, ""invalidation"": {""level"": 145.44, ""reason"": ""rottura del supporto""}, ""sources"": [""Nison - candlestick reversals confirmed at support/resistance""], ""annotations"": {""levels"": [{""label"": ""Supporto"", ""price"": 145.44, ""kind"": ""support""}, {""label"": ""Stop / invalidazione"", ""price"": 145.44, ""kind"": ""stop""}], ""points"": []}, ""atr"": 4.3742583132745105, ""horizon"": ""short"", ""regime_at_fire"": ""bear"", ""first_emitted_at"": ""2026-08-20T13:18:30.463679+00:00""}",5,150.339996,145.929993,-0.029333531444287186,0,0,-0.02808085660051583,2026-08-20 13:24:01.168023+00:00
18253,325,COP,candle_reversal,2026-08-05,bear,127.3000,2026-08-13 18:32:40.064845+00:00,2026-08-13 18:46:04.525765+00:00,,17643,"{""tone"": ""bear"", ""strength"": 64, ""probability"": 49, ""chain"": [{""date"": ""2026-08-05"", ""label"": ""Candela di inversione bear"", ""detail"": ""pattern Engulfing""}, {""date"": ""2026-08-05"", ""label"": ""A resistenza"", ""detail"": ""prezzo 127.30 al livello 128.28""}, {""date"": ""2026-08-06"", ""label"": ""MACD cross ribassista"", ""detail"": ""incrocio MACD nel verso del segnale"", ""kind"": ""confirmation""}], ""factors"": {""candle_strength"": 0.6436934502071265, ""at_level"": 1.0, ""confirmation_count"": 0.3333333333333333}, ""invalidation"": {""level"": 128.28, ""reason"": ""rottura del resistenza""}, ""sources"": [""Nison - candlestick reversals confirmed at support/resistance""], ""annotations"": {""levels"": [{""label"": ""Resistenza"", ""price"": 128.28, ""kind"": ""resistance""}, {""label"": ""Stop / invalidazione"", ""price"": 128.28, ""kind"": ""stop""}], ""points"": []}, ""atr"": 3.4713569657779733, ""horizon"": ""short"", ""regime_at_fire"": ""bull"", ""first_emitted_at"": ""2026-08-13T18:32:40.807989+00:00""}",5,115.040001,127.300003,0.106571643718953,0,0,-0.09740639198730676,2026-08-13 18:45:48.245183+00:00
18254,451,PODD,gap_and_go,2026-08-05,bear,145.0600,2026-08-13 18:33:02.322310+00:00,2026-08-13 18:46:04.525765+00:00,,17667,"{""tone"": ""bear"", ""strength"": 75, ""probability"": 50, ""chain"": [{""date"": ""2026-08-03"", ""label"": ""Candela di rifiuto"", ""detail"": ""pattern shooting_star"", ""kind"": ""confirmation""}, {""date"": ""2026-08-05"", ""label"": ""Gap bear"", ""detail"": ""apertura in gap del -23.3%""}, {""date"": ""2026-08-05"", ""label"": ""Conferma volume"", ""detail"": ""5.5x la media: gap partecipato""}, {""date"": ""2026-08-05"", ""label"": ""MACD cross ribassista"", ""detail"": ""incrocio MACD nel verso del segnale"", ""kind"": ""confirmation""}], ""factors"": {""gap_size"": 0.9798034646963392, ""volume_strength"": 0.627301840513055, ""trend_alignment"": 1.0, ""confirmation_count"": 0.6666666666666666}, ""invalidation"": null, ""sources"": [""Gap taxonomy (breakaway vs exhaustion) + volume confirmation""], ""annotations"": {""levels"": [], ""points"": []}, ""atr"": 8.014859744763577, ""horizon"": ""short"", ""regime_at_fire"": ""bear"", ""first_emitted_at"": ""2026-08-13T18:33:03.103606+00:00""}",5,133.259995,145.059998,0.08854872762076882,0,0,-0.07938347588912258,2026-08-13 18:45:48.245183+00:00
18117,1149,ULVR.L,candle_reversal,2026-08-04,bull,46.0650,2026-08-11 23:33:38.689227+00:00,2026-08-12 18:54:37.546150+00:00,,17451,"{""tone"": ""bull"", ""strength"": 75, ""probability"": 49, ""chain"": [{""date"": ""2026-07-28"", ""label"": ""Volume sulla salita"", ""detail"": ""volume sopra la media nel verso del segnale"", ""kind"": ""confirmation""}, {""date"": ""2026-07-28"", ""label"": ""MACD cross rialzista"", ""detail"": ""incrocio MACD nel verso del segnale"", ""kind"": ""confirmation""}, {""date"": ""2026-08-04"", ""label"": ""Candela di inversione bull"", ""detail"": ""pattern Hammer""}, {""date"": ""2026-08-04"", ""label"": ""A supporto"", ""detail"": ""prezzo 46.06 al livello 45.84""}, {""date"": ""2026-08-04"", ""label"": ""Rifiuto su EMA200"", ""detail"": ""ritorno alla media e rifiuto nel verso del trend"", ""kind"": ""confirmation""}], ""factors"": {""candle_strength"": 0.7526748971193465, ""at_level"": 1.0, ""confirmation_count"": 1.0}, ""invalidation"": {""level"": 45.845, ""reason"": ""rottura del supporto""}, ""sources"": [""Nison - candlestick reversals confirmed at support/resistance""], ""annotations"": {""levels"": [{""label"": ""Supporto"", ""price"": 45.845, ""kind"": ""support""}, {""label"": ""Stop / invalidazione"", ""price"": 45.845, ""kind"": ""stop""}], ""points"": []}, ""atr"": 1.3662704879941674, ""horizon"": ""short"", ""regime_at_fire"": ""bear"", ""first_emitted_at"": ""2026-08-11T23:33:39.623748+00:00""}",5,47.485,46.065,-0.029904180267452896,0,0,-0.03554485133121802,2026-08-11 23:38:26.557879+00:00
20079,397,FAST,candle_reversal,2026-08-28,bear,49.6000,2026-09-08 09:53:29.484190+00:00,2026-09-08 10:02:43.154874+00:00,,19352,"{""tone"": ""bear"", ""strength"": 88, ""probability"": 49, ""chain"": [{""date"": ""2026-08-24"", ""label"": ""Lower-high confermato"", ""detail"": ""struttura a conferma della continuazione"", ""kind"": ""confirmation""}, {""date"": ""2026-08-28"", ""label"": ""Candela di inversione bear"", ""detail"": ""pattern Engulfing""}, {""date"": ""2026-08-28"", ""label"": ""A resistenza"", ""detail"": ""prezzo 49.60 al livello 49.67""}, {""date"": ""2026-09-02"", ""label"": ""Rifiuto su EMA50"", ""detail"": ""ritorno alla media e rifiuto nel verso del trend"", ""kind"": ""confirmation""}], ""factors"": {""candle_strength"": 0.8832311106860662, ""at_level"": 1.0, ""confirmation_count"": 0.6666666666666666}, ""invalidation"": {""level"": 49.67, ""reason"": ""rottura del resistenza""}, ""sources"": [""Nison - candlestick reversals confirmed at support/resistance""], ""annotations"": {""levels"": [{""label"": ""Resistenza"", ""price"": 49.67, ""kind"": ""resistance""}, {""label"": ""Stop / invalidazione"", ""price"": 49.67, ""kind"": ""stop""}], ""points"": []}, ""atr"": 1.142162366897672, ""horizon"": ""short"", ""regime_at_fire"": ""bull"", ""first_emitted_at"": ""2026-09-08T09:45:25.510330+00:00"", ""amended_at"": ""2026-09-08T09:53:29.479590+00:00"", ""amend_count"": 1}",5,49.779999,49.599998,-0.0036159301650446896,1,0,-0.0021103128687374184,2026-09-08 10:02:28.081235+00:00
20523,207,0066.HK,candle_reversal,2026-09-04,bull,32.9400,2026-09-13 11:11:11.504802+00:00,2026-09-13 11:14:43.665016+00:00,,19881,"{""tone"": ""bull"", ""strength"": 72, ""probability"": 49, ""chain"": [{""date"": ""2026-09-04"", ""label"": ""Candela di inversione bull"", ""detail"": ""pattern Engulfing""}, {""date"": ""2026-09-04"", ""label"": ""A supporto"", ""detail"": ""prezzo 32.94 al livello 33.02""}, {""date"": ""2026-09-09"", ""label"": ""MACD cross rialzista"", ""detail"": ""incrocio MACD nel verso del segnale"", ""kind"": ""confirmation""}, {""date"": ""2026-09-10"", ""label"": ""Rifiuto su EMA50"", ""detail"": ""ritorno alla media e rifiuto nel verso del trend"", ""kind"": ""confirmation""}], ""factors"": {""candle_strength"": 0.72272298554207, ""at_level"": 1.0, ""confirmation_count"": 0.6666666666666666}, ""invalidation"": {""level"": 33.02, ""reason"": ""rottura del supporto""}, ""sources"": [""Nison - candlestick reversals confirmed at support/resistance""], ""annotations"": {""levels"": [{""label"": ""Supporto"", ""price"": 33.02, ""kind"": ""support""}, {""label"": ""Stop / invalidazione"", ""price"": 33.02, ""kind"": ""stop""}], ""points"": []}, ""atr"": 0.6195321520087848, ""horizon"": ""short"", ""regime_at_fire"": ""bull"", ""first_emitted_at"": ""2026-09-13T11:11:12.639949+00:00""}",5,32.939999,32.939999,0.0,0,1,0.019157088122605415,2026-09-13 11:14:29.290818+00:00
20524,1108,KGF.L,candle_reversal,2026-09-04,bull,2.8850,2026-09-13 11:13:07.884462+00:00,2026-09-13 11:14:43.665016+00:00,,19933,"{""tone"": ""bull"", ""strength"": 95, ""probability"": 49, ""chain"": [{""date"": ""2026-08-28"", ""label"": ""Trend ADX in rafforzamento"", ""detail"": ""ADX conferma la forza del trend"", ""kind"": ""confirmation""}, {""date"": ""2026-09-04"", ""label"": ""Candela di inversione bull"", ""detail"": ""pattern Engulfing""}, {""date"": ""2026-09-04"", ""label"": ""A supporto"", ""detail"": ""prezzo 2.88 al livello 2.85""}], ""factors"": {""candle_strength"": 0.9506318375496197, ""at_level"": 1.0, ""confirmation_count"": 0.3333333333333333}, ""invalidation"": {""level"": 2.85, ""reason"": ""rottura del supporto""}, ""sources"": [""Nison - candlestick reversals confirmed at support/resistance""], ""annotations"": {""levels"": [{""label"": ""Supporto"", ""price"": 2.85, ""kind"": ""support""}, {""label"": ""Stop / invalidazione"", ""price"": 2.85, ""kind"": ""stop""}], ""points"": []}, ""atr"": 0.07370193772705846, ""horizon"": ""short"", ""regime_at_fire"": ""bear"", ""first_emitted_at"": ""2026-09-13T11:13:08.533019+00:00""}",5,3.074,2.885,-0.06148340923877682,0,0,-0.042326321116171406,2026-09-13 11:14:29.290818+00:00
20080,113,IBE.MC,candle_reversal,2026-08-31,bear,19.8300,2026-09-08 09:54:30.497097+00:00,2026-09-08 10:02:43.154874+00:00,,19411,"{""tone"": ""bear"", ""strength"": 87, ""probability"": 49, ""chain"": [{""date"": ""2026-08-28"", ""label"": ""Lower-high confermato"", ""detail"": ""struttura a conferma della continuazione"", ""kind"": ""confirmation""}, {""date"": ""2026-08-31"", ""label"": ""Candela di inversione bear"", ""detail"": ""pattern Engulfing""}, {""date"": ""2026-08-31"", ""label"": ""A resistenza"", ""detail"": ""prezzo 19.83 al livello 20.05""}, {""date"": ""2026-09-01"", ""label"": ""MACD cross ribassista"", ""detail"": ""incrocio MACD nel verso del segnale"", ""kind"": ""confirmation""}, {""date"": ""2026-09-07"", ""label"": ""Trend ADX in rafforzamento"", ""detail"": ""ADX conferma la forza del trend"", ""kind"": ""confirmation""}], ""factors"": {""candle_strength"": 0.872463358536328, ""at_level"": 1.0, ""confirmation_count"": 1.0}, ""invalidation"": {""level"": 20.05, ""reason"": ""rottura del resistenza""}, ""sources"": [""Nison - candlestick reversals confirmed at support/resistance""], ""annotations"": {""levels"": [{""label"": ""Resistenza"", ""price"": 20.05, ""kind"": ""resistance""}, {""label"": ""Stop / invalidazione"", ""price"": 20.05, ""kind"": ""stop""}], ""points"": []}, ""atr"": 0.26543709072009347, ""horizon"": ""short"", ""regime_at_fire"": ""bull"", ""first_emitted_at"": ""2026-09-08T09:54:31.574830+00:00""}",5,20.08,19.83,-0.01245019920318724,1,1,0.004993628425286001,2026-09-08 10:02:28.081235+00:00
18375,183,1299.HK,gap_and_go,2026-08-06,bear,72.5500,2026-08-14 18:34:37.303689+00:00,2026-08-14 18:43:27.540676+00:00,,17763,"{""tone"": ""bear"", ""strength"": 68, ""probability"": 50, ""chain"": [{""date"": ""2026-08-04"", ""label"": ""Rifiuto su EMA200"", ""detail"": ""ritorno alla media e rifiuto nel verso del trend"", ""kind"": ""confirmation""}, {""date"": ""2026-08-06"", ""label"": ""Gap bear"", ""detail"": ""apertura in gap del -6.3%""}, {""date"": ""2026-08-06"", ""label"": ""Conferma volume"", ""detail"": ""4.5x la media: gap partecipato""}, {""date"": ""2026-08-06"", ""label"": ""MACD cross ribassista"", ""detail"": ""incrocio MACD nel verso del segnale"", ""kind"": ""confirmation""}, {""date"": ""2026-08-11"", ""label"": ""Candela di rifiuto"", ""detail"": ""pattern evening_star"", ""kind"": ""confirmation""}], ""factors"": {""gap_size"": 0.7923232347266881, ""volume_strength"": 0.5553259092247357, ""trend_alignment"": 1.0, ""confirmation_count"": 1.0}, ""invalidation"": null, ""sources"": [""Gap taxonomy (breakaway vs exhaustion) + volume confirmation""], ""annotations"": {""levels"": [], ""points"": []}, ""atr"": 2.071032605762464, ""horizon"": ""short"", ""regime_at_fire"": ""bear"", ""first_emitted_at"": ""2026-08-14T18:34:37.697314+00:00""}",5,73.150002,72.550003,-0.008202310096997678,1,1,0.025914643971874474,2026-08-14 18:43:11.668686+00:00
20037,386,EVRG,candle_reversal,2026-08-28,bear,81.5400,2026-09-07 13:58:08.650870+00:00,2026-09-07 14:05:26.287215+00:00,,19351,"{""tone"": ""bear"", ""strength"": 73, ""probability"": 49, ""chain"": [{""date"": ""2026-08-21"", ""label"": ""Rifiuto su EMA50"", ""detail"": ""ritorno alla media e rifiuto nel verso del trend"", ""kind"": ""confirmation""}, {""date"": ""2026-08-21"", ""label"": ""MACD cross ribassista"", ""detail"": ""incrocio MACD nel verso del segnale"", ""kind"": ""confirmation""}, {""date"": ""2026-08-28"", ""label"": ""Candela di inversione bear"", ""detail"": ""pattern Engulfing""}, {""date"": ""2026-08-28"", ""label"": ""A resistenza"", ""detail"": ""prezzo 81.54 al livello 83.19""}], ""factors"": {""candle_strength"": 0.7292212177449997, ""at_level"": 1.0, ""confirmation_count"": 0.6666666666666666}, ""invalidation"": {""level"": 83.19, ""reason"": ""rottura del resistenza""}, ""sources"": [""Nison - candlestick reversals confirmed at support/resistance""], ""annotations"": {""levels"": [{""label"": ""Resistenza"", ""price"": 83.19, ""kind"": ""resistance""}, {""label"": ""Stop / invalidazione"", ""price"": 83.19, ""kind"": ""stop""}], ""points"": []}, ""atr"": 1.3525859438189198, ""horizon"": ""short"", ""regime_at_fire"": ""bull"", ""first_emitted_at"": ""2026-09-07T13:49:51.202943+00:00"", ""amended_at"": ""2026-09-07T13:58:08.647442+00:00"", ""amend_count"": 1}",5,80.650002,81.540001,0.011035325206811608,0,0,-0.01524289883935026,2026-09-07 14:05:11.263290+00:00
20038,397,FAST,candle_reversal,2026-08-28,bear,49.6000,2026-09-07 13:58:10.465115+00:00,2026-09-07 14:05:26.287215+00:00,,19352,"{""tone"": ""bear"", ""strength"": 88, ""probability"": 49, ""chain"": [{""date"": ""2026-08-24"", ""label"": ""Lower-high confermato"", ""detail"": ""struttura a conferma della continuazione"", ""kind"": ""confirmation""}, {""date"": ""2026-08-28"", ""label"": ""Candela di inversione bear"", ""detail"": ""pattern Engulfing""}, {""date"": ""2026-08-28"", ""label"": ""A resistenza"", ""detail"": ""prezzo 49.60 al livello 49.67""}, {""date"": ""2026-09-02"", ""label"": ""Rifiuto su EMA50"", ""detail"": ""ritorno alla media e rifiuto nel verso del trend"", ""kind"": ""confirmation""}], ""factors"": {""candle_strength"": 0.8832311106860662, ""at_level"": 1.0, ""confirmation_count"": 0.6666666666666666}, ""invalidation"": {""level"": 49.67, ""reason"": ""rottura del resistenza""}, ""sources"": [""Nison - candlestick reversals confirmed at support/resistance""], ""annotations"": {""levels"": [{""label"": ""Resistenza"", ""price"": 49.67, ""kind"": ""resistance""}, {""label"": ""Stop / invalidazione"", ""price"": 49.67, ""kind"": ""stop""}], ""points"": []}, ""atr"": 1.142162366897672, ""horizon"": ""short"", ""regime_at_fire"": ""bull"", ""first_emitted_at"": ""2026-09-07T13:49:52.847753+00:00"", ""amended_at"": ""2026-09-07T13:58:10.461579+00:00"", ""amend_count"": 1}",5,49.779999,49.599998,-0.0036159301650446896,1,0,-0.000591643467493963,2026-09-07 14:05:11.263290+00:00
18148,321,CL,candle_reversal,2026-08-04,bull,92.3100,2026-08-12 18:32:39.399225+00:00,2026-08-12 18:54:37.546150+00:00,,17494,"{""tone"": ""bull"", ""strength"": 84, ""probability"": 49, ""chain"": [{""date"": ""2026-08-04"", ""label"": ""Candela di inversione bull"", ""detail"": ""pattern Engulfing""}, {""date"": ""2026-08-04"", ""label"": ""A supporto"", ""detail"": ""prezzo 92.31 al livello 93.15""}, {""date"": ""2026-08-06"", ""label"": ""MACD cross rialzista"", ""detail"": ""incrocio MACD nel verso del segnale"", ""kind"": ""confirmation""}, {""date"": ""2026-08-10"", ""label"": ""Rifiuto su EMA50"", ""detail"": ""ritorno alla media e rifiuto nel verso del trend"", ""kind"": ""confirmation""}], ""factors"": {""candle_strength"": 0.8392162931839423, ""at_level"": 1.0, ""confirmation_count"": 0.6666666666666666}, ""invalidation"": {""level"": 93.15, ""reason"": ""rottura del supporto""}, ""sources"": [""Nison - candlestick reversals confirmed at support/resistance""], ""annotations"": {""levels"": [{""label"": ""Supporto"", ""price"": 93.15, ""kind"": ""support""}, {""label"": ""Stop / invalidazione"", ""price"": 93.15, ""kind"": ""stop""}], ""points"": []}, ""atr"": 2.3015534873921997, ""horizon"": ""short"", ""regime_at_fire"": ""bull"", ""first_emitted_at"": ""2026-08-12T18:32:40.318549+00:00""}",5,92.529999,92.309998,-0.0023776180955109583,0,0,-0.008018320052916373,2026-08-12 18:54:22.275554+00:00
18715,829,BA.L,candle_reversal,2026-08-12,bull,21.6000,2026-08-19 23:47:20.305697+00:00,2026-08-20 00:20:02.584032+00:00,,18260,"{""tone"": ""bull"", ""strength"": 73, ""probability"": 49, ""chain"": [{""date"": ""2026-08-12"", ""label"": ""Candela di inversione bull"", ""detail"": ""pattern Engulfing""}, {""date"": ""2026-08-12"", ""label"": ""A supporto"", ""detail"": ""prezzo 21.60 al livello 21.77""}], ""factors"": {""candle_strength"": 0.7277777777777743, ""at_level"": 1.0}, ""invalidation"": {""level"": 21.765, ""reason"": ""rottura del supporto""}, ""sources"": [""Nison - candlestick reversals confirmed at support/resistance""], ""annotations"": {""levels"": [{""label"": ""Supporto"", ""price"": 21.765, ""kind"": ""support""}, {""label"": ""Stop / invalidazione"", ""price"": 21.765, ""kind"": ""stop""}], ""points"": []}, ""atr"": 0.644780696849839, ""horizon"": ""short"", ""regime_at_fire"": ""bull"", ""first_emitted_at"": ""2026-08-19T23:33:54.312658+00:00"", ""amended_at"": ""2026-08-19T23:47:20.303421+00:00"", ""amend_count"": 2}",5,22.7,21.6,-0.048458149779735615,0,0,-0.047217373222628145,2026-08-19 23:49:09.106838+00:00
20511,207,0066.HK,candle_reversal,2026-09-04,bull,32.9400,2026-09-12 20:05:44.947930+00:00,2026-09-12 20:08:38.451881+00:00,,19881,"{""tone"": ""bull"", ""strength"": 72, ""probability"": 49, ""chain"": [{""date"": ""2026-09-04"", ""label"": ""Candela di inversione bull"", ""detail"": ""pattern Engulfing""}, {""date"": ""2026-09-04"", ""label"": ""A supporto"", ""detail"": ""prezzo 32.94 al livello 33.02""}, {""date"": ""2026-09-09"", ""label"": ""MACD cross rialzista"", ""detail"": ""incrocio MACD nel verso del segnale"", ""kind"": ""confirmation""}, {""date"": ""2026-09-10"", ""label"": ""Rifiuto su EMA50"", ""detail"": ""ritorno alla media e rifiuto nel verso del trend"", ""kind"": ""confirmation""}], ""factors"": {""candle_strength"": 0.72272298554207, ""at_level"": 1.0, ""confirmation_count"": 0.6666666666666666}, ""invalidation"": {""level"": 33.02, ""reason"": ""rottura del supporto""}, ""sources"": [""Nison - candlestick reversals confirmed at support/resistance""], ""annotations"": {""levels"": [{""label"": ""Supporto"", ""price"": 33.02, ""kind"": ""support""}, {""label"": ""Stop / invalidazione"", ""price"": 33.02, ""kind"": ""stop""}], ""points"": []}, ""atr"": 0.6195321520087848, ""horizon"": ""short"", ""regime_at_fire"": ""bull"", ""first_emitted_at"": ""2026-09-12T20:05:46.118279+00:00""}",5,32.939999,32.939999,0.0,0,1,0.019157088122605415,2026-09-12 20:08:24.009035+00:00
20512,1108,KGF.L,candle_reversal,2026-09-04,bull,2.8850,2026-09-12 20:07:17.329586+00:00,2026-09-12 20:08:38.451881+00:00,,19933,"{""tone"": ""bull"", ""strength"": 95, ""probability"": 49, ""chain"": [{""date"": ""2026-08-28"", ""label"": ""Trend ADX in rafforzamento"", ""detail"": ""ADX conferma la forza del trend"", ""kind"": ""confirmation""}, {""date"": ""2026-09-04"", ""label"": ""Candela di inversione bull"", ""detail"": ""pattern Engulfing""}, {""date"": ""2026-09-04"", ""label"": ""A supporto"", ""detail"": ""prezzo 2.88 al livello 2.85""}], ""factors"": {""candle_strength"": 0.9506318375496197, ""at_level"": 1.0, ""confirmation_count"": 0.3333333333333333}, ""invalidation"": {""level"": 2.85, ""reason"": ""rottura del supporto""}, ""sources"": [""Nison - candlestick reversals confirmed at support/resistance""], ""annotations"": {""levels"": [{""label"": ""Supporto"", ""price"": 2.85, ""kind"": ""support""}, {""label"": ""Stop / invalidazione"", ""price"": 2.85, ""kind"": ""stop""}], ""points"": []}, ""atr"": 0.07370193772705846, ""horizon"": ""short"", ""regime_at_fire"": ""bear"", ""first_emitted_at"": ""2026-09-12T20:07:17.876145+00:00""}",5,3.074,2.885,-0.06148340923877682,0,0,-0.042326321116171406,2026-09-12 20:08:24.009035+00:00
18744,829,BA.L,candle_reversal,2026-08-12,bull,21.6000,2026-08-20 00:26:18.197083+00:00,2026-08-20 00:27:50.392254+00:00,,18260,"{""tone"": ""bull"", ""strength"": 73, ""probability"": 49, ""chain"": [{""date"": ""2026-08-12"", ""label"": ""Candela di inversione bull"", ""detail"": ""pattern Engulfing""}, {""date"": ""2026-08-12"", ""label"": ""A supporto"", ""detail"": ""prezzo 21.60 al livello 21.77""}], ""factors"": {""candle_strength"": 0.7277777777777743, ""at_level"": 1.0}, ""invalidation"": {""level"": 21.765, ""reason"": ""rottura del supporto""}, ""sources"": [""Nison - candlestick reversals confirmed at support/resistance""], ""annotations"": {""levels"": [{""label"": ""Supporto"", ""price"": 21.765, ""kind"": ""support""}, {""label"": ""Stop / invalidazione"", ""price"": 21.765, ""kind"": ""stop""}], ""points"": []}, ""atr"": 0.644780696849839, ""horizon"": ""short"", ""regime_at_fire"": ""bull"", ""first_emitted_at"": ""2026-08-20T00:26:18.383666+00:00""}",5,22.7,21.6,-0.048458149779735615,0,0,-0.047217373222628145,2026-08-20 00:27:36.777236+00:00
20410,77,TIT.MI,candle_reversal,2026-09-03,bull,7.4790,2026-09-11 14:25:23.331607+00:00,2026-09-11 14:31:21.926255+00:00,,19800,"{""tone"": ""bull"", ""strength"": 68, ""probability"": 49, ""chain"": [{""date"": ""2026-09-03"", ""label"": ""Candela di inversione bull"", ""detail"": ""pattern Engulfing""}, {""date"": ""2026-09-03"", ""label"": ""A supporto"", ""detail"": ""prezzo 7.48 al livello 7.65""}, {""date"": ""2026-09-03"", ""label"": ""MACD cross rialzista"", ""detail"": ""incrocio MACD nel verso del segnale"", ""kind"": ""confirmation""}, {""date"": ""2026-09-08"", ""label"": ""Volume sulla salita"", ""detail"": ""volume sopra la media nel verso del segnale"", ""kind"": ""confirmation""}], ""factors"": {""candle_strength"": 0.6810344827586228, ""at_level"": 1.0, ""confirmation_count"": 0.6666666666666666}, ""invalidation"": {""level"": 7.647, ""reason"": ""rottura del supporto""}, ""sources"": [""Nison - candlestick reversals confirmed at support/resistance""], ""annotations"": {""levels"": [{""label"": ""Supporto"", ""price"": 7.647, ""kind"": ""support""}, {""label"": ""Stop / invalidazione"", ""price"": 7.647, ""kind"": ""stop""}], ""points"": []}, ""atr"": 0.1551151696747692, ""horizon"": ""short"", ""regime_at_fire"": ""bull"", ""first_emitted_at"": ""2026-09-11T14:25:24.188011+00:00""}",5,7.763,7.479,-0.036583794924642477,0,0,-0.018867298861650394,2026-09-11 14:31:06.588128+00:00
19895,25,CRM,gap_and_go,2026-08-27,bull,264.4300,2026-09-04 14:19:30.706942+00:00,2026-09-04 14:24:53.637922+00:00,,19243,"{""tone"": ""bull"", ""strength"": 69, ""probability"": 50, ""chain"": [{""date"": ""2026-08-26"", ""label"": ""Rifiuto su EMA200"", ""detail"": ""ritorno alla media e rifiuto nel verso del trend"", ""kind"": ""confirmation""}, {""date"": ""2026-08-27"", ""label"": ""Gap bull"", ""detail"": ""apertura in gap del 11.9%""}, {""date"": ""2026-08-27"", ""label"": ""Conferma volume"", ""detail"": ""4.7x la media: gap partecipato""}, {""date"": ""2026-09-03"", ""label"": ""Trend ADX in rafforzamento"", ""detail"": ""ADX conferma la forza del trend"", ""kind"": ""confirmation""}], ""factors"": {""gap_size"": 0.9219468052762735, ""volume_strength"": 0.5687239471937027, ""trend_alignment"": 1.0, ""confirmation_count"": 0.6666666666666666}, ""invalidation"": null, ""sources"": [""Gap taxonomy (breakaway vs exhaustion) + volume confirmation""], ""annotations"": {""levels"": [], ""points"": []}, ""atr"": 10.609332638703387, ""horizon"": ""short"", ""regime_at_fire"": ""bull"", ""first_emitted_at"": ""2026-09-04T14:19:31.904172+00:00""}",5,252.050003,264.429993,0.049117198383846095,1,1,0.054637326006781395,2026-09-04 14:24:38.534510+00:00
19896,437,HRL,gap_and_go,2026-08-27,bear,21.6800,2026-09-04 14:21:06.336552+00:00,2026-09-04 14:24:53.637922+00:00,,19255,"{""tone"": ""bear"", ""strength"": 67, ""probability"": 50, ""chain"": [{""date"": ""2026-08-26"", ""label"": ""Rifiuto su EMA200"", ""detail"": ""ritorno alla media e rifiuto nel verso del trend"", ""kind"": ""confirmation""}, {""date"": ""2026-08-27"", ""label"": ""Gap bear"", ""detail"": ""apertura in gap del -3.0%""}, {""date"": ""2026-08-27"", ""label"": ""Conferma volume"", ""detail"": ""4.8x la media: gap partecipato""}, {""date"": ""2026-09-03"", ""label"": ""Candela di rifiuto"", ""detail"": ""pattern evening_star"", ""kind"": ""confirmation""}, {""date"": ""2026-09-03"", ""label"": ""Trend ADX in rafforzamento"", ""detail"": ""ADX conferma la forza del trend"", ""kind"": ""confirmation""}], ""factors"": {""gap_size"": 0.5494512990068029, ""volume_strength"": 0.5810899279070256, ""trend_alignment"": 1.0, ""confirmation_count"": 1.0}, ""invalidation"": null, ""sources"": [""Gap taxonomy (breakaway vs exhaustion) + volume confirmation""], ""annotations"": {""levels"": [], ""points"": []}, ""atr"": 0.5737741829728356, ""horizon"": ""short"", ""regime_at_fire"": ""bear"", ""first_emitted_at"": ""2026-09-04T14:21:06.759224+00:00""}",5,21.280001,21.68,0.018796944605406818,0,0,-0.024317072228342118,2026-09-04 14:24:38.534510+00:00
19897,1313,VEEV,gap_and_go,2026-08-27,bull,284.3800,2026-09-04 14:23:03.234708+00:00,2026-09-04 14:24:53.637922+00:00,,19282,"{""tone"": ""bull"", ""strength"": 61, ""probability"": 50, ""chain"": [{""date"": ""2026-08-26"", ""label"": ""Higher-low confermato"", ""detail"": ""struttura a conferma della continuazione"", ""kind"": ""confirmation""}, {""date"": ""2026-08-27"", ""label"": ""Gap bull"", ""detail"": ""apertura in gap del 12.4%""}, {""date"": ""2026-08-27"", ""label"": ""Conferma volume"", ""detail"": ""3.7x la media: gap partecipato""}, {""date"": ""2026-08-27"", ""label"": ""MACD cross rialzista"", ""detail"": ""incrocio MACD nel verso del segnale"", ""kind"": ""confirmation""}, {""date"": ""2026-08-31"", ""label"": ""Candela di rifiuto"", ""detail"": ""pattern engulfing"", ""kind"": ""confirmation""}, {""date"": ""2026-09-03"", ""label"": ""Trend ADX in rafforzamento"", ""detail"": ""ADX conferma la forza del trend"", ""kind"": ""confirmation""}], ""factors"": {""gap_size"": 0.9279281919862548, ""volume_strength"": 0.48629576993099727, ""trend_alignment"": 1.0, ""confirmation_count"": 1.0}, ""invalidation"": null, ""sources"": [""Gap taxonomy (breakaway vs exhaustion) + volume confirmation""], ""annotations"": {""levels"": [], ""points"": []}, ""atr"": 10.88554670447168, ""horizon"": ""short"", ""regime_at_fire"": ""bull"", ""first_emitted_at"": ""2026-09-04T14:23:04.473937+00:00""}",5,282.130005,284.380005,0.007975046822829013,1,1,0.013495174445764313,2026-09-04 14:24:38.534510+00:00
19898,1895,BURL,gap_and_go,2026-08-27,bear,258.5600,2026-09-04 14:23:45.933965+00:00,2026-09-04 14:24:53.637922+00:00,,19305,"{""tone"": ""bear"", ""strength"": 61, ""probability"": 50, ""chain"": [{""date"": ""2026-08-21"", ""label"": ""Candela di rifiuto"", ""detail"": ""pattern engulfing"", ""kind"": ""confirmation""}, {""date"": ""2026-08-27"", ""label"": ""Gap bear"", ""detail"": ""apertura in gap del -2.4%""}, {""date"": ""2026-08-27"", ""label"": ""Conferma volume"", ""detail"": ""4.4x la media: gap partecipato""}, {""date"": ""2026-08-27"", ""label"": ""Rifiuto su EMA200"", ""detail"": ""ritorno alla media e rifiuto nel verso del trend"", ""kind"": ""confirmation""}, {""date"": ""2026-09-03"", ""label"": ""Trend ADX in rafforzamento"", ""detail"": ""ADX conferma la forza del trend"", ""kind"": ""confirmation""}], ""factors"": {""gap_size"": 0.4923639365063834, ""volume_strength"": 0.5451175720453671, ""trend_alignment"": 1.0, ""confirmation_count"": 1.0}, ""invalidation"": null, ""sources"": [""Gap taxonomy (breakaway vs exhaustion) + volume confirmation""], ""annotations"": {""levels"": [], ""points"": []}, ""atr"": 11.864613857794787, ""horizon"": ""short"", ""regime_at_fire"": ""bear"", ""first_emitted_at"": ""2026-09-04T14:23:46.745620+00:00""}",5,290.0,258.559998,-0.1084138,1,1,0.1028936723770647,2026-09-04 14:24:38.534510+00:00
19403,825,AZN.L,candle_reversal,2026-08-21,bull,119.7000,2026-08-29 23:34:01.697396+00:00,2026-08-29 23:44:27.539905+00:00,,18845,"{""tone"": ""bull"", ""strength"": 95, ""probability"": 49, ""chain"": [{""date"": ""2026-08-14"", ""label"": ""Divergenza RSI rialzista"", ""detail"": ""divergenza prezzo / RSI"", ""kind"": ""confirmation""}, {""date"": ""2026-08-19"", ""label"": ""MACD cross rialzista"", ""detail"": ""incrocio MACD nel verso del segnale"", ""kind"": ""confirmation""}, {""date"": ""2026-08-21"", ""label"": ""Candela di inversione bull"", ""detail"": ""pattern Engulfing""}, {""date"": ""2026-08-21"", ""label"": ""A supporto"", ""detail"": ""prezzo 119.70 al livello 117.98""}], ""factors"": {""candle_strength"": 0.9541939276909639, ""at_level"": 1.0, ""confirmation_count"": 0.6666666666666666}, ""invalidation"": {""level"": 117.98, ""reason"": ""rottura del supporto""}, ""sources"": [""Nison - candlestick reversals confirmed at support/resistance""], ""annotations"": {""levels"": [{""label"": ""Supporto"", ""price"": 117.98, ""kind"": ""support""}, {""label"": ""Stop / invalidazione"", ""price"": 117.98, ""kind"": ""stop""}], ""points"": []}, ""atr"": 3.61263352383216, ""horizon"": ""short"", ""regime_at_fire"": ""bear"", ""first_emitted_at"": ""2026-08-29T23:34:02.608436+00:00""}",5,122.4,119.7,-0.022058823529411797,0,0,-0.019747721124797724,2026-08-29 23:44:11.768009+00:00
20044,397,FAST,candle_reversal,2026-08-28,bear,49.6000,2026-09-07 18:32:25.398115+00:00,2026-09-07 18:42:25.745610+00:00,,19352,"{""tone"": ""bear"", ""strength"": 88, ""probability"": 49, ""chain"": [{""date"": ""2026-08-24"", ""label"": ""Lower-high confermato"", ""detail"": ""struttura a conferma della continuazione"", ""kind"": ""confirmation""}, {""date"": ""2026-08-28"", ""label"": ""Candela di inversione bear"", ""detail"": ""pattern Engulfing""}, {""date"": ""2026-08-28"", ""label"": ""A resistenza"", ""detail"": ""prezzo 49.60 al livello 49.67""}, {""date"": ""2026-09-02"", ""label"": ""Rifiuto su EMA50"", ""detail"": ""ritorno alla media e rifiuto nel verso del trend"", ""kind"": ""confirmation""}], ""factors"": {""candle_strength"": 0.8832311106860662, ""at_level"": 1.0, ""confirmation_count"": 0.6666666666666666}, ""invalidation"": {""level"": 49.67, ""reason"": ""rottura del resistenza""}, ""sources"": [""Nison - candlestick reversals confirmed at support/resistance""], ""annotations"": {""levels"": [{""label"": ""Resistenza"", ""price"": 49.67, ""kind"": ""resistance""}, {""label"": ""Stop / invalidazione"", ""price"": 49.67, ""kind"": ""stop""}], ""points"": []}, ""atr"": 1.142162366897672, ""horizon"": ""short"", ""regime_at_fire"": ""bull"", ""first_emitted_at"": ""2026-09-07T18:32:26.292638+00:00""}",5,49.779999,49.599998,-0.0036159301650446896,1,0,-0.0021103128687374184,2026-09-07 18:42:10.622325+00:00
18376,374,EMR,candle_reversal,2026-08-06,bear,164.2100,2026-08-14 18:34:51.681344+00:00,2026-08-14 18:43:27.540676+00:00,,17782,"{""tone"": ""bear"", ""strength"": 62, ""probability"": 49, ""chain"": [{""date"": ""2026-08-05"", ""label"": ""RSI ipercomprato"", ""detail"": ""estremo RSI a conferma del segnale"", ""kind"": ""confirmation""}, {""date"": ""2026-08-06"", ""label"": ""Candela di inversione bear"", ""detail"": ""pattern Engulfing""}, {""date"": ""2026-08-06"", ""label"": ""A resistenza"", ""detail"": ""prezzo 164.21 al livello 165.15""}], ""factors"": {""candle_strength"": 0.6245758138469084, ""at_level"": 1.0, ""confirmation_count"": 0.3333333333333333}, ""invalidation"": {""level"": 165.15, ""reason"": ""rottura del resistenza""}, ""sources"": [""Nison - candlestick reversals confirmed at support/resistance""], ""annotations"": {""levels"": [{""label"": ""Resistenza"", ""price"": 165.15, ""kind"": ""resistance""}, {""label"": ""Stop / invalidazione"", ""price"": 165.15, ""kind"": ""stop""}], ""points"": []}, ""atr"": 4.7413326737802155, ""horizon"": ""short"", ""regime_at_fire"": ""bull"", ""first_emitted_at"": ""2026-08-14T18:34:52.628296+00:00""}",5,156.910004,164.210007,0.04652350273345229,0,0,-0.028811168858575497,2026-08-14 18:43:11.668686+00:00
18365,513,MAA,candle_reversal,2026-08-06,bear,134.2000,2026-08-14 18:33:12.360029+00:00,2026-08-14 18:43:27.540676+00:00,,17794,"{""tone"": ""bear"", ""strength"": 61, ""probability"": 49, ""chain"": [{""date"": ""2026-07-31"", ""label"": ""Rifiuto su EMA200"", ""detail"": ""ritorno alla media e rifiuto nel verso del trend"", ""kind"": ""confirmation""}, {""date"": ""2026-07-31"", ""label"": ""Volume sulla discesa"", ""detail"": ""volume sopra la media nel verso del segnale"", ""kind"": ""confirmation""}, {""date"": ""2026-08-06"", ""label"": ""Candela di inversione bear"", ""detail"": ""pattern Engulfing""}, {""date"": ""2026-08-06"", ""label"": ""A resistenza"", ""detail"": ""prezzo 134.20 al livello 135.42""}, {""date"": ""2026-08-06"", ""label"": ""Lower-high confermato"", ""detail"": ""struttura a conferma della continuazione"", ""kind"": ""confirmation""}, {""date"": ""2026-08-10"", ""label"": ""MACD cross ribassista"", ""detail"": ""incrocio MACD nel verso del segnale"", ""kind"": ""confirmation""}], ""factors"": {""candle_strength"": 0.6060143508352616, ""at_level"": 1.0, ""confirmation_count"": 1.0}, ""invalidation"": {""level"": 135.42, ""reason"": ""rottura del resistenza""}, ""sources"": [""Nison - candlestick reversals confirmed at support/resistance""], ""annotations"": {""levels"": [{""label"": ""Resistenza"", ""price"": 135.42, ""kind"": ""resistance""}, {""label"": ""Stop / invalidazione"", ""price"": 135.42, ""kind"": ""stop""}], ""points"": []}, ""atr"": 2.6339763776193106, ""horizon"": ""short"", ""regime_at_fire"": ""bull"", ""first_emitted_at"": ""2026-08-14T18:33:12.740622+00:00""}",5,133.630005,134.199997,0.004265449215540951,0,1,0.013446884659335846,2026-08-14 18:43:11.668686+00:00
18415,866,IMB.L,candle_reversal,2026-08-07,bull,26.0900,2026-08-14 23:33:34.480251+00:00,2026-08-15 23:41:58.291903+00:00,,17852,"{""tone"": ""bull"", ""strength"": 62, ""probability"": 49, ""chain"": [{""date"": ""2026-08-07"", ""label"": ""Candela di inversione bull"", ""detail"": ""pattern Engulfing""}, {""date"": ""2026-08-07"", ""label"": ""A supporto"", ""detail"": ""prezzo 26.09 al livello 26.26""}, {""date"": ""2026-08-07"", ""label"": ""Trend ADX in rafforzamento"", ""detail"": ""ADX conferma la forza del trend"", ""kind"": ""confirmation""}], ""factors"": {""candle_strength"": 0.6234693877551079, ""at_level"": 1.0, ""confirmation_count"": 0.3333333333333333}, ""invalidation"": {""level"": 26.26, ""reason"": ""rottura del supporto""}, ""sources"": [""Nison - candlestick reversals confirmed at support/resistance""], ""annotations"": {""levels"": [{""label"": ""Supporto"", ""price"": 26.26, ""kind"": ""support""}, {""label"": ""Stop / invalidazione"", ""price"": 26.26, ""kind"": ""stop""}], ""points"": []}, ""atr"": 0.6954553207070747, ""horizon"": ""short"", ""regime_at_fire"": ""bear"", ""first_emitted_at"": ""2026-08-14T23:33:34.662911+00:00""}",5,27.91,26.09,-0.06520960229308492,0,0,-0.07452232705363661,2026-08-14 23:39:08.042357+00:00
18531,859,HSX.L,candle_reversal,2026-08-10,bear,18.0400,2026-08-17 23:34:04.061467+00:00,2026-08-18 18:46:25.869349+00:00,,18470,"{""tone"": ""bear"", ""strength"": 80, ""probability"": 49, ""chain"": [{""date"": ""2026-08-03"", ""label"": ""Volume sulla discesa"", ""detail"": ""volume sopra la media nel verso del segnale"", ""kind"": ""confirmation""}, {""date"": ""2026-08-04"", ""label"": ""Rifiuto su EMA50"", ""detail"": ""ritorno alla media e rifiuto nel verso del trend"", ""kind"": ""confirmation""}, {""date"": ""2026-08-07"", ""label"": ""Lower-high confermato"", ""detail"": ""struttura a conferma della continuazione"", ""kind"": ""confirmation""}, {""date"": ""2026-08-10"", ""label"": ""Candela di inversione bear"", ""detail"": ""pattern Engulfing""}, {""date"": ""2026-08-10"", ""label"": ""A resistenza"", ""detail"": ""prezzo 18.04 al livello 18.51""}], ""factors"": {""candle_strength"": 0.8000000000000023, ""at_level"": 1.0, ""confirmation_count"": 1.0}, ""invalidation"": {""level"": 18.51, ""reason"": ""rottura del resistenza""}, ""sources"": [""Nison - candlestick reversals confirmed at support/resistance""], ""annotations"": {""levels"": [{""label"": ""Resistenza"", ""price"": 18.51, ""kind"": ""resistance""}, {""label"": ""Stop / invalidazione"", ""price"": 18.51, ""kind"": ""stop""}], ""points"": []}, ""atr"": 0.3388236031503565, ""horizon"": ""short"", ""regime_at_fire"": ""bull"", ""first_emitted_at"": ""2026-08-17T23:34:04.607094+00:00""}",5,18.07,18.04,-0.0016602102933038765,1,1,0.005435609358793489,2026-08-17 23:43:33.399894+00:00
19325,586,RMD,candle_reversal,2026-08-20,bear,235.7600,2026-08-28 12:41:58.121474+00:00,2026-08-28 12:44:38.031844+00:00,,18813,"{""tone"": ""bear"", ""strength"": 67, ""probability"": 49, ""chain"": [{""date"": ""2026-08-17"", ""label"": ""Rifiuto su EMA200"", ""detail"": ""ritorno alla media e rifiuto nel verso del trend"", ""kind"": ""confirmation""}, {""date"": ""2026-08-20"", ""label"": ""Candela di inversione bear"", ""detail"": ""pattern Shooting star""}, {""date"": ""2026-08-20"", ""label"": ""A resistenza"", ""detail"": ""prezzo 235.76 al livello 234.91""}], ""factors"": {""candle_strength"": 0.6680069414316727, ""at_level"": 1.0, ""confirmation_count"": 0.3333333333333333}, ""invalidation"": {""level"": 234.91, ""reason"": ""rottura del resistenza""}, ""sources"": [""Nison - candlestick reversals confirmed at support/resistance""], ""annotations"": {""levels"": [{""label"": ""Resistenza"", ""price"": 234.91, ""kind"": ""resistance""}, {""label"": ""Stop / invalidazione"", ""price"": 234.91, ""kind"": ""stop""}], ""points"": []}, ""atr"": 6.696209918187557, ""horizon"": ""short"", ""regime_at_fire"": ""bull"", ""first_emitted_at"": ""2026-08-28T12:41:58.898838+00:00""}",5,228.440002,235.759995,0.03204339404619683,0,0,-0.027766421665171404,2026-08-28 12:44:23.858741+00:00
19690,1583,DKS,gap_and_go,2026-08-25,bear,132.9500,2026-09-02 11:04:00.943149+00:00,2026-09-02 11:05:21.680617+00:00,,19098,"{""tone"": ""bear"", ""strength"": 99, ""probability"": 50, ""chain"": [{""date"": ""2026-08-18"", ""label"": ""MACD cross ribassista"", ""detail"": ""incrocio MACD nel verso del segnale"", ""kind"": ""confirmation""}, {""date"": ""2026-08-24"", ""label"": ""Candela di rifiuto"", ""detail"": ""pattern engulfing"", ""kind"": ""confirmation""}, {""date"": ""2026-08-25"", ""label"": ""Gap bear"", ""detail"": ""apertura in gap del -20.6%""}, {""date"": ""2026-08-25"", ""label"": ""Conferma volume"", ""detail"": ""22.1x la media: gap partecipato""}, {""date"": ""2026-09-01"", ""label"": ""Trend ADX in rafforzamento"", ""detail"": ""ADX conferma la forza del trend"", ""kind"": ""confirmation""}], ""factors"": {""gap_size"": 0.9741282176087965, ""volume_strength"": 1.0, ""trend_alignment"": 1.0, ""confirmation_count"": 1.0}, ""invalidation"": null, ""sources"": [""Gap taxonomy (breakaway vs exhaustion) + volume confirmation""], ""annotations"": {""levels"": [], ""points"": []}, ""atr"": 9.220974913504417, ""horizon"": ""short"", ""regime_at_fire"": ""bear"", ""first_emitted_at"": ""2026-09-02T10:54:20.549010+00:00"", ""amended_at"": ""2026-09-02T11:04:00.941550+00:00"", ""amend_count"": 1}",5,124.309998,132.949997,0.06950365327815389,0,0,-0.0874109938138945,2026-09-02 11:05:02.889814+00:00
19345,1568,9999.HK,candle_reversal,2026-08-21,bull,192.2000,2026-08-28 18:35:06.080136+00:00,2026-08-29 23:44:27.539905+00:00,,18924,"{""tone"": ""bull"", ""strength"": 66, ""probability"": 49, ""chain"": [{""date"": ""2026-08-21"", ""label"": ""Candela di inversione bull"", ""detail"": ""pattern Engulfing""}, {""date"": ""2026-08-21"", ""label"": ""A supporto"", ""detail"": ""prezzo 192.20 al livello 188.40""}, {""date"": ""2026-08-21"", ""label"": ""Higher-low confermato"", ""detail"": ""struttura a conferma della continuazione"", ""kind"": ""confirmation""}, {""date"": ""2026-08-21"", ""label"": ""Volume sulla salita"", ""detail"": ""volume sopra la media nel verso del segnale"", ""kind"": ""confirmation""}], ""factors"": {""candle_strength"": 0.6558824826989047, ""at_level"": 1.0, ""confirmation_count"": 0.6666666666666666}, ""invalidation"": {""level"": 188.399994, ""reason"": ""rottura del supporto""}, ""sources"": [""Nison - candlestick reversals confirmed at support/resistance""], ""annotations"": {""levels"": [{""label"": ""Supporto"", ""price"": 188.399994, ""kind"": ""support""}, {""label"": ""Stop / invalidazione"", ""price"": 188.399994, ""kind"": ""stop""}], ""points"": []}, ""atr"": 7.30320582236844, ""horizon"": ""short"", ""regime_at_fire"": ""bear"", ""first_emitted_at"": ""2026-08-28T18:35:06.961601+00:00""}",5,202.0,192.199997,-0.04851486633663371,0,0,-0.053429491195692735,2026-08-28 18:44:25.198976+00:00
20063,386,EVRG,candle_reversal,2026-08-28,bear,81.5400,2026-09-07 23:31:43.466401+00:00,2026-09-07 23:40:55.004956+00:00,,19351,"{""tone"": ""bear"", ""strength"": 73, ""probability"": 49, ""chain"": [{""date"": ""2026-08-21"", ""label"": ""Rifiuto su EMA50"", ""detail"": ""ritorno alla media e rifiuto nel verso del trend"", ""kind"": ""confirmation""}, {""date"": ""2026-08-21"", ""label"": ""MACD cross ribassista"", ""detail"": ""incrocio MACD nel verso del segnale"", ""kind"": ""confirmation""}, {""date"": ""2026-08-28"", ""label"": ""Candela di inversione bear"", ""detail"": ""pattern Engulfing""}, {""date"": ""2026-08-28"", ""label"": ""A resistenza"", ""detail"": ""prezzo 81.54 al livello 83.19""}], ""factors"": {""candle_strength"": 0.7292212177449997, ""at_level"": 1.0, ""confirmation_count"": 0.6666666666666666}, ""invalidation"": {""level"": 83.19, ""reason"": ""rottura del resistenza""}, ""sources"": [""Nison - candlestick reversals confirmed at support/resistance""], ""annotations"": {""levels"": [{""label"": ""Resistenza"", ""price"": 83.19, ""kind"": ""resistance""}, {""label"": ""Stop / invalidazione"", ""price"": 83.19, ""kind"": ""stop""}], ""points"": []}, ""atr"": 1.3525859438189198, ""horizon"": ""short"", ""regime_at_fire"": ""bull"", ""first_emitted_at"": ""2026-09-07T23:31:43.644620+00:00""}",5,80.650002,81.540001,0.011035325206811608,0,0,-0.016761568240593716,2026-09-07 23:40:39.446313+00:00
20064,397,FAST,candle_reversal,2026-08-28,bear,49.6000,2026-09-07 23:31:44.435059+00:00,2026-09-07 23:40:55.004956+00:00,,19352,"{""tone"": ""bear"", ""strength"": 88, ""probability"": 49, ""chain"": [{""date"": ""2026-08-24"", ""label"": ""Lower-high confermato"", ""detail"": ""struttura a conferma della continuazione"", ""kind"": ""confirmation""}, {""date"": ""2026-08-28"", ""label"": ""Candela di inversione bear"", ""detail"": ""pattern Engulfing""}, {""date"": ""2026-08-28"", ""label"": ""A resistenza"", ""detail"": ""prezzo 49.60 al livello 49.67""}, {""date"": ""2026-09-02"", ""label"": ""Rifiuto su EMA50"", ""detail"": ""ritorno alla media e rifiuto nel verso del trend"", ""kind"": ""confirmation""}], ""factors"": {""candle_strength"": 0.8832311106860662, ""at_level"": 1.0, ""confirmation_count"": 0.6666666666666666}, ""invalidation"": {""level"": 49.67, ""reason"": ""rottura del resistenza""}, ""sources"": [""Nison - candlestick reversals confirmed at support/resistance""], ""annotations"": {""levels"": [{""label"": ""Resistenza"", ""price"": 49.67, ""kind"": ""resistance""}, {""label"": ""Stop / invalidazione"", ""price"": 49.67, ""kind"": ""stop""}], ""points"": []}, ""atr"": 1.142162366897672, ""horizon"": ""short"", ""regime_at_fire"": ""bull"", ""first_emitted_at"": ""2026-09-07T23:31:45.172492+00:00""}",5,49.779999,49.599998,-0.0036159301650446896,1,0,-0.0021103128687374184,2026-09-07 23:40:39.446313+00:00
18745,688,YUM,candle_reversal,2026-08-12,bull,145.9300,2026-08-20 12:11:28.149667+00:00,2026-08-20 12:17:50.426573+00:00,,18206,"{""tone"": ""bull"", ""strength"": 89, ""probability"": 49, ""chain"": [{""date"": ""2026-08-11"", ""label"": ""Divergenza RSI rialzista"", ""detail"": ""divergenza prezzo / RSI"", ""kind"": ""confirmation""}, {""date"": ""2026-08-12"", ""label"": ""Candela di inversione bull"", ""detail"": ""pattern Engulfing""}, {""date"": ""2026-08-12"", ""label"": ""A supporto"", ""detail"": ""prezzo 145.93 al livello 145.44""}, {""date"": ""2026-08-13"", ""label"": ""MACD cross rialzista"", ""detail"": ""incrocio MACD nel verso del segnale"", ""kind"": ""confirmation""}], ""factors"": {""candle_strength"": 0.8850419521297137, ""at_level"": 1.0, ""confirmation_count"": 0.6666666666666666}, ""invalidation"": {""level"": 145.44, ""reason"": ""rottura del supporto""}, ""sources"": [""Nison - candlestick reversals confirmed at support/resistance""], ""annotations"": {""levels"": [{""label"": ""Supporto"", ""price"": 145.44, ""kind"": ""support""}, {""label"": ""Stop / invalidazione"", ""price"": 145.44, ""kind"": ""stop""}], ""points"": []}, ""atr"": 4.3742583132745105, ""horizon"": ""short"", ""regime_at_fire"": ""bear"", ""first_emitted_at"": ""2026-08-20T12:11:28.902407+00:00""}",5,150.339996,145.929993,-0.029333531444287186,0,0,-0.02808085660051583,2026-08-20 12:17:35.955741+00:00
20018,386,EVRG,candle_reversal,2026-08-28,bear,81.5400,2026-09-05 00:30:44.112912+00:00,2026-09-05 00:34:09.383857+00:00,,19351,"{""tone"": ""bear"", ""strength"": 73, ""probability"": 49, ""chain"": [{""date"": ""2026-08-21"", ""label"": ""Rifiuto su EMA50"", ""detail"": ""ritorno alla media e rifiuto nel verso del trend"", ""kind"": ""confirmation""}, {""date"": ""2026-08-21"", ""label"": ""MACD cross ribassista"", ""detail"": ""incrocio MACD nel verso del segnale"", ""kind"": ""confirmation""}, {""date"": ""2026-08-28"", ""label"": ""Candela di inversione bear"", ""detail"": ""pattern Engulfing""}, {""date"": ""2026-08-28"", ""label"": ""A resistenza"", ""detail"": ""prezzo 81.54 al livello 83.19""}], ""factors"": {""candle_strength"": 0.7292212177449997, ""at_level"": 1.0, ""confirmation_count"": 0.6666666666666666}, ""invalidation"": {""level"": 83.19, ""reason"": ""rottura del resistenza""}, ""sources"": [""Nison - candlestick reversals confirmed at support/resistance""], ""annotations"": {""levels"": [{""label"": ""Resistenza"", ""price"": 83.19, ""kind"": ""resistance""}, {""label"": ""Stop / invalidazione"", ""price"": 83.19, ""kind"": ""stop""}], ""points"": []}, ""atr"": 1.3525859438189198, ""horizon"": ""short"", ""regime_at_fire"": ""bull"", ""first_emitted_at"": ""2026-09-05T00:23:09.215838+00:00"", ""amended_at"": ""2026-09-05T00:30:44.110534+00:00"", ""amend_count"": 1}",5,80.650002,81.540001,0.011035325206811608,0,0,-0.01524289883935026,2026-09-05 00:33:54.105446+00:00
19202,384,EL,gap_and_go,2026-08-19,bull,105.0600,2026-08-27 00:56:44.542951+00:00,2026-08-27 01:02:34.641713+00:00,,18801,"{""tone"": ""bull"", ""strength"": 77, ""probability"": 50, ""chain"": [{""date"": ""2026-08-18"", ""label"": ""Higher-low confermato"", ""detail"": ""struttura a conferma della continuazione"", ""kind"": ""confirmation""}, {""date"": ""2026-08-19"", ""label"": ""Gap bull"", ""detail"": ""apertura in gap del 11.2%""}, {""date"": ""2026-08-19"", ""label"": ""Conferma volume"", ""detail"": ""5.8x la media: gap partecipato""}, {""date"": ""2026-08-19"", ""label"": ""MACD cross rialzista"", ""detail"": ""incrocio MACD nel verso del segnale"", ""kind"": ""confirmation""}, {""date"": ""2026-08-19"", ""label"": ""Candela di rifiuto"", ""detail"": ""pattern morning_star"", ""kind"": ""confirmation""}, {""date"": ""2026-08-26"", ""label"": ""Trend ADX in rafforzamento"", ""detail"": ""ADX conferma la forza del trend"", ""kind"": ""confirmation""}], ""factors"": {""gap_size"": 0.9142429099843803, ""volume_strength"": 0.6480096151694179, ""trend_alignment"": 1.0, ""confirmation_count"": 1.0}, ""invalidation"": null, ""sources"": [""Gap taxonomy (breakaway vs exhaustion) + volume confirmation""], ""annotations"": {""levels"": [], ""points"": []}, ""atr"": 3.330308891292411, ""horizon"": ""short"", ""regime_at_fire"": ""bull"", ""first_emitted_at"": ""2026-08-27T00:56:45.483944+00:00""}",5,98.010002,105.059998,0.07193139328779918,1,1,0.06846959876315167,2026-08-27 01:02:20.493568+00:00
18933,128,CS.PA,candle_reversal,2026-08-14,bull,43.7200,2026-08-23 23:33:44.637976+00:00,2026-08-23 23:38:03.068654+00:00,,18374,"{""tone"": ""bull"", ""strength"": 66, ""probability"": 49, ""chain"": [{""date"": ""2026-08-14"", ""label"": ""Candela di inversione bull"", ""detail"": ""pattern Engulfing""}, {""date"": ""2026-08-14"", ""label"": ""A supporto"", ""detail"": ""prezzo 43.72 al livello 44.25""}], ""factors"": {""candle_strength"": 0.6583368923685136, ""at_level"": 1.0}, ""invalidation"": {""level"": 44.25, ""reason"": ""rottura del supporto""}, ""sources"": [""Nison - candlestick reversals confirmed at support/resistance""], ""annotations"": {""levels"": [{""label"": ""Supporto"", ""price"": 44.25, ""kind"": ""support""}, {""label"": ""Stop / invalidazione"", ""price"": 44.25, ""kind"": ""stop""}], ""points"": []}, ""atr"": 0.5570801865300637, ""horizon"": ""short"", ""regime_at_fire"": ""bull"", ""first_emitted_at"": ""2026-08-23T23:33:45.206856+00:00""}",5,45.049999,43.720001,-0.029522708757440785,0,0,-0.025174072508430526,2026-08-23 23:37:47.484199+00:00
18843,624,TPR,gap_and_go,2026-08-13,bear,129.8200,2026-08-21 18:33:30.094456+00:00,2026-08-21 18:45:24.876440+00:00,,18603,"{""tone"": ""bear"", ""strength"": 61, ""probability"": 50, ""chain"": [{""date"": ""2026-08-10"", ""label"": ""RSI ipercomprato"", ""detail"": ""estremo RSI a conferma del segnale"", ""kind"": ""confirmation""}, {""date"": ""2026-08-13"", ""label"": ""Gap bear"", ""detail"": ""apertura in gap del -13.7%""}, {""date"": ""2026-08-13"", ""label"": ""Conferma volume"", ""detail"": ""3.8x la media: gap partecipato""}, {""date"": ""2026-08-13"", ""label"": ""MACD cross ribassista"", ""detail"": ""incrocio MACD nel verso del segnale"", ""kind"": ""confirmation""}, {""date"": ""2026-08-19"", ""label"": ""Rifiuto su EMA200"", ""detail"": ""ritorno alla media e rifiuto nel verso del trend"", ""kind"": ""confirmation""}, {""date"": ""2026-08-20"", ""label"": ""Trend ADX in rafforzamento"", ""detail"": ""ADX conferma la forza del trend"", ""kind"": ""confirmation""}, {""date"": ""2026-08-20"", ""label"": ""Candela di rifiuto"", ""detail"": ""pattern evening_star"", ""kind"": ""confirmation""}], ""factors"": {""gap_size"": 0.939621101168295, ""volume_strength"": 0.4931827486936266, ""trend_alignment"": 1.0, ""confirmation_count"": 1.0}, ""invalidation"": null, ""sources"": [""Gap taxonomy (breakaway vs exhaustion) + volume confirmation""], ""annotations"": {""levels"": [], ""points"": []}, ""atr"": 5.800085690025122, ""horizon"": ""short"", ""regime_at_fire"": ""bear"", ""first_emitted_at"": ""2026-08-21T18:33:30.846281+00:00""}",5,128.389999,129.820007,0.011138001488729676,0,0,-0.021309685616312794,2026-08-21 18:45:04.981775+00:00
19406,1568,9999.HK,candle_reversal,2026-08-21,bull,192.2000,2026-08-29 23:34:49.140125+00:00,2026-08-29 23:44:27.539905+00:00,,18924,"{""tone"": ""bull"", ""strength"": 66, ""probability"": 49, ""chain"": [{""date"": ""2026-08-21"", ""label"": ""Candela di inversione bull"", ""detail"": ""pattern Engulfing""}, {""date"": ""2026-08-21"", ""label"": ""A supporto"", ""detail"": ""prezzo 192.20 al livello 188.40""}, {""date"": ""2026-08-21"", ""label"": ""Higher-low confermato"", ""detail"": ""struttura a conferma della continuazione"", ""kind"": ""confirmation""}, {""date"": ""2026-08-21"", ""label"": ""Volume sulla salita"", ""detail"": ""volume sopra la media nel verso del segnale"", ""kind"": ""confirmation""}], ""factors"": {""candle_strength"": 0.6558824826989047, ""at_level"": 1.0, ""confirmation_count"": 0.6666666666666666}, ""invalidation"": {""level"": 188.399994, ""reason"": ""rottura del supporto""}, ""sources"": [""Nison - candlestick reversals confirmed at support/resistance""], ""annotations"": {""levels"": [{""label"": ""Supporto"", ""price"": 188.399994, ""kind"": ""support""}, {""label"": ""Stop / invalidazione"", ""price"": 188.399994, ""kind"": ""stop""}], ""points"": []}, ""atr"": 7.30320582236844, ""horizon"": ""short"", ""regime_at_fire"": ""bear"", ""first_emitted_at"": ""2026-08-29T23:34:50.050879+00:00""}",5,202.0,192.199997,-0.04851486633663371,0,0,-0.04620376393201964,2026-08-29 23:44:11.768009+00:00
20020,662,VTRS,candle_reversal,2026-08-28,bear,16.8800,2026-09-05 00:31:55.311872+00:00,2026-09-05 00:34:09.383857+00:00,,19366,"{""tone"": ""bear"", ""strength"": 61, ""probability"": 49, ""chain"": [{""date"": ""2026-08-28"", ""label"": ""Candela di inversione bear"", ""detail"": ""pattern Engulfing""}, {""date"": ""2026-08-28"", ""label"": ""A resistenza"", ""detail"": ""prezzo 16.88 al livello 16.76""}], ""factors"": {""candle_strength"": 0.6119694901838117, ""at_level"": 1.0}, ""invalidation"": {""level"": 16.76, ""reason"": ""rottura del resistenza""}, ""sources"": [""Nison - candlestick reversals confirmed at support/resistance""], ""annotations"": {""levels"": [{""label"": ""Resistenza"", ""price"": 16.76, ""kind"": ""resistance""}, {""label"": ""Stop / invalidazione"", ""price"": 16.76, ""kind"": ""stop""}], ""points"": []}, ""atr"": 0.45453788450686555, ""horizon"": ""short"", ""regime_at_fire"": ""bull"", ""first_emitted_at"": ""2026-09-05T00:24:18.771931+00:00"", ""amended_at"": ""2026-09-05T00:31:55.309365+00:00"", ""amend_count"": 1}",5,16.34,16.879999,0.03304767441860479,0,0,-0.03725524805114344,2026-09-05 00:33:54.105446+00:00
20399,77,TIT.MI,candle_reversal,2026-09-03,bull,7.4790,2026-09-10 23:30:38.990339+00:00,2026-09-11 14:13:14.138150+00:00,,19800,"{""tone"": ""bull"", ""strength"": 68, ""probability"": 49, ""chain"": [{""date"": ""2026-09-03"", ""label"": ""Candela di inversione bull"", ""detail"": ""pattern Engulfing""}, {""date"": ""2026-09-03"", ""label"": ""A supporto"", ""detail"": ""prezzo 7.48 al livello 7.65""}, {""date"": ""2026-09-03"", ""label"": ""MACD cross rialzista"", ""detail"": ""incrocio MACD nel verso del segnale"", ""kind"": ""confirmation""}, {""date"": ""2026-09-08"", ""label"": ""Volume sulla salita"", ""detail"": ""volume sopra la media nel verso del segnale"", ""kind"": ""confirmation""}], ""factors"": {""candle_strength"": 0.6810344827586228, ""at_level"": 1.0, ""confirmation_count"": 0.6666666666666666}, ""invalidation"": {""level"": 7.647, ""reason"": ""rottura del supporto""}, ""sources"": [""Nison - candlestick reversals confirmed at support/resistance""], ""annotations"": {""levels"": [{""label"": ""Supporto"", ""price"": 7.647, ""kind"": ""support""}, {""label"": ""Stop / invalidazione"", ""price"": 7.647, ""kind"": ""stop""}], ""points"": []}, ""atr"": 0.1551151696747692, ""horizon"": ""short"", ""regime_at_fire"": ""bull"", ""first_emitted_at"": ""2026-09-10T23:30:39.728220+00:00""}",5,7.763,7.479,-0.036583794924642477,0,0,-0.018867298861650394,2026-09-10 23:38:00.687040+00:00
20085,201,0027.HK,candle_reversal,2026-09-01,bear,33.7200,2026-09-08 10:11:07.702640+00:00,2026-09-09 08:57:54.490977+00:00,,19481,"{""tone"": ""bear"", ""strength"": 85, ""probability"": 49, ""chain"": [{""date"": ""2026-08-26"", ""label"": ""MACD cross ribassista"", ""detail"": ""incrocio MACD nel verso del segnale"", ""kind"": ""confirmation""}, {""date"": ""2026-08-27"", ""label"": ""Rifiuto su EMA200"", ""detail"": ""ritorno alla media e rifiuto nel verso del trend"", ""kind"": ""confirmation""}, {""date"": ""2026-09-01"", ""label"": ""Candela di inversione bear"", ""detail"": ""pattern Engulfing""}, {""date"": ""2026-09-01"", ""label"": ""A resistenza"", ""detail"": ""prezzo 33.72 al livello 34.08""}, {""date"": ""2026-09-08"", ""label"": ""Trend ADX in rafforzamento"", ""detail"": ""ADX conferma la forza del trend"", ""kind"": ""confirmation""}], ""factors"": {""candle_strength"": 0.8526295783300267, ""at_level"": 1.0, ""confirmation_count"": 1.0}, ""invalidation"": {""level"": 34.08, ""reason"": ""rottura del resistenza""}, ""sources"": [""Nison - candlestick reversals confirmed at support/resistance""], ""annotations"": {""levels"": [{""label"": ""Resistenza"", ""price"": 34.08, ""kind"": ""resistance""}, {""label"": ""Stop / invalidazione"", ""price"": 34.08, ""kind"": ""stop""}], ""points"": []}, ""atr"": 0.8154391415673875, ""horizon"": ""short"", ""regime_at_fire"": ""bear"", ""first_emitted_at"": ""2026-09-08T10:11:08.681586+00:00""}",5,33.080002,33.720001,0.019347006085429053,0,0,-0.02788484419146775,2026-09-08 10:12:12.325308+00:00
19371,825,AZN.L,candle_reversal,2026-08-21,bull,119.7000,2026-08-28 23:32:53.698735+00:00,2026-08-29 23:44:27.539905+00:00,,18845,"{""tone"": ""bull"", ""strength"": 95, ""probability"": 49, ""chain"": [{""date"": ""2026-08-14"", ""label"": ""Divergenza RSI rialzista"", ""detail"": ""divergenza prezzo / RSI"", ""kind"": ""confirmation""}, {""date"": ""2026-08-19"", ""label"": ""MACD cross rialzista"", ""detail"": ""incrocio MACD nel verso del segnale"", ""kind"": ""confirmation""}, {""date"": ""2026-08-21"", ""label"": ""Candela di inversione bull"", ""detail"": ""pattern Engulfing""}, {""date"": ""2026-08-21"", ""label"": ""A supporto"", ""detail"": ""prezzo 119.70 al livello 117.98""}], ""factors"": {""candle_strength"": 0.9541939276909639, ""at_level"": 1.0, ""confirmation_count"": 0.6666666666666666}, ""invalidation"": {""level"": 117.98, ""reason"": ""rottura del supporto""}, ""sources"": [""Nison - candlestick reversals confirmed at support/resistance""], ""annotations"": {""levels"": [{""label"": ""Supporto"", ""price"": 117.98, ""kind"": ""support""}, {""label"": ""Stop / invalidazione"", ""price"": 117.98, ""kind"": ""stop""}], ""points"": []}, ""atr"": 3.61263352383216, ""horizon"": ""short"", ""regime_at_fire"": ""bear"", ""first_emitted_at"": ""2026-08-28T23:32:54.614705+00:00""}",5,122.4,119.7,-0.022058823529411797,0,0,-0.019747721124797724,2026-08-28 23:40:26.488259+00:00
19372,860,HWDN.L,candle_reversal,2026-08-21,bull,7.9400,2026-08-28 23:33:01.120401+00:00,2026-08-29 23:44:27.539905+00:00,,18849,"{""tone"": ""bull"", ""strength"": 71, ""probability"": 49, ""chain"": [{""date"": ""2026-08-14"", ""label"": ""Rifiuto su EMA200"", ""detail"": ""ritorno alla media e rifiuto nel verso del trend"", ""kind"": ""confirmation""}, {""date"": ""2026-08-18"", ""label"": ""Higher-low confermato"", ""detail"": ""struttura a conferma della continuazione"", ""kind"": ""confirmation""}, {""date"": ""2026-08-21"", ""label"": ""Candela di inversione bull"", ""detail"": ""pattern Engulfing""}, {""date"": ""2026-08-21"", ""label"": ""A supporto"", ""detail"": ""prezzo 7.94 al livello 7.94""}], ""factors"": {""candle_strength"": 0.7100000000000051, ""at_level"": 1.0, ""confirmation_count"": 0.6666666666666666}, ""invalidation"": {""level"": 7.94, ""reason"": ""rottura del supporto""}, ""sources"": [""Nison - candlestick reversals confirmed at support/resistance""], ""annotations"": {""levels"": [{""label"": ""Supporto"", ""price"": 7.94, ""kind"": ""support""}, {""label"": ""Stop / invalidazione"", ""price"": 7.94, ""kind"": ""stop""}], ""points"": []}, ""atr"": 0.18470019412123823, ""horizon"": ""short"", ""regime_at_fire"": ""bear"", ""first_emitted_at"": ""2026-08-28T23:33:01.314106+00:00""}",5,7.98,7.94,-0.005012531328320802,0,0,-0.002701428923706728,2026-08-28 23:40:26.488259+00:00
19396,1568,9999.HK,candle_reversal,2026-08-21,bull,192.2000,2026-08-28 23:34:14.459642+00:00,2026-08-29 23:44:27.539905+00:00,,18924,"{""tone"": ""bull"", ""strength"": 66, ""probability"": 49, ""chain"": [{""date"": ""2026-08-21"", ""label"": ""Candela di inversione bull"", ""detail"": ""pattern Engulfing""}, {""date"": ""2026-08-21"", ""label"": ""A supporto"", ""detail"": ""prezzo 192.20 al livello 188.40""}, {""date"": ""2026-08-21"", ""label"": ""Higher-low confermato"", ""detail"": ""struttura a conferma della continuazione"", ""kind"": ""confirmation""}, {""date"": ""2026-08-21"", ""label"": ""Volume sulla salita"", ""detail"": ""volume sopra la media nel verso del segnale"", ""kind"": ""confirmation""}], ""factors"": {""candle_strength"": 0.6558824826989047, ""at_level"": 1.0, ""confirmation_count"": 0.6666666666666666}, ""invalidation"": {""level"": 188.399994, ""reason"": ""rottura del supporto""}, ""sources"": [""Nison - candlestick reversals confirmed at support/resistance""], ""annotations"": {""levels"": [{""label"": ""Supporto"", ""price"": 188.399994, ""kind"": ""support""}, {""label"": ""Stop / invalidazione"", ""price"": 188.399994, ""kind"": ""stop""}], ""points"": []}, ""atr"": 7.30320582236844, ""horizon"": ""short"", ""regime_at_fire"": ""bear"", ""first_emitted_at"": ""2026-08-28T23:34:15.356058+00:00""}",5,202.0,192.199997,-0.04851486633663371,0,0,-0.04620376393201964,2026-08-28 23:40:26.488259+00:00
18785,117,ADYEN.AS,gap_and_go,2026-08-13,bull,1062.8000,2026-08-20 23:31:18.514051+00:00,2026-08-21 18:45:24.876440+00:00,,18635,"{""tone"": ""bull"", ""strength"": 70, ""probability"": 50, ""chain"": [{""date"": ""2026-08-11"", ""label"": ""Candela di rifiuto"", ""detail"": ""pattern hammer"", ""kind"": ""confirmation""}, {""date"": ""2026-08-12"", ""label"": ""Higher-low confermato"", ""detail"": ""struttura a conferma della continuazione"", ""kind"": ""confirmation""}, {""date"": ""2026-08-13"", ""label"": ""Gap bull"", ""detail"": ""apertura in gap del 5.7%""}, {""date"": ""2026-08-13"", ""label"": ""Conferma volume"", ""detail"": ""4.8x la media: gap partecipato""}, {""date"": ""2026-08-19"", ""label"": ""Rifiuto su EMA200"", ""detail"": ""ritorno alla media e rifiuto nel verso del trend"", ""kind"": ""confirmation""}, {""date"": ""2026-08-20"", ""label"": ""Trend ADX in rafforzamento"", ""detail"": ""ADX conferma la forza del trend"", ""kind"": ""confirmation""}], ""factors"": {""gap_size"": 0.7732142857142857, ""volume_strength"": 0.5763954097586497, ""trend_alignment"": 1.0, ""confirmation_count"": 1.0}, ""invalidation"": null, ""sources"": [""Gap taxonomy (breakaway vs exhaustion) + volume confirmation""], ""annotations"": {""levels"": [], ""points"": []}, ""atr"": 38.50174289672868, ""horizon"": ""short"", ""regime_at_fire"": ""bull"", ""first_emitted_at"": ""2026-08-20T23:31:19.284497+00:00""}",5,1059.199951,1062.800049,0.003398884220680909,1,1,0.013548858358901752,2026-08-20 23:40:01.852618+00:00
19404,860,HWDN.L,candle_reversal,2026-08-21,bull,7.9400,2026-08-29 23:34:08.274985+00:00,2026-08-29 23:44:27.539905+00:00,,18849,"{""tone"": ""bull"", ""strength"": 71, ""probability"": 49, ""chain"": [{""date"": ""2026-08-14"", ""label"": ""Rifiuto su EMA200"", ""detail"": ""ritorno alla media e rifiuto nel verso del trend"", ""kind"": ""confirmation""}, {""date"": ""2026-08-18"", ""label"": ""Higher-low confermato"", ""detail"": ""struttura a conferma della continuazione"", ""kind"": ""confirmation""}, {""date"": ""2026-08-21"", ""label"": ""Candela di inversione bull"", ""detail"": ""pattern Engulfing""}, {""date"": ""2026-08-21"", ""label"": ""A supporto"", ""detail"": ""prezzo 7.94 al livello 7.94""}], ""factors"": {""candle_strength"": 0.7100000000000051, ""at_level"": 1.0, ""confirmation_count"": 0.6666666666666666}, ""invalidation"": {""level"": 7.94, ""reason"": ""rottura del supporto""}, ""sources"": [""Nison - candlestick reversals confirmed at support/resistance""], ""annotations"": {""levels"": [{""label"": ""Supporto"", ""price"": 7.94, ""kind"": ""support""}, {""label"": ""Stop / invalidazione"", ""price"": 7.94, ""kind"": ""stop""}], ""points"": []}, ""atr"": 0.18470019412123823, ""horizon"": ""short"", ""regime_at_fire"": ""bear"", ""first_emitted_at"": ""2026-08-29T23:34:08.625546+00:00""}",5,7.98,7.94,-0.005012531328320802,0,0,-0.002701428923706728,2026-08-29 23:44:11.768009+00:00
19405,1160,0012.HK,gap_and_go,2026-08-21,bull,28.9800,2026-08-29 23:34:19.441286+00:00,2026-08-29 23:44:27.539905+00:00,,19084,"{""tone"": ""bull"", ""strength"": 62, ""probability"": 50, ""chain"": [{""date"": ""2026-08-14"", ""label"": ""Higher-low confermato"", ""detail"": ""struttura a conferma della continuazione"", ""kind"": ""confirmation""}, {""date"": ""2026-08-20"", ""label"": ""MACD cross rialzista"", ""detail"": ""incrocio MACD nel verso del segnale"", ""kind"": ""confirmation""}, {""date"": ""2026-08-21"", ""label"": ""Gap bull"", ""detail"": ""apertura in gap del 3.6%""}, {""date"": ""2026-08-21"", ""label"": ""Conferma volume"", ""detail"": ""3.8x la media: gap partecipato""}, {""date"": ""2026-08-26"", ""label"": ""Rifiuto su EMA200"", ""detail"": ""ritorno alla media e rifiuto nel verso del trend"", ""kind"": ""confirmation""}, {""date"": ""2026-08-28"", ""label"": ""Trend ADX in rafforzamento"", ""detail"": ""ADX conferma la forza del trend"", ""kind"": ""confirmation""}], ""factors"": {""gap_size"": 0.6119591909155431, ""volume_strength"": 0.4952768252054686, ""trend_alignment"": 1.0, ""confirmation_count"": 1.0}, ""invalidation"": null, ""sources"": [""Gap taxonomy (breakaway vs exhaustion) + volume confirmation""], ""annotations"": {""levels"": [], ""points"": []}, ""atr"": 0.723464197083127, ""horizon"": ""short"", ""regime_at_fire"": ""bear"", ""first_emitted_at"": ""2026-08-29T23:34:20.172511+00:00""}",5,30.200001,28.98,-0.04039738276829863,0,0,-0.038086280363684555,2026-08-29 23:44:11.768009+00:00
19326,1160,0012.HK,gap_and_go,2026-08-21,bull,28.9800,2026-08-28 12:42:46.349506+00:00,2026-08-29 23:44:27.539905+00:00,,19084,"{""tone"": ""bull"", ""strength"": 62, ""probability"": 50, ""chain"": [{""date"": ""2026-08-14"", ""label"": ""Higher-low confermato"", ""detail"": ""struttura a conferma della continuazione"", ""kind"": ""confirmation""}, {""date"": ""2026-08-20"", ""label"": ""MACD cross rialzista"", ""detail"": ""incrocio MACD nel verso del segnale"", ""kind"": ""confirmation""}, {""date"": ""2026-08-21"", ""label"": ""Gap bull"", ""detail"": ""apertura in gap del 3.6%""}, {""date"": ""2026-08-21"", ""label"": ""Conferma volume"", ""detail"": ""3.8x la media: gap partecipato""}, {""date"": ""2026-08-26"", ""label"": ""Rifiuto su EMA200"", ""detail"": ""ritorno alla media e rifiuto nel verso del trend"", ""kind"": ""confirmation""}, {""date"": ""2026-08-28"", ""label"": ""Trend ADX in rafforzamento"", ""detail"": ""ADX conferma la forza del trend"", ""kind"": ""confirmation""}], ""factors"": {""gap_size"": 0.6119591909155431, ""volume_strength"": 0.4952768252054686, ""trend_alignment"": 1.0, ""confirmation_count"": 1.0}, ""invalidation"": null, ""sources"": [""Gap taxonomy (breakaway vs exhaustion) + volume confirmation""], ""annotations"": {""levels"": [], ""points"": []}, ""atr"": 0.723464197083127, ""horizon"": ""short"", ""regime_at_fire"": ""bear"", ""first_emitted_at"": ""2026-08-28T12:42:46.928504+00:00""}",5,30.200001,28.98,-0.04039738276829863,0,0,-0.037593654166992674,2026-08-28 12:44:23.858741+00:00
20095,397,FAST,candle_reversal,2026-08-28,bear,49.6000,2026-09-08 18:18:52.228445+00:00,2026-09-08 18:25:27.946865+00:00,,19352,"{""tone"": ""bear"", ""strength"": 88, ""probability"": 49, ""chain"": [{""date"": ""2026-08-24"", ""label"": ""Lower-high confermato"", ""detail"": ""struttura a conferma della continuazione"", ""kind"": ""confirmation""}, {""date"": ""2026-08-28"", ""label"": ""Candela di inversione bear"", ""detail"": ""pattern Engulfing""}, {""date"": ""2026-08-28"", ""label"": ""A resistenza"", ""detail"": ""prezzo 49.60 al livello 49.67""}, {""date"": ""2026-09-02"", ""label"": ""Rifiuto su EMA50"", ""detail"": ""ritorno alla media e rifiuto nel verso del trend"", ""kind"": ""confirmation""}], ""factors"": {""candle_strength"": 0.8832311106860662, ""at_level"": 1.0, ""confirmation_count"": 0.6666666666666666}, ""invalidation"": {""level"": 49.67, ""reason"": ""rottura del resistenza""}, ""sources"": [""Nison - candlestick reversals confirmed at support/resistance""], ""annotations"": {""levels"": [{""label"": ""Resistenza"", ""price"": 49.67, ""kind"": ""resistance""}, {""label"": ""Stop / invalidazione"", ""price"": 49.67, ""kind"": ""stop""}], ""points"": []}, ""atr"": 1.142162366897672, ""horizon"": ""short"", ""regime_at_fire"": ""bull"", ""first_emitted_at"": ""2026-09-08T17:57:43.517682+00:00"", ""amended_at"": ""2026-09-08T18:18:52.226597+00:00"", ""amend_count"": 3}",5,49.779999,49.599998,-0.0036159301650446896,1,0,-0.0021103128687374184,2026-09-08 18:25:12.061270+00:00
19679,77,TIT.MI,candle_reversal,2026-08-25,bull,7.5530,2026-09-02 10:12:58.867039+00:00,2026-09-02 10:17:07.304758+00:00,,19020,"{""tone"": ""bull"", ""strength"": 60, ""probability"": 49, ""chain"": [{""date"": ""2026-08-25"", ""label"": ""Candela di inversione bull"", ""detail"": ""pattern Engulfing""}, {""date"": ""2026-08-25"", ""label"": ""A supporto"", ""detail"": ""prezzo 7.55 al livello 7.65""}], ""factors"": {""candle_strength"": 0.5999999999999943, ""at_level"": 1.0}, ""invalidation"": {""level"": 7.647, ""reason"": ""rottura del supporto""}, ""sources"": [""Nison - candlestick reversals confirmed at support/resistance""], ""annotations"": {""levels"": [{""label"": ""Supporto"", ""price"": 7.647, ""kind"": ""support""}, {""label"": ""Stop / invalidazione"", ""price"": 7.647, ""kind"": ""stop""}], ""points"": []}, ""atr"": 0.11488334669653229, ""horizon"": ""short"", ""regime_at_fire"": ""bull"", ""first_emitted_at"": ""2026-09-02T10:12:59.100176+00:00""}",5,7.71,7.553,-0.020363164721141414,0,0,-0.002455824185400801,2026-09-02 10:16:52.688507+00:00
19680,128,CS.PA,candle_reversal,2026-08-25,bear,43.7100,2026-09-02 10:13:22.488435+00:00,2026-09-02 10:17:07.304758+00:00,,19032,"{""tone"": ""bear"", ""strength"": 65, ""probability"": 49, ""chain"": [{""date"": ""2026-08-25"", ""label"": ""Candela di inversione bear"", ""detail"": ""pattern Engulfing""}, {""date"": ""2026-08-25"", ""label"": ""A resistenza"", ""detail"": ""prezzo 43.71 al livello 44.54""}, {""date"": ""2026-08-31"", ""label"": ""Rifiuto su EMA50"", ""detail"": ""ritorno alla media e rifiuto nel verso del trend"", ""kind"": ""confirmation""}, {""date"": ""2026-08-31"", ""label"": ""Volume sulla discesa"", ""detail"": ""volume sopra la media nel verso del segnale"", ""kind"": ""confirmation""}], ""factors"": {""candle_strength"": 0.6486297241502919, ""at_level"": 1.0, ""confirmation_count"": 0.6666666666666666}, ""invalidation"": {""level"": 44.54, ""reason"": ""rottura del resistenza""}, ""sources"": [""Nison - candlestick reversals confirmed at support/resistance""], ""annotations"": {""levels"": [{""label"": ""Resistenza"", ""price"": 44.54, ""kind"": ""resistance""}, {""label"": ""Stop / invalidazione"", ""price"": 44.54, ""kind"": ""stop""}], ""points"": []}, ""atr"": 0.6711619253289837, ""horizon"": ""short"", ""regime_at_fire"": ""bull"", ""first_emitted_at"": ""2026-09-02T10:13:23.625539+00:00""}",5,43.68,43.709999,0.0006867902930403069,0,0,-0.01859413082878092,2026-09-02 10:16:52.688507+00:00
19681,241,APA,candle_reversal,2026-08-25,bear,44.3000,2026-09-02 10:13:36.982617+00:00,2026-09-02 10:17:07.304758+00:00,,19139,"{""tone"": ""bear"", ""strength"": 86, ""probability"": 49, ""chain"": [{""date"": ""2026-08-20"", ""label"": ""RSI ipercomprato"", ""detail"": ""estremo RSI a conferma del segnale"", ""kind"": ""confirmation""}, {""date"": ""2026-08-25"", ""label"": ""Candela di inversione bear"", ""detail"": ""pattern Shooting star""}, {""date"": ""2026-08-25"", ""label"": ""A resistenza"", ""detail"": ""prezzo 44.30 al livello 45.05""}, {""date"": ""2026-08-27"", ""label"": ""MACD cross ribassista"", ""detail"": ""incrocio MACD nel verso del segnale"", ""kind"": ""confirmation""}], ""factors"": {""candle_strength"": 0.8644671635863131, ""at_level"": 1.0, ""confirmation_count"": 0.6666666666666666}, ""invalidation"": {""level"": 45.049999, ""reason"": ""rottura del resistenza""}, ""sources"": [""Nison - candlestick reversals confirmed at support/resistance""], ""annotations"": {""levels"": [{""label"": ""Resistenza"", ""price"": 45.049999, ""kind"": ""resistance""}, {""label"": ""Stop / invalidazione"", ""price"": 45.049999, ""kind"": ""stop""}], ""points"": []}, ""atr"": 1.4782862982091296, ""horizon"": ""short"", ""regime_at_fire"": ""bull"", ""first_emitted_at"": ""2026-09-02T10:13:38.123102+00:00""}",5,41.349998,44.299999,0.07134222835996273,0,0,-0.08924956889570335,2026-09-02 10:16:52.688507+00:00
19682,341,CVS,candle_reversal,2026-08-25,bear,97.6000,2026-09-02 10:13:43.924406+00:00,2026-09-02 10:17:07.304758+00:00,,19553,"{""tone"": ""bear"", ""strength"": 68, ""probability"": 49, ""chain"": [{""date"": ""2026-08-25"", ""label"": ""Candela di inversione bear"", ""detail"": ""pattern Engulfing""}, {""date"": ""2026-08-25"", ""label"": ""A resistenza"", ""detail"": ""prezzo 97.60 al livello 97.51""}, {""date"": ""2026-08-31"", ""label"": ""Trend ADX in rafforzamento"", ""detail"": ""ADX conferma la forza del trend"", ""kind"": ""confirmation""}], ""factors"": {""candle_strength"": 0.6785675306178072, ""at_level"": 1.0, ""confirmation_count"": 0.3333333333333333}, ""invalidation"": {""level"": 97.510002, ""reason"": ""rottura del resistenza""}, ""sources"": [""Nison - candlestick reversals confirmed at support/resistance""], ""annotations"": {""levels"": [{""label"": ""Resistenza"", ""price"": 97.510002, ""kind"": ""resistance""}, {""label"": ""Stop / invalidazione"", ""price"": 97.510002, ""kind"": ""stop""}], ""points"": []}, ""atr"": 2.3129922999358334, ""horizon"": ""short"", ""regime_at_fire"": ""bull"", ""first_emitted_at"": ""2026-09-02T10:13:44.378434+00:00""}",5,92.900002,97.599998,0.050591990299418965,0,0,-0.06849933083515958,2026-09-02 10:16:52.688507+00:00
19683,588,HOOD,candle_reversal,2026-08-25,bull,103.5100,2026-09-02 10:14:44.111476+00:00,2026-09-02 10:17:07.304758+00:00,,19070,"{""tone"": ""bull"", ""strength"": 80, ""probability"": 49, ""chain"": [{""date"": ""2026-08-18"", ""label"": ""Higher-low confermato"", ""detail"": ""struttura a conferma della continuazione"", ""kind"": ""confirmation""}, {""date"": ""2026-08-21"", ""label"": ""Volume sulla salita"", ""detail"": ""volume sopra la media nel verso del segnale"", ""kind"": ""confirmation""}, {""date"": ""2026-08-25"", ""label"": ""Candela di inversione bull"", ""detail"": ""pattern Engulfing""}, {""date"": ""2026-08-25"", ""label"": ""A supporto"", ""detail"": ""prezzo 103.51 al livello 104.45""}, {""date"": ""2026-08-31"", ""label"": ""Rifiuto su EMA50"", ""detail"": ""ritorno alla media e rifiuto nel verso del trend"", ""kind"": ""confirmation""}], ""factors"": {""candle_strength"": 0.7960286503805103, ""at_level"": 1.0, ""confirmation_count"": 1.0}, ""invalidation"": {""level"": 104.45, ""reason"": ""rottura del supporto""}, ""sources"": [""Nison - candlestick reversals confirmed at support/resistance""], ""annotations"": {""levels"": [{""label"": ""Supporto"", ""price"": 104.45, ""kind"": ""support""}, {""label"": ""Stop / invalidazione"", ""price"": 104.45, ""kind"": ""stop""}], ""points"": []}, ""atr"": 5.889679459608045, ""horizon"": ""short"", ""regime_at_fire"": ""bull"", ""first_emitted_at"": ""2026-09-02T10:14:44.735987+00:00""}",5,112.089996,103.510002,-0.07654558217666452,0,0,-0.058638241640923905,2026-09-02 10:16:52.688507+00:00
19684,1583,DKS,gap_and_go,2026-08-25,bear,132.9500,2026-09-02 10:16:18.457990+00:00,2026-09-02 10:17:07.304758+00:00,,19098,"{""tone"": ""bear"", ""strength"": 99, ""probability"": 50, ""chain"": [{""date"": ""2026-08-18"", ""label"": ""MACD cross ribassista"", ""detail"": ""incrocio MACD nel verso del segnale"", ""kind"": ""confirmation""}, {""date"": ""2026-08-24"", ""label"": ""Candela di rifiuto"", ""detail"": ""pattern engulfing"", ""kind"": ""confirmation""}, {""date"": ""2026-08-25"", ""label"": ""Gap bear"", ""detail"": ""apertura in gap del -20.6%""}, {""date"": ""2026-08-25"", ""label"": ""Conferma volume"", ""detail"": ""22.1x la media: gap partecipato""}, {""date"": ""2026-09-01"", ""label"": ""Trend ADX in rafforzamento"", ""detail"": ""ADX conferma la forza del trend"", ""kind"": ""confirmation""}], ""factors"": {""gap_size"": 0.9741282176087965, ""volume_strength"": 1.0, ""trend_alignment"": 1.0, ""confirmation_count"": 1.0}, ""invalidation"": null, ""sources"": [""Gap taxonomy (breakaway vs exhaustion) + volume confirmation""], ""annotations"": {""levels"": [], ""points"": []}, ""atr"": 9.220974913504417, ""horizon"": ""short"", ""regime_at_fire"": ""bear"", ""first_emitted_at"": ""2026-09-02T10:16:18.848519+00:00""}",5,124.309998,132.949997,0.06950365327815389,0,0,-0.0874109938138945,2026-09-02 10:16:52.688507+00:00
20022,397,FAST,candle_reversal,2026-08-28,bear,49.6000,2026-09-05 00:42:28.128622+00:00,2026-09-05 00:49:06.334496+00:00,,19352,"{""tone"": ""bear"", ""strength"": 88, ""probability"": 49, ""chain"": [{""date"": ""2026-08-24"", ""label"": ""Lower-high confermato"", ""detail"": ""struttura a conferma della continuazione"", ""kind"": ""confirmation""}, {""date"": ""2026-08-28"", ""label"": ""Candela di inversione bear"", ""detail"": ""pattern Engulfing""}, {""date"": ""2026-08-28"", ""label"": ""A resistenza"", ""detail"": ""prezzo 49.60 al livello 49.67""}, {""date"": ""2026-09-02"", ""label"": ""Rifiuto su EMA50"", ""detail"": ""ritorno alla media e rifiuto nel verso del trend"", ""kind"": ""confirmation""}], ""factors"": {""candle_strength"": 0.8832311106860662, ""at_level"": 1.0, ""confirmation_count"": 0.6666666666666666}, ""invalidation"": {""level"": 49.67, ""reason"": ""rottura del resistenza""}, ""sources"": [""Nison - candlestick reversals confirmed at support/resistance""], ""annotations"": {""levels"": [{""label"": ""Resistenza"", ""price"": 49.67, ""kind"": ""resistance""}, {""label"": ""Stop / invalidazione"", ""price"": 49.67, ""kind"": ""stop""}], ""points"": []}, ""atr"": 1.142162366897672, ""horizon"": ""short"", ""regime_at_fire"": ""bull"", ""first_emitted_at"": ""2026-09-05T00:42:28.542180+00:00""}",5,49.779999,49.599998,-0.0036159301650446896,1,0,-0.000591643467493963,2026-09-05 00:48:47.456207+00:00
19626,1583,DKS,gap_and_go,2026-08-25,bear,132.9500,2026-09-02 09:28:47.861699+00:00,2026-09-02 09:33:19.613882+00:00,,19098,"{""tone"": ""bear"", ""strength"": 99, ""probability"": 50, ""chain"": [{""date"": ""2026-08-18"", ""label"": ""MACD cross ribassista"", ""detail"": ""incrocio MACD nel verso del segnale"", ""kind"": ""confirmation""}, {""date"": ""2026-08-24"", ""label"": ""Candela di rifiuto"", ""detail"": ""pattern engulfing"", ""kind"": ""confirmation""}, {""date"": ""2026-08-25"", ""label"": ""Gap bear"", ""detail"": ""apertura in gap del -20.6%""}, {""date"": ""2026-08-25"", ""label"": ""Conferma volume"", ""detail"": ""22.1x la media: gap partecipato""}, {""date"": ""2026-09-01"", ""label"": ""Trend ADX in rafforzamento"", ""detail"": ""ADX conferma la forza del trend"", ""kind"": ""confirmation""}], ""factors"": {""gap_size"": 0.9741282176087965, ""volume_strength"": 1.0, ""trend_alignment"": 1.0, ""confirmation_count"": 1.0}, ""invalidation"": null, ""sources"": [""Gap taxonomy (breakaway vs exhaustion) + volume confirmation""], ""annotations"": {""levels"": [], ""points"": []}, ""atr"": 9.220974913504417, ""horizon"": ""short"", ""regime_at_fire"": ""bear"", ""first_emitted_at"": ""2026-09-02T09:28:48.251220+00:00""}",5,124.309998,132.949997,0.06950365327815389,0,0,-0.0874109938138945,2026-09-02 09:33:04.617480+00:00
20023,662,VTRS,candle_reversal,2026-08-28,bear,16.8800,2026-09-05 00:43:32.562301+00:00,2026-09-05 00:49:06.334496+00:00,,19366,"{""tone"": ""bear"", ""strength"": 61, ""probability"": 49, ""chain"": [{""date"": ""2026-08-28"", ""label"": ""Candela di inversione bear"", ""detail"": ""pattern Engulfing""}, {""date"": ""2026-08-28"", ""label"": ""A resistenza"", ""detail"": ""prezzo 16.88 al livello 16.76""}], ""factors"": {""candle_strength"": 0.6119694901838117, ""at_level"": 1.0}, ""invalidation"": {""level"": 16.76, ""reason"": ""rottura del resistenza""}, ""sources"": [""Nison - candlestick reversals confirmed at support/resistance""], ""annotations"": {""levels"": [{""label"": ""Resistenza"", ""price"": 16.76, ""kind"": ""resistance""}, {""label"": ""Stop / invalidazione"", ""price"": 16.76, ""kind"": ""stop""}], ""points"": []}, ""atr"": 0.45453788450686555, ""horizon"": ""short"", ""regime_at_fire"": ""bull"", ""first_emitted_at"": ""2026-09-05T00:43:33.002757+00:00""}",5,16.34,16.879999,0.03304767441860479,0,0,-0.03725524805114344,2026-09-05 00:48:47.456207+00:00
19203,682,WMB,candle_reversal,2026-08-19,bear,74.4100,2026-08-27 00:57:39.370828+00:00,2026-08-27 01:02:34.641713+00:00,,18713,"{""tone"": ""bear"", ""strength"": 80, ""probability"": 49, ""chain"": [{""date"": ""2026-08-13"", ""label"": ""Trend ADX in rafforzamento"", ""detail"": ""ADX conferma la forza del trend"", ""kind"": ""confirmation""}, {""date"": ""2026-08-19"", ""label"": ""Candela di inversione bear"", ""detail"": ""pattern Engulfing""}, {""date"": ""2026-08-19"", ""label"": ""A resistenza"", ""detail"": ""prezzo 74.41 al livello 74.75""}, {""date"": ""2026-08-19"", ""label"": ""Lower-high confermato"", ""detail"": ""struttura a conferma della continuazione"", ""kind"": ""confirmation""}, {""date"": ""2026-08-21"", ""label"": ""Rifiuto su EMA50"", ""detail"": ""ritorno alla media e rifiuto nel verso del trend"", ""kind"": ""confirmation""}, {""date"": ""2026-08-21"", ""label"": ""MACD cross ribassista"", ""detail"": ""incrocio MACD nel verso del segnale"", ""kind"": ""confirmation""}], ""factors"": {""candle_strength"": 0.802998322421451, ""at_level"": 1.0, ""confirmation_count"": 1.0}, ""invalidation"": {""level"": 74.75, ""reason"": ""rottura del resistenza""}, ""sources"": [""Nison - candlestick reversals confirmed at support/resistance""], ""annotations"": {""levels"": [{""label"": ""Resistenza"", ""price"": 74.75, ""kind"": ""resistance""}, {""label"": ""Stop / invalidazione"", ""price"": 74.75, ""kind"": ""stop""}], ""points"": []}, ""atr"": 2.213130585917605, ""horizon"": ""short"", ""regime_at_fire"": ""bull"", ""first_emitted_at"": ""2026-08-27T00:57:39.556260+00:00""}",5,73.239998,74.410004,0.015974959475012485,0,0,-0.012513164950364978,2026-08-27 01:02:20.493568+00:00
20025,397,FAST,candle_reversal,2026-08-28,bear,49.6000,2026-09-05 12:09:07.222990+00:00,2026-09-05 12:13:15.180492+00:00,,19352,"{""tone"": ""bear"", ""strength"": 88, ""probability"": 49, ""chain"": [{""date"": ""2026-08-24"", ""label"": ""Lower-high confermato"", ""detail"": ""struttura a conferma della continuazione"", ""kind"": ""confirmation""}, {""date"": ""2026-08-28"", ""label"": ""Candela di inversione bear"", ""detail"": ""pattern Engulfing""}, {""date"": ""2026-08-28"", ""label"": ""A resistenza"", ""detail"": ""prezzo 49.60 al livello 49.67""}, {""date"": ""2026-09-02"", ""label"": ""Rifiuto su EMA50"", ""detail"": ""ritorno alla media e rifiuto nel verso del trend"", ""kind"": ""confirmation""}], ""factors"": {""candle_strength"": 0.8832311106860662, ""at_level"": 1.0, ""confirmation_count"": 0.6666666666666666}, ""invalidation"": {""level"": 49.67, ""reason"": ""rottura del resistenza""}, ""sources"": [""Nison - candlestick reversals confirmed at support/resistance""], ""annotations"": {""levels"": [{""label"": ""Resistenza"", ""price"": 49.67, ""kind"": ""resistance""}, {""label"": ""Stop / invalidazione"", ""price"": 49.67, ""kind"": ""stop""}], ""points"": []}, ""atr"": 1.142162366897672, ""horizon"": ""short"", ""regime_at_fire"": ""bull"", ""first_emitted_at"": ""2026-09-05T11:51:30.722523+00:00"", ""amended_at"": ""2026-09-05T12:09:07.216321+00:00"", ""amend_count"": 2}",5,49.779999,49.599998,-0.0036159301650446896,1,0,-0.000591643467493963,2026-09-05 12:12:59.845874+00:00
20521,207,0066.HK,candle_reversal,2026-09-04,bull,32.9400,2026-09-13 10:37:35.138260+00:00,2026-09-13 10:46:39.427959+00:00,,19881,"{""tone"": ""bull"", ""strength"": 72, ""probability"": 49, ""chain"": [{""date"": ""2026-09-04"", ""label"": ""Candela di inversione bull"", ""detail"": ""pattern Engulfing""}, {""date"": ""2026-09-04"", ""label"": ""A supporto"", ""detail"": ""prezzo 32.94 al livello 33.02""}, {""date"": ""2026-09-09"", ""label"": ""MACD cross rialzista"", ""detail"": ""incrocio MACD nel verso del segnale"", ""kind"": ""confirmation""}, {""date"": ""2026-09-10"", ""label"": ""Rifiuto su EMA50"", ""detail"": ""ritorno alla media e rifiuto nel verso del trend"", ""kind"": ""confirmation""}], ""factors"": {""candle_strength"": 0.72272298554207, ""at_level"": 1.0, ""confirmation_count"": 0.6666666666666666}, ""invalidation"": {""level"": 33.02, ""reason"": ""rottura del supporto""}, ""sources"": [""Nison - candlestick reversals confirmed at support/resistance""], ""annotations"": {""levels"": [{""label"": ""Supporto"", ""price"": 33.02, ""kind"": ""support""}, {""label"": ""Stop / invalidazione"", ""price"": 33.02, ""kind"": ""stop""}], ""points"": []}, ""atr"": 0.6195321520087848, ""horizon"": ""short"", ""regime_at_fire"": ""bull"", ""first_emitted_at"": ""2026-09-13T10:37:36.155869+00:00""}",5,32.939999,32.939999,0.0,0,1,0.019157088122605415,2026-09-13 10:46:23.741001+00:00
20082,386,EVRG,candle_reversal,2026-08-28,bear,81.5400,2026-09-08 10:09:05.610987+00:00,2026-09-08 10:12:30.351813+00:00,,19351,"{""tone"": ""bear"", ""strength"": 73, ""probability"": 49, ""chain"": [{""date"": ""2026-08-21"", ""label"": ""Rifiuto su EMA50"", ""detail"": ""ritorno alla media e rifiuto nel verso del trend"", ""kind"": ""confirmation""}, {""date"": ""2026-08-21"", ""label"": ""MACD cross ribassista"", ""detail"": ""incrocio MACD nel verso del segnale"", ""kind"": ""confirmation""}, {""date"": ""2026-08-28"", ""label"": ""Candela di inversione bear"", ""detail"": ""pattern Engulfing""}, {""date"": ""2026-08-28"", ""label"": ""A resistenza"", ""detail"": ""prezzo 81.54 al livello 83.19""}], ""factors"": {""candle_strength"": 0.7292212177449997, ""at_level"": 1.0, ""confirmation_count"": 0.6666666666666666}, ""invalidation"": {""level"": 83.19, ""reason"": ""rottura del resistenza""}, ""sources"": [""Nison - candlestick reversals confirmed at support/resistance""], ""annotations"": {""levels"": [{""label"": ""Resistenza"", ""price"": 83.19, ""kind"": ""resistance""}, {""label"": ""Stop / invalidazione"", ""price"": 83.19, ""kind"": ""stop""}], ""points"": []}, ""atr"": 1.3525859438189198, ""horizon"": ""short"", ""regime_at_fire"": ""bull"", ""first_emitted_at"": ""2026-09-08T10:09:05.994721+00:00""}",5,80.650002,81.540001,0.011035325206811608,0,0,-0.016761568240593716,2026-09-08 10:12:12.325308+00:00
19528,77,TIT.MI,candle_reversal,2026-08-25,bull,7.5530,2026-09-01 18:31:59.676966+00:00,2026-09-02 09:33:19.613882+00:00,,19020,"{""tone"": ""bull"", ""strength"": 60, ""probability"": 49, ""chain"": [{""date"": ""2026-08-25"", ""label"": ""Candela di inversione bull"", ""detail"": ""pattern Engulfing""}, {""date"": ""2026-08-25"", ""label"": ""A supporto"", ""detail"": ""prezzo 7.55 al livello 7.65""}], ""factors"": {""candle_strength"": 0.5999999999999943, ""at_level"": 1.0}, ""invalidation"": {""level"": 7.647, ""reason"": ""rottura del supporto""}, ""sources"": [""Nison - candlestick reversals confirmed at support/resistance""], ""annotations"": {""levels"": [{""label"": ""Supporto"", ""price"": 7.647, ""kind"": ""support""}, {""label"": ""Stop / invalidazione"", ""price"": 7.647, ""kind"": ""stop""}], ""points"": []}, ""atr"": 0.11488334669653229, ""horizon"": ""short"", ""regime_at_fire"": ""bull"", ""first_emitted_at"": ""2026-09-01T18:31:59.885922+00:00""}",5,7.71,7.553,-0.020363164721141414,0,0,-0.0073016631861744785,2026-09-01 18:38:07.013108+00:00
19204,1156,0003.HK,gap_and_go,2026-08-19,bull,7.3550,2026-08-27 00:58:07.028550+00:00,2026-08-27 01:02:34.641713+00:00,,18906,"{""tone"": ""bull"", ""strength"": 66, ""probability"": 50, ""chain"": [{""date"": ""2026-08-14"", ""label"": ""Higher-low confermato"", ""detail"": ""struttura a conferma della continuazione"", ""kind"": ""confirmation""}, {""date"": ""2026-08-19"", ""label"": ""Gap bull"", ""detail"": ""apertura in gap del 2.9%""}, {""date"": ""2026-08-19"", ""label"": ""Conferma volume"", ""detail"": ""9.3x la media: gap partecipato""}, {""date"": ""2026-08-19"", ""label"": ""Candela di rifiuto"", ""detail"": ""pattern morning_star"", ""kind"": ""confirmation""}, {""date"": ""2026-08-19"", ""label"": ""MACD cross rialzista"", ""detail"": ""incrocio MACD nel verso del segnale"", ""kind"": ""confirmation""}, {""date"": ""2026-08-26"", ""label"": ""Trend ADX in rafforzamento"", ""detail"": ""ADX conferma la forza del trend"", ""kind"": ""confirmation""}], ""factors"": {""gap_size"": 0.537398673544584, ""volume_strength"": 0.8218253398981614, ""trend_alignment"": 1.0, ""confirmation_count"": 1.0}, ""invalidation"": null, ""sources"": [""Gap taxonomy (breakaway vs exhaustion) + volume confirmation""], ""annotations"": {""levels"": [], ""points"": []}, ""atr"": 0.14341703062334393, ""horizon"": ""short"", ""regime_at_fire"": ""bull"", ""first_emitted_at"": ""2026-08-27T00:58:07.779617+00:00""}",5,7.285,7.355,0.009608785175017287,1,1,0.00614699065036978,2026-08-27 01:02:20.493568+00:00
19604,77,TIT.MI,candle_reversal,2026-08-25,bull,7.5530,2026-09-02 09:25:27.424383+00:00,2026-09-02 09:33:19.613882+00:00,,19020,"{""tone"": ""bull"", ""strength"": 60, ""probability"": 49, ""chain"": [{""date"": ""2026-08-25"", ""label"": ""Candela di inversione bull"", ""detail"": ""pattern Engulfing""}, {""date"": ""2026-08-25"", ""label"": ""A supporto"", ""detail"": ""prezzo 7.55 al livello 7.65""}], ""factors"": {""candle_strength"": 0.5999999999999943, ""at_level"": 1.0}, ""invalidation"": {""level"": 7.647, ""reason"": ""rottura del supporto""}, ""sources"": [""Nison - candlestick reversals confirmed at support/resistance""], ""annotations"": {""levels"": [{""label"": ""Supporto"", ""price"": 7.647, ""kind"": ""support""}, {""label"": ""Stop / invalidazione"", ""price"": 7.647, ""kind"": ""stop""}], ""points"": []}, ""atr"": 0.11488334669653229, ""horizon"": ""short"", ""regime_at_fire"": ""bull"", ""first_emitted_at"": ""2026-09-02T09:25:27.638407+00:00""}",5,7.71,7.553,-0.020363164721141414,0,0,-0.002455824185400801,2026-09-02 09:33:04.617480+00:00
19606,128,CS.PA,candle_reversal,2026-08-25,bear,43.7100,2026-09-02 09:25:50.928692+00:00,2026-09-02 09:33:19.613882+00:00,,19032,"{""tone"": ""bear"", ""strength"": 65, ""probability"": 49, ""chain"": [{""date"": ""2026-08-25"", ""label"": ""Candela di inversione bear"", ""detail"": ""pattern Engulfing""}, {""date"": ""2026-08-25"", ""label"": ""A resistenza"", ""detail"": ""prezzo 43.71 al livello 44.54""}, {""date"": ""2026-08-31"", ""label"": ""Rifiuto su EMA50"", ""detail"": ""ritorno alla media e rifiuto nel verso del trend"", ""kind"": ""confirmation""}, {""date"": ""2026-08-31"", ""label"": ""Volume sulla discesa"", ""detail"": ""volume sopra la media nel verso del segnale"", ""kind"": ""confirmation""}], ""factors"": {""candle_strength"": 0.6486297241502919, ""at_level"": 1.0, ""confirmation_count"": 0.6666666666666666}, ""invalidation"": {""level"": 44.54, ""reason"": ""rottura del resistenza""}, ""sources"": [""Nison - candlestick reversals confirmed at support/resistance""], ""annotations"": {""levels"": [{""label"": ""Resistenza"", ""price"": 44.54, ""kind"": ""resistance""}, {""label"": ""Stop / invalidazione"", ""price"": 44.54, ""kind"": ""stop""}], ""points"": []}, ""atr"": 0.6711619253289837, ""horizon"": ""short"", ""regime_at_fire"": ""bull"", ""first_emitted_at"": ""2026-09-02T09:25:53.106211+00:00""}",5,43.68,43.709999,0.0006867902930403069,0,0,-0.01859413082878092,2026-09-02 09:33:04.617480+00:00
19205,1177,0762.HK,gap_and_go,2026-08-19,bear,5.7800,2026-08-27 00:58:10.918358+00:00,2026-08-27 01:02:34.641713+00:00,,18720,"{""tone"": ""bear"", ""strength"": 90, ""probability"": 50, ""chain"": [{""date"": ""2026-08-17"", ""label"": ""Lower-high confermato"", ""detail"": ""struttura a conferma della continuazione"", ""kind"": ""confirmation""}, {""date"": ""2026-08-18"", ""label"": ""Candela di rifiuto"", ""detail"": ""pattern evening_star"", ""kind"": ""confirmation""}, {""date"": ""2026-08-19"", ""label"": ""Gap bear"", ""detail"": ""apertura in gap del -7.7%""}, {""date"": ""2026-08-19"", ""label"": ""Conferma volume"", ""detail"": ""11.6x la media: gap partecipato""}, {""date"": ""2026-08-26"", ""label"": ""Trend ADX in rafforzamento"", ""detail"": ""ADX conferma la forza del trend"", ""kind"": ""confirmation""}], ""factors"": {""gap_size"": 0.8388955342902709, ""volume_strength"": 0.9054106339795244, ""trend_alignment"": 1.0, ""confirmation_count"": 1.0}, ""invalidation"": null, ""sources"": [""Gap taxonomy (breakaway vs exhaustion) + volume confirmation""], ""annotations"": {""levels"": [], ""points"": []}, ""atr"": 0.16738987294573315, ""horizon"": ""short"", ""regime_at_fire"": ""bear"", ""first_emitted_at"": ""2026-08-27T00:58:11.739662+00:00""}",5,5.495,5.78,0.05186533212010924,0,0,-0.04840353759546174,2026-08-27 01:02:20.493568+00:00
19610,241,APA,candle_reversal,2026-08-25,bear,44.3000,2026-09-02 09:26:09.362740+00:00,2026-09-02 09:33:19.613882+00:00,,19139,"{""tone"": ""bear"", ""strength"": 86, ""probability"": 49, ""chain"": [{""date"": ""2026-08-20"", ""label"": ""RSI ipercomprato"", ""detail"": ""estremo RSI a conferma del segnale"", ""kind"": ""confirmation""}, {""date"": ""2026-08-25"", ""label"": ""Candela di inversione bear"", ""detail"": ""pattern Shooting star""}, {""date"": ""2026-08-25"", ""label"": ""A resistenza"", ""detail"": ""prezzo 44.30 al livello 45.05""}, {""date"": ""2026-08-27"", ""label"": ""MACD cross ribassista"", ""detail"": ""incrocio MACD nel verso del segnale"", ""kind"": ""confirmation""}], ""factors"": {""candle_strength"": 0.8644671635863131, ""at_level"": 1.0, ""confirmation_count"": 0.6666666666666666}, ""invalidation"": {""level"": 45.049999, ""reason"": ""rottura del resistenza""}, ""sources"": [""Nison - candlestick reversals confirmed at support/resistance""], ""annotations"": {""levels"": [{""label"": ""Resistenza"", ""price"": 45.049999, ""kind"": ""resistance""}, {""label"": ""Stop / invalidazione"", ""price"": 45.049999, ""kind"": ""stop""}], ""points"": []}, ""atr"": 1.4782862982091296, ""horizon"": ""short"", ""regime_at_fire"": ""bull"", ""first_emitted_at"": ""2026-09-02T09:26:10.551105+00:00""}",5,41.349998,44.299999,0.07134222835996273,0,0,-0.08924956889570335,2026-09-02 09:33:04.617480+00:00
19611,341,CVS,candle_reversal,2026-08-25,bear,97.6000,2026-09-02 09:26:16.326178+00:00,2026-09-02 09:33:19.613882+00:00,,19553,"{""tone"": ""bear"", ""strength"": 68, ""probability"": 49, ""chain"": [{""date"": ""2026-08-25"", ""label"": ""Candela di inversione bear"", ""detail"": ""pattern Engulfing""}, {""date"": ""2026-08-25"", ""label"": ""A resistenza"", ""detail"": ""prezzo 97.60 al livello 97.51""}, {""date"": ""2026-08-31"", ""label"": ""Trend ADX in rafforzamento"", ""detail"": ""ADX conferma la forza del trend"", ""kind"": ""confirmation""}], ""factors"": {""candle_strength"": 0.6785675306178072, ""at_level"": 1.0, ""confirmation_count"": 0.3333333333333333}, ""invalidation"": {""level"": 97.510002, ""reason"": ""rottura del resistenza""}, ""sources"": [""Nison - candlestick reversals confirmed at support/resistance""], ""annotations"": {""levels"": [{""label"": ""Resistenza"", ""price"": 97.510002, ""kind"": ""resistance""}, {""label"": ""Stop / invalidazione"", ""price"": 97.510002, ""kind"": ""stop""}], ""points"": []}, ""atr"": 2.3129922999358334, ""horizon"": ""short"", ""regime_at_fire"": ""bull"", ""first_emitted_at"": ""2026-09-02T09:26:17.481289+00:00""}",5,92.900002,97.599998,0.050591990299418965,0,0,-0.06849933083515958,2026-09-02 09:33:04.617480+00:00
19686,128,CS.PA,candle_reversal,2026-08-25,bear,43.7100,2026-09-02 11:01:02.140072+00:00,2026-09-02 11:05:21.680617+00:00,,19032,"{""tone"": ""bear"", ""strength"": 65, ""probability"": 49, ""chain"": [{""date"": ""2026-08-25"", ""label"": ""Candela di inversione bear"", ""detail"": ""pattern Engulfing""}, {""date"": ""2026-08-25"", ""label"": ""A resistenza"", ""detail"": ""prezzo 43.71 al livello 44.54""}, {""date"": ""2026-08-31"", ""label"": ""Rifiuto su EMA50"", ""detail"": ""ritorno alla media e rifiuto nel verso del trend"", ""kind"": ""confirmation""}, {""date"": ""2026-08-31"", ""label"": ""Volume sulla discesa"", ""detail"": ""volume sopra la media nel verso del segnale"", ""kind"": ""confirmation""}], ""factors"": {""candle_strength"": 0.6486297241502919, ""at_level"": 1.0, ""confirmation_count"": 0.6666666666666666}, ""invalidation"": {""level"": 44.54, ""reason"": ""rottura del resistenza""}, ""sources"": [""Nison - candlestick reversals confirmed at support/resistance""], ""annotations"": {""levels"": [{""label"": ""Resistenza"", ""price"": 44.54, ""kind"": ""resistance""}, {""label"": ""Stop / invalidazione"", ""price"": 44.54, ""kind"": ""stop""}], ""points"": []}, ""atr"": 0.6711619253289837, ""horizon"": ""short"", ""regime_at_fire"": ""bull"", ""first_emitted_at"": ""2026-09-02T10:51:21.566182+00:00"", ""amended_at"": ""2026-09-02T11:01:02.135732+00:00"", ""amend_count"": 1}",5,43.68,43.709999,0.0006867902930403069,0,0,-0.01859413082878092,2026-09-02 11:05:02.889814+00:00
19612,588,HOOD,candle_reversal,2026-08-25,bull,103.5100,2026-09-02 09:27:15.585824+00:00,2026-09-02 09:33:19.613882+00:00,,19070,"{""tone"": ""bull"", ""strength"": 80, ""probability"": 49, ""chain"": [{""date"": ""2026-08-18"", ""label"": ""Higher-low confermato"", ""detail"": ""struttura a conferma della continuazione"", ""kind"": ""confirmation""}, {""date"": ""2026-08-21"", ""label"": ""Volume sulla salita"", ""detail"": ""volume sopra la media nel verso del segnale"", ""kind"": ""confirmation""}, {""date"": ""2026-08-25"", ""label"": ""Candela di inversione bull"", ""detail"": ""pattern Engulfing""}, {""date"": ""2026-08-25"", ""label"": ""A supporto"", ""detail"": ""prezzo 103.51 al livello 104.45""}, {""date"": ""2026-08-31"", ""label"": ""Rifiuto su EMA50"", ""detail"": ""ritorno alla media e rifiuto nel verso del trend"", ""kind"": ""confirmation""}], ""factors"": {""candle_strength"": 0.7960286503805103, ""at_level"": 1.0, ""confirmation_count"": 1.0}, ""invalidation"": {""level"": 104.45, ""reason"": ""rottura del supporto""}, ""sources"": [""Nison - candlestick reversals confirmed at support/resistance""], ""annotations"": {""levels"": [{""label"": ""Supporto"", ""price"": 104.45, ""kind"": ""support""}, {""label"": ""Stop / invalidazione"", ""price"": 104.45, ""kind"": ""stop""}], ""points"": []}, ""atr"": 5.889679459608045, ""horizon"": ""short"", ""regime_at_fire"": ""bull"", ""first_emitted_at"": ""2026-09-02T09:27:16.222837+00:00""}",5,112.089996,103.510002,-0.07654558217666452,0,0,-0.058638241640923905,2026-09-02 09:33:04.617480+00:00
20083,397,FAST,candle_reversal,2026-08-28,bear,49.6000,2026-09-08 10:09:06.586761+00:00,2026-09-08 10:12:30.351813+00:00,,19352,"{""tone"": ""bear"", ""strength"": 88, ""probability"": 49, ""chain"": [{""date"": ""2026-08-24"", ""label"": ""Lower-high confermato"", ""detail"": ""struttura a conferma della continuazione"", ""kind"": ""confirmation""}, {""date"": ""2026-08-28"", ""label"": ""Candela di inversione bear"", ""detail"": ""pattern Engulfing""}, {""date"": ""2026-08-28"", ""label"": ""A resistenza"", ""detail"": ""prezzo 49.60 al livello 49.67""}, {""date"": ""2026-09-02"", ""label"": ""Rifiuto su EMA50"", ""detail"": ""ritorno alla media e rifiuto nel verso del trend"", ""kind"": ""confirmation""}], ""factors"": {""candle_strength"": 0.8832311106860662, ""at_level"": 1.0, ""confirmation_count"": 0.6666666666666666}, ""invalidation"": {""level"": 49.67, ""reason"": ""rottura del resistenza""}, ""sources"": [""Nison - candlestick reversals confirmed at support/resistance""], ""annotations"": {""levels"": [{""label"": ""Resistenza"", ""price"": 49.67, ""kind"": ""resistance""}, {""label"": ""Stop / invalidazione"", ""price"": 49.67, ""kind"": ""stop""}], ""points"": []}, ""atr"": 1.142162366897672, ""horizon"": ""short"", ""regime_at_fire"": ""bull"", ""first_emitted_at"": ""2026-09-08T10:09:07.516246+00:00""}",5,49.779999,49.599998,-0.0036159301650446896,1,0,-0.0021103128687374184,2026-09-08 10:12:12.325308+00:00
19483,429,HAS,candle_reversal,2026-08-24,bull,94.1000,2026-09-01 15:45:22.591471+00:00,2026-09-01 15:52:44.693020+00:00,,19253,"{""tone"": ""bull"", ""strength"": 60, ""probability"": 49, ""chain"": [{""date"": ""2026-08-20"", ""label"": ""Higher-low confermato"", ""detail"": ""struttura a conferma della continuazione"", ""kind"": ""confirmation""}, {""date"": ""2026-08-24"", ""label"": ""Candela di inversione bull"", ""detail"": ""pattern Engulfing""}, {""date"": ""2026-08-24"", ""label"": ""A supporto"", ""detail"": ""prezzo 94.10 al livello 92.01""}, {""date"": ""2026-08-28"", ""label"": ""Trend ADX in rafforzamento"", ""detail"": ""ADX conferma la forza del trend"", ""kind"": ""confirmation""}], ""factors"": {""candle_strength"": 0.5975819131038447, ""at_level"": 1.0, ""confirmation_count"": 0.6666666666666666}, ""invalidation"": {""level"": 92.010002, ""reason"": ""rottura del supporto""}, ""sources"": [""Nison - candlestick reversals confirmed at support/resistance""], ""annotations"": {""levels"": [{""label"": ""Supporto"", ""price"": 92.010002, ""kind"": ""support""}, {""label"": ""Stop / invalidazione"", ""price"": 92.010002, ""kind"": ""stop""}], ""points"": []}, ""atr"": 2.2465101336767965, ""horizon"": ""short"", ""regime_at_fire"": ""bull"", ""first_emitted_at"": ""2026-09-01T15:45:22.841379+00:00""}",5,95.410004,94.099998,-0.013730279269247303,0,0,-0.002905920207897761,2026-09-01 15:52:28.434671+00:00
19524,77,TIT.MI,candle_reversal,2026-08-25,bull,7.5530,2026-09-01 15:57:52.735228+00:00,2026-09-02 09:33:19.613882+00:00,,19020,"{""tone"": ""bull"", ""strength"": 60, ""probability"": 49, ""chain"": [{""date"": ""2026-08-25"", ""label"": ""Candela di inversione bull"", ""detail"": ""pattern Engulfing""}, {""date"": ""2026-08-25"", ""label"": ""A supporto"", ""detail"": ""prezzo 7.55 al livello 7.65""}], ""factors"": {""candle_strength"": 0.5999999999999943, ""at_level"": 1.0}, ""invalidation"": {""level"": 7.647, ""reason"": ""rottura del supporto""}, ""sources"": [""Nison - candlestick reversals confirmed at support/resistance""], ""annotations"": {""levels"": [{""label"": ""Supporto"", ""price"": 7.647, ""kind"": ""support""}, {""label"": ""Stop / invalidazione"", ""price"": 7.647, ""kind"": ""stop""}], ""points"": []}, ""atr"": 0.11488334669653229, ""horizon"": ""short"", ""regime_at_fire"": ""bull"", ""first_emitted_at"": ""2026-09-01T15:57:52.920124+00:00""}",5,7.71,7.553,-0.020363164721141414,0,0,-0.0073016631861744785,2026-09-01 16:02:43.480215+00:00
19328,1568,9999.HK,candle_reversal,2026-08-21,bull,192.2000,2026-08-28 12:43:52.854372+00:00,2026-08-29 23:44:27.539905+00:00,,18924,"{""tone"": ""bull"", ""strength"": 66, ""probability"": 49, ""chain"": [{""date"": ""2026-08-21"", ""label"": ""Candela di inversione bull"", ""detail"": ""pattern Engulfing""}, {""date"": ""2026-08-21"", ""label"": ""A supporto"", ""detail"": ""prezzo 192.20 al livello 188.40""}, {""date"": ""2026-08-21"", ""label"": ""Higher-low confermato"", ""detail"": ""struttura a conferma della continuazione"", ""kind"": ""confirmation""}, {""date"": ""2026-08-21"", ""label"": ""Volume sulla salita"", ""detail"": ""volume sopra la media nel verso del segnale"", ""kind"": ""confirmation""}], ""factors"": {""candle_strength"": 0.6558824826989047, ""at_level"": 1.0, ""confirmation_count"": 0.6666666666666666}, ""invalidation"": {""level"": 188.399994, ""reason"": ""rottura del supporto""}, ""sources"": [""Nison - candlestick reversals confirmed at support/resistance""], ""annotations"": {""levels"": [{""label"": ""Supporto"", ""price"": 188.399994, ""kind"": ""support""}, {""label"": ""Stop / invalidazione"", ""price"": 188.399994, ""kind"": ""stop""}], ""points"": []}, ""atr"": 7.30320582236844, ""horizon"": ""short"", ""regime_at_fire"": ""bear"", ""first_emitted_at"": ""2026-08-28T12:43:53.805200+00:00""}",5,202.0,192.199997,-0.04851486633663371,0,0,-0.045711137735327756,2026-08-28 12:44:23.858741+00:00
19342,1160,0012.HK,gap_and_go,2026-08-21,bull,28.9800,2026-08-28 18:34:00.794832+00:00,2026-08-29 23:44:27.539905+00:00,,19084,"{""tone"": ""bull"", ""strength"": 62, ""probability"": 50, ""chain"": [{""date"": ""2026-08-14"", ""label"": ""Higher-low confermato"", ""detail"": ""struttura a conferma della continuazione"", ""kind"": ""confirmation""}, {""date"": ""2026-08-20"", ""label"": ""MACD cross rialzista"", ""detail"": ""incrocio MACD nel verso del segnale"", ""kind"": ""confirmation""}, {""date"": ""2026-08-21"", ""label"": ""Gap bull"", ""detail"": ""apertura in gap del 3.6%""}, {""date"": ""2026-08-21"", ""label"": ""Conferma volume"", ""detail"": ""3.8x la media: gap partecipato""}, {""date"": ""2026-08-26"", ""label"": ""Rifiuto su EMA200"", ""detail"": ""ritorno alla media e rifiuto nel verso del trend"", ""kind"": ""confirmation""}, {""date"": ""2026-08-28"", ""label"": ""Trend ADX in rafforzamento"", ""detail"": ""ADX conferma la forza del trend"", ""kind"": ""confirmation""}], ""factors"": {""gap_size"": 0.6119591909155431, ""volume_strength"": 0.4952768252054686, ""trend_alignment"": 1.0, ""confirmation_count"": 1.0}, ""invalidation"": null, ""sources"": [""Gap taxonomy (breakaway vs exhaustion) + volume confirmation""], ""annotations"": {""levels"": [], ""points"": []}, ""atr"": 0.723464197083127, ""horizon"": ""short"", ""regime_at_fire"": ""bear"", ""first_emitted_at"": ""2026-08-28T18:34:01.377630+00:00""}",5,30.200001,28.98,-0.04039738276829863,0,0,-0.04531200762735765,2026-08-28 18:44:25.198976+00:00
19485,577,Q,candle_reversal,2026-08-24,bull,119.4300,2026-09-01 15:46:05.739936+00:00,2026-09-01 15:52:44.693020+00:00,,18968,"{""tone"": ""bull"", ""strength"": 69, ""probability"": 49, ""chain"": [{""date"": ""2026-08-20"", ""label"": ""Volume sulla salita"", ""detail"": ""volume sopra la media nel verso del segnale"", ""kind"": ""confirmation""}, {""date"": ""2026-08-24"", ""label"": ""Candela di inversione bull"", ""detail"": ""pattern Hammer""}, {""date"": ""2026-08-24"", ""label"": ""A supporto"", ""detail"": ""prezzo 119.43 al livello 122.67""}], ""factors"": {""candle_strength"": 0.687327007368902, ""at_level"": 1.0, ""confirmation_count"": 0.3333333333333333}, ""invalidation"": {""level"": 122.669998, ""reason"": ""rottura del supporto""}, ""sources"": [""Nison - candlestick reversals confirmed at support/resistance""], ""annotations"": {""levels"": [{""label"": ""Supporto"", ""price"": 122.669998, ""kind"": ""support""}, {""label"": ""Stop / invalidazione"", ""price"": 122.669998, ""kind"": ""stop""}], ""points"": []}, ""atr"": 6.30320539498496, ""horizon"": ""short"", ""regime_at_fire"": ""bear"", ""first_emitted_at"": ""2026-09-01T15:46:06.624104+00:00""}",5,126.239998,119.43,-0.05394485193195264,0,0,-0.0431204928706031,2026-09-01 15:52:28.434671+00:00
19486,570,PRU,candle_reversal,2026-08-24,bull,117.6000,2026-09-01 15:46:09.068383+00:00,2026-09-01 15:52:44.693020+00:00,,19112,"{""tone"": ""bull"", ""strength"": 80, ""probability"": 49, ""chain"": [{""date"": ""2026-08-24"", ""label"": ""Candela di inversione bull"", ""detail"": ""pattern Engulfing""}, {""date"": ""2026-08-24"", ""label"": ""A supporto"", ""detail"": ""prezzo 117.60 al livello 117.63""}, {""date"": ""2026-08-28"", ""label"": ""Trend ADX in rafforzamento"", ""detail"": ""ADX conferma la forza del trend"", ""kind"": ""confirmation""}], ""factors"": {""candle_strength"": 0.7959531337657818, ""at_level"": 1.0, ""confirmation_count"": 0.3333333333333333}, ""invalidation"": {""level"": 117.629997, ""reason"": ""rottura del supporto""}, ""sources"": [""Nison - candlestick reversals confirmed at support/resistance""], ""annotations"": {""levels"": [{""label"": ""Supporto"", ""price"": 117.629997, ""kind"": ""support""}, {""label"": ""Stop / invalidazione"", ""price"": 117.629997, ""kind"": ""stop""}], ""points"": []}, ""atr"": 2.3340004101885903, ""horizon"": ""short"", ""regime_at_fire"": ""bull"", ""first_emitted_at"": ""2026-09-01T15:46:10.300724+00:00""}",5,122.669998,117.599998,-0.04133039930431892,0,0,-0.03050604024296938,2026-09-01 15:52:28.434671+00:00
19324,253,ATO,candle_reversal,2026-08-20,bear,167.2200,2026-08-28 12:40:59.415632+00:00,2026-08-28 12:44:38.031844+00:00,,18784,"{""tone"": ""bear"", ""strength"": 67, ""probability"": 49, ""chain"": [{""date"": ""2026-08-20"", ""label"": ""Candela di inversione bear"", ""detail"": ""pattern Shooting star""}, {""date"": ""2026-08-20"", ""label"": ""A resistenza"", ""detail"": ""prezzo 167.22 al livello 167.14""}, {""date"": ""2026-08-20"", ""label"": ""Lower-high confermato"", ""detail"": ""struttura a conferma della continuazione"", ""kind"": ""confirmation""}, {""date"": ""2026-08-21"", ""label"": ""Rifiuto su EMA50"", ""detail"": ""ritorno alla media e rifiuto nel verso del trend"", ""kind"": ""confirmation""}], ""factors"": {""candle_strength"": 0.6746350556700822, ""at_level"": 1.0, ""confirmation_count"": 0.6666666666666666}, ""invalidation"": {""level"": 167.14, ""reason"": ""rottura del resistenza""}, ""sources"": [""Nison - candlestick reversals confirmed at support/resistance""], ""annotations"": {""levels"": [{""label"": ""Resistenza"", ""price"": 167.14, ""kind"": ""resistance""}, {""label"": ""Stop / invalidazione"", ""price"": 167.14, ""kind"": ""stop""}], ""points"": []}, ""atr"": 2.846038958771857, ""horizon"": ""short"", ""regime_at_fire"": ""bear"", ""first_emitted_at"": ""2026-08-28T12:41:00.021624+00:00""}",5,170.520004,167.220001,-0.019352585752930196,1,1,0.02362955813395562,2026-08-28 12:44:23.858741+00:00
19327,2026,RDDT,candle_reversal,2026-08-20,bull,153.9500,2026-08-28 12:43:18.097326+00:00,2026-08-28 12:44:38.031844+00:00,,18929,"{""tone"": ""bull"", ""strength"": 60, ""probability"": 49, ""chain"": [{""date"": ""2026-08-14"", ""label"": ""Volume sulla salita"", ""detail"": ""volume sopra la media nel verso del segnale"", ""kind"": ""confirmation""}, {""date"": ""2026-08-20"", ""label"": ""Candela di inversione bull"", ""detail"": ""pattern Hammer""}, {""date"": ""2026-08-20"", ""label"": ""A supporto"", ""detail"": ""prezzo 153.95 al livello 152.65""}, {""date"": ""2026-08-20"", ""label"": ""Higher-low confermato"", ""detail"": ""struttura a conferma della continuazione"", ""kind"": ""confirmation""}, {""date"": ""2026-08-25"", ""label"": ""MACD cross rialzista"", ""detail"": ""incrocio MACD nel verso del segnale"", ""kind"": ""confirmation""}], ""factors"": {""candle_strength"": 0.6047610632796068, ""at_level"": 1.0, ""confirmation_count"": 1.0}, ""invalidation"": {""level"": 152.649994, ""reason"": ""rottura del supporto""}, ""sources"": [""Nison - candlestick reversals confirmed at support/resistance""], ""annotations"": {""levels"": [{""label"": ""Supporto"", ""price"": 152.649994, ""kind"": ""support""}, {""label"": ""Stop / invalidazione"", ""price"": 152.649994, ""kind"": ""stop""}], ""points"": []}, ""atr"": 10.196119448427138, ""horizon"": ""short"", ""regime_at_fire"": ""bear"", ""first_emitted_at"": ""2026-08-28T12:43:18.530714+00:00""}",5,150.309998,153.949997,0.024216612656730918,1,1,0.019939640275705495,2026-08-28 12:44:23.858741+00:00
20084,113,IBE.MC,candle_reversal,2026-08-31,bear,19.8300,2026-09-08 10:09:58.759166+00:00,2026-09-08 10:12:30.351813+00:00,,19411,"{""tone"": ""bear"", ""strength"": 87, ""probability"": 49, ""chain"": [{""date"": ""2026-08-28"", ""label"": ""Lower-high confermato"", ""detail"": ""struttura a conferma della continuazione"", ""kind"": ""confirmation""}, {""date"": ""2026-08-31"", ""label"": ""Candela di inversione bear"", ""detail"": ""pattern Engulfing""}, {""date"": ""2026-08-31"", ""label"": ""A resistenza"", ""detail"": ""prezzo 19.83 al livello 20.05""}, {""date"": ""2026-09-01"", ""label"": ""MACD cross ribassista"", ""detail"": ""incrocio MACD nel verso del segnale"", ""kind"": ""confirmation""}, {""date"": ""2026-09-07"", ""label"": ""Trend ADX in rafforzamento"", ""detail"": ""ADX conferma la forza del trend"", ""kind"": ""confirmation""}], ""factors"": {""candle_strength"": 0.872463358536328, ""at_level"": 1.0, ""confirmation_count"": 1.0}, ""invalidation"": {""level"": 20.05, ""reason"": ""rottura del resistenza""}, ""sources"": [""Nison - candlestick reversals confirmed at support/resistance""], ""annotations"": {""levels"": [{""label"": ""Resistenza"", ""price"": 20.05, ""kind"": ""resistance""}, {""label"": ""Stop / invalidazione"", ""price"": 20.05, ""kind"": ""stop""}], ""points"": []}, ""atr"": 0.26543709072009347, ""horizon"": ""short"", ""regime_at_fire"": ""bull"", ""first_emitted_at"": ""2026-09-08T10:09:59.721295+00:00""}",5,20.08,19.83,-0.01245019920318724,1,1,0.004993628425286001,2026-09-08 10:12:12.325308+00:00
19807,434,HPE,candle_reversal,2026-08-26,bull,51.8300,2026-09-03 18:32:47.729370+00:00,2026-09-03 18:42:01.204459+00:00,,19437,"{""tone"": ""bull"", ""strength"": 74, ""probability"": 49, ""chain"": [{""date"": ""2026-08-24"", ""label"": ""Higher-low confermato"", ""detail"": ""struttura a conferma della continuazione"", ""kind"": ""confirmation""}, {""date"": ""2026-08-26"", ""label"": ""Candela di inversione bull"", ""detail"": ""pattern Engulfing""}, {""date"": ""2026-08-26"", ""label"": ""A supporto"", ""detail"": ""prezzo 51.83 al livello 51.30""}], ""factors"": {""candle_strength"": 0.7353647733486666, ""at_level"": 1.0, ""confirmation_count"": 0.3333333333333333}, ""invalidation"": {""level"": 51.299999, ""reason"": ""rottura del supporto""}, ""sources"": [""Nison - candlestick reversals confirmed at support/resistance""], ""annotations"": {""levels"": [{""label"": ""Supporto"", ""price"": 51.299999, ""kind"": ""support""}, {""label"": ""Stop / invalidazione"", ""price"": 51.299999, ""kind"": ""stop""}], ""points"": []}, ""atr"": 2.6729406554963444, ""horizon"": ""short"", ""regime_at_fire"": ""bull"", ""first_emitted_at"": ""2026-09-03T18:32:47.914831+00:00""}",5,55.23,51.830002,-0.061560709759188814,0,0,-0.04617647651865342,2026-09-03 18:41:46.055971+00:00
19331,253,ATO,candle_reversal,2026-08-20,bear,167.2200,2026-08-28 18:32:16.324756+00:00,2026-08-28 18:44:40.285890+00:00,,18784,"{""tone"": ""bear"", ""strength"": 67, ""probability"": 49, ""chain"": [{""date"": ""2026-08-20"", ""label"": ""Candela di inversione bear"", ""detail"": ""pattern Shooting star""}, {""date"": ""2026-08-20"", ""label"": ""A resistenza"", ""detail"": ""prezzo 167.22 al livello 167.14""}, {""date"": ""2026-08-20"", ""label"": ""Lower-high confermato"", ""detail"": ""struttura a conferma della continuazione"", ""kind"": ""confirmation""}, {""date"": ""2026-08-21"", ""label"": ""Rifiuto su EMA50"", ""detail"": ""ritorno alla media e rifiuto nel verso del trend"", ""kind"": ""confirmation""}], ""factors"": {""candle_strength"": 0.6746350556700822, ""at_level"": 1.0, ""confirmation_count"": 0.6666666666666666}, ""invalidation"": {""level"": 167.14, ""reason"": ""rottura del resistenza""}, ""sources"": [""Nison - candlestick reversals confirmed at support/resistance""], ""annotations"": {""levels"": [{""label"": ""Resistenza"", ""price"": 167.14, ""kind"": ""resistance""}, {""label"": ""Stop / invalidazione"", ""price"": 167.14, ""kind"": ""stop""}], ""points"": []}, ""atr"": 2.846038958771857, ""horizon"": ""short"", ""regime_at_fire"": ""bear"", ""first_emitted_at"": ""2026-08-28T18:32:16.679963+00:00""}",5,170.520004,167.220001,-0.019352585752930196,1,1,0.02362955813395562,2026-08-28 18:44:25.198976+00:00
20086,386,EVRG,candle_reversal,2026-08-28,bear,81.5400,2026-09-08 11:30:05.576783+00:00,2026-09-08 11:39:03.669216+00:00,,19351,"{""tone"": ""bear"", ""strength"": 73, ""probability"": 49, ""chain"": [{""date"": ""2026-08-21"", ""label"": ""Rifiuto su EMA50"", ""detail"": ""ritorno alla media e rifiuto nel verso del trend"", ""kind"": ""confirmation""}, {""date"": ""2026-08-21"", ""label"": ""MACD cross ribassista"", ""detail"": ""incrocio MACD nel verso del segnale"", ""kind"": ""confirmation""}, {""date"": ""2026-08-28"", ""label"": ""Candela di inversione bear"", ""detail"": ""pattern Engulfing""}, {""date"": ""2026-08-28"", ""label"": ""A resistenza"", ""detail"": ""prezzo 81.54 al livello 83.19""}], ""factors"": {""candle_strength"": 0.7292212177449997, ""at_level"": 1.0, ""confirmation_count"": 0.6666666666666666}, ""invalidation"": {""level"": 83.19, ""reason"": ""rottura del resistenza""}, ""sources"": [""Nison - candlestick reversals confirmed at support/resistance""], ""annotations"": {""levels"": [{""label"": ""Resistenza"", ""price"": 83.19, ""kind"": ""resistance""}, {""label"": ""Stop / invalidazione"", ""price"": 83.19, ""kind"": ""stop""}], ""points"": []}, ""atr"": 1.3525859438189198, ""horizon"": ""short"", ""regime_at_fire"": ""bull"", ""first_emitted_at"": ""2026-09-08T11:30:06.042284+00:00""}",5,80.650002,81.540001,0.011035325206811608,0,0,-0.016761568240593716,2026-09-08 11:38:48.660127+00:00
19206,44,MRK,gap_and_go,2026-08-19,bull,153.1000,2026-08-27 18:34:56.352795+00:00,2026-08-27 18:48:21.745305+00:00,,18663,"{""tone"": ""bull"", ""strength"": 62, ""probability"": 50, ""chain"": [{""date"": ""2026-08-13"", ""label"": ""MACD cross rialzista"", ""detail"": ""incrocio MACD nel verso del segnale"", ""kind"": ""confirmation""}, {""date"": ""2026-08-19"", ""label"": ""Gap bull"", ""detail"": ""apertura in gap del 8.7%""}, {""date"": ""2026-08-19"", ""label"": ""Conferma volume"", ""detail"": ""3.9x la media: gap partecipato""}, {""date"": ""2026-08-26"", ""label"": ""Trend ADX in rafforzamento"", ""detail"": ""ADX conferma la forza del trend"", ""kind"": ""confirmation""}], ""factors"": {""gap_size"": 0.8704955875267528, ""volume_strength"": 0.5026942503648255, ""trend_alignment"": 1.0, ""confirmation_count"": 0.6666666666666666}, ""invalidation"": null, ""sources"": [""Gap taxonomy (breakaway vs exhaustion) + volume confirmation""], ""annotations"": {""levels"": [], ""points"": []}, ""atr"": 4.429027624006043, ""horizon"": ""short"", ""regime_at_fire"": ""bull"", ""first_emitted_at"": ""2026-08-27T18:34:56.726861+00:00""}",5,152.199997,153.100006,0.005913331259789878,1,1,0.002451241246204173,2026-08-27 18:48:06.041434+00:00
19229,1156,0003.HK,gap_and_go,2026-08-19,bull,7.3550,2026-08-27 18:36:36.628548+00:00,2026-08-27 18:48:21.745305+00:00,,18906,"{""tone"": ""bull"", ""strength"": 66, ""probability"": 50, ""chain"": [{""date"": ""2026-08-14"", ""label"": ""Higher-low confermato"", ""detail"": ""struttura a conferma della continuazione"", ""kind"": ""confirmation""}, {""date"": ""2026-08-19"", ""label"": ""Gap bull"", ""detail"": ""apertura in gap del 2.9%""}, {""date"": ""2026-08-19"", ""label"": ""Conferma volume"", ""detail"": ""9.3x la media: gap partecipato""}, {""date"": ""2026-08-19"", ""label"": ""Candela di rifiuto"", ""detail"": ""pattern morning_star"", ""kind"": ""confirmation""}, {""date"": ""2026-08-19"", ""label"": ""MACD cross rialzista"", ""detail"": ""incrocio MACD nel verso del segnale"", ""kind"": ""confirmation""}, {""date"": ""2026-08-26"", ""label"": ""Trend ADX in rafforzamento"", ""detail"": ""ADX conferma la forza del trend"", ""kind"": ""confirmation""}], ""factors"": {""gap_size"": 0.537398673544584, ""volume_strength"": 0.8218253398981614, ""trend_alignment"": 1.0, ""confirmation_count"": 1.0}, ""invalidation"": null, ""sources"": [""Gap taxonomy (breakaway vs exhaustion) + volume confirmation""], ""annotations"": {""levels"": [], ""points"": []}, ""atr"": 0.14341703062334393, ""horizon"": ""short"", ""regime_at_fire"": ""bull"", ""first_emitted_at"": ""2026-08-27T18:36:37.370495+00:00""}",5,7.285,7.355,0.009608785175017287,1,1,0.006146695161431582,2026-08-27 18:48:06.041434+00:00
19217,682,WMB,candle_reversal,2026-08-19,bear,74.4100,2026-08-27 18:36:09.382010+00:00,2026-08-27 18:48:21.745305+00:00,,18713,"{""tone"": ""bear"", ""strength"": 80, ""probability"": 49, ""chain"": [{""date"": ""2026-08-13"", ""label"": ""Trend ADX in rafforzamento"", ""detail"": ""ADX conferma la forza del trend"", ""kind"": ""confirmation""}, {""date"": ""2026-08-19"", ""label"": ""Candela di inversione bear"", ""detail"": ""pattern Engulfing""}, {""date"": ""2026-08-19"", ""label"": ""A resistenza"", ""detail"": ""prezzo 74.41 al livello 74.75""}, {""date"": ""2026-08-19"", ""label"": ""Lower-high confermato"", ""detail"": ""struttura a conferma della continuazione"", ""kind"": ""confirmation""}, {""date"": ""2026-08-21"", ""label"": ""Rifiuto su EMA50"", ""detail"": ""ritorno alla media e rifiuto nel verso del trend"", ""kind"": ""confirmation""}, {""date"": ""2026-08-21"", ""label"": ""MACD cross ribassista"", ""detail"": ""incrocio MACD nel verso del segnale"", ""kind"": ""confirmation""}], ""factors"": {""candle_strength"": 0.802998322421451, ""at_level"": 1.0, ""confirmation_count"": 1.0}, ""invalidation"": {""level"": 74.75, ""reason"": ""rottura del resistenza""}, ""sources"": [""Nison - candlestick reversals confirmed at support/resistance""], ""annotations"": {""levels"": [{""label"": ""Resistenza"", ""price"": 74.75, ""kind"": ""resistance""}, {""label"": ""Stop / invalidazione"", ""price"": 74.75, ""kind"": ""stop""}], ""points"": []}, ""atr"": 2.213130585917605, ""horizon"": ""short"", ""regime_at_fire"": ""bull"", ""first_emitted_at"": ""2026-08-27T18:36:09.566307+00:00""}",5,73.239998,74.410004,0.015974959475012485,0,0,-0.01251286946142678,2026-08-27 18:48:06.041434+00:00
19230,1177,0762.HK,gap_and_go,2026-08-19,bear,5.7800,2026-08-27 18:36:40.475213+00:00,2026-08-27 18:48:21.745305+00:00,,18720,"{""tone"": ""bear"", ""strength"": 90, ""probability"": 50, ""chain"": [{""date"": ""2026-08-17"", ""label"": ""Lower-high confermato"", ""detail"": ""struttura a conferma della continuazione"", ""kind"": ""confirmation""}, {""date"": ""2026-08-18"", ""label"": ""Candela di rifiuto"", ""detail"": ""pattern evening_star"", ""kind"": ""confirmation""}, {""date"": ""2026-08-19"", ""label"": ""Gap bear"", ""detail"": ""apertura in gap del -7.7%""}, {""date"": ""2026-08-19"", ""label"": ""Conferma volume"", ""detail"": ""11.6x la media: gap partecipato""}, {""date"": ""2026-08-26"", ""label"": ""Trend ADX in rafforzamento"", ""detail"": ""ADX conferma la forza del trend"", ""kind"": ""confirmation""}], ""factors"": {""gap_size"": 0.8388955342902709, ""volume_strength"": 0.9054106339795244, ""trend_alignment"": 1.0, ""confirmation_count"": 1.0}, ""invalidation"": null, ""sources"": [""Gap taxonomy (breakaway vs exhaustion) + volume confirmation""], ""annotations"": {""levels"": [], ""points"": []}, ""atr"": 0.16738987294573315, ""horizon"": ""short"", ""regime_at_fire"": ""bear"", ""first_emitted_at"": ""2026-08-27T18:36:41.282548+00:00""}",5,5.495,5.78,0.05186533212010924,0,0,-0.04840324210652354,2026-08-27 18:48:06.041434+00:00
19640,241,APA,candle_reversal,2026-08-25,bear,44.3000,2026-09-02 09:50:16.708050+00:00,2026-09-02 09:53:52.591996+00:00,,19139,"{""tone"": ""bear"", ""strength"": 86, ""probability"": 49, ""chain"": [{""date"": ""2026-08-20"", ""label"": ""RSI ipercomprato"", ""detail"": ""estremo RSI a conferma del segnale"", ""kind"": ""confirmation""}, {""date"": ""2026-08-25"", ""label"": ""Candela di inversione bear"", ""detail"": ""pattern Shooting star""}, {""date"": ""2026-08-25"", ""label"": ""A resistenza"", ""detail"": ""prezzo 44.30 al livello 45.05""}, {""date"": ""2026-08-27"", ""label"": ""MACD cross ribassista"", ""detail"": ""incrocio MACD nel verso del segnale"", ""kind"": ""confirmation""}], ""factors"": {""candle_strength"": 0.8644671635863131, ""at_level"": 1.0, ""confirmation_count"": 0.6666666666666666}, ""invalidation"": {""level"": 45.049999, ""reason"": ""rottura del resistenza""}, ""sources"": [""Nison - candlestick reversals confirmed at support/resistance""], ""annotations"": {""levels"": [{""label"": ""Resistenza"", ""price"": 45.049999, ""kind"": ""resistance""}, {""label"": ""Stop / invalidazione"", ""price"": 45.049999, ""kind"": ""stop""}], ""points"": []}, ""atr"": 1.4782862982091296, ""horizon"": ""short"", ""regime_at_fire"": ""bull"", ""first_emitted_at"": ""2026-09-02T09:39:37.279903+00:00"", ""amended_at"": ""2026-09-02T09:50:16.704209+00:00"", ""amend_count"": 2}",5,41.349998,44.299999,0.07134222835996273,0,0,-0.08924956889570335,2026-09-02 09:53:36.823224+00:00
19417,825,AZN.L,candle_reversal,2026-08-21,bull,119.7000,2026-08-31 18:34:32.263934+00:00,2026-08-31 18:43:32.239767+00:00,,18845,"{""tone"": ""bull"", ""strength"": 95, ""probability"": 49, ""chain"": [{""date"": ""2026-08-14"", ""label"": ""Divergenza RSI rialzista"", ""detail"": ""divergenza prezzo / RSI"", ""kind"": ""confirmation""}, {""date"": ""2026-08-19"", ""label"": ""MACD cross rialzista"", ""detail"": ""incrocio MACD nel verso del segnale"", ""kind"": ""confirmation""}, {""date"": ""2026-08-21"", ""label"": ""Candela di inversione bull"", ""detail"": ""pattern Engulfing""}, {""date"": ""2026-08-21"", ""label"": ""A supporto"", ""detail"": ""prezzo 119.70 al livello 117.98""}], ""factors"": {""candle_strength"": 0.9541939276909639, ""at_level"": 1.0, ""confirmation_count"": 0.6666666666666666}, ""invalidation"": {""level"": 117.98, ""reason"": ""rottura del supporto""}, ""sources"": [""Nison - candlestick reversals confirmed at support/resistance""], ""annotations"": {""levels"": [{""label"": ""Supporto"", ""price"": 117.98, ""kind"": ""support""}, {""label"": ""Stop / invalidazione"", ""price"": 117.98, ""kind"": ""stop""}], ""points"": []}, ""atr"": 3.61263352383216, ""horizon"": ""short"", ""regime_at_fire"": ""bear"", ""first_emitted_at"": ""2026-08-31T18:34:33.180490+00:00""}",5,122.4,119.7,-0.022058823529411797,0,0,-0.019747721124797724,2026-08-31 18:43:16.654764+00:00
19525,429,HAS,candle_reversal,2026-08-24,bull,94.1000,2026-09-01 15:59:20.178894+00:00,2026-09-01 16:02:57.944626+00:00,,19253,"{""tone"": ""bull"", ""strength"": 60, ""probability"": 49, ""chain"": [{""date"": ""2026-08-20"", ""label"": ""Higher-low confermato"", ""detail"": ""struttura a conferma della continuazione"", ""kind"": ""confirmation""}, {""date"": ""2026-08-24"", ""label"": ""Candela di inversione bull"", ""detail"": ""pattern Engulfing""}, {""date"": ""2026-08-24"", ""label"": ""A supporto"", ""detail"": ""prezzo 94.10 al livello 92.01""}, {""date"": ""2026-08-28"", ""label"": ""Trend ADX in rafforzamento"", ""detail"": ""ADX conferma la forza del trend"", ""kind"": ""confirmation""}], ""factors"": {""candle_strength"": 0.5975819131038447, ""at_level"": 1.0, ""confirmation_count"": 0.6666666666666666}, ""invalidation"": {""level"": 92.010002, ""reason"": ""rottura del supporto""}, ""sources"": [""Nison - candlestick reversals confirmed at support/resistance""], ""annotations"": {""levels"": [{""label"": ""Supporto"", ""price"": 92.010002, ""kind"": ""support""}, {""label"": ""Stop / invalidazione"", ""price"": 92.010002, ""kind"": ""stop""}], ""points"": []}, ""atr"": 2.2465101336767965, ""horizon"": ""short"", ""regime_at_fire"": ""bull"", ""first_emitted_at"": ""2026-09-01T15:59:20.383684+00:00""}",5,95.410004,94.099998,-0.013730279269247303,0,0,-0.002905920207897761,2026-09-01 16:02:43.480215+00:00
19418,860,HWDN.L,candle_reversal,2026-08-21,bull,7.9400,2026-08-31 18:34:38.998188+00:00,2026-08-31 18:43:32.239767+00:00,,18849,"{""tone"": ""bull"", ""strength"": 71, ""probability"": 49, ""chain"": [{""date"": ""2026-08-14"", ""label"": ""Rifiuto su EMA200"", ""detail"": ""ritorno alla media e rifiuto nel verso del trend"", ""kind"": ""confirmation""}, {""date"": ""2026-08-18"", ""label"": ""Higher-low confermato"", ""detail"": ""struttura a conferma della continuazione"", ""kind"": ""confirmation""}, {""date"": ""2026-08-21"", ""label"": ""Candela di inversione bull"", ""detail"": ""pattern Engulfing""}, {""date"": ""2026-08-21"", ""label"": ""A supporto"", ""detail"": ""prezzo 7.94 al livello 7.94""}], ""factors"": {""candle_strength"": 0.7100000000000051, ""at_level"": 1.0, ""confirmation_count"": 0.6666666666666666}, ""invalidation"": {""level"": 7.94, ""reason"": ""rottura del supporto""}, ""sources"": [""Nison - candlestick reversals confirmed at support/resistance""], ""annotations"": {""levels"": [{""label"": ""Supporto"", ""price"": 7.94, ""kind"": ""support""}, {""label"": ""Stop / invalidazione"", ""price"": 7.94, ""kind"": ""stop""}], ""points"": []}, ""atr"": 0.18470019412123823, ""horizon"": ""short"", ""regime_at_fire"": ""bear"", ""first_emitted_at"": ""2026-08-31T18:34:39.352227+00:00""}",5,7.98,7.94,-0.005012531328320802,0,0,-0.002701428923706728,2026-08-31 18:43:16.654764+00:00
20021,386,EVRG,candle_reversal,2026-08-28,bear,81.5400,2026-09-05 00:42:24.000001+00:00,2026-09-05 00:49:06.334496+00:00,,19351,"{""tone"": ""bear"", ""strength"": 73, ""probability"": 49, ""chain"": [{""date"": ""2026-08-21"", ""label"": ""Rifiuto su EMA50"", ""detail"": ""ritorno alla media e rifiuto nel verso del trend"", ""kind"": ""confirmation""}, {""date"": ""2026-08-21"", ""label"": ""MACD cross ribassista"", ""detail"": ""incrocio MACD nel verso del segnale"", ""kind"": ""confirmation""}, {""date"": ""2026-08-28"", ""label"": ""Candela di inversione bear"", ""detail"": ""pattern Engulfing""}, {""date"": ""2026-08-28"", ""label"": ""A resistenza"", ""detail"": ""prezzo 81.54 al livello 83.19""}], ""factors"": {""candle_strength"": 0.7292212177449997, ""at_level"": 1.0, ""confirmation_count"": 0.6666666666666666}, ""invalidation"": {""level"": 83.19, ""reason"": ""rottura del resistenza""}, ""sources"": [""Nison - candlestick reversals confirmed at support/resistance""], ""annotations"": {""levels"": [{""label"": ""Resistenza"", ""price"": 83.19, ""kind"": ""resistance""}, {""label"": ""Stop / invalidazione"", ""price"": 83.19, ""kind"": ""stop""}], ""points"": []}, ""atr"": 1.3525859438189198, ""horizon"": ""short"", ""regime_at_fire"": ""bull"", ""first_emitted_at"": ""2026-09-05T00:42:24.212031+00:00""}",5,80.650002,81.540001,0.011035325206811608,0,0,-0.01524289883935026,2026-09-05 00:48:47.456207+00:00
19531,570,PRU,candle_reversal,2026-08-24,bull,117.6000,2026-09-01 18:33:21.307622+00:00,2026-09-01 18:38:22.150009+00:00,,19112,"{""tone"": ""bull"", ""strength"": 80, ""probability"": 49, ""chain"": [{""date"": ""2026-08-24"", ""label"": ""Candela di inversione bull"", ""detail"": ""pattern Engulfing""}, {""date"": ""2026-08-24"", ""label"": ""A supporto"", ""detail"": ""prezzo 117.60 al livello 117.63""}, {""date"": ""2026-08-28"", ""label"": ""Trend ADX in rafforzamento"", ""detail"": ""ADX conferma la forza del trend"", ""kind"": ""confirmation""}], ""factors"": {""candle_strength"": 0.7959531337657818, ""at_level"": 1.0, ""confirmation_count"": 0.3333333333333333}, ""invalidation"": {""level"": 117.629997, ""reason"": ""rottura del supporto""}, ""sources"": [""Nison - candlestick reversals confirmed at support/resistance""], ""annotations"": {""levels"": [{""label"": ""Supporto"", ""price"": 117.629997, ""kind"": ""support""}, {""label"": ""Stop / invalidazione"", ""price"": 117.629997, ""kind"": ""stop""}], ""points"": []}, ""atr"": 2.3340004101885903, ""horizon"": ""short"", ""regime_at_fire"": ""bull"", ""first_emitted_at"": ""2026-09-01T18:33:22.220812+00:00""}",5,122.669998,117.599998,-0.04133039930431892,0,0,-0.03050604024296938,2026-09-01 18:38:07.013108+00:00
19899,25,CRM,gap_and_go,2026-08-27,bull,264.4300,2026-09-04 14:30:46.148456+00:00,2026-09-04 14:36:13.378293+00:00,,19243,"{""tone"": ""bull"", ""strength"": 69, ""probability"": 50, ""chain"": [{""date"": ""2026-08-26"", ""label"": ""Rifiuto su EMA200"", ""detail"": ""ritorno alla media e rifiuto nel verso del trend"", ""kind"": ""confirmation""}, {""date"": ""2026-08-27"", ""label"": ""Gap bull"", ""detail"": ""apertura in gap del 11.9%""}, {""date"": ""2026-08-27"", ""label"": ""Conferma volume"", ""detail"": ""4.7x la media: gap partecipato""}, {""date"": ""2026-09-03"", ""label"": ""Trend ADX in rafforzamento"", ""detail"": ""ADX conferma la forza del trend"", ""kind"": ""confirmation""}], ""factors"": {""gap_size"": 0.9219468052762735, ""volume_strength"": 0.5687239471937027, ""trend_alignment"": 1.0, ""confirmation_count"": 0.6666666666666666}, ""invalidation"": null, ""sources"": [""Gap taxonomy (breakaway vs exhaustion) + volume confirmation""], ""annotations"": {""levels"": [], ""points"": []}, ""atr"": 10.609332638703387, ""horizon"": ""short"", ""regime_at_fire"": ""bull"", ""first_emitted_at"": ""2026-09-04T14:30:46.809943+00:00""}",5,252.050003,264.429993,0.049117198383846095,1,1,0.054637326006781395,2026-09-04 14:35:57.909500+00:00
19900,437,HRL,gap_and_go,2026-08-27,bear,21.6800,2026-09-04 14:32:27.407985+00:00,2026-09-04 14:36:13.378293+00:00,,19255,"{""tone"": ""bear"", ""strength"": 67, ""probability"": 50, ""chain"": [{""date"": ""2026-08-26"", ""label"": ""Rifiuto su EMA200"", ""detail"": ""ritorno alla media e rifiuto nel verso del trend"", ""kind"": ""confirmation""}, {""date"": ""2026-08-27"", ""label"": ""Gap bear"", ""detail"": ""apertura in gap del -3.0%""}, {""date"": ""2026-08-27"", ""label"": ""Conferma volume"", ""detail"": ""4.8x la media: gap partecipato""}, {""date"": ""2026-09-03"", ""label"": ""Candela di rifiuto"", ""detail"": ""pattern evening_star"", ""kind"": ""confirmation""}, {""date"": ""2026-09-03"", ""label"": ""Trend ADX in rafforzamento"", ""detail"": ""ADX conferma la forza del trend"", ""kind"": ""confirmation""}], ""factors"": {""gap_size"": 0.5494512990068029, ""volume_strength"": 0.5810899279070256, ""trend_alignment"": 1.0, ""confirmation_count"": 1.0}, ""invalidation"": null, ""sources"": [""Gap taxonomy (breakaway vs exhaustion) + volume confirmation""], ""annotations"": {""levels"": [], ""points"": []}, ""atr"": 0.5737741829728356, ""horizon"": ""short"", ""regime_at_fire"": ""bear"", ""first_emitted_at"": ""2026-09-04T14:32:28.458004+00:00""}",5,21.280001,21.68,0.018796944605406818,0,0,-0.024317072228342118,2026-09-04 14:35:57.909500+00:00
19903,1895,BURL,gap_and_go,2026-08-27,bear,258.5600,2026-09-04 14:35:30.233518+00:00,2026-09-04 14:36:13.378293+00:00,,19305,"{""tone"": ""bear"", ""strength"": 61, ""probability"": 50, ""chain"": [{""date"": ""2026-08-21"", ""label"": ""Candela di rifiuto"", ""detail"": ""pattern engulfing"", ""kind"": ""confirmation""}, {""date"": ""2026-08-27"", ""label"": ""Gap bear"", ""detail"": ""apertura in gap del -2.4%""}, {""date"": ""2026-08-27"", ""label"": ""Conferma volume"", ""detail"": ""4.4x la media: gap partecipato""}, {""date"": ""2026-08-27"", ""label"": ""Rifiuto su EMA200"", ""detail"": ""ritorno alla media e rifiuto nel verso del trend"", ""kind"": ""confirmation""}, {""date"": ""2026-09-03"", ""label"": ""Trend ADX in rafforzamento"", ""detail"": ""ADX conferma la forza del trend"", ""kind"": ""confirmation""}], ""factors"": {""gap_size"": 0.4923639365063834, ""volume_strength"": 0.5451175720453671, ""trend_alignment"": 1.0, ""confirmation_count"": 1.0}, ""invalidation"": null, ""sources"": [""Gap taxonomy (breakaway vs exhaustion) + volume confirmation""], ""annotations"": {""levels"": [], ""points"": []}, ""atr"": 11.864613857794787, ""horizon"": ""short"", ""regime_at_fire"": ""bear"", ""first_emitted_at"": ""2026-09-04T14:35:31.033676+00:00""}",5,290.0,258.559998,-0.1084138,1,1,0.1028936723770647,2026-09-04 14:35:57.909500+00:00
19902,1313,VEEV,gap_and_go,2026-08-27,bull,284.3800,2026-09-04 14:34:56.932091+00:00,2026-09-04 14:36:13.378293+00:00,,19282,"{""tone"": ""bull"", ""strength"": 61, ""probability"": 50, ""chain"": [{""date"": ""2026-08-26"", ""label"": ""Higher-low confermato"", ""detail"": ""struttura a conferma della continuazione"", ""kind"": ""confirmation""}, {""date"": ""2026-08-27"", ""label"": ""Gap bull"", ""detail"": ""apertura in gap del 12.4%""}, {""date"": ""2026-08-27"", ""label"": ""Conferma volume"", ""detail"": ""3.7x la media: gap partecipato""}, {""date"": ""2026-08-27"", ""label"": ""MACD cross rialzista"", ""detail"": ""incrocio MACD nel verso del segnale"", ""kind"": ""confirmation""}, {""date"": ""2026-08-31"", ""label"": ""Candela di rifiuto"", ""detail"": ""pattern engulfing"", ""kind"": ""confirmation""}, {""date"": ""2026-09-03"", ""label"": ""Trend ADX in rafforzamento"", ""detail"": ""ADX conferma la forza del trend"", ""kind"": ""confirmation""}], ""factors"": {""gap_size"": 0.9279281919862548, ""volume_strength"": 0.48629576993099727, ""trend_alignment"": 1.0, ""confirmation_count"": 1.0}, ""invalidation"": null, ""sources"": [""Gap taxonomy (breakaway vs exhaustion) + volume confirmation""], ""annotations"": {""levels"": [], ""points"": []}, ""atr"": 10.88554670447168, ""horizon"": ""short"", ""regime_at_fire"": ""bull"", ""first_emitted_at"": ""2026-09-04T14:34:57.608868+00:00""}",5,282.130005,284.380005,0.007975046822829013,1,1,0.013495174445764313,2026-09-04 14:35:57.909500+00:00
20029,386,EVRG,candle_reversal,2026-08-28,bear,81.5400,2026-09-06 23:49:18.414057+00:00,2026-09-06 23:53:58.567259+00:00,,19351,"{""tone"": ""bear"", ""strength"": 73, ""probability"": 49, ""chain"": [{""date"": ""2026-08-21"", ""label"": ""Rifiuto su EMA50"", ""detail"": ""ritorno alla media e rifiuto nel verso del trend"", ""kind"": ""confirmation""}, {""date"": ""2026-08-21"", ""label"": ""MACD cross ribassista"", ""detail"": ""incrocio MACD nel verso del segnale"", ""kind"": ""confirmation""}, {""date"": ""2026-08-28"", ""label"": ""Candela di inversione bear"", ""detail"": ""pattern Engulfing""}, {""date"": ""2026-08-28"", ""label"": ""A resistenza"", ""detail"": ""prezzo 81.54 al livello 83.19""}], ""factors"": {""candle_strength"": 0.7292212177449997, ""at_level"": 1.0, ""confirmation_count"": 0.6666666666666666}, ""invalidation"": {""level"": 83.19, ""reason"": ""rottura del resistenza""}, ""sources"": [""Nison - candlestick reversals confirmed at support/resistance""], ""annotations"": {""levels"": [{""label"": ""Resistenza"", ""price"": 83.19, ""kind"": ""resistance""}, {""label"": ""Stop / invalidazione"", ""price"": 83.19, ""kind"": ""stop""}], ""points"": []}, ""atr"": 1.3525859438189198, ""horizon"": ""short"", ""regime_at_fire"": ""bull"", ""first_emitted_at"": ""2026-09-06T23:31:44.363843+00:00"", ""amended_at"": ""2026-09-06T23:49:18.410943+00:00"", ""amend_count"": 2}",5,80.650002,81.540001,0.011035325206811608,0,0,-0.01524289883935026,2026-09-06 23:53:44.006748+00:00
19904,25,CRM,gap_and_go,2026-08-27,bull,264.4300,2026-09-04 14:55:46.864736+00:00,2026-09-04 15:00:25.074988+00:00,,19243,"{""tone"": ""bull"", ""strength"": 69, ""probability"": 50, ""chain"": [{""date"": ""2026-08-26"", ""label"": ""Rifiuto su EMA200"", ""detail"": ""ritorno alla media e rifiuto nel verso del trend"", ""kind"": ""confirmation""}, {""date"": ""2026-08-27"", ""label"": ""Gap bull"", ""detail"": ""apertura in gap del 11.9%""}, {""date"": ""2026-08-27"", ""label"": ""Conferma volume"", ""detail"": ""4.7x la media: gap partecipato""}, {""date"": ""2026-09-03"", ""label"": ""Trend ADX in rafforzamento"", ""detail"": ""ADX conferma la forza del trend"", ""kind"": ""confirmation""}], ""factors"": {""gap_size"": 0.9219468052762735, ""volume_strength"": 0.5687239471937027, ""trend_alignment"": 1.0, ""confirmation_count"": 0.6666666666666666}, ""invalidation"": null, ""sources"": [""Gap taxonomy (breakaway vs exhaustion) + volume confirmation""], ""annotations"": {""levels"": [], ""points"": []}, ""atr"": 10.609332638703387, ""horizon"": ""short"", ""regime_at_fire"": ""bull"", ""first_emitted_at"": ""2026-09-04T14:47:18.552268+00:00"", ""amended_at"": ""2026-09-04T14:55:46.837243+00:00"", ""amend_count"": 1}",5,252.050003,264.429993,0.049117198383846095,1,1,0.054637326006781395,2026-09-04 15:00:09.150162+00:00
20169,201,0027.HK,candle_reversal,2026-09-01,bear,33.7200,2026-09-08 22:29:57.624332+00:00,2026-09-09 08:57:54.490977+00:00,,19481,"{""tone"": ""bear"", ""strength"": 85, ""probability"": 49, ""chain"": [{""date"": ""2026-08-26"", ""label"": ""MACD cross ribassista"", ""detail"": ""incrocio MACD nel verso del segnale"", ""kind"": ""confirmation""}, {""date"": ""2026-08-27"", ""label"": ""Rifiuto su EMA200"", ""detail"": ""ritorno alla media e rifiuto nel verso del trend"", ""kind"": ""confirmation""}, {""date"": ""2026-09-01"", ""label"": ""Candela di inversione bear"", ""detail"": ""pattern Engulfing""}, {""date"": ""2026-09-01"", ""label"": ""A resistenza"", ""detail"": ""prezzo 33.72 al livello 34.08""}, {""date"": ""2026-09-08"", ""label"": ""Trend ADX in rafforzamento"", ""detail"": ""ADX conferma la forza del trend"", ""kind"": ""confirmation""}], ""factors"": {""candle_strength"": 0.8526295783300267, ""at_level"": 1.0, ""confirmation_count"": 1.0}, ""invalidation"": {""level"": 34.08, ""reason"": ""rottura del resistenza""}, ""sources"": [""Nison - candlestick reversals confirmed at support/resistance""], ""annotations"": {""levels"": [{""label"": ""Resistenza"", ""price"": 34.08, ""kind"": ""resistance""}, {""label"": ""Stop / invalidazione"", ""price"": 34.08, ""kind"": ""stop""}], ""points"": []}, ""atr"": 0.8154391415673875, ""horizon"": ""short"", ""regime_at_fire"": ""bear"", ""first_emitted_at"": ""2026-09-08T22:29:58.051315+00:00""}",5,33.080002,33.720001,0.019347006085429053,0,0,-0.02447842385828658,2026-09-08 22:36:31.572941+00:00
20030,397,FAST,candle_reversal,2026-08-28,bear,49.6000,2026-09-06 23:49:20.157170+00:00,2026-09-06 23:53:58.567259+00:00,,19352,"{""tone"": ""bear"", ""strength"": 88, ""probability"": 49, ""chain"": [{""date"": ""2026-08-24"", ""label"": ""Lower-high confermato"", ""detail"": ""struttura a conferma della continuazione"", ""kind"": ""confirmation""}, {""date"": ""2026-08-28"", ""label"": ""Candela di inversione bear"", ""detail"": ""pattern Engulfing""}, {""date"": ""2026-08-28"", ""label"": ""A resistenza"", ""detail"": ""prezzo 49.60 al livello 49.67""}, {""date"": ""2026-09-02"", ""label"": ""Rifiuto su EMA50"", ""detail"": ""ritorno alla media e rifiuto nel verso del trend"", ""kind"": ""confirmation""}], ""factors"": {""candle_strength"": 0.8832311106860662, ""at_level"": 1.0, ""confirmation_count"": 0.6666666666666666}, ""invalidation"": {""level"": 49.67, ""reason"": ""rottura del resistenza""}, ""sources"": [""Nison - candlestick reversals confirmed at support/resistance""], ""annotations"": {""levels"": [{""label"": ""Resistenza"", ""price"": 49.67, ""kind"": ""resistance""}, {""label"": ""Stop / invalidazione"", ""price"": 49.67, ""kind"": ""stop""}], ""points"": []}, ""atr"": 1.142162366897672, ""horizon"": ""short"", ""regime_at_fire"": ""bull"", ""first_emitted_at"": ""2026-09-06T23:31:45.949430+00:00"", ""amended_at"": ""2026-09-06T23:49:20.153950+00:00"", ""amend_count"": 2}",5,49.779999,49.599998,-0.0036159301650446896,1,0,-0.000591643467493963,2026-09-06 23:53:44.006748+00:00
20396,77,TIT.MI,candle_reversal,2026-09-03,bull,7.4790,2026-09-10 20:36:39.263131+00:00,2026-09-11 14:13:14.138150+00:00,,19800,"{""tone"": ""bull"", ""strength"": 68, ""probability"": 49, ""chain"": [{""date"": ""2026-09-03"", ""label"": ""Candela di inversione bull"", ""detail"": ""pattern Engulfing""}, {""date"": ""2026-09-03"", ""label"": ""A supporto"", ""detail"": ""prezzo 7.48 al livello 7.65""}, {""date"": ""2026-09-03"", ""label"": ""MACD cross rialzista"", ""detail"": ""incrocio MACD nel verso del segnale"", ""kind"": ""confirmation""}, {""date"": ""2026-09-08"", ""label"": ""Volume sulla salita"", ""detail"": ""volume sopra la media nel verso del segnale"", ""kind"": ""confirmation""}], ""factors"": {""candle_strength"": 0.6810344827586228, ""at_level"": 1.0, ""confirmation_count"": 0.6666666666666666}, ""invalidation"": {""level"": 7.647, ""reason"": ""rottura del supporto""}, ""sources"": [""Nison - candlestick reversals confirmed at support/resistance""], ""annotations"": {""levels"": [{""label"": ""Supporto"", ""price"": 7.647, ""kind"": ""support""}, {""label"": ""Stop / invalidazione"", ""price"": 7.647, ""kind"": ""stop""}], ""points"": []}, ""atr"": 0.1551151696747692, ""horizon"": ""short"", ""regime_at_fire"": ""bull"", ""first_emitted_at"": ""2026-09-10T20:36:40.046994+00:00""}",5,7.763,7.479,-0.036583794924642477,0,0,-0.018867298861650394,2026-09-10 20:40:20.639898+00:00
20032,397,FAST,candle_reversal,2026-08-28,bear,49.6000,2026-09-07 10:34:22.250773+00:00,2026-09-07 10:41:40.006116+00:00,,19352,"{""tone"": ""bear"", ""strength"": 88, ""probability"": 49, ""chain"": [{""date"": ""2026-08-24"", ""label"": ""Lower-high confermato"", ""detail"": ""struttura a conferma della continuazione"", ""kind"": ""confirmation""}, {""date"": ""2026-08-28"", ""label"": ""Candela di inversione bear"", ""detail"": ""pattern Engulfing""}, {""date"": ""2026-08-28"", ""label"": ""A resistenza"", ""detail"": ""prezzo 49.60 al livello 49.67""}, {""date"": ""2026-09-02"", ""label"": ""Rifiuto su EMA50"", ""detail"": ""ritorno alla media e rifiuto nel verso del trend"", ""kind"": ""confirmation""}], ""factors"": {""candle_strength"": 0.8832311106860662, ""at_level"": 1.0, ""confirmation_count"": 0.6666666666666666}, ""invalidation"": {""level"": 49.67, ""reason"": ""rottura del resistenza""}, ""sources"": [""Nison - candlestick reversals confirmed at support/resistance""], ""annotations"": {""levels"": [{""label"": ""Resistenza"", ""price"": 49.67, ""kind"": ""resistance""}, {""label"": ""Stop / invalidazione"", ""price"": 49.67, ""kind"": ""stop""}], ""points"": []}, ""atr"": 1.142162366897672, ""horizon"": ""short"", ""regime_at_fire"": ""bull"", ""first_emitted_at"": ""2026-09-07T10:34:23.192378+00:00""}",5,49.779999,49.599998,-0.0036159301650446896,1,0,-0.000591643467493963,2026-09-07 10:41:25.358584+00:00
20508,1108,KGF.L,candle_reversal,2026-09-04,bull,2.8850,2026-09-12 14:50:14.890129+00:00,2026-09-12 15:02:41.421396+00:00,,19933,"{""tone"": ""bull"", ""strength"": 95, ""probability"": 49, ""chain"": [{""date"": ""2026-08-28"", ""label"": ""Trend ADX in rafforzamento"", ""detail"": ""ADX conferma la forza del trend"", ""kind"": ""confirmation""}, {""date"": ""2026-09-04"", ""label"": ""Candela di inversione bull"", ""detail"": ""pattern Engulfing""}, {""date"": ""2026-09-04"", ""label"": ""A supporto"", ""detail"": ""prezzo 2.88 al livello 2.85""}], ""factors"": {""candle_strength"": 0.9506318375496197, ""at_level"": 1.0, ""confirmation_count"": 0.3333333333333333}, ""invalidation"": {""level"": 2.85, ""reason"": ""rottura del supporto""}, ""sources"": [""Nison - candlestick reversals confirmed at support/resistance""], ""annotations"": {""levels"": [{""label"": ""Supporto"", ""price"": 2.85, ""kind"": ""support""}, {""label"": ""Stop / invalidazione"", ""price"": 2.85, ""kind"": ""stop""}], ""points"": []}, ""atr"": 0.07370193772705846, ""horizon"": ""short"", ""regime_at_fire"": ""bear"", ""first_emitted_at"": ""2026-09-12T14:50:15.517419+00:00""}",5,3.074,2.885,-0.06148340923877682,0,0,-0.042326321116171406,2026-09-12 15:02:27.026593+00:00
20526,1108,KGF.L,candle_reversal,2026-09-04,bull,2.8850,2026-09-13 11:35:59.628933+00:00,2026-09-13 11:37:29.372532+00:00,,19933,"{""tone"": ""bull"", ""strength"": 95, ""probability"": 49, ""chain"": [{""date"": ""2026-08-28"", ""label"": ""Trend ADX in rafforzamento"", ""detail"": ""ADX conferma la forza del trend"", ""kind"": ""confirmation""}, {""date"": ""2026-09-04"", ""label"": ""Candela di inversione bull"", ""detail"": ""pattern Engulfing""}, {""date"": ""2026-09-04"", ""label"": ""A supporto"", ""detail"": ""prezzo 2.88 al livello 2.85""}], ""factors"": {""candle_strength"": 0.9506318375496197, ""at_level"": 1.0, ""confirmation_count"": 0.3333333333333333}, ""invalidation"": {""level"": 2.85, ""reason"": ""rottura del supporto""}, ""sources"": [""Nison - candlestick reversals confirmed at support/resistance""], ""annotations"": {""levels"": [{""label"": ""Supporto"", ""price"": 2.85, ""kind"": ""support""}, {""label"": ""Stop / invalidazione"", ""price"": 2.85, ""kind"": ""stop""}], ""points"": []}, ""atr"": 0.07370193772705846, ""horizon"": ""short"", ""regime_at_fire"": ""bear"", ""first_emitted_at"": ""2026-09-13T11:36:00.292493+00:00""}",5,3.074,2.885,-0.06148340923877682,0,0,-0.042326321116171406,2026-09-13 11:37:15.353783+00:00
20031,386,EVRG,candle_reversal,2026-08-28,bear,81.5400,2026-09-07 10:34:21.285937+00:00,2026-09-07 10:41:40.006116+00:00,,19351,"{""tone"": ""bear"", ""strength"": 73, ""probability"": 49, ""chain"": [{""date"": ""2026-08-21"", ""label"": ""Rifiuto su EMA50"", ""detail"": ""ritorno alla media e rifiuto nel verso del trend"", ""kind"": ""confirmation""}, {""date"": ""2026-08-21"", ""label"": ""MACD cross ribassista"", ""detail"": ""incrocio MACD nel verso del segnale"", ""kind"": ""confirmation""}, {""date"": ""2026-08-28"", ""label"": ""Candela di inversione bear"", ""detail"": ""pattern Engulfing""}, {""date"": ""2026-08-28"", ""label"": ""A resistenza"", ""detail"": ""prezzo 81.54 al livello 83.19""}], ""factors"": {""candle_strength"": 0.7292212177449997, ""at_level"": 1.0, ""confirmation_count"": 0.6666666666666666}, ""invalidation"": {""level"": 83.19, ""reason"": ""rottura del resistenza""}, ""sources"": [""Nison - candlestick reversals confirmed at support/resistance""], ""annotations"": {""levels"": [{""label"": ""Resistenza"", ""price"": 83.19, ""kind"": ""resistance""}, {""label"": ""Stop / invalidazione"", ""price"": 83.19, ""kind"": ""stop""}], ""points"": []}, ""atr"": 1.3525859438189198, ""horizon"": ""short"", ""regime_at_fire"": ""bull"", ""first_emitted_at"": ""2026-09-07T10:34:21.651023+00:00""}",5,80.650002,81.540001,0.011035325206811608,0,0,-0.01524289883935026,2026-09-07 10:41:25.358584+00:00
20416,77,TIT.MI,candle_reversal,2026-09-03,bull,7.4790,2026-09-11 15:21:19.452185+00:00,2026-09-11 15:30:08.974642+00:00,,19800,"{""tone"": ""bull"", ""strength"": 68, ""probability"": 49, ""chain"": [{""date"": ""2026-09-03"", ""label"": ""Candela di inversione bull"", ""detail"": ""pattern Engulfing""}, {""date"": ""2026-09-03"", ""label"": ""A supporto"", ""detail"": ""prezzo 7.48 al livello 7.65""}, {""date"": ""2026-09-03"", ""label"": ""MACD cross rialzista"", ""detail"": ""incrocio MACD nel verso del segnale"", ""kind"": ""confirmation""}, {""date"": ""2026-09-08"", ""label"": ""Volume sulla salita"", ""detail"": ""volume sopra la media nel verso del segnale"", ""kind"": ""confirmation""}], ""factors"": {""candle_strength"": 0.6810344827586228, ""at_level"": 1.0, ""confirmation_count"": 0.6666666666666666}, ""invalidation"": {""level"": 7.647, ""reason"": ""rottura del supporto""}, ""sources"": [""Nison - candlestick reversals confirmed at support/resistance""], ""annotations"": {""levels"": [{""label"": ""Supporto"", ""price"": 7.647, ""kind"": ""support""}, {""label"": ""Stop / invalidazione"", ""price"": 7.647, ""kind"": ""stop""}], ""points"": []}, ""atr"": 0.1551151696747692, ""horizon"": ""short"", ""regime_at_fire"": ""bull"", ""first_emitted_at"": ""2026-09-11T15:12:58.118510+00:00"", ""amended_at"": ""2026-09-11T15:21:19.449845+00:00"", ""amend_count"": 1}",5,7.763,7.479,-0.036583794924642477,0,0,-0.018867298861650394,2026-09-11 15:29:54.198657+00:00
20067,397,FAST,candle_reversal,2026-08-28,bear,49.6000,2026-09-08 08:44:26.497915+00:00,2026-09-08 08:53:33.034142+00:00,,19352,"{""tone"": ""bear"", ""strength"": 88, ""probability"": 49, ""chain"": [{""date"": ""2026-08-24"", ""label"": ""Lower-high confermato"", ""detail"": ""struttura a conferma della continuazione"", ""kind"": ""confirmation""}, {""date"": ""2026-08-28"", ""label"": ""Candela di inversione bear"", ""detail"": ""pattern Engulfing""}, {""date"": ""2026-08-28"", ""label"": ""A resistenza"", ""detail"": ""prezzo 49.60 al livello 49.67""}, {""date"": ""2026-09-02"", ""label"": ""Rifiuto su EMA50"", ""detail"": ""ritorno alla media e rifiuto nel verso del trend"", ""kind"": ""confirmation""}], ""factors"": {""candle_strength"": 0.8832311106860662, ""at_level"": 1.0, ""confirmation_count"": 0.6666666666666666}, ""invalidation"": {""level"": 49.67, ""reason"": ""rottura del resistenza""}, ""sources"": [""Nison - candlestick reversals confirmed at support/resistance""], ""annotations"": {""levels"": [{""label"": ""Resistenza"", ""price"": 49.67, ""kind"": ""resistance""}, {""label"": ""Stop / invalidazione"", ""price"": 49.67, ""kind"": ""stop""}], ""points"": []}, ""atr"": 1.142162366897672, ""horizon"": ""short"", ""regime_at_fire"": ""bull"", ""first_emitted_at"": ""2026-09-08T08:32:23.276035+00:00"", ""amended_at"": ""2026-09-08T08:44:26.496047+00:00"", ""amend_count"": 2}",5,49.779999,49.599998,-0.0036159301650446896,1,0,-0.0021103128687374184,2026-09-08 08:53:17.877494+00:00
19905,437,HRL,gap_and_go,2026-08-27,bear,21.6800,2026-09-04 14:57:21.698549+00:00,2026-09-04 15:00:25.074988+00:00,,19255,"{""tone"": ""bear"", ""strength"": 67, ""probability"": 50, ""chain"": [{""date"": ""2026-08-26"", ""label"": ""Rifiuto su EMA200"", ""detail"": ""ritorno alla media e rifiuto nel verso del trend"", ""kind"": ""confirmation""}, {""date"": ""2026-08-27"", ""label"": ""Gap bear"", ""detail"": ""apertura in gap del -3.0%""}, {""date"": ""2026-08-27"", ""label"": ""Conferma volume"", ""detail"": ""4.8x la media: gap partecipato""}, {""date"": ""2026-09-03"", ""label"": ""Candela di rifiuto"", ""detail"": ""pattern evening_star"", ""kind"": ""confirmation""}, {""date"": ""2026-09-03"", ""label"": ""Trend ADX in rafforzamento"", ""detail"": ""ADX conferma la forza del trend"", ""kind"": ""confirmation""}], ""factors"": {""gap_size"": 0.5494512990068029, ""volume_strength"": 0.5810899279070256, ""trend_alignment"": 1.0, ""confirmation_count"": 1.0}, ""invalidation"": null, ""sources"": [""Gap taxonomy (breakaway vs exhaustion) + volume confirmation""], ""annotations"": {""levels"": [], ""points"": []}, ""atr"": 0.5737741829728356, ""horizon"": ""short"", ""regime_at_fire"": ""bear"", ""first_emitted_at"": ""2026-09-04T14:48:51.076928+00:00"", ""amended_at"": ""2026-09-04T14:57:21.696011+00:00"", ""amend_count"": 1}",5,21.280001,21.68,0.018796944605406818,0,0,-0.024317072228342118,2026-09-04 15:00:09.150162+00:00
19911,1895,BURL,gap_and_go,2026-08-27,bear,258.5600,2026-09-04 15:16:36.034914+00:00,2026-09-04 15:20:15.042970+00:00,,19305,"{""tone"": ""bear"", ""strength"": 61, ""probability"": 50, ""chain"": [{""date"": ""2026-08-21"", ""label"": ""Candela di rifiuto"", ""detail"": ""pattern engulfing"", ""kind"": ""confirmation""}, {""date"": ""2026-08-27"", ""label"": ""Gap bear"", ""detail"": ""apertura in gap del -2.4%""}, {""date"": ""2026-08-27"", ""label"": ""Conferma volume"", ""detail"": ""4.4x la media: gap partecipato""}, {""date"": ""2026-08-27"", ""label"": ""Rifiuto su EMA200"", ""detail"": ""ritorno alla media e rifiuto nel verso del trend"", ""kind"": ""confirmation""}, {""date"": ""2026-09-03"", ""label"": ""Trend ADX in rafforzamento"", ""detail"": ""ADX conferma la forza del trend"", ""kind"": ""confirmation""}], ""factors"": {""gap_size"": 0.4923639365063834, ""volume_strength"": 0.5451175720453671, ""trend_alignment"": 1.0, ""confirmation_count"": 1.0}, ""invalidation"": null, ""sources"": [""Gap taxonomy (breakaway vs exhaustion) + volume confirmation""], ""annotations"": {""levels"": [], ""points"": []}, ""atr"": 11.864613857794787, ""horizon"": ""short"", ""regime_at_fire"": ""bear"", ""first_emitted_at"": ""2026-09-04T15:16:36.912670+00:00""}",5,290.0,258.559998,-0.1084138,1,1,0.1028936723770647,2026-09-04 15:20:00.116496+00:00
19909,437,HRL,gap_and_go,2026-08-27,bear,21.6800,2026-09-04 15:14:22.462698+00:00,2026-09-04 15:20:15.042970+00:00,,19255,"{""tone"": ""bear"", ""strength"": 67, ""probability"": 50, ""chain"": [{""date"": ""2026-08-26"", ""label"": ""Rifiuto su EMA200"", ""detail"": ""ritorno alla media e rifiuto nel verso del trend"", ""kind"": ""confirmation""}, {""date"": ""2026-08-27"", ""label"": ""Gap bear"", ""detail"": ""apertura in gap del -3.0%""}, {""date"": ""2026-08-27"", ""label"": ""Conferma volume"", ""detail"": ""4.8x la media: gap partecipato""}, {""date"": ""2026-09-03"", ""label"": ""Candela di rifiuto"", ""detail"": ""pattern evening_star"", ""kind"": ""confirmation""}, {""date"": ""2026-09-03"", ""label"": ""Trend ADX in rafforzamento"", ""detail"": ""ADX conferma la forza del trend"", ""kind"": ""confirmation""}], ""factors"": {""gap_size"": 0.5494512990068029, ""volume_strength"": 0.5810899279070256, ""trend_alignment"": 1.0, ""confirmation_count"": 1.0}, ""invalidation"": null, ""sources"": [""Gap taxonomy (breakaway vs exhaustion) + volume confirmation""], ""annotations"": {""levels"": [], ""points"": []}, ""atr"": 0.5737741829728356, ""horizon"": ""short"", ""regime_at_fire"": ""bear"", ""first_emitted_at"": ""2026-09-04T15:14:22.877543+00:00""}",5,21.280001,21.68,0.018796944605406818,0,0,-0.024317072228342118,2026-09-04 15:20:00.116496+00:00
19910,1313,VEEV,gap_and_go,2026-08-27,bull,284.3800,2026-09-04 15:16:05.165783+00:00,2026-09-04 15:20:15.042970+00:00,,19282,"{""tone"": ""bull"", ""strength"": 61, ""probability"": 50, ""chain"": [{""date"": ""2026-08-26"", ""label"": ""Higher-low confermato"", ""detail"": ""struttura a conferma della continuazione"", ""kind"": ""confirmation""}, {""date"": ""2026-08-27"", ""label"": ""Gap bull"", ""detail"": ""apertura in gap del 12.4%""}, {""date"": ""2026-08-27"", ""label"": ""Conferma volume"", ""detail"": ""3.7x la media: gap partecipato""}, {""date"": ""2026-08-27"", ""label"": ""MACD cross rialzista"", ""detail"": ""incrocio MACD nel verso del segnale"", ""kind"": ""confirmation""}, {""date"": ""2026-08-31"", ""label"": ""Candela di rifiuto"", ""detail"": ""pattern engulfing"", ""kind"": ""confirmation""}, {""date"": ""2026-09-03"", ""label"": ""Trend ADX in rafforzamento"", ""detail"": ""ADX conferma la forza del trend"", ""kind"": ""confirmation""}], ""factors"": {""gap_size"": 0.9279281919862548, ""volume_strength"": 0.48629576993099727, ""trend_alignment"": 1.0, ""confirmation_count"": 1.0}, ""invalidation"": null, ""sources"": [""Gap taxonomy (breakaway vs exhaustion) + volume confirmation""], ""annotations"": {""levels"": [], ""points"": []}, ""atr"": 10.88554670447168, ""horizon"": ""short"", ""regime_at_fire"": ""bull"", ""first_emitted_at"": ""2026-09-04T15:16:05.933415+00:00""}",5,282.130005,284.380005,0.007975046822829013,1,1,0.013495174445764313,2026-09-04 15:20:00.116496+00:00
19912,25,CRM,gap_and_go,2026-08-27,bull,264.4300,2026-09-04 15:25:03.821367+00:00,2026-09-04 15:30:24.774475+00:00,,19243,"{""tone"": ""bull"", ""strength"": 69, ""probability"": 50, ""chain"": [{""date"": ""2026-08-26"", ""label"": ""Rifiuto su EMA200"", ""detail"": ""ritorno alla media e rifiuto nel verso del trend"", ""kind"": ""confirmation""}, {""date"": ""2026-08-27"", ""label"": ""Gap bull"", ""detail"": ""apertura in gap del 11.9%""}, {""date"": ""2026-08-27"", ""label"": ""Conferma volume"", ""detail"": ""4.7x la media: gap partecipato""}, {""date"": ""2026-09-03"", ""label"": ""Trend ADX in rafforzamento"", ""detail"": ""ADX conferma la forza del trend"", ""kind"": ""confirmation""}], ""factors"": {""gap_size"": 0.9219468052762735, ""volume_strength"": 0.5687239471937027, ""trend_alignment"": 1.0, ""confirmation_count"": 0.6666666666666666}, ""invalidation"": null, ""sources"": [""Gap taxonomy (breakaway vs exhaustion) + volume confirmation""], ""annotations"": {""levels"": [], ""points"": []}, ""atr"": 10.609332638703387, ""horizon"": ""short"", ""regime_at_fire"": ""bull"", ""first_emitted_at"": ""2026-09-04T15:25:04.975096+00:00""}",5,252.050003,264.429993,0.049117198383846095,1,1,0.054637326006781395,2026-09-04 15:30:09.185847+00:00
19879,25,CRM,gap_and_go,2026-08-27,bull,264.4300,2026-09-04 10:16:23.590701+00:00,2026-09-04 10:24:41.355978+00:00,,19243,"{""tone"": ""bull"", ""strength"": 69, ""probability"": 50, ""chain"": [{""date"": ""2026-08-26"", ""label"": ""Rifiuto su EMA200"", ""detail"": ""ritorno alla media e rifiuto nel verso del trend"", ""kind"": ""confirmation""}, {""date"": ""2026-08-27"", ""label"": ""Gap bull"", ""detail"": ""apertura in gap del 11.9%""}, {""date"": ""2026-08-27"", ""label"": ""Conferma volume"", ""detail"": ""4.7x la media: gap partecipato""}, {""date"": ""2026-09-03"", ""label"": ""Trend ADX in rafforzamento"", ""detail"": ""ADX conferma la forza del trend"", ""kind"": ""confirmation""}], ""factors"": {""gap_size"": 0.9219468052762735, ""volume_strength"": 0.5687239471937027, ""trend_alignment"": 1.0, ""confirmation_count"": 0.6666666666666666}, ""invalidation"": null, ""sources"": [""Gap taxonomy (breakaway vs exhaustion) + volume confirmation""], ""annotations"": {""levels"": [], ""points"": []}, ""atr"": 10.609332638703387, ""horizon"": ""short"", ""regime_at_fire"": ""bull"", ""first_emitted_at"": ""2026-09-04T10:16:24.253704+00:00""}",5,252.050003,264.429993,0.049117198383846095,1,1,0.054637326006781395,2026-09-04 10:24:23.509455+00:00
20068,113,IBE.MC,candle_reversal,2026-08-31,bear,19.8300,2026-09-08 08:45:27.633103+00:00,2026-09-08 08:53:33.034142+00:00,,19411,"{""tone"": ""bear"", ""strength"": 87, ""probability"": 49, ""chain"": [{""date"": ""2026-08-28"", ""label"": ""Lower-high confermato"", ""detail"": ""struttura a conferma della continuazione"", ""kind"": ""confirmation""}, {""date"": ""2026-08-31"", ""label"": ""Candela di inversione bear"", ""detail"": ""pattern Engulfing""}, {""date"": ""2026-08-31"", ""label"": ""A resistenza"", ""detail"": ""prezzo 19.83 al livello 20.05""}, {""date"": ""2026-09-01"", ""label"": ""MACD cross ribassista"", ""detail"": ""incrocio MACD nel verso del segnale"", ""kind"": ""confirmation""}, {""date"": ""2026-09-07"", ""label"": ""Trend ADX in rafforzamento"", ""detail"": ""ADX conferma la forza del trend"", ""kind"": ""confirmation""}], ""factors"": {""candle_strength"": 0.872463358536328, ""at_level"": 1.0, ""confirmation_count"": 1.0}, ""invalidation"": {""level"": 20.05, ""reason"": ""rottura del resistenza""}, ""sources"": [""Nison - candlestick reversals confirmed at support/resistance""], ""annotations"": {""levels"": [{""label"": ""Resistenza"", ""price"": 20.05, ""kind"": ""resistance""}, {""label"": ""Stop / invalidazione"", ""price"": 20.05, ""kind"": ""stop""}], ""points"": []}, ""atr"": 0.26543709072009347, ""horizon"": ""short"", ""regime_at_fire"": ""bull"", ""first_emitted_at"": ""2026-09-08T08:33:08.626896+00:00"", ""amended_at"": ""2026-09-08T08:45:27.630457+00:00"", ""amend_count"": 1}",5,20.08,19.83,-0.01245019920318724,1,1,0.004993628425286001,2026-09-08 08:53:17.877494+00:00
19913,437,HRL,gap_and_go,2026-08-27,bear,21.6800,2026-09-04 15:26:38.861054+00:00,2026-09-04 15:30:24.774475+00:00,,19255,"{""tone"": ""bear"", ""strength"": 67, ""probability"": 50, ""chain"": [{""date"": ""2026-08-26"", ""label"": ""Rifiuto su EMA200"", ""detail"": ""ritorno alla media e rifiuto nel verso del trend"", ""kind"": ""confirmation""}, {""date"": ""2026-08-27"", ""label"": ""Gap bear"", ""detail"": ""apertura in gap del -3.0%""}, {""date"": ""2026-08-27"", ""label"": ""Conferma volume"", ""detail"": ""4.8x la media: gap partecipato""}, {""date"": ""2026-09-03"", ""label"": ""Candela di rifiuto"", ""detail"": ""pattern evening_star"", ""kind"": ""confirmation""}, {""date"": ""2026-09-03"", ""label"": ""Trend ADX in rafforzamento"", ""detail"": ""ADX conferma la forza del trend"", ""kind"": ""confirmation""}], ""factors"": {""gap_size"": 0.5494512990068029, ""volume_strength"": 0.5810899279070256, ""trend_alignment"": 1.0, ""confirmation_count"": 1.0}, ""invalidation"": null, ""sources"": [""Gap taxonomy (breakaway vs exhaustion) + volume confirmation""], ""annotations"": {""levels"": [], ""points"": []}, ""atr"": 0.5737741829728356, ""horizon"": ""short"", ""regime_at_fire"": ""bear"", ""first_emitted_at"": ""2026-09-04T15:26:39.301428+00:00""}",5,21.280001,21.68,0.018796944605406818,0,0,-0.024317072228342118,2026-09-04 15:30:09.185847+00:00
20019,397,FAST,candle_reversal,2026-08-28,bear,49.6000,2026-09-05 00:30:48.830902+00:00,2026-09-05 00:34:09.383857+00:00,,19352,"{""tone"": ""bear"", ""strength"": 88, ""probability"": 49, ""chain"": [{""date"": ""2026-08-24"", ""label"": ""Lower-high confermato"", ""detail"": ""struttura a conferma della continuazione"", ""kind"": ""confirmation""}, {""date"": ""2026-08-28"", ""label"": ""Candela di inversione bear"", ""detail"": ""pattern Engulfing""}, {""date"": ""2026-08-28"", ""label"": ""A resistenza"", ""detail"": ""prezzo 49.60 al livello 49.67""}, {""date"": ""2026-09-02"", ""label"": ""Rifiuto su EMA50"", ""detail"": ""ritorno alla media e rifiuto nel verso del trend"", ""kind"": ""confirmation""}], ""factors"": {""candle_strength"": 0.8832311106860662, ""at_level"": 1.0, ""confirmation_count"": 0.6666666666666666}, ""invalidation"": {""level"": 49.67, ""reason"": ""rottura del resistenza""}, ""sources"": [""Nison - candlestick reversals confirmed at support/resistance""], ""annotations"": {""levels"": [{""label"": ""Resistenza"", ""price"": 49.67, ""kind"": ""resistance""}, {""label"": ""Stop / invalidazione"", ""price"": 49.67, ""kind"": ""stop""}], ""points"": []}, ""atr"": 1.142162366897672, ""horizon"": ""short"", ""regime_at_fire"": ""bull"", ""first_emitted_at"": ""2026-09-05T00:23:13.442535+00:00"", ""amended_at"": ""2026-09-05T00:30:48.827578+00:00"", ""amend_count"": 1}",5,49.779999,49.599998,-0.0036159301650446896,1,0,-0.000591643467493963,2026-09-05 00:33:54.105446+00:00
20400,77,TIT.MI,candle_reversal,2026-09-03,bull,7.4790,2026-09-11 13:54:22.850353+00:00,2026-09-11 14:13:14.138150+00:00,,19800,"{""tone"": ""bull"", ""strength"": 68, ""probability"": 49, ""chain"": [{""date"": ""2026-09-03"", ""label"": ""Candela di inversione bull"", ""detail"": ""pattern Engulfing""}, {""date"": ""2026-09-03"", ""label"": ""A supporto"", ""detail"": ""prezzo 7.48 al livello 7.65""}, {""date"": ""2026-09-03"", ""label"": ""MACD cross rialzista"", ""detail"": ""incrocio MACD nel verso del segnale"", ""kind"": ""confirmation""}, {""date"": ""2026-09-08"", ""label"": ""Volume sulla salita"", ""detail"": ""volume sopra la media nel verso del segnale"", ""kind"": ""confirmation""}], ""factors"": {""candle_strength"": 0.6810344827586228, ""at_level"": 1.0, ""confirmation_count"": 0.6666666666666666}, ""invalidation"": {""level"": 7.647, ""reason"": ""rottura del supporto""}, ""sources"": [""Nison - candlestick reversals confirmed at support/resistance""], ""annotations"": {""levels"": [{""label"": ""Supporto"", ""price"": 7.647, ""kind"": ""support""}, {""label"": ""Stop / invalidazione"", ""price"": 7.647, ""kind"": ""stop""}], ""points"": []}, ""atr"": 0.1551151696747692, ""horizon"": ""short"", ""regime_at_fire"": ""bull"", ""first_emitted_at"": ""2026-09-11T13:54:24.940457+00:00""}",5,7.763,7.479,-0.036583794924642477,0,0,-0.018867298861650394,2026-09-11 14:12:57.801263+00:00
20514,1108,KGF.L,candle_reversal,2026-09-04,bull,2.8850,2026-09-12 20:19:12.546967+00:00,2026-09-12 20:20:45.673632+00:00,,19933,"{""tone"": ""bull"", ""strength"": 95, ""probability"": 49, ""chain"": [{""date"": ""2026-08-28"", ""label"": ""Trend ADX in rafforzamento"", ""detail"": ""ADX conferma la forza del trend"", ""kind"": ""confirmation""}, {""date"": ""2026-09-04"", ""label"": ""Candela di inversione bull"", ""detail"": ""pattern Engulfing""}, {""date"": ""2026-09-04"", ""label"": ""A supporto"", ""detail"": ""prezzo 2.88 al livello 2.85""}], ""factors"": {""candle_strength"": 0.9506318375496197, ""at_level"": 1.0, ""confirmation_count"": 0.3333333333333333}, ""invalidation"": {""level"": 2.85, ""reason"": ""rottura del supporto""}, ""sources"": [""Nison - candlestick reversals confirmed at support/resistance""], ""annotations"": {""levels"": [{""label"": ""Supporto"", ""price"": 2.85, ""kind"": ""support""}, {""label"": ""Stop / invalidazione"", ""price"": 2.85, ""kind"": ""stop""}], ""points"": []}, ""atr"": 0.07370193772705846, ""horizon"": ""short"", ""regime_at_fire"": ""bear"", ""first_emitted_at"": ""2026-09-12T20:19:13.196263+00:00""}",5,3.074,2.885,-0.06148340923877682,0,0,-0.042326321116171406,2026-09-12 20:20:29.834759+00:00
20415,207,0066.HK,candle_reversal,2026-09-04,bull,32.9400,2026-09-11 15:00:45.310045+00:00,2026-09-12 15:02:41.421396+00:00,,19881,"{""tone"": ""bull"", ""strength"": 72, ""probability"": 49, ""chain"": [{""date"": ""2026-09-04"", ""label"": ""Candela di inversione bull"", ""detail"": ""pattern Engulfing""}, {""date"": ""2026-09-04"", ""label"": ""A supporto"", ""detail"": ""prezzo 32.94 al livello 33.02""}, {""date"": ""2026-09-09"", ""label"": ""MACD cross rialzista"", ""detail"": ""incrocio MACD nel verso del segnale"", ""kind"": ""confirmation""}, {""date"": ""2026-09-10"", ""label"": ""Rifiuto su EMA50"", ""detail"": ""ritorno alla media e rifiuto nel verso del trend"", ""kind"": ""confirmation""}], ""factors"": {""candle_strength"": 0.72272298554207, ""at_level"": 1.0, ""confirmation_count"": 0.6666666666666666}, ""invalidation"": {""level"": 33.02, ""reason"": ""rottura del supporto""}, ""sources"": [""Nison - candlestick reversals confirmed at support/resistance""], ""annotations"": {""levels"": [{""label"": ""Supporto"", ""price"": 33.02, ""kind"": ""support""}, {""label"": ""Stop / invalidazione"", ""price"": 33.02, ""kind"": ""stop""}], ""points"": []}, ""atr"": 0.6195321520087848, ""horizon"": ""short"", ""regime_at_fire"": ""bull"", ""first_emitted_at"": ""2026-09-11T15:00:45.787186+00:00""}",5,32.939999,32.939999,0.0,0,1,0.019858184397163137,2026-09-11 15:02:19.296488+00:00
20498,1108,KGF.L,candle_reversal,2026-09-04,bull,2.8920,2026-09-11 20:34:06.296809+00:00,2026-09-12 15:02:41.421396+00:00,,19933,"{""tone"": ""bull"", ""strength"": 95, ""probability"": 49, ""chain"": [{""date"": ""2026-08-28"", ""label"": ""Trend ADX in rafforzamento"", ""detail"": ""ADX conferma la forza del trend"", ""kind"": ""confirmation""}, {""date"": ""2026-09-04"", ""label"": ""Candela di inversione bull"", ""detail"": ""pattern Engulfing""}, {""date"": ""2026-09-04"", ""label"": ""A supporto"", ""detail"": ""prezzo 2.89 al livello 2.85""}], ""factors"": {""candle_strength"": 0.9506318375496197, ""at_level"": 1.0, ""confirmation_count"": 0.3333333333333333}, ""invalidation"": {""level"": 2.85, ""reason"": ""rottura del supporto""}, ""sources"": [""Nison - candlestick reversals confirmed at support/resistance""], ""annotations"": {""levels"": [{""label"": ""Supporto"", ""price"": 2.85, ""kind"": ""support""}, {""label"": ""Stop / invalidazione"", ""price"": 2.85, ""kind"": ""stop""}], ""points"": []}, ""atr"": 0.07370193772705846, ""horizon"": ""short"", ""regime_at_fire"": ""bear"", ""first_emitted_at"": ""2026-09-11T20:34:06.665835+00:00""}",5,3.074,2.892,-0.05920624593363699,0,0,-0.03946190977365727,2026-09-11 20:36:36.888633+00:00
20499,207,0066.HK,candle_reversal,2026-09-04,bull,32.9400,2026-09-11 20:35:01.954644+00:00,2026-09-12 15:02:41.421396+00:00,,19881,"{""tone"": ""bull"", ""strength"": 72, ""probability"": 49, ""chain"": [{""date"": ""2026-09-04"", ""label"": ""Candela di inversione bull"", ""detail"": ""pattern Engulfing""}, {""date"": ""2026-09-04"", ""label"": ""A supporto"", ""detail"": ""prezzo 32.94 al livello 33.02""}, {""date"": ""2026-09-09"", ""label"": ""MACD cross rialzista"", ""detail"": ""incrocio MACD nel verso del segnale"", ""kind"": ""confirmation""}, {""date"": ""2026-09-10"", ""label"": ""Rifiuto su EMA50"", ""detail"": ""ritorno alla media e rifiuto nel verso del trend"", ""kind"": ""confirmation""}], ""factors"": {""candle_strength"": 0.72272298554207, ""at_level"": 1.0, ""confirmation_count"": 0.6666666666666666}, ""invalidation"": {""level"": 33.02, ""reason"": ""rottura del supporto""}, ""sources"": [""Nison - candlestick reversals confirmed at support/resistance""], ""annotations"": {""levels"": [{""label"": ""Supporto"", ""price"": 33.02, ""kind"": ""support""}, {""label"": ""Stop / invalidazione"", ""price"": 33.02, ""kind"": ""stop""}], ""points"": []}, ""atr"": 0.6195321520087848, ""horizon"": ""short"", ""regime_at_fire"": ""bull"", ""first_emitted_at"": ""2026-09-11T20:35:02.412368+00:00""}",5,32.939999,32.939999,0.0,0,1,0.019744336159979725,2026-09-11 20:36:36.888633+00:00
20440,1108,KGF.L,candle_reversal,2026-09-04,bull,2.8920,2026-09-11 18:33:12.243004+00:00,2026-09-12 15:02:41.421396+00:00,,19933,"{""tone"": ""bull"", ""strength"": 95, ""probability"": 49, ""chain"": [{""date"": ""2026-08-28"", ""label"": ""Trend ADX in rafforzamento"", ""detail"": ""ADX conferma la forza del trend"", ""kind"": ""confirmation""}, {""date"": ""2026-09-04"", ""label"": ""Candela di inversione bull"", ""detail"": ""pattern Engulfing""}, {""date"": ""2026-09-04"", ""label"": ""A supporto"", ""detail"": ""prezzo 2.89 al livello 2.85""}], ""factors"": {""candle_strength"": 0.9506318375496197, ""at_level"": 1.0, ""confirmation_count"": 0.3333333333333333}, ""invalidation"": {""level"": 2.85, ""reason"": ""rottura del supporto""}, ""sources"": [""Nison - candlestick reversals confirmed at support/resistance""], ""annotations"": {""levels"": [{""label"": ""Supporto"", ""price"": 2.85, ""kind"": ""support""}, {""label"": ""Stop / invalidazione"", ""price"": 2.85, ""kind"": ""stop""}], ""points"": []}, ""atr"": 0.07370193772705846, ""horizon"": ""short"", ""regime_at_fire"": ""bear"", ""first_emitted_at"": ""2026-09-11T18:33:12.615954+00:00""}",5,3.074,2.892,-0.05920624593363699,0,0,-0.03946190977365727,2026-09-11 18:40:36.576704+00:00
20441,207,0066.HK,candle_reversal,2026-09-04,bull,32.9400,2026-09-11 18:33:54.787653+00:00,2026-09-12 15:02:41.421396+00:00,,19881,"{""tone"": ""bull"", ""strength"": 72, ""probability"": 49, ""chain"": [{""date"": ""2026-09-04"", ""label"": ""Candela di inversione bull"", ""detail"": ""pattern Engulfing""}, {""date"": ""2026-09-04"", ""label"": ""A supporto"", ""detail"": ""prezzo 32.94 al livello 33.02""}, {""date"": ""2026-09-09"", ""label"": ""MACD cross rialzista"", ""detail"": ""incrocio MACD nel verso del segnale"", ""kind"": ""confirmation""}, {""date"": ""2026-09-10"", ""label"": ""Rifiuto su EMA50"", ""detail"": ""ritorno alla media e rifiuto nel verso del trend"", ""kind"": ""confirmation""}], ""factors"": {""candle_strength"": 0.72272298554207, ""at_level"": 1.0, ""confirmation_count"": 0.6666666666666666}, ""invalidation"": {""level"": 33.02, ""reason"": ""rottura del supporto""}, ""sources"": [""Nison - candlestick reversals confirmed at support/resistance""], ""annotations"": {""levels"": [{""label"": ""Supporto"", ""price"": 33.02, ""kind"": ""support""}, {""label"": ""Stop / invalidazione"", ""price"": 33.02, ""kind"": ""stop""}], ""points"": []}, ""atr"": 0.6195321520087848, ""horizon"": ""short"", ""regime_at_fire"": ""bull"", ""first_emitted_at"": ""2026-09-11T18:33:55.165687+00:00""}",5,32.939999,32.939999,0.0,0,1,0.019744336159979725,2026-09-11 18:40:36.576704+00:00
20500,1108,KGF.L,candle_reversal,2026-09-04,bull,2.8920,2026-09-11 20:41:56.473597+00:00,2026-09-12 15:02:41.421396+00:00,,19933,"{""tone"": ""bull"", ""strength"": 95, ""probability"": 49, ""chain"": [{""date"": ""2026-08-28"", ""label"": ""Trend ADX in rafforzamento"", ""detail"": ""ADX conferma la forza del trend"", ""kind"": ""confirmation""}, {""date"": ""2026-09-04"", ""label"": ""Candela di inversione bull"", ""detail"": ""pattern Engulfing""}, {""date"": ""2026-09-04"", ""label"": ""A supporto"", ""detail"": ""prezzo 2.89 al livello 2.85""}], ""factors"": {""candle_strength"": 0.9506318375496197, ""at_level"": 1.0, ""confirmation_count"": 0.3333333333333333}, ""invalidation"": {""level"": 2.85, ""reason"": ""rottura del supporto""}, ""sources"": [""Nison - candlestick reversals confirmed at support/resistance""], ""annotations"": {""levels"": [{""label"": ""Supporto"", ""price"": 2.85, ""kind"": ""support""}, {""label"": ""Stop / invalidazione"", ""price"": 2.85, ""kind"": ""stop""}], ""points"": []}, ""atr"": 0.07370193772705846, ""horizon"": ""short"", ""regime_at_fire"": ""bear"", ""first_emitted_at"": ""2026-09-11T20:41:56.837061+00:00""}",5,3.074,2.892,-0.05920624593363699,0,0,-0.03946190977365727,2026-09-11 20:44:19.629060+00:00
20501,207,0066.HK,candle_reversal,2026-09-04,bull,32.9400,2026-09-11 20:42:48.687755+00:00,2026-09-12 15:02:41.421396+00:00,,19881,"{""tone"": ""bull"", ""strength"": 72, ""probability"": 49, ""chain"": [{""date"": ""2026-09-04"", ""label"": ""Candela di inversione bull"", ""detail"": ""pattern Engulfing""}, {""date"": ""2026-09-04"", ""label"": ""A supporto"", ""detail"": ""prezzo 32.94 al livello 33.02""}, {""date"": ""2026-09-09"", ""label"": ""MACD cross rialzista"", ""detail"": ""incrocio MACD nel verso del segnale"", ""kind"": ""confirmation""}, {""date"": ""2026-09-10"", ""label"": ""Rifiuto su EMA50"", ""detail"": ""ritorno alla media e rifiuto nel verso del trend"", ""kind"": ""confirmation""}], ""factors"": {""candle_strength"": 0.72272298554207, ""at_level"": 1.0, ""confirmation_count"": 0.6666666666666666}, ""invalidation"": {""level"": 33.02, ""reason"": ""rottura del supporto""}, ""sources"": [""Nison - candlestick reversals confirmed at support/resistance""], ""annotations"": {""levels"": [{""label"": ""Supporto"", ""price"": 33.02, ""kind"": ""support""}, {""label"": ""Stop / invalidazione"", ""price"": 33.02, ""kind"": ""stop""}], ""points"": []}, ""atr"": 0.6195321520087848, ""horizon"": ""short"", ""regime_at_fire"": ""bull"", ""first_emitted_at"": ""2026-09-11T20:42:49.068240+00:00""}",5,32.939999,32.939999,0.0,0,1,0.019744336159979725,2026-09-11 20:44:19.629060+00:00
20502,1108,KGF.L,candle_reversal,2026-09-04,bull,2.8920,2026-09-11 23:31:48.660047+00:00,2026-09-12 15:02:41.421396+00:00,,19933,"{""tone"": ""bull"", ""strength"": 95, ""probability"": 49, ""chain"": [{""date"": ""2026-08-28"", ""label"": ""Trend ADX in rafforzamento"", ""detail"": ""ADX conferma la forza del trend"", ""kind"": ""confirmation""}, {""date"": ""2026-09-04"", ""label"": ""Candela di inversione bull"", ""detail"": ""pattern Engulfing""}, {""date"": ""2026-09-04"", ""label"": ""A supporto"", ""detail"": ""prezzo 2.89 al livello 2.85""}], ""factors"": {""candle_strength"": 0.9506318375496197, ""at_level"": 1.0, ""confirmation_count"": 0.3333333333333333}, ""invalidation"": {""level"": 2.85, ""reason"": ""rottura del supporto""}, ""sources"": [""Nison - candlestick reversals confirmed at support/resistance""], ""annotations"": {""levels"": [{""label"": ""Supporto"", ""price"": 2.85, ""kind"": ""support""}, {""label"": ""Stop / invalidazione"", ""price"": 2.85, ""kind"": ""stop""}], ""points"": []}, ""atr"": 0.07370193772705846, ""horizon"": ""short"", ""regime_at_fire"": ""bear"", ""first_emitted_at"": ""2026-09-11T23:31:49.024947+00:00""}",5,3.074,2.892,-0.05920624593363699,0,0,-0.03946190977365727,2026-09-11 23:38:58.339123+00:00
20411,207,0066.HK,candle_reversal,2026-09-04,bull,32.9400,2026-09-11 14:28:04.561903+00:00,2026-09-12 15:02:41.421396+00:00,,19881,"{""tone"": ""bull"", ""strength"": 72, ""probability"": 49, ""chain"": [{""date"": ""2026-09-04"", ""label"": ""Candela di inversione bull"", ""detail"": ""pattern Engulfing""}, {""date"": ""2026-09-04"", ""label"": ""A supporto"", ""detail"": ""prezzo 32.94 al livello 33.02""}, {""date"": ""2026-09-09"", ""label"": ""MACD cross rialzista"", ""detail"": ""incrocio MACD nel verso del segnale"", ""kind"": ""confirmation""}, {""date"": ""2026-09-10"", ""label"": ""Rifiuto su EMA50"", ""detail"": ""ritorno alla media e rifiuto nel verso del trend"", ""kind"": ""confirmation""}], ""factors"": {""candle_strength"": 0.72272298554207, ""at_level"": 1.0, ""confirmation_count"": 0.6666666666666666}, ""invalidation"": {""level"": 33.02, ""reason"": ""rottura del supporto""}, ""sources"": [""Nison - candlestick reversals confirmed at support/resistance""], ""annotations"": {""levels"": [{""label"": ""Supporto"", ""price"": 33.02, ""kind"": ""support""}, {""label"": ""Stop / invalidazione"", ""price"": 33.02, ""kind"": ""stop""}], ""points"": []}, ""atr"": 0.6195321520087848, ""horizon"": ""short"", ""regime_at_fire"": ""bull"", ""first_emitted_at"": ""2026-09-11T14:28:05.430191+00:00""}",5,32.939999,32.939999,0.0,0,1,0.020127034793625487,2026-09-11 14:31:06.588128+00:00
20503,207,0066.HK,candle_reversal,2026-09-04,bull,32.9400,2026-09-11 23:32:30.579310+00:00,2026-09-12 15:02:41.421396+00:00,,19881,"{""tone"": ""bull"", ""strength"": 72, ""probability"": 49, ""chain"": [{""date"": ""2026-09-04"", ""label"": ""Candela di inversione bull"", ""detail"": ""pattern Engulfing""}, {""date"": ""2026-09-04"", ""label"": ""A supporto"", ""detail"": ""prezzo 32.94 al livello 33.02""}, {""date"": ""2026-09-09"", ""label"": ""MACD cross rialzista"", ""detail"": ""incrocio MACD nel verso del segnale"", ""kind"": ""confirmation""}, {""date"": ""2026-09-10"", ""label"": ""Rifiuto su EMA50"", ""detail"": ""ritorno alla media e rifiuto nel verso del trend"", ""kind"": ""confirmation""}], ""factors"": {""candle_strength"": 0.72272298554207, ""at_level"": 1.0, ""confirmation_count"": 0.6666666666666666}, ""invalidation"": {""level"": 33.02, ""reason"": ""rottura del supporto""}, ""sources"": [""Nison - candlestick reversals confirmed at support/resistance""], ""annotations"": {""levels"": [{""label"": ""Supporto"", ""price"": 33.02, ""kind"": ""support""}, {""label"": ""Stop / invalidazione"", ""price"": 33.02, ""kind"": ""stop""}], ""points"": []}, ""atr"": 0.6195321520087848, ""horizon"": ""short"", ""regime_at_fire"": ""bull"", ""first_emitted_at"": ""2026-09-11T23:32:30.939997+00:00""}",5,32.939999,32.939999,0.0,0,1,0.019744336159979725,2026-09-11 23:38:58.339123+00:00
20505,207,0066.HK,candle_reversal,2026-09-04,bull,32.9400,2026-09-12 14:48:20.053621+00:00,2026-09-12 15:02:41.421396+00:00,,19881,"{""tone"": ""bull"", ""strength"": 72, ""probability"": 49, ""chain"": [{""date"": ""2026-09-04"", ""label"": ""Candela di inversione bull"", ""detail"": ""pattern Engulfing""}, {""date"": ""2026-09-04"", ""label"": ""A supporto"", ""detail"": ""prezzo 32.94 al livello 33.02""}, {""date"": ""2026-09-09"", ""label"": ""MACD cross rialzista"", ""detail"": ""incrocio MACD nel verso del segnale"", ""kind"": ""confirmation""}, {""date"": ""2026-09-10"", ""label"": ""Rifiuto su EMA50"", ""detail"": ""ritorno alla media e rifiuto nel verso del trend"", ""kind"": ""confirmation""}], ""factors"": {""candle_strength"": 0.72272298554207, ""at_level"": 1.0, ""confirmation_count"": 0.6666666666666666}, ""invalidation"": {""level"": 33.02, ""reason"": ""rottura del supporto""}, ""sources"": [""Nison - candlestick reversals confirmed at support/resistance""], ""annotations"": {""levels"": [{""label"": ""Supporto"", ""price"": 33.02, ""kind"": ""support""}, {""label"": ""Stop / invalidazione"", ""price"": 33.02, ""kind"": ""stop""}], ""points"": []}, ""atr"": 0.6195321520087848, ""horizon"": ""short"", ""regime_at_fire"": ""bull"", ""first_emitted_at"": ""2026-09-12T14:48:21.073656+00:00""}",5,32.939999,32.939999,0.0,0,1,0.019157088122605415,2026-09-12 15:02:27.026593+00:00
20417,207,0066.HK,candle_reversal,2026-09-04,bull,32.9400,2026-09-11 15:23:55.083076+00:00,2026-09-12 15:02:41.421396+00:00,,19881,"{""tone"": ""bull"", ""strength"": 72, ""probability"": 49, ""chain"": [{""date"": ""2026-09-04"", ""label"": ""Candela di inversione bull"", ""detail"": ""pattern Engulfing""}, {""date"": ""2026-09-04"", ""label"": ""A supporto"", ""detail"": ""prezzo 32.94 al livello 33.02""}, {""date"": ""2026-09-09"", ""label"": ""MACD cross rialzista"", ""detail"": ""incrocio MACD nel verso del segnale"", ""kind"": ""confirmation""}, {""date"": ""2026-09-10"", ""label"": ""Rifiuto su EMA50"", ""detail"": ""ritorno alla media e rifiuto nel verso del trend"", ""kind"": ""confirmation""}], ""factors"": {""candle_strength"": 0.72272298554207, ""at_level"": 1.0, ""confirmation_count"": 0.6666666666666666}, ""invalidation"": {""level"": 33.02, ""reason"": ""rottura del supporto""}, ""sources"": [""Nison - candlestick reversals confirmed at support/resistance""], ""annotations"": {""levels"": [{""label"": ""Supporto"", ""price"": 33.02, ""kind"": ""support""}, {""label"": ""Stop / invalidazione"", ""price"": 33.02, ""kind"": ""stop""}], ""points"": []}, ""atr"": 0.6195321520087848, ""horizon"": ""short"", ""regime_at_fire"": ""bull"", ""first_emitted_at"": ""2026-09-11T15:15:39.292837+00:00"", ""amended_at"": ""2026-09-11T15:23:55.080290+00:00"", ""amend_count"": 1}",5,32.939999,32.939999,0.0,0,1,0.019858184397163137,2026-09-11 15:29:54.198657+00:00
20439,207,0066.HK,candle_reversal,2026-09-04,bull,32.9400,2026-09-11 15:53:37.953127+00:00,2026-09-12 15:02:41.421396+00:00,,19881,"{""tone"": ""bull"", ""strength"": 72, ""probability"": 49, ""chain"": [{""date"": ""2026-09-04"", ""label"": ""Candela di inversione bull"", ""detail"": ""pattern Engulfing""}, {""date"": ""2026-09-04"", ""label"": ""A supporto"", ""detail"": ""prezzo 32.94 al livello 33.02""}, {""date"": ""2026-09-09"", ""label"": ""MACD cross rialzista"", ""detail"": ""incrocio MACD nel verso del segnale"", ""kind"": ""confirmation""}, {""date"": ""2026-09-10"", ""label"": ""Rifiuto su EMA50"", ""detail"": ""ritorno alla media e rifiuto nel verso del trend"", ""kind"": ""confirmation""}], ""factors"": {""candle_strength"": 0.72272298554207, ""at_level"": 1.0, ""confirmation_count"": 0.6666666666666666}, ""invalidation"": {""level"": 33.02, ""reason"": ""rottura del supporto""}, ""sources"": [""Nison - candlestick reversals confirmed at support/resistance""], ""annotations"": {""levels"": [{""label"": ""Supporto"", ""price"": 33.02, ""kind"": ""support""}, {""label"": ""Stop / invalidazione"", ""price"": 33.02, ""kind"": ""stop""}], ""points"": []}, ""atr"": 0.6195321520087848, ""horizon"": ""short"", ""regime_at_fire"": ""bull"", ""first_emitted_at"": ""2026-09-11T15:53:38.372037+00:00""}",5,32.939999,32.939999,0.0,0,1,0.019744336159979725,2026-09-11 15:55:03.046154+00:00
20461,1108,KGF.L,candle_reversal,2026-09-04,bull,2.8920,2026-09-11 20:20:14.191786+00:00,2026-09-12 15:02:41.421396+00:00,,19933,"{""tone"": ""bull"", ""strength"": 95, ""probability"": 49, ""chain"": [{""date"": ""2026-08-28"", ""label"": ""Trend ADX in rafforzamento"", ""detail"": ""ADX conferma la forza del trend"", ""kind"": ""confirmation""}, {""date"": ""2026-09-04"", ""label"": ""Candela di inversione bull"", ""detail"": ""pattern Engulfing""}, {""date"": ""2026-09-04"", ""label"": ""A supporto"", ""detail"": ""prezzo 2.89 al livello 2.85""}], ""factors"": {""candle_strength"": 0.9506318375496197, ""at_level"": 1.0, ""confirmation_count"": 0.3333333333333333}, ""invalidation"": {""level"": 2.85, ""reason"": ""rottura del supporto""}, ""sources"": [""Nison - candlestick reversals confirmed at support/resistance""], ""annotations"": {""levels"": [{""label"": ""Supporto"", ""price"": 2.85, ""kind"": ""support""}, {""label"": ""Stop / invalidazione"", ""price"": 2.85, ""kind"": ""stop""}], ""points"": []}, ""atr"": 0.07370193772705846, ""horizon"": ""short"", ""regime_at_fire"": ""bear"", ""first_emitted_at"": ""2026-09-11T20:13:51.795457+00:00"", ""amended_at"": ""2026-09-11T20:20:14.190128+00:00"", ""amend_count"": 1}",5,3.074,2.892,-0.05920624593363699,0,0,-0.03946190977365727,2026-09-11 20:26:28.369562+00:00
20471,207,0066.HK,candle_reversal,2026-09-04,bull,32.9400,2026-09-11 20:21:08.984139+00:00,2026-09-12 15:02:41.421396+00:00,,19881,"{""tone"": ""bull"", ""strength"": 72, ""probability"": 49, ""chain"": [{""date"": ""2026-09-04"", ""label"": ""Candela di inversione bull"", ""detail"": ""pattern Engulfing""}, {""date"": ""2026-09-04"", ""label"": ""A supporto"", ""detail"": ""prezzo 32.94 al livello 33.02""}, {""date"": ""2026-09-09"", ""label"": ""MACD cross rialzista"", ""detail"": ""incrocio MACD nel verso del segnale"", ""kind"": ""confirmation""}, {""date"": ""2026-09-10"", ""label"": ""Rifiuto su EMA50"", ""detail"": ""ritorno alla media e rifiuto nel verso del trend"", ""kind"": ""confirmation""}], ""factors"": {""candle_strength"": 0.72272298554207, ""at_level"": 1.0, ""confirmation_count"": 0.6666666666666666}, ""invalidation"": {""level"": 33.02, ""reason"": ""rottura del supporto""}, ""sources"": [""Nison - candlestick reversals confirmed at support/resistance""], ""annotations"": {""levels"": [{""label"": ""Supporto"", ""price"": 33.02, ""kind"": ""support""}, {""label"": ""Stop / invalidazione"", ""price"": 33.02, ""kind"": ""stop""}], ""points"": []}, ""atr"": 0.6195321520087848, ""horizon"": ""short"", ""regime_at_fire"": ""bull"", ""first_emitted_at"": ""2026-09-11T20:14:45.178641+00:00"", ""amended_at"": ""2026-09-11T20:21:08.982025+00:00"", ""amend_count"": 1}",5,32.939999,32.939999,0.0,0,1,0.019744336159979725,2026-09-11 20:26:28.369562+00:00
20509,207,0066.HK,candle_reversal,2026-09-04,bull,32.9400,2026-09-12 19:52:37.260285+00:00,2026-09-12 20:01:01.984510+00:00,,19881,"{""tone"": ""bull"", ""strength"": 72, ""probability"": 49, ""chain"": [{""date"": ""2026-09-04"", ""label"": ""Candela di inversione bull"", ""detail"": ""pattern Engulfing""}, {""date"": ""2026-09-04"", ""label"": ""A supporto"", ""detail"": ""prezzo 32.94 al livello 33.02""}, {""date"": ""2026-09-09"", ""label"": ""MACD cross rialzista"", ""detail"": ""incrocio MACD nel verso del segnale"", ""kind"": ""confirmation""}, {""date"": ""2026-09-10"", ""label"": ""Rifiuto su EMA50"", ""detail"": ""ritorno alla media e rifiuto nel verso del trend"", ""kind"": ""confirmation""}], ""factors"": {""candle_strength"": 0.72272298554207, ""at_level"": 1.0, ""confirmation_count"": 0.6666666666666666}, ""invalidation"": {""level"": 33.02, ""reason"": ""rottura del supporto""}, ""sources"": [""Nison - candlestick reversals confirmed at support/resistance""], ""annotations"": {""levels"": [{""label"": ""Supporto"", ""price"": 33.02, ""kind"": ""support""}, {""label"": ""Stop / invalidazione"", ""price"": 33.02, ""kind"": ""stop""}], ""points"": []}, ""atr"": 0.6195321520087848, ""horizon"": ""short"", ""regime_at_fire"": ""bull"", ""first_emitted_at"": ""2026-09-12T19:52:39.298883+00:00""}",5,32.939999,32.939999,0.0,0,1,0.019157088122605415,2026-09-12 20:00:43.571782+00:00
20413,207,0066.HK,candle_reversal,2026-09-04,bull,32.9400,2026-09-11 14:42:29.939522+00:00,2026-09-12 15:02:41.421396+00:00,,19881,"{""tone"": ""bull"", ""strength"": 72, ""probability"": 49, ""chain"": [{""date"": ""2026-09-04"", ""label"": ""Candela di inversione bull"", ""detail"": ""pattern Engulfing""}, {""date"": ""2026-09-04"", ""label"": ""A supporto"", ""detail"": ""prezzo 32.94 al livello 33.02""}, {""date"": ""2026-09-09"", ""label"": ""MACD cross rialzista"", ""detail"": ""incrocio MACD nel verso del segnale"", ""kind"": ""confirmation""}, {""date"": ""2026-09-10"", ""label"": ""Rifiuto su EMA50"", ""detail"": ""ritorno alla media e rifiuto nel verso del trend"", ""kind"": ""confirmation""}], ""factors"": {""candle_strength"": 0.72272298554207, ""at_level"": 1.0, ""confirmation_count"": 0.6666666666666666}, ""invalidation"": {""level"": 33.02, ""reason"": ""rottura del supporto""}, ""sources"": [""Nison - candlestick reversals confirmed at support/resistance""], ""annotations"": {""levels"": [{""label"": ""Supporto"", ""price"": 33.02, ""kind"": ""support""}, {""label"": ""Stop / invalidazione"", ""price"": 33.02, ""kind"": ""stop""}], ""points"": []}, ""atr"": 0.6195321520087848, ""horizon"": ""short"", ""regime_at_fire"": ""bull"", ""first_emitted_at"": ""2026-09-11T14:42:30.338347+00:00""}",5,32.939999,32.939999,0.0,0,1,0.019858184397163137,2026-09-11 14:43:46.780010+00:00
20412,77,TIT.MI,candle_reversal,2026-09-03,bull,7.4790,2026-09-11 14:39:50.318264+00:00,2026-09-11 14:44:05.898688+00:00,,19800,"{""tone"": ""bull"", ""strength"": 68, ""probability"": 49, ""chain"": [{""date"": ""2026-09-03"", ""label"": ""Candela di inversione bull"", ""detail"": ""pattern Engulfing""}, {""date"": ""2026-09-03"", ""label"": ""A supporto"", ""detail"": ""prezzo 7.48 al livello 7.65""}, {""date"": ""2026-09-03"", ""label"": ""MACD cross rialzista"", ""detail"": ""incrocio MACD nel verso del segnale"", ""kind"": ""confirmation""}, {""date"": ""2026-09-08"", ""label"": ""Volume sulla salita"", ""detail"": ""volume sopra la media nel verso del segnale"", ""kind"": ""confirmation""}], ""factors"": {""candle_strength"": 0.6810344827586228, ""at_level"": 1.0, ""confirmation_count"": 0.6666666666666666}, ""invalidation"": {""level"": 7.647, ""reason"": ""rottura del supporto""}, ""sources"": [""Nison - candlestick reversals confirmed at support/resistance""], ""annotations"": {""levels"": [{""label"": ""Supporto"", ""price"": 7.647, ""kind"": ""support""}, {""label"": ""Stop / invalidazione"", ""price"": 7.647, ""kind"": ""stop""}], ""points"": []}, ""atr"": 0.1551151696747692, ""horizon"": ""short"", ""regime_at_fire"": ""bull"", ""first_emitted_at"": ""2026-09-11T14:39:51.316451+00:00""}",5,7.763,7.479,-0.036583794924642477,0,0,-0.018867298861650394,2026-09-11 14:43:46.780010+00:00
20532,1108,KGF.L,candle_reversal,2026-09-04,bull,2.8850,2026-09-13 19:11:14.794882+00:00,2026-09-13 19:13:05.018015+00:00,,19933,"{""tone"": ""bull"", ""strength"": 95, ""probability"": 49, ""chain"": [{""date"": ""2026-08-28"", ""label"": ""Trend ADX in rafforzamento"", ""detail"": ""ADX conferma la forza del trend"", ""kind"": ""confirmation""}, {""date"": ""2026-09-04"", ""label"": ""Candela di inversione bull"", ""detail"": ""pattern Engulfing""}, {""date"": ""2026-09-04"", ""label"": ""A supporto"", ""detail"": ""prezzo 2.88 al livello 2.85""}], ""factors"": {""candle_strength"": 0.9506318375496197, ""at_level"": 1.0, ""confirmation_count"": 0.3333333333333333}, ""invalidation"": {""level"": 2.85, ""reason"": ""rottura del supporto""}, ""sources"": [""Nison - candlestick reversals confirmed at support/resistance""], ""annotations"": {""levels"": [{""label"": ""Supporto"", ""price"": 2.85, ""kind"": ""support""}, {""label"": ""Stop / invalidazione"", ""price"": 2.85, ""kind"": ""stop""}], ""points"": []}, ""atr"": 0.07370193772705846, ""horizon"": ""short"", ""regime_at_fire"": ""bear"", ""first_emitted_at"": ""2026-09-13T18:59:18.768077+00:00"", ""amended_at"": ""2026-09-13T19:11:14.793138+00:00"", ""amend_count"": 1}",5,3.074,2.885,-0.06148340923877682,0,0,-0.042326321116171406,2026-09-13 19:12:50.214925+00:00
20414,77,TIT.MI,candle_reversal,2026-09-03,bull,7.4790,2026-09-11 14:58:27.691898+00:00,2026-09-11 15:02:33.493468+00:00,,19800,"{""tone"": ""bull"", ""strength"": 68, ""probability"": 49, ""chain"": [{""date"": ""2026-09-03"", ""label"": ""Candela di inversione bull"", ""detail"": ""pattern Engulfing""}, {""date"": ""2026-09-03"", ""label"": ""A supporto"", ""detail"": ""prezzo 7.48 al livello 7.65""}, {""date"": ""2026-09-03"", ""label"": ""MACD cross rialzista"", ""detail"": ""incrocio MACD nel verso del segnale"", ""kind"": ""confirmation""}, {""date"": ""2026-09-08"", ""label"": ""Volume sulla salita"", ""detail"": ""volume sopra la media nel verso del segnale"", ""kind"": ""confirmation""}], ""factors"": {""candle_strength"": 0.6810344827586228, ""at_level"": 1.0, ""confirmation_count"": 0.6666666666666666}, ""invalidation"": {""level"": 7.647, ""reason"": ""rottura del supporto""}, ""sources"": [""Nison - candlestick reversals confirmed at support/resistance""], ""annotations"": {""levels"": [{""label"": ""Supporto"", ""price"": 7.647, ""kind"": ""support""}, {""label"": ""Stop / invalidazione"", ""price"": 7.647, ""kind"": ""stop""}], ""points"": []}, ""atr"": 0.1551151696747692, ""horizon"": ""short"", ""regime_at_fire"": ""bull"", ""first_emitted_at"": ""2026-09-11T14:58:28.525454+00:00""}",5,7.763,7.479,-0.036583794924642477,0,0,-0.018867298861650394,2026-09-11 15:02:19.296488+00:00
20525,207,0066.HK,candle_reversal,2026-09-04,bull,32.9400,2026-09-13 11:34:05.639872+00:00,2026-09-13 11:37:29.372532+00:00,,19881,"{""tone"": ""bull"", ""strength"": 72, ""probability"": 49, ""chain"": [{""date"": ""2026-09-04"", ""label"": ""Candela di inversione bull"", ""detail"": ""pattern Engulfing""}, {""date"": ""2026-09-04"", ""label"": ""A supporto"", ""detail"": ""prezzo 32.94 al livello 33.02""}, {""date"": ""2026-09-09"", ""label"": ""MACD cross rialzista"", ""detail"": ""incrocio MACD nel verso del segnale"", ""kind"": ""confirmation""}, {""date"": ""2026-09-10"", ""label"": ""Rifiuto su EMA50"", ""detail"": ""ritorno alla media e rifiuto nel verso del trend"", ""kind"": ""confirmation""}], ""factors"": {""candle_strength"": 0.72272298554207, ""at_level"": 1.0, ""confirmation_count"": 0.6666666666666666}, ""invalidation"": {""level"": 33.02, ""reason"": ""rottura del supporto""}, ""sources"": [""Nison - candlestick reversals confirmed at support/resistance""], ""annotations"": {""levels"": [{""label"": ""Supporto"", ""price"": 33.02, ""kind"": ""support""}, {""label"": ""Stop / invalidazione"", ""price"": 33.02, ""kind"": ""stop""}], ""points"": []}, ""atr"": 0.6195321520087848, ""horizon"": ""short"", ""regime_at_fire"": ""bull"", ""first_emitted_at"": ""2026-09-13T11:34:06.666830+00:00""}",5,32.939999,32.939999,0.0,0,1,0.019157088122605415,2026-09-13 11:37:15.353783+00:00
20519,207,0066.HK,candle_reversal,2026-09-04,bull,32.9400,2026-09-13 01:25:56.486502+00:00,2026-09-13 01:34:57.549883+00:00,,19881,"{""tone"": ""bull"", ""strength"": 72, ""probability"": 49, ""chain"": [{""date"": ""2026-09-04"", ""label"": ""Candela di inversione bull"", ""detail"": ""pattern Engulfing""}, {""date"": ""2026-09-04"", ""label"": ""A supporto"", ""detail"": ""prezzo 32.94 al livello 33.02""}, {""date"": ""2026-09-09"", ""label"": ""MACD cross rialzista"", ""detail"": ""incrocio MACD nel verso del segnale"", ""kind"": ""confirmation""}, {""date"": ""2026-09-10"", ""label"": ""Rifiuto su EMA50"", ""detail"": ""ritorno alla media e rifiuto nel verso del trend"", ""kind"": ""confirmation""}], ""factors"": {""candle_strength"": 0.72272298554207, ""at_level"": 1.0, ""confirmation_count"": 0.6666666666666666}, ""invalidation"": {""level"": 33.02, ""reason"": ""rottura del supporto""}, ""sources"": [""Nison - candlestick reversals confirmed at support/resistance""], ""annotations"": {""levels"": [{""label"": ""Supporto"", ""price"": 33.02, ""kind"": ""support""}, {""label"": ""Stop / invalidazione"", ""price"": 33.02, ""kind"": ""stop""}], ""points"": []}, ""atr"": 0.6195321520087848, ""horizon"": ""short"", ""regime_at_fire"": ""bull"", ""first_emitted_at"": ""2026-09-13T01:16:14.425233+00:00"", ""amended_at"": ""2026-09-13T01:25:56.484593+00:00"", ""amend_count"": 1}",5,32.939999,32.939999,0.0,0,1,0.019157088122605415,2026-09-13 01:34:43.385661+00:00
20520,1108,KGF.L,candle_reversal,2026-09-04,bull,2.8850,2026-09-13 01:27:52.444157+00:00,2026-09-13 01:34:57.549883+00:00,,19933,"{""tone"": ""bull"", ""strength"": 95, ""probability"": 49, ""chain"": [{""date"": ""2026-08-28"", ""label"": ""Trend ADX in rafforzamento"", ""detail"": ""ADX conferma la forza del trend"", ""kind"": ""confirmation""}, {""date"": ""2026-09-04"", ""label"": ""Candela di inversione bull"", ""detail"": ""pattern Engulfing""}, {""date"": ""2026-09-04"", ""label"": ""A supporto"", ""detail"": ""prezzo 2.88 al livello 2.85""}], ""factors"": {""candle_strength"": 0.9506318375496197, ""at_level"": 1.0, ""confirmation_count"": 0.3333333333333333}, ""invalidation"": {""level"": 2.85, ""reason"": ""rottura del supporto""}, ""sources"": [""Nison - candlestick reversals confirmed at support/resistance""], ""annotations"": {""levels"": [{""label"": ""Supporto"", ""price"": 2.85, ""kind"": ""support""}, {""label"": ""Stop / invalidazione"", ""price"": 2.85, ""kind"": ""stop""}], ""points"": []}, ""atr"": 0.07370193772705846, ""horizon"": ""short"", ""regime_at_fire"": ""bear"", ""first_emitted_at"": ""2026-09-13T01:18:23.159797+00:00"", ""amended_at"": ""2026-09-13T01:27:52.441459+00:00"", ""amend_count"": 1}",5,3.074,2.885,-0.06148340923877682,0,0,-0.042326321116171406,2026-09-13 01:34:43.385661+00:00
